2026-06-18T06:59:50.000Z $GPRMC,065950.00,V,,,,,,,180626,,,N*79
2026-06-18T06:59:40.000Z $GPRMC,065940.00,V,,,,,,,180626,,,N*78
2026-06-18T06:59:30.000Z $GPRMC,065930.00,V,,,,,,,180626,,,N*7F
2026-06-18T07:00:00.000Z $GPRMC,070000.00,A,5317.8088,N,00504.9809,E,4.0,303.9,180626,,,A*5E
2026-06-18T07:00:00.000Z $GPGGA,070000.00,5317.8088,N,00504.9809,E,1,8,0.9,0.0,M,0.0,M,,*6B
2026-06-18T07:00:00.000Z $IIHDG,304.6,,,,*48
2026-06-18T07:00:00.000Z $IIMWV,316.4,T,9.9,N,A*3B
2026-06-18T07:00:00.000Z $IIDBT,63.2,f,19.3,M,10.5,F*29
2026-06-18T07:00:00.000Z $IIRPM,E,1,2173,,A*51
2026-06-18T07:00:00.000Z $IIXDR,V,14.01,V,BATT*67
2026-06-18T07:00:00.000Z $IIMTA,15.6,C*07
2026-06-18T07:00:00.000Z $GPVTG,303.9,T,,M,4.0,N,7.4,K,A*03
2026-06-18T07:00:10.000Z $GPRMC,070010.00,A,5317.7914,N,00504.9967,E,4.6,303.8,180626,,,A*52
2026-06-18T07:00:10.000Z $IIHDG,305.6,,,,*49
2026-06-18T07:00:10.000Z $IIMWV,310.9,T,11.2,N,A*02
2026-06-18T07:00:10.000Z $IIRPM,E,1,2206,,A*50
2026-06-18T07:00:20.000Z $GPRMC,070020.00,A,5317.7999,N,00504.9879,E,4.6,305.2,180626,,,A*56
2026-06-18T07:00:20.000Z $IIHDG,305.0,,,,*4F
2026-06-18T07:00:20.000Z $IIMWV,316.2,T,11.2,N,A*0F
2026-06-18T07:00:20.000Z $IIRPM,E,1,2250,,A*53
2026-06-18T07:00:30.000Z $GPRMC,070030.00,A,5317.8191,N,00504.9605,E,4.3,302.9,180626,,,A*54
2026-06-18T07:00:30.000Z $GPGGA,070030.00,5317.8191,N,00504.9605,E,1,10,0.9,0.0,M,0.0,M,,*5A
2026-06-18T07:00:30.000Z $IIHDG,304.1,,,,*4F
2026-06-18T07:00:30.000Z $IIMWV,311.2,T,9.3,N,A*30
2026-06-18T07:00:30.000Z $IIDBT,59.1,f,18.0,M,9.9,F*15
2026-06-18T07:00:30.000Z $IIRPM,E,1,2225,,A*51
2026-06-18T07:00:30.000Z $GPVTG,302.9,T,,M,4.3,N,8.0,K,A*0A
2026-06-18T07:00:40.000Z $GPRMC,070040.00,A,5317.8290,N,00504.9408,E,4.4,303.7,180626,,,A*56
2026-06-18T07:00:40.000Z $IIHDG,302.7,,,,*4F
2026-06-18T07:00:40.000Z $IIMWV,311.4,T,8.9,N,A*3D
2026-06-18T07:00:40.000Z $IIRPM,E,1,2135,,A*53
2026-06-18T07:00:50.000Z $GPRMC,070050.00,A,5317.8395,N,00504.9235,E,4.2,302.6,180626,,,A*5D
2026-06-18T07:00:50.000Z $IIHDG,302.0,,,,*48
2026-06-18T07:00:50.000Z $IIMWV,312.3,T,8.7,N,A*37
2026-06-18T07:00:50.000Z $IIRPM,E,1,2278,,A*59
2026-06-18T07:01:00.000Z $GPRMC,070100.00,A,5317.8076,N,00504.9188,E,4.4,305.2,180626,,,A*57
2026-06-18T07:01:00.000Z $GPGGA,070100.00,5317.8076,N,00504.9188,E,1,11,0.9,0.0,M,0.0,M,,*53
2026-06-18T07:01:00.000Z $IIHDG,302.4,,,,*4C
2026-06-18T07:01:00.000Z $IIMWV,309.5,T,9.5,N,A*38
2026-06-18T07:01:00.000Z $IIDBT,57.9,f,17.7,M,9.7,F*15
2026-06-18T07:01:00.000Z $IIRPM,E,1,2261,,A*51
2026-06-18T07:01:00.000Z $IIXDR,V,14.01,V,BATT*67
2026-06-18T07:01:00.000Z $GPVTG,305.2,T,,M,4.4,N,8.1,K,A*00
2026-06-18T07:01:10.000Z $GPRMC,070110.00,A,5317.8494,N,00504.9251,E,4.1,304.2,180626,,,A*5D
2026-06-18T07:01:10.000Z $IIHDG,301.9,,,,*42
2026-06-18T07:01:10.000Z $IIMWV,311.9,T,10.6,N,A*06
2026-06-18T07:01:10.000Z $IIRPM,E,1,2266,,A*56
2026-06-18T07:01:20.000Z $GPRMC,070120.00,A,5317.8583,N,00504.9040,E,4.6,304.4,180626,,,A*5A
2026-06-18T07:01:20.000Z $IIHDG,305.3,,,,*4C
2026-06-18T07:01:20.000Z $IIMWV,310.0,T,9.7,N,A*37
2026-06-18T07:01:20.000Z $IIRPM,E,1,2190,,A*5C
2026-06-18T07:01:30.000Z $GPRMC,070130.00,A,5317.8357,N,00504.8730,E,4.3,302.4,180626,,,A*56
2026-06-18T07:01:30.000Z $GPGGA,070130.00,5317.8357,N,00504.8730,E,1,11,0.9,0.0,M,0.0,M,,*54
2026-06-18T07:01:30.000Z $IIHDG,305.2,,,,*4D
2026-06-18T07:01:30.000Z $IIMWV,314.7,T,10.3,N,A*08
2026-06-18T07:01:30.000Z $IIDBT,62.5,f,19.1,M,10.4,F*2C
2026-06-18T07:01:30.000Z $IIRPM,E,1,2244,,A*56
2026-06-18T07:01:30.000Z $GPVTG,302.4,T,,M,4.3,N,7.9,K,A*01
2026-06-18T07:01:40.000Z $GPRMC,070140.00,A,5317.8230,N,00504.8997,E,4.1,303.8,180626,,,A*5D
2026-06-18T07:01:40.000Z $IIHDG,304.6,,,,*48
2026-06-18T07:01:40.000Z $IIMWV,311.3,T,10.2,N,A*08
2026-06-18T07:01:40.000Z $IIRPM,E,1,2123,,A*54
2026-06-18T07:01:50.000Z $GPRMC,070150.00,A,5317.8301,N,00504.8663,E,4.2,303.5,180626,,,A*55
2026-06-18T07:01:50.000Z $IIHDG,301.6,,,,*4D
2026-06-18T07:01:50.000Z $IIMWV,317.8,T,10.9,N,A*0E
2026-06-18T07:01:50.000Z $IIRPM,E,1,2125,,A*52
2026-06-18T07:02:00.000Z $GPRMC,070200.00,A,5317.8398,N,00504.8546,E,4.3,303.0,180626,,,A*53
2026-06-18T07:02:00.000Z $GPGGA,070200.00,5317.8398,N,00504.8546,E,1,8,0.9,0.0,M,0.0,M,,*6C
2026-06-18T07:02:00.000Z $IIHDG,305.7,,,,*48
2026-06-18T07:02:00.000Z $IIMWV,311.7,T,10.6,N,A*08
2026-06-18T07:02:00.000Z $IIDBT,55.0,f,16.8,M,9.2,F*15
2026-06-18T07:02:00.000Z $IIRPM,E,1,2193,,A*5F
2026-06-18T07:02:00.000Z $IIXDR,V,14.06,V,BATT*60
2026-06-18T07:02:00.000Z $GPVTG,303.0,T,,M,4.3,N,7.9,K,A*04
2026-06-18T07:02:10.000Z $GPRMC,070210.00,A,5317.8686,N,00504.8422,E,4.5,303.7,180626,,,A*5A
2026-06-18T07:02:10.000Z $IIHDG,304.2,,,,*4C
2026-06-18T07:02:10.000Z $IIMWV,315.7,T,10.5,N,A*0F
2026-06-18T07:02:10.000Z $IIRPM,E,1,2285,,A*5B
2026-06-18T07:02:20.000Z $GPRMC,070220.00,A,5317.8769,N,00504.8297,E,3.9,304.7,180626,,,A*5D
2026-06-18T07:02:20.000Z $IIHDG,301.6,,,,*4D
2026-06-18T07:02:20.000Z $IIMWV,316.9,T,10.0,N,A*07
2026-06-18T07:02:20.000Z $IIRPM,E,1,2209,,A*5F
2026-06-18T07:02:30.000Z $GPRMC,070230.00,A,5317.8913,N,00504.8119,E,4.1,304.7,180626,,,A*55
2026-06-18T07:02:30.000Z $GPGGA,070230.00,5317.8913,N,00504.8119,E,1,12,0.9,0.0,M,0.0,M,,*53
2026-06-18T07:02:30.000Z $IIHDG,304.7,,,,*49
2026-06-18T07:02:30.000Z $IIMWV,310.7,T,9.9,N,A*3E
2026-06-18T07:02:30.000Z $IIDBT,57.4,f,17.5,M,9.6,F*1B
2026-06-18T07:02:30.000Z $IIRPM,E,1,2249,,A*5B
2026-06-18T07:02:30.000Z $GPVTG,304.7,T,,M,4.1,N,7.5,K,A*0A
2026-06-18T07:02:40.000Z $GPRMC,070240.00,A,5317.8692,N,00504.8483,E,4.2,304.0,180626,,,A*56
2026-06-18T07:02:40.000Z $IIHDG,304.0,,,,*4E
2026-06-18T07:02:40.000Z $IIMWV,312.7,T,10.4,N,A*09
2026-06-18T07:02:40.000Z $IIRPM,E,1,2118,,A*5C
2026-06-18T07:02:50.000Z $GPRMC,070250.00,A,5317.8656,N,00504.8222,E,4.1,303.0,180626,,,A*56
2026-06-18T07:02:50.000Z $IIHDG,306.0,,,,*4C
2026-06-18T07:02:50.000Z $IIMWV,317.8,T,10.8,N,A*0F
2026-06-18T07:02:50.000Z $IIRPM,E,1,2256,,A*55
2026-06-18T07:03:00.000Z $GPRMC,070300.00,A,5317.8683,N,00504.7698,E,4.2,303.0,180626,,,A*53
2026-06-18T07:03:00.000Z $GPGGA,070300.00,5317.8683,N,00504.7698,E,1,10,0.9,0.0,M,0.0,M,,*54
2026-06-18T07:03:00.000Z $IIHDG,302.9,,,,*41
2026-06-18T07:03:00.000Z $IIMWV,315.9,T,10.0,N,A*04
2026-06-18T07:03:00.000Z $IIDBT,55.1,f,16.8,M,9.2,F*14
2026-06-18T07:03:00.000Z $IIRPM,E,1,2197,,A*5B
2026-06-18T07:03:00.000Z $IIXDR,V,13.98,V,BATT*60
2026-06-18T07:03:00.000Z $GPVTG,303.0,T,,M,4.2,N,7.9,K,A*05
2026-06-18T07:03:10.000Z $GPRMC,070310.00,A,5317.8894,N,00504.7592,E,4.0,304.0,180626,,,A*56
2026-06-18T07:03:10.000Z $IIHDG,304.3,,,,*4D
2026-06-18T07:03:10.000Z $IIMWV,316.4,T,9.0,N,A*32
2026-06-18T07:03:10.000Z $IIRPM,E,1,2138,,A*5E
2026-06-18T07:03:20.000Z $GPRMC,070320.00,A,5317.8905,N,00504.7860,E,4.3,304.0,180626,,,A*5F
2026-06-18T07:03:20.000Z $IIHDG,305.4,,,,*4B
2026-06-18T07:03:20.000Z $IIMWV,318.1,T,9.8,N,A*31
2026-06-18T07:03:20.000Z $IIRPM,E,1,2291,,A*5E
2026-06-18T07:03:30.000Z $GPRMC,070330.00,A,5317.8945,N,00504.7815,E,4.3,303.8,180626,,,A*57
2026-06-18T07:03:30.000Z $GPGGA,070330.00,5317.8945,N,00504.7815,E,1,12,0.9,0.0,M,0.0,M,,*5B
2026-06-18T07:03:30.000Z $IIHDG,306.2,,,,*4E
2026-06-18T07:03:30.000Z $IIMWV,312.5,T,9.9,N,A*3E
2026-06-18T07:03:30.000Z $IIDBT,62.1,f,18.9,M,10.3,F*26
2026-06-18T07:03:30.000Z $IIRPM,E,1,2299,,A*56
2026-06-18T07:03:30.000Z $GPVTG,303.8,T,,M,4.3,N,7.9,K,A*0C
2026-06-18T07:03:40.000Z $GPRMC,070340.00,A,5317.8958,N,00504.7387,E,4.5,304.4,180626,,,A*51
2026-06-18T07:03:40.000Z $IIHDG,306.2,,,,*4E
2026-06-18T07:03:40.000Z $IIMWV,313.4,T,9.0,N,A*37
2026-06-18T07:03:40.000Z $IIRPM,E,1,2263,,A*53
2026-06-18T07:03:50.000Z $GPRMC,070350.00,A,5317.8929,N,00504.7505,E,4.5,304.3,180626,,,A*5D
2026-06-18T07:03:50.000Z $IIHDG,303.2,,,,*4B
2026-06-18T07:03:50.000Z $IIMWV,309.1,T,9.7,N,A*3E
2026-06-18T07:03:50.000Z $IIRPM,E,1,2112,,A*56
2026-06-18T07:04:00.000Z $GPRMC,070400.00,A,5317.9078,N,00504.7506,E,4.6,303.0,180626,,,A*57
2026-06-18T07:04:00.000Z $GPGGA,070400.00,5317.9078,N,00504.7506,E,1,9,0.9,0.0,M,0.0,M,,*6C
2026-06-18T07:04:00.000Z $IIHDG,301.7,,,,*4C
2026-06-18T07:04:00.000Z $IIMWV,310.7,T,10.9,N,A*06
2026-06-18T07:04:00.000Z $IIDBT,63.6,f,19.4,M,10.6,F*29
2026-06-18T07:04:00.000Z $IIRPM,E,1,2155,,A*55
2026-06-18T07:04:00.000Z $IIXDR,V,14.00,V,BATT*66
2026-06-18T07:04:00.000Z $GPVTG,303.0,T,,M,4.6,N,8.6,K,A*01
2026-06-18T07:04:10.000Z $GPRMC,070410.00,A,5317.8834,N,00504.6982,E,4.0,304.3,180626,,,A*54
2026-06-18T07:04:10.000Z $IIHDG,302.7,,,,*4F
2026-06-18T07:04:10.000Z $IIMWV,314.9,T,10.2,N,A*07
2026-06-18T07:04:10.000Z $IIRPM,E,1,2229,,A*5D
2026-06-18T07:04:20.000Z $GPRMC,070420.00,A,5317.9073,N,00504.7103,E,4.7,304.4,180626,,,A*5D
2026-06-18T07:04:20.000Z $IIHDG,301.9,,,,*42
2026-06-18T07:04:20.000Z $IIMWV,315.7,T,10.6,N,A*0C
2026-06-18T07:04:20.000Z $IIRPM,E,1,2160,,A*53
2026-06-18T07:04:30.000Z $GPRMC,070430.00,A,5317.9438,N,00504.6791,E,4.7,303.2,180626,,,A*5A
2026-06-18T07:04:30.000Z $GPGGA,070430.00,5317.9438,N,00504.6791,E,1,10,0.9,0.0,M,0.0,M,,*5A
2026-06-18T07:04:30.000Z $IIHDG,304.9,,,,*47
2026-06-18T07:04:30.000Z $IIMWV,314.5,T,8.9,N,A*39
2026-06-18T07:04:30.000Z $IIDBT,55.2,f,16.8,M,9.2,F*17
2026-06-18T07:04:30.000Z $IIRPM,E,1,2143,,A*52
2026-06-18T07:04:30.000Z $GPVTG,303.2,T,,M,4.7,N,8.7,K,A*03
2026-06-18T07:04:40.000Z $GPRMC,070440.00,A,5317.9194,N,00504.7101,E,4.0,302.6,180626,,,A*52
2026-06-18T07:04:40.000Z $IIHDG,305.4,,,,*4B
2026-06-18T07:04:40.000Z $IIMWV,311.6,T,9.2,N,A*35
2026-06-18T07:04:40.000Z $IIRPM,E,1,2280,,A*5E
2026-06-18T07:04:50.000Z $GPRMC,070450.00,A,5317.9334,N,00504.6749,E,4.4,304.0,180626,,,A*54
2026-06-18T07:04:50.000Z $IIHDG,305.2,,,,*4D
2026-06-18T07:04:50.000Z $IIMWV,315.3,T,10.0,N,A*0E
2026-06-18T07:04:50.000Z $IIRPM,E,1,2213,,A*54
2026-06-18T07:05:00.000Z $GPRMC,070500.00,A,5317.9250,N,00504.6460,E,4.3,303.0,180626,,,A*5B
2026-06-18T07:05:00.000Z $GPGGA,070500.00,5317.9250,N,00504.6460,E,1,8,0.9,0.0,M,0.0,M,,*64
2026-06-18T07:05:00.000Z $IIHDG,303.0,,,,*49
2026-06-18T07:05:00.000Z $IIMWV,317.4,T,8.7,N,A*35
2026-06-18T07:05:00.000Z $IIDBT,60.1,f,18.3,M,10.0,F*2D
2026-06-18T07:05:00.000Z $IIRPM,E,1,2299,,A*56
2026-06-18T07:05:00.000Z $IIXDR,V,14.05,V,BATT*63
2026-06-18T07:05:00.000Z $IIMTA,16.4,C*06
2026-06-18T07:05:00.000Z $GPVTG,303.0,T,,M,4.3,N,8.0,K,A*02
2026-06-18T07:05:10.000Z $GPRMC,070510.00,A,5317.9155,N,00504.6447,E,4.5,302.5,180626,,,A*5B
2026-06-18T07:05:10.000Z $IIHDG,304.3,,,,*4D
2026-06-18T07:05:10.000Z $IIMWV,313.3,T,11.4,N,A*0D
2026-06-18T07:05:10.000Z $IIRPM,E,1,2189,,A*54
2026-06-18T07:05:20.000Z $GPRMC,070520.00,A,5317.9226,N,00504.6175,E,4.1,302.5,180626,,,A*5F
2026-06-18T07:05:20.000Z $IIHDG,303.1,,,,*48
2026-06-18T07:05:20.000Z $IIMWV,318.6,T,9.3,N,A*3D
2026-06-18T07:05:20.000Z $IIRPM,E,1,2292,,A*5D
2026-06-18T07:05:30.000Z $GPRMC,070530.00,A,5317.9397,N,00504.6048,E,4.0,303.4,180626,,,A*5B
2026-06-18T07:05:30.000Z $GPGGA,070530.00,5317.9397,N,00504.6048,E,1,10,0.9,0.0,M,0.0,M,,*5A
2026-06-18T07:05:30.000Z $IIHDG,303.3,,,,*4A
2026-06-18T07:05:30.000Z $IIMWV,311.5,T,8.8,N,A*3D
2026-06-18T07:05:30.000Z $IIDBT,60.5,f,18.4,M,10.1,F*2F
2026-06-18T07:05:30.000Z $IIRPM,E,1,2229,,A*5D
2026-06-18T07:05:30.000Z $GPVTG,303.4,T,,M,4.0,N,7.5,K,A*0F
2026-06-18T07:05:40.000Z $GPRMC,070540.00,A,5317.9634,N,00504.6297,E,4.2,304.1,180626,,,A*50
2026-06-18T07:05:40.000Z $IIHDG,304.9,,,,*47
2026-06-18T07:05:40.000Z $IIMWV,316.4,T,10.8,N,A*02
2026-06-18T07:05:40.000Z $IIRPM,E,1,2159,,A*59
2026-06-18T07:05:50.000Z $GPRMC,070550.00,A,5317.9788,N,00504.6297,E,4.5,302.9,180626,,,A*5E
2026-06-18T07:05:50.000Z $IIHDG,303.3,,,,*4A
2026-06-18T07:05:50.000Z $IIMWV,312.0,T,10.5,N,A*0F
2026-06-18T07:05:50.000Z $IIRPM,E,1,2199,,A*55
2026-06-18T07:06:00.000Z $GPRMC,070600.00,A,5317.9421,N,00504.5724,E,4.5,302.3,180626,,,A*5C
2026-06-18T07:06:00.000Z $GPGGA,070600.00,5317.9421,N,00504.5724,E,1,11,0.9,0.0,M,0.0,M,,*5F
2026-06-18T07:06:00.000Z $IIHDG,304.2,,,,*4C
2026-06-18T07:06:00.000Z $IIMWV,310.0,T,10.4,N,A*0C
2026-06-18T07:06:00.000Z $IIDBT,58.1,f,17.7,M,9.7,F*12
2026-06-18T07:06:00.000Z $IIRPM,E,1,2115,,A*51
2026-06-18T07:06:00.000Z $IIXDR,V,13.94,V,BATT*6C
2026-06-18T07:06:00.000Z $GPVTG,302.3,T,,M,4.5,N,8.3,K,A*05
2026-06-18T07:06:10.000Z $GPRMC,070610.00,A,5317.9414,N,00504.6061,E,4.3,305.1,180626,,,A*5D
2026-06-18T07:06:10.000Z $IIHDG,303.9,,,,*40
2026-06-18T07:06:10.000Z $IIMWV,315.4,T,10.1,N,A*08
2026-06-18T07:06:10.000Z $IIRPM,E,1,2183,,A*5E
2026-06-18T07:06:20.000Z $GPRMC,070620.00,A,5317.9513,N,00504.5752,E,4.6,303.5,180626,,,A*5B
2026-06-18T07:06:20.000Z $IIHDG,304.2,,,,*4C
2026-06-18T07:06:20.000Z $IIMWV,314.8,T,10.3,N,A*07
2026-06-18T07:06:20.000Z $IIRPM,E,1,2176,,A*54
2026-06-18T07:06:30.000Z $GPRMC,070630.00,A,5317.9683,N,00504.5828,E,4.2,305.0,180626,,,A*55
2026-06-18T07:06:30.000Z $GPGGA,070630.00,5317.9683,N,00504.5828,E,1,9,0.9,0.0,M,0.0,M,,*6C
2026-06-18T07:06:30.000Z $IIHDG,305.5,,,,*4A
2026-06-18T07:06:30.000Z $IIMWV,313.8,T,9.4,N,A*3F
2026-06-18T07:06:30.000Z $IIDBT,57.7,f,17.6,M,9.6,F*1B
2026-06-18T07:06:30.000Z $IIRPM,E,1,2127,,A*50
2026-06-18T07:06:30.000Z $GPVTG,305.0,T,,M,4.2,N,7.8,K,A*02
2026-06-18T07:06:40.000Z $GPRMC,070640.00,A,5317.9604,N,00504.5548,E,4.3,302.4,180626,,,A*54
2026-06-18T07:06:40.000Z $IIHDG,303.3,,,,*4A
2026-06-18T07:06:40.000Z $IIMWV,318.5,T,9.0,N,A*3D
2026-06-18T07:06:40.000Z $IIRPM,E,1,2285,,A*5B
2026-06-18T07:06:50.000Z $GPRMC,070650.00,A,5317.9940,N,00504.5133,E,4.5,302.8,180626,,,A*58
2026-06-18T07:06:50.000Z $IIHDG,302.5,,,,*4D
2026-06-18T07:06:50.000Z $IIMWV,310.3,T,10.9,N,A*02
2026-06-18T07:06:50.000Z $IIRPM,E,1,2246,,A*54
2026-06-18T07:07:00.000Z $GPRMC,070700.00,A,5317.9858,N,00504.5191,E,4.2,303.3,180626,,,A*51
2026-06-18T07:07:00.000Z $GPGGA,070700.00,5317.9858,N,00504.5191,E,1,8,0.9,0.0,M,0.0,M,,*6C
2026-06-18T07:07:00.000Z $IIHDG,302.1,,,,*49
2026-06-18T07:07:00.000Z $IIMWV,310.3,T,10.0,N,A*0B
2026-06-18T07:07:00.000Z $IIDBT,57.0,f,17.4,M,9.5,F*1D
2026-06-18T07:07:00.000Z $IIRPM,E,1,2118,,A*5C
2026-06-18T07:07:00.000Z $IIXDR,V,13.92,V,BATT*6A
2026-06-18T07:07:00.000Z $GPVTG,303.3,T,,M,4.2,N,7.8,K,A*07
2026-06-18T07:07:10.000Z $GPRMC,070710.00,A,5317.9654,N,00504.5059,E,4.2,303.3,180626,,,A*57
2026-06-18T07:07:10.000Z $IIHDG,301.6,,,,*4D
2026-06-18T07:07:10.000Z $IIMWV,311.5,T,8.6,N,A*33
2026-06-18T07:07:10.000Z $IIRPM,E,1,2289,,A*57
2026-06-18T07:07:20.000Z $GPRMC,070720.00,A,5318.0069,N,00504.5199,E,4.4,304.9,180626,,,A*5C
2026-06-18T07:07:20.000Z $IIHDG,302.6,,,,*4E
2026-06-18T07:07:20.000Z $IIMWV,317.8,T,10.1,N,A*06
2026-06-18T07:07:20.000Z $IIRPM,E,1,2271,,A*50
2026-06-18T07:07:30.000Z $GPRMC,070730.00,A,5317.9829,N,00504.5282,E,4.1,302.5,180626,,,A*51
2026-06-18T07:07:30.000Z $GPGGA,070730.00,5317.9829,N,00504.5282,E,1,12,0.9,0.0,M,0.0,M,,*53
2026-06-18T07:07:30.000Z $IIHDG,304.9,,,,*47
2026-06-18T07:07:30.000Z $IIMWV,309.1,T,10.3,N,A*02
2026-06-18T07:07:30.000Z $IIDBT,62.0,f,18.9,M,10.3,F*27
2026-06-18T07:07:30.000Z $IIRPM,E,1,2212,,A*55
2026-06-18T07:07:30.000Z $GPVTG,302.5,T,,M,4.1,N,7.5,K,A*0E
2026-06-18T07:07:40.000Z $GPRMC,070740.00,A,5317.9901,N,00504.4676,E,4.7,304.3,180626,,,A*55
2026-06-18T07:07:40.000Z $IIHDG,304.5,,,,*4B
2026-06-18T07:07:40.000Z $IIMWV,312.1,T,10.3,N,A*08
2026-06-18T07:07:40.000Z $IIRPM,E,1,2240,,A*52
2026-06-18T07:07:50.000Z $GPRMC,070750.00,A,5318.0027,N,00504.4717,E,4.0,302.7,180626,,,A*5C
2026-06-18T07:07:50.000Z $IIHDG,301.4,,,,*4F
2026-06-18T07:07:50.000Z $IIMWV,310.1,T,10.2,N,A*0B
2026-06-18T07:07:50.000Z $IIRPM,E,1,2201,,A*57
2026-06-18T07:08:00.000Z $GPRMC,070800.00,A,5318.0019,N,00504.4945,E,3.9,304.8,180626,,,A*55
2026-06-18T07:08:00.000Z $GPGGA,070800.00,5318.0019,N,00504.4945,E,1,11,0.9,0.0,M,0.0,M,,*50
2026-06-18T07:08:00.000Z $IIHDG,304.9,,,,*47
2026-06-18T07:08:00.000Z $IIMWV,313.7,T,9.7,N,A*33
2026-06-18T07:08:00.000Z $IIDBT,61.4,f,18.7,M,10.2,F*2F
2026-06-18T07:08:00.000Z $IIRPM,E,1,2180,,A*5D
2026-06-18T07:08:00.000Z $IIXDR,V,13.87,V,BATT*6E
2026-06-18T07:08:00.000Z $GPVTG,304.8,T,,M,3.9,N,7.3,K,A*0C
2026-06-18T07:08:10.000Z $GPRMC,070810.00,A,5317.9978,N,00504.4485,E,4.5,304.1,180626,,,A*5F
2026-06-18T07:08:10.000Z $IIHDG,303.6,,,,*4F
2026-06-18T07:08:10.000Z $IIMWV,309.1,T,10.7,N,A*06
2026-06-18T07:08:10.000Z $IIRPM,E,1,2296,,A*59
2026-06-18T07:08:20.000Z $GPRMC,070820.00,A,5318.0193,N,00504.4614,E,4.4,305.2,180626,,,A*5E
2026-06-18T07:08:20.000Z $IIHDG,304.4,,,,*4A
2026-06-18T07:08:20.000Z $IIMWV,314.1,T,9.2,N,A*37
2026-06-18T07:08:20.000Z $IIRPM,E,1,2223,,A*57
2026-06-18T07:08:30.000Z $GPRMC,070830.00,A,5318.0381,N,00504.4214,E,4.4,302.4,180626,,,A*5B
2026-06-18T07:08:30.000Z $GPGGA,070830.00,5318.0381,N,00504.4214,E,1,8,0.9,0.0,M,0.0,M,,*66
2026-06-18T07:08:30.000Z $IIHDG,302.6,,,,*4E
2026-06-18T07:08:30.000Z $IIMWV,309.4,T,10.7,N,A*03
2026-06-18T07:08:30.000Z $IIDBT,56.6,f,17.3,M,9.4,F*1C
2026-06-18T07:08:30.000Z $IIRPM,E,1,2109,,A*5C
2026-06-18T07:08:30.000Z $GPVTG,302.4,T,,M,4.4,N,8.1,K,A*01
2026-06-18T07:08:40.000Z $GPRMC,070840.00,A,5318.0332,N,00504.4112,E,4.7,303.5,180626,,,A*52
2026-06-18T07:08:40.000Z $IIHDG,301.4,,,,*4F
2026-06-18T07:08:40.000Z $IIMWV,313.8,T,9.1,N,A*3A
2026-06-18T07:08:40.000Z $IIRPM,E,1,2235,,A*50
2026-06-18T07:08:50.000Z $GPRMC,070850.00,A,5318.0365,N,00504.3972,E,4.3,304.4,180626,,,A*5A
2026-06-18T07:08:50.000Z $IIHDG,304.1,,,,*4F
2026-06-18T07:08:50.000Z $IIMWV,312.9,T,8.7,N,A*3D
2026-06-18T07:08:50.000Z $IIRPM,E,1,2268,,A*58
2026-06-18T07:09:00.000Z $GPRMC,070900.00,A,5318.0512,N,00504.3840,E,4.5,302.8,180626,,,A*54
2026-06-18T07:09:00.000Z $GPGGA,070900.00,5318.0512,N,00504.3840,E,1,11,0.9,0.0,M,0.0,M,,*5C
2026-06-18T07:09:00.000Z $IIHDG,305.3,,,,*4C
2026-06-18T07:09:00.000Z $IIMWV,314.8,T,11.1,N,A*04
2026-06-18T07:09:00.000Z $IIDBT,57.9,f,17.6,M,9.6,F*15
2026-06-18T07:09:00.000Z $IIRPM,E,1,2244,,A*56
2026-06-18T07:09:00.000Z $IIXDR,V,13.84,V,BATT*6D
2026-06-18T07:09:00.000Z $GPVTG,302.8,T,,M,4.5,N,8.3,K,A*0E
2026-06-18T07:09:10.000Z $GPRMC,070910.00,A,5318.0420,N,00504.3676,E,4.0,305.2,180626,,,A*56
2026-06-18T07:09:10.000Z $IIHDG,302.9,,,,*41
2026-06-18T07:09:10.000Z $IIMWV,315.0,T,8.6,N,A*32
2026-06-18T07:09:10.000Z $IIRPM,E,1,2145,,A*54
2026-06-18T07:09:20.000Z $GPRMC,070920.00,A,5318.0705,N,00504.3516,E,4.1,304.1,180626,,,A*57
2026-06-18T07:09:20.000Z $IIHDG,301.5,,,,*4E
2026-06-18T07:09:20.000Z $IIMWV,318.4,T,8.6,N,A*3B
2026-06-18T07:09:20.000Z $IIRPM,E,1,2218,,A*5F
2026-06-18T07:09:30.000Z $GPRMC,070930.00,A,5318.0282,N,00504.3745,E,4.6,302.9,180626,,,A*51
2026-06-18T07:09:30.000Z $GPGGA,070930.00,5318.0282,N,00504.3745,E,1,9,0.9,0.0,M,0.0,M,,*62
2026-06-18T07:09:30.000Z $IIHDG,303.1,,,,*48
2026-06-18T07:09:30.000Z $IIMWV,316.3,T,10.7,N,A*0A
2026-06-18T07:09:30.000Z $IIDBT,61.3,f,18.7,M,10.2,F*28
2026-06-18T07:09:30.000Z $IIRPM,E,1,2118,,A*5C
2026-06-18T07:09:30.000Z $GPVTG,302.9,T,,M,4.6,N,8.5,K,A*0A
2026-06-18T07:09:40.000Z $GPRMC,070940.00,A,5318.0582,N,00504.3340,E,3.9,302.8,180626,,,A*59
2026-06-18T07:09:40.000Z $IIHDG,301.5,,,,*4E
2026-06-18T07:09:40.000Z $IIMWV,314.5,T,9.5,N,A*34
2026-06-18T07:09:40.000Z $IIRPM,E,1,2273,,A*52
2026-06-18T07:09:50.000Z $GPRMC,070950.00,A,5318.0357,N,00504.3724,E,4.6,305.2,180626,,,A*55
2026-06-18T07:09:50.000Z $IIHDG,301.5,,,,*4E
2026-06-18T07:09:50.000Z $IIMWV,311.6,T,9.4,N,A*33
2026-06-18T07:09:50.000Z $IIRPM,E,1,2126,,A*51
2026-06-18T07:10:00.000Z $GPRMC,071000.00,A,5318.0505,N,00504.3544,E,4.0,302.4,180626,,,A*5A
2026-06-18T07:10:00.000Z $GPGGA,071000.00,5318.0505,N,00504.3544,E,1,12,0.9,0.0,M,0.0,M,,*58
2026-06-18T07:10:00.000Z $IIHDG,303.1,,,,*48
2026-06-18T07:10:00.000Z $IIMWV,311.6,T,10.8,N,A*07
2026-06-18T07:10:00.000Z $IIDBT,63.2,f,19.3,M,10.5,F*29
2026-06-18T07:10:00.000Z $IIRPM,E,1,2234,,A*51
2026-06-18T07:10:00.000Z $IIXDR,V,13.89,V,BATT*60
2026-06-18T07:10:00.000Z $IIMTA,15.7,C*06
2026-06-18T07:10:00.000Z $GPVTG,302.4,T,,M,4.0,N,7.3,K,A*08
2026-06-18T07:10:10.000Z $GPRMC,071010.00,A,5318.0674,N,00504.3072,E,4.4,304.8,180626,,,A*50
2026-06-18T07:10:10.000Z $IIHDG,301.7,,,,*4C
2026-06-18T07:10:10.000Z $IIMWV,309.2,T,11.4,N,A*07
2026-06-18T07:10:10.000Z $IIRPM,E,1,2212,,A*55
2026-06-18T07:10:20.000Z $GPRMC,071020.00,A,5318.0988,N,00504.2845,E,4.1,302.5,180626,,,A*5C
2026-06-18T07:10:20.000Z $IIHDG,302.6,,,,*4E
2026-06-18T07:10:20.000Z $IIMWV,311.2,T,10.3,N,A*08
2026-06-18T07:10:20.000Z $IIRPM,E,1,2103,,A*56
2026-06-18T07:10:30.000Z $GPRMC,071030.00,A,5318.0564,N,00504.2948,E,4.3,303.2,180626,,,A*5B
2026-06-18T07:10:30.000Z $GPGGA,071030.00,5318.0564,N,00504.2948,E,1,12,0.9,0.0,M,0.0,M,,*5D
2026-06-18T07:10:30.000Z $IIHDG,306.1,,,,*4D
2026-06-18T07:10:30.000Z $IIMWV,313.9,T,11.0,N,A*03
2026-06-18T07:10:30.000Z $IIDBT,58.1,f,17.7,M,9.7,F*12
2026-06-18T07:10:30.000Z $IIRPM,E,1,2255,,A*56
2026-06-18T07:10:30.000Z $GPVTG,303.2,T,,M,4.3,N,7.9,K,A*06
2026-06-18T07:10:40.000Z $GPRMC,071040.00,A,5318.0875,N,00504.3024,E,4.6,304.4,180626,,,A*57
2026-06-18T07:10:40.000Z $IIHDG,301.3,,,,*48
2026-06-18T07:10:40.000Z $IIMWV,312.6,T,11.3,N,A*0E
2026-06-18T07:10:40.000Z $IIRPM,E,1,2238,,A*5D
2026-06-18T07:10:50.000Z $GPRMC,071050.00,A,5318.0722,N,00504.2791,E,3.9,303.7,180626,,,A*5F
2026-06-18T07:10:50.000Z $IIHDG,305.8,,,,*47
2026-06-18T07:10:50.000Z $IIMWV,314.4,T,11.3,N,A*0A
2026-06-18T07:10:50.000Z $IIRPM,E,1,2244,,A*56
2026-06-18T07:11:00.000Z $GPRMC,071100.00,A,5318.1119,N,00504.2537,E,4.3,302.9,180626,,,A*58
2026-06-18T07:11:00.000Z $GPGGA,071100.00,5318.1119,N,00504.2537,E,1,11,0.9,0.0,M,0.0,M,,*57
2026-06-18T07:11:00.000Z $IIHDG,304.6,,,,*48
2026-06-18T07:11:00.000Z $IIMWV,309.5,T,8.6,N,A*3A
2026-06-18T07:11:00.000Z $IIDBT,59.8,f,18.2,M,10.0,F*2F
2026-06-18T07:11:00.000Z $IIRPM,E,1,2166,,A*55
2026-06-18T07:11:00.000Z $IIXDR,V,13.98,V,BATT*60
2026-06-18T07:11:00.000Z $GPVTG,302.9,T,,M,4.3,N,8.0,K,A*0A
2026-06-18T07:11:10.000Z $GPRMC,071110.00,A,5318.1005,N,00504.2589,E,4.4,304.5,180626,,,A*5D
2026-06-18T07:11:10.000Z $IIHDG,305.4,,,,*4B
2026-06-18T07:11:10.000Z $IIMWV,318.5,T,9.4,N,A*39
2026-06-18T07:11:10.000Z $IIRPM,E,1,2117,,A*53
2026-06-18T07:11:20.000Z $GPRMC,071120.00,A,5318.1025,N,00504.2556,E,4.0,303.4,180626,,,A*5C
2026-06-18T07:11:20.000Z $IIHDG,305.8,,,,*47
2026-06-18T07:11:20.000Z $IIMWV,310.7,T,9.9,N,A*3E
2026-06-18T07:11:20.000Z $IIRPM,E,1,2264,,A*54
2026-06-18T07:11:30.000Z $GPRMC,071130.00,A,5318.1231,N,00504.2400,E,4.6,304.5,180626,,,A*58
2026-06-18T07:11:30.000Z $GPGGA,071130.00,5318.1231,N,00504.2400,E,1,11,0.9,0.0,M,0.0,M,,*58
2026-06-18T07:11:30.000Z $IIHDG,303.6,,,,*4F
2026-06-18T07:11:30.000Z $IIMWV,311.9,T,9.8,N,A*30
2026-06-18T07:11:30.000Z $IIDBT,63.7,f,19.4,M,10.6,F*28
2026-06-18T07:11:30.000Z $IIRPM,E,1,2227,,A*53
2026-06-18T07:11:30.000Z $GPVTG,304.5,T,,M,4.6,N,8.5,K,A*00
2026-06-18T07:11:40.000Z $GPRMC,071140.00,A,5318.0909,N,00504.2200,E,4.3,303.7,180626,,,A*58
2026-06-18T07:11:40.000Z $IIHDG,306.2,,,,*4E
2026-06-18T07:11:40.000Z $IIMWV,309.7,T,9.0,N,A*3F
2026-06-18T07:11:40.000Z $IIRPM,E,1,2298,,A*57
2026-06-18T07:11:50.000Z $GPRMC,071150.00,A,5318.1070,N,00504.2015,E,4.0,304.4,180626,,,A*5E
2026-06-18T07:11:50.000Z $IIHDG,304.8,,,,*46
2026-06-18T07:11:50.000Z $IIMWV,317.7,T,9.3,N,A*33
2026-06-18T07:11:50.000Z $IIRPM,E,1,2226,,A*52
2026-06-18T07:12:00.000Z $GPRMC,071200.00,A,5318.1460,N,00504.1758,E,4.3,303.1,180626,,,A*51
2026-06-18T07:12:00.000Z $GPGGA,071200.00,5318.1460,N,00504.1758,E,1,11,0.9,0.0,M,0.0,M,,*57
2026-06-18T07:12:00.000Z $IIHDG,305.3,,,,*4C
2026-06-18T07:12:00.000Z $IIMWV,309.8,T,9.9,N,A*39
2026-06-18T07:12:00.000Z $IIDBT,66.4,f,20.2,M,11.1,F*24
2026-06-18T07:12:00.000Z $IIRPM,E,1,2105,,A*50
2026-06-18T07:12:00.000Z $IIXDR,V,14.05,V,BATT*63
2026-06-18T07:12:00.000Z $GPVTG,303.1,T,,M,4.3,N,8.0,K,A*03
2026-06-18T07:12:10.000Z $GPRMC,071210.00,A,5318.1346,N,00504.2065,E,4.2,304.7,180626,,,A*59
2026-06-18T07:12:10.000Z $IIHDG,302.3,,,,*4B
2026-06-18T07:12:10.000Z $IIMWV,315.8,T,11.3,N,A*07
2026-06-18T07:12:10.000Z $IIRPM,E,1,2294,,A*5B
2026-06-18T07:12:20.000Z $GPRMC,071220.00,A,5318.1565,N,00504.1919,E,4.6,304.9,180626,,,A*56
2026-06-18T07:12:20.000Z $IIHDG,303.2,,,,*4B
2026-06-18T07:12:20.000Z $IIMWV,310.9,T,10.8,N,A*09
2026-06-18T07:12:20.000Z $IIRPM,E,1,2152,,A*52
2026-06-18T07:12:30.000Z $GPRMC,071230.00,A,5318.1348,N,00504.1740,E,4.7,304.8,180626,,,A*5C
2026-06-18T07:12:30.000Z $GPGGA,071230.00,5318.1348,N,00504.1740,E,1,12,0.9,0.0,M,0.0,M,,*53
2026-06-18T07:12:30.000Z $IIHDG,303.8,,,,*41
2026-06-18T07:12:30.000Z $IIMWV,311.0,T,11.1,N,A*09
2026-06-18T07:12:30.000Z $IIDBT,60.5,f,18.4,M,10.1,F*2F
2026-06-18T07:12:30.000Z $IIRPM,E,1,2123,,A*54
2026-06-18T07:12:30.000Z $GPVTG,304.8,T,,M,4.7,N,8.7,K,A*0E
2026-06-18T07:12:40.000Z $GPRMC,071240.00,A,5318.1126,N,00504.1275,E,4.1,304.2,180626,,,A*5E
2026-06-18T07:12:40.000Z $IIHDG,301.5,,,,*4E
2026-06-18T07:12:40.000Z $IIMWV,308.8,T,9.9,N,A*38
2026-06-18T07:12:40.000Z $IIRPM,E,1,2118,,A*5C
2026-06-18T07:12:50.000Z $GPRMC,071250.00,A,5318.1336,N,00504.1311,E,4.1,304.0,180626,,,A*5D
2026-06-18T07:12:50.000Z $IIHDG,304.9,,,,*47
2026-06-18T07:12:50.000Z $IIMWV,317.2,T,11.2,N,A*0E
2026-06-18T07:12:50.000Z $IIRPM,E,1,2218,,A*5F
2026-06-18T07:13:00.000Z $GPRMC,071300.00,A,5318.1565,N,00504.1265,E,4.7,303.4,180626,,,A*5E
2026-06-18T07:13:00.000Z $GPGGA,071300.00,5318.1565,N,00504.1265,E,1,9,0.9,0.0,M,0.0,M,,*60
2026-06-18T07:13:00.000Z $IIHDG,302.7,,,,*4F
2026-06-18T07:13:00.000Z $IIMWV,308.9,T,11.0,N,A*09
2026-06-18T07:13:00.000Z $IIDBT,57.4,f,17.5,M,9.6,F*1B
2026-06-18T07:13:00.000Z $IIRPM,E,1,2233,,A*56
2026-06-18T07:13:00.000Z $IIXDR,V,13.80,V,BATT*69
2026-06-18T07:13:00.000Z $GPVTG,303.4,T,,M,4.7,N,8.6,K,A*04
2026-06-18T07:13:10.000Z $GPRMC,071310.00,A,5318.1311,N,00504.1037,E,4.2,303.4,180626,,,A*5A
2026-06-18T07:13:10.000Z $IIHDG,304.2,,,,*4C
2026-06-18T07:13:10.000Z $IIMWV,309.9,T,9.4,N,A*35
2026-06-18T07:13:10.000Z $IIRPM,E,1,2282,,A*5C
2026-06-18T07:13:20.000Z $GPRMC,071320.00,A,5318.1407,N,00504.0849,E,4.2,302.4,180626,,,A*58
2026-06-18T07:13:20.000Z $IIHDG,303.9,,,,*40
2026-06-18T07:13:20.000Z $IIMWV,313.0,T,11.5,N,A*0F
2026-06-18T07:13:20.000Z $IIRPM,E,1,2175,,A*57
2026-06-18T07:13:30.000Z $GPRMC,071330.00,A,5318.1465,N,00504.1124,E,4.2,303.6,180626,,,A*5D
2026-06-18T07:13:30.000Z $GPGGA,071330.00,5318.1465,N,00504.1124,E,1,9,0.9,0.0,M,0.0,M,,*64
2026-06-18T07:13:30.000Z $IIHDG,305.5,,,,*4A
2026-06-18T07:13:30.000Z $IIMWV,317.0,T,10.1,N,A*0E
2026-06-18T07:13:30.000Z $IIDBT,58.5,f,17.8,M,9.7,F*19
2026-06-18T07:13:30.000Z $IIRPM,E,1,2202,,A*54
2026-06-18T07:13:30.000Z $GPVTG,303.6,T,,M,4.2,N,7.7,K,A*0D
2026-06-18T07:13:40.000Z $GPRMC,071340.00,A,5318.1896,N,00504.1161,E,3.9,303.2,180626,,,A*53
2026-06-18T07:13:40.000Z $IIHDG,302.0,,,,*48
2026-06-18T07:13:40.000Z $IIMWV,311.0,T,11.0,N,A*08
2026-06-18T07:13:40.000Z $IIRPM,E,1,2132,,A*54
2026-06-18T07:13:50.000Z $GPRMC,071350.00,A,5318.1983,N,00504.0512,E,4.3,304.9,180626,,,A*57
2026-06-18T07:13:50.000Z $IIHDG,302.0,,,,*48
2026-06-18T07:13:50.000Z $IIMWV,313.6,T,10.8,N,A*05
2026-06-18T07:13:50.000Z $IIRPM,E,1,2194,,A*58
2026-06-18T07:14:00.000Z $GPRMC,071400.00,A,5318.1758,N,00504.0655,E,4.3,303.6,180626,,,A*55
2026-06-18T07:14:00.000Z $GPGGA,071400.00,5318.1758,N,00504.0655,E,1,11,0.9,0.0,M,0.0,M,,*54
2026-06-18T07:14:00.000Z $IIHDG,302.4,,,,*4C
2026-06-18T07:14:00.000Z $IIMWV,311.8,T,8.9,N,A*31
2026-06-18T07:14:00.000Z $IIDBT,62.3,f,19.0,M,10.4,F*2B
2026-06-18T07:14:00.000Z $IIRPM,E,1,2120,,A*57
2026-06-18T07:14:00.000Z $IIXDR,V,13.86,V,BATT*6F
2026-06-18T07:14:00.000Z $GPVTG,303.6,T,,M,4.3,N,7.9,K,A*02
2026-06-18T07:14:10.000Z $GPRMC,071410.00,A,5318.1847,N,00504.0778,E,4.2,303.8,180626,,,A*54
2026-06-18T07:14:10.000Z $IIHDG,305.8,,,,*47
2026-06-18T07:14:10.000Z $IIMWV,316.5,T,10.6,N,A*0D
2026-06-18T07:14:10.000Z $IIRPM,E,1,2234,,A*51
2026-06-18T07:14:20.000Z $GPRMC,071420.00,A,5318.1759,N,00504.0218,E,4.5,303.5,180626,,,A*5E
2026-06-18T07:14:20.000Z $IIHDG,304.8,,,,*46
2026-06-18T07:14:20.000Z $IIMWV,316.4,T,9.6,N,A*34
2026-06-18T07:14:20.000Z $IIRPM,E,1,2108,,A*5D
2026-06-18T07:14:30.000Z $GPRMC,071430.00,A,5318.2118,N,00504.0401,E,4.4,303.1,180626,,,A*54
2026-06-18T07:14:30.000Z $GPGGA,071430.00,5318.2118,N,00504.0401,E,1,8,0.9,0.0,M,0.0,M,,*6D
2026-06-18T07:14:30.000Z $IIHDG,305.4,,,,*4B
2026-06-18T07:14:30.000Z $IIMWV,311.6,T,9.1,N,A*36
2026-06-18T07:14:30.000Z $IIDBT,62.0,f,18.9,M,10.3,F*27
2026-06-18T07:14:30.000Z $IIRPM,E,1,2265,,A*55
2026-06-18T07:14:30.000Z $GPVTG,303.1,T,,M,4.4,N,8.1,K,A*05
2026-06-18T07:14:40.000Z $GPRMC,071440.00,A,5318.1912,N,00504.0088,E,4.5,302.8,180626,,,A*5E
2026-06-18T07:14:40.000Z $IIHDG,304.3,,,,*4D
2026-06-18T07:14:40.000Z $IIMWV,317.6,T,11.0,N,A*08
2026-06-18T07:14:40.000Z $IIRPM,E,1,2248,,A*5A
2026-06-18T07:14:50.000Z $GPRMC,071450.00,A,5318.1733,N,00504.0400,E,4.7,303.0,180626,,,A*5D
2026-06-18T07:14:50.000Z $IIHDG,303.6,,,,*4F
2026-06-18T07:14:50.000Z $IIMWV,314.9,T,9.1,N,A*3C
2026-06-18T07:14:50.000Z $IIRPM,E,1,2224,,A*50
2026-06-18T07:15:00.000Z $GPRMC,071500.00,A,5318.2293,N,00504.0089,E,4.0,303.4,180626,,,A*53
2026-06-18T07:15:00.000Z $GPGGA,071500.00,5318.2293,N,00504.0089,E,1,11,0.9,0.0,M,0.0,M,,*53
2026-06-18T07:15:00.000Z $IIHDG,302.2,,,,*4A
2026-06-18T07:15:00.000Z $IIMWV,311.3,T,8.6,N,A*35
2026-06-18T07:15:00.000Z $IIDBT,59.6,f,18.2,M,9.9,F*10
2026-06-18T07:15:00.000Z $IIRPM,E,1,2121,,A*56
2026-06-18T07:15:00.000Z $IIXDR,V,14.04,V,BATT*62
2026-06-18T07:15:00.000Z $IIMTA,15.9,C*08
2026-06-18T07:15:00.000Z $GPVTG,303.4,T,,M,4.0,N,7.3,K,A*09
2026-06-18T07:15:10.000Z $GPRMC,071510.00,A,5318.2106,N,00503.9829,E,3.9,304.3,180626,,,A*5F
2026-06-18T07:15:10.000Z $IIHDG,304.4,,,,*4A
2026-06-18T07:15:10.000Z $IIMWV,317.0,T,8.7,N,A*31
2026-06-18T07:15:10.000Z $IIRPM,E,1,2147,,A*56
2026-06-18T07:15:20.000Z $GPRMC,071520.00,A,5318.2192,N,00503.9573,E,4.0,303.4,180626,,,A*5D
2026-06-18T07:15:20.000Z $IIHDG,305.6,,,,*49
2026-06-18T07:15:20.000Z $IIMWV,317.8,T,10.1,N,A*06
2026-06-18T07:15:20.000Z $IIRPM,E,1,2289,,A*57
2026-06-18T07:15:30.000Z $GPRMC,071530.00,A,5318.1958,N,00503.9718,E,4.6,305.2,180626,,,A*58
2026-06-18T07:15:30.000Z $GPGGA,071530.00,5318.1958,N,00503.9718,E,1,9,0.9,0.0,M,0.0,M,,*67
2026-06-18T07:15:30.000Z $IIHDG,301.4,,,,*4F
2026-06-18T07:15:30.000Z $IIMWV,309.9,T,9.4,N,A*35
2026-06-18T07:15:30.000Z $IIDBT,59.1,f,18.0,M,9.8,F*14
2026-06-18T07:15:30.000Z $IIRPM,E,1,2240,,A*52
2026-06-18T07:15:30.000Z $GPVTG,305.2,T,,M,4.6,N,8.6,K,A*05
2026-06-18T07:15:40.000Z $GPRMC,071540.00,A,5318.2380,N,00503.9682,E,4.7,304.7,180626,,,A*54
2026-06-18T07:15:40.000Z $IIHDG,303.6,,,,*4F
2026-06-18T07:15:40.000Z $IIMWV,317.7,T,11.2,N,A*0B
2026-06-18T07:15:40.000Z $IIRPM,E,1,2242,,A*50
2026-06-18T07:15:50.000Z $GPRMC,071550.00,A,5318.2084,N,00503.9172,E,4.2,303.1,180626,,,A*5E
2026-06-18T07:15:50.000Z $IIHDG,304.8,,,,*46
2026-06-18T07:15:50.000Z $IIMWV,311.8,T,8.5,N,A*3D
2026-06-18T07:15:50.000Z $IIRPM,E,1,2108,,A*5D
2026-06-18T07:16:00.000Z $GPRMC,071600.00,A,5318.2241,N,00503.9571,E,3.9,303.8,180626,,,A*51
2026-06-18T07:16:00.000Z $GPGGA,071600.00,5318.2241,N,00503.9571,E,1,8,0.9,0.0,M,0.0,M,,*6B
2026-06-18T07:16:00.000Z $IIHDG,302.4,,,,*4C
2026-06-18T07:16:00.000Z $IIMWV,309.1,T,10.3,N,A*02
2026-06-18T07:16:00.000Z $IIDBT,59.0,f,18.0,M,9.8,F*15
2026-06-18T07:16:00.000Z $IIRPM,E,1,2126,,A*51
2026-06-18T07:16:00.000Z $IIXDR,V,14.05,V,BATT*63
2026-06-18T07:16:00.000Z $GPVTG,303.8,T,,M,3.9,N,7.2,K,A*0A
2026-06-18T07:16:10.000Z $GPRMC,071610.00,A,5318.2028,N,00503.9177,E,4.1,304.7,180626,,,A*58
2026-06-18T07:16:10.000Z $IIHDG,305.5,,,,*4A
2026-06-18T07:16:10.000Z $IIMWV,314.9,T,9.0,N,A*3D
2026-06-18T07:16:10.000Z $IIRPM,E,1,2289,,A*57
2026-06-18T07:16:20.000Z $GPRMC,071620.00,A,5318.2470,N,00503.9287,E,4.3,304.7,180626,,,A*5C
2026-06-18T07:16:20.000Z $IIHDG,303.2,,,,*4B
2026-06-18T07:16:20.000Z $IIMWV,316.8,T,9.2,N,A*3C
2026-06-18T07:16:20.000Z $IIRPM,E,1,2265,,A*55
2026-06-18T07:16:30.000Z $GPRMC,071630.00,A,5318.2691,N,00503.9009,E,4.7,304.6,180626,,,A*51
2026-06-18T07:16:30.000Z $GPGGA,071630.00,5318.2691,N,00503.9009,E,1,12,0.9,0.0,M,0.0,M,,*50
2026-06-18T07:16:30.000Z $IIHDG,301.4,,,,*4F
2026-06-18T07:16:30.000Z $IIMWV,313.0,T,11.3,N,A*09
2026-06-18T07:16:30.000Z $IIDBT,67.6,f,20.6,M,11.3,F*21
2026-06-18T07:16:30.000Z $IIRPM,E,1,2271,,A*50
2026-06-18T07:16:30.000Z $GPVTG,304.6,T,,M,4.7,N,8.7,K,A*00
2026-06-18T07:16:40.000Z $GPRMC,071640.00,A,5318.2614,N,00503.9002,E,4.5,304.9,180626,,,A*5D
2026-06-18T07:16:40.000Z $IIHDG,304.3,,,,*4D
2026-06-18T07:16:40.000Z $IIMWV,314.5,T,10.8,N,A*01
2026-06-18T07:16:40.000Z $IIRPM,E,1,2269,,A*59
2026-06-18T07:16:50.000Z $GPRMC,071650.00,A,5318.2518,N,00503.8801,E,4.5,305.0,180626,,,A*51
2026-06-18T07:16:50.000Z $IIHDG,304.1,,,,*4F
2026-06-18T07:16:50.000Z $IIMWV,309.4,T,9.5,N,A*39
2026-06-18T07:16:50.000Z $IIRPM,E,1,2121,,A*56
2026-06-18T07:17:00.000Z $GPRMC,071700.00,A,5318.2594,N,00503.8683,E,4.0,303.8,180626,,,A*5E
2026-06-18T07:17:00.000Z $GPGGA,071700.00,5318.2594,N,00503.8683,E,1,12,0.9,0.0,M,0.0,M,,*51
2026-06-18T07:17:00.000Z $IIHDG,303.3,,,,*4A
2026-06-18T07:17:00.000Z $IIMWV,313.9,T,8.8,N,A*33
2026-06-18T07:17:00.000Z $IIDBT,61.4,f,18.7,M,10.2,F*2F
2026-06-18T07:17:00.000Z $IIRPM,E,1,2298,,A*57
2026-06-18T07:17:00.000Z $IIXDR,V,14.01,V,BATT*67
2026-06-18T07:17:00.000Z $GPVTG,303.8,T,,M,4.0,N,7.4,K,A*02
2026-06-18T07:17:10.000Z $GPRMC,071710.00,A,5318.2639,N,00503.8702,E,4.2,303.6,180626,,,A*5F
2026-06-18T07:17:10.000Z $IIHDG,302.3,,,,*4B
2026-06-18T07:17:10.000Z $IIMWV,313.9,T,11.0,N,A*03
2026-06-18T07:17:10.000Z $IIRPM,E,1,2214,,A*53
2026-06-18T07:17:20.000Z $GPRMC,071720.00,A,5318.2760,N,00503.8663,E,4.3,302.4,180626,,,A*55
2026-06-18T07:17:20.000Z $IIHDG,306.3,,,,*4F
2026-06-18T07:17:20.000Z $IIMWV,313.7,T,10.5,N,A*09
2026-06-18T07:17:20.000Z $IIRPM,E,1,2155,,A*55
2026-06-18T07:17:30.000Z $GPRMC,071730.00,A,5318.2656,N,00503.8128,E,4.7,302.3,180626,,,A*5B
2026-06-18T07:17:30.000Z $GPGGA,071730.00,5318.2656,N,00503.8128,E,1,9,0.9,0.0,M,0.0,M,,*63
2026-06-18T07:17:30.000Z $IIHDG,303.6,,,,*4F
2026-06-18T07:17:30.000Z $IIMWV,316.0,T,10.8,N,A*06
2026-06-18T07:17:30.000Z $IIDBT,67.1,f,20.4,M,11.2,F*25
2026-06-18T07:17:30.000Z $IIRPM,E,1,2152,,A*52
2026-06-18T07:17:30.000Z $GPVTG,302.3,T,,M,4.7,N,8.6,K,A*02
2026-06-18T07:17:40.000Z $GPRMC,071740.00,A,5318.2647,N,00503.8148,E,4.6,305.0,180626,,,A*5F
2026-06-18T07:17:40.000Z $IIHDG,304.6,,,,*48
2026-06-18T07:17:40.000Z $IIMWV,315.6,T,10.0,N,A*0B
2026-06-18T07:17:40.000Z $IIRPM,E,1,2107,,A*52
2026-06-18T07:17:50.000Z $GPRMC,071750.00,A,5318.2573,N,00503.7916,E,4.2,304.3,180626,,,A*50
2026-06-18T07:17:50.000Z $IIHDG,305.0,,,,*4F
2026-06-18T07:17:50.000Z $IIMWV,314.0,T,10.3,N,A*0F
2026-06-18T07:17:50.000Z $IIRPM,E,1,2257,,A*54
2026-06-18T07:18:00.000Z $GPRMC,071800.00,A,5318.2560,N,00503.7868,E,4.0,304.0,180626,,,A*51
2026-06-18T07:18:00.000Z $GPGGA,071800.00,5318.2560,N,00503.7868,E,1,9,0.9,0.0,M,0.0,M,,*6B
2026-06-18T07:18:00.000Z $IIHDG,304.6,,,,*48
2026-06-18T07:18:00.000Z $IIMWV,318.1,T,10.2,N,A*03
2026-06-18T07:18:00.000Z $IIDBT,66.7,f,20.3,M,11.1,F*26
2026-06-18T07:18:00.000Z $IIRPM,E,1,2193,,A*5F
2026-06-18T07:18:00.000Z $IIXDR,V,14.02,V,BATT*64
2026-06-18T07:18:00.000Z $GPVTG,304.0,T,,M,4.0,N,7.4,K,A*0D
2026-06-18T07:18:10.000Z $GPRMC,071810.00,A,5318.3037,N,00503.8093,E,4.0,303.5,180626,,,A*57
2026-06-18T07:18:10.000Z $IIHDG,305.2,,,,*4D
2026-06-18T07:18:10.000Z $IIMWV,317.5,T,9.5,N,A*37
2026-06-18T07:18:10.000Z $IIRPM,E,1,2148,,A*59
2026-06-18T07:18:20.000Z $GPRMC,071820.00,A,5318.2934,N,00503.7568,E,4.0,304.1,180626,,,A*52
2026-06-18T07:18:20.000Z $IIHDG,303.1,,,,*48
2026-06-18T07:18:20.000Z $IIMWV,312.9,T,10.8,N,A*0B
2026-06-18T07:18:20.000Z $IIRPM,E,1,2190,,A*5C
2026-06-18T07:18:30.000Z $GPRMC,071830.00,A,5318.2656,N,00503.7901,E,4.1,303.1,180626,,,A*5D
2026-06-18T07:18:30.000Z $GPGGA,071830.00,5318.2656,N,00503.7901,E,1,9,0.9,0.0,M,0.0,M,,*60
2026-06-18T07:18:30.000Z $IIHDG,302.8,,,,*40
2026-06-18T07:18:30.000Z $IIMWV,310.7,T,10.9,N,A*06
2026-06-18T07:18:30.000Z $IIDBT,64.6,f,19.7,M,10.8,F*23
2026-06-18T07:18:30.000Z $IIRPM,E,1,2158,,A*58
2026-06-18T07:18:30.000Z $GPVTG,303.1,T,,M,4.1,N,7.5,K,A*0B
2026-06-18T07:18:40.000Z $GPRMC,071840.00,A,5318.3159,N,00503.7646,E,4.0,304.5,180626,,,A*5D
2026-06-18T07:18:40.000Z $IIHDG,303.5,,,,*4C
2026-06-18T07:18:40.000Z $IIMWV,317.9,T,11.2,N,A*05
2026-06-18T07:18:40.000Z $IIRPM,E,1,2214,,A*53
2026-06-18T07:18:50.000Z $GPRMC,071850.00,A,5318.2847,N,00503.7238,E,4.7,303.3,180626,,,A*50
2026-06-18T07:18:50.000Z $IIHDG,305.8,,,,*47
2026-06-18T07:18:50.000Z $IIMWV,316.8,T,9.8,N,A*36
2026-06-18T07:18:50.000Z $IIRPM,E,1,2257,,A*54
2026-06-18T07:19:00.000Z $GPRMC,071900.00,A,5318.3348,N,00503.7544,E,4.6,302.9,180626,,,A*57
2026-06-18T07:19:00.000Z $GPGGA,071900.00,5318.3348,N,00503.7544,E,1,8,0.9,0.0,M,0.0,M,,*65
2026-06-18T07:19:00.000Z $IIHDG,306.1,,,,*4D
2026-06-18T07:19:00.000Z $IIMWV,310.8,T,9.4,N,A*3C
2026-06-18T07:19:00.000Z $IIDBT,63.2,f,19.3,M,10.5,F*29
2026-06-18T07:19:00.000Z $IIRPM,E,1,2215,,A*52
2026-06-18T07:19:00.000Z $IIXDR,V,13.83,V,BATT*6A
2026-06-18T07:19:00.000Z $GPVTG,302.9,T,,M,4.6,N,8.5,K,A*0A
2026-06-18T07:19:10.000Z $GPRMC,071910.00,A,5318.3153,N,00503.7379,E,4.3,303.1,180626,,,A*5A
2026-06-18T07:19:10.000Z $IIHDG,305.5,,,,*4A
2026-06-18T07:19:10.000Z $IIMWV,309.0,T,11.4,N,A*05
2026-06-18T07:19:10.000Z $IIRPM,E,1,2224,,A*50
2026-06-18T07:19:20.000Z $GPRMC,071920.00,A,5318.3387,N,00503.7104,E,4.0,303.6,180626,,,A*5E
2026-06-18T07:19:20.000Z $IIHDG,305.9,,,,*46
2026-06-18T07:19:20.000Z $IIMWV,316.9,T,9.4,N,A*3B
2026-06-18T07:19:20.000Z $IIRPM,E,1,2269,,A*59
2026-06-18T07:19:30.000Z $GPRMC,071930.00,A,5318.3087,N,00503.6777,E,4.5,304.4,180626,,,A*5F
2026-06-18T07:19:30.000Z $GPGGA,071930.00,5318.3087,N,00503.6777,E,1,10,0.9,0.0,M,0.0,M,,*5C
2026-06-18T07:19:30.000Z $IIHDG,303.0,,,,*49
2026-06-18T07:19:30.000Z $IIMWV,311.3,T,11.2,N,A*09
2026-06-18T07:19:30.000Z $IIDBT,59.8,f,18.2,M,10.0,F*2F
2026-06-18T07:19:30.000Z $IIRPM,E,1,2112,,A*56
2026-06-18T07:19:30.000Z $GPVTG,304.4,T,,M,4.5,N,8.3,K,A*04
2026-06-18T07:19:40.000Z $GPRMC,071940.00,A,5318.3023,N,00503.6760,E,3.9,302.4,180626,,,A*5D
2026-06-18T07:19:40.000Z $IIHDG,302.1,,,,*49
2026-06-18T07:19:40.000Z $IIMWV,309.3,T,9.6,N,A*3D
2026-06-18T07:19:40.000Z $IIRPM,E,1,2280,,A*5E
2026-06-18T07:19:50.000Z $GPRMC,071950.00,A,5318.3396,N,00503.6876,E,4.3,303.0,180626,,,A*51
2026-06-18T07:19:50.000Z $IIHDG,304.6,,,,*48
2026-06-18T07:19:50.000Z $IIMWV,315.6,T,11.2,N,A*08
2026-06-18T07:19:50.000Z $IIRPM,E,1,2165,,A*56
2026-06-18T07:20:00.000Z $GPRMC,072000.00,A,5318.3521,N,00503.6794,E,4.0,305.1,180626,,,A*53
2026-06-18T07:20:00.000Z $GPGGA,072000.00,5318.3521,N,00503.6794,E,1,12,0.9,0.0,M,0.0,M,,*53
2026-06-18T07:20:00.000Z $IIHDG,303.2,,,,*4B
2026-06-18T07:20:00.000Z $IIMWV,317.8,T,11.5,N,A*03
2026-06-18T07:20:00.000Z $IIDBT,61.1,f,18.6,M,10.2,F*2B
2026-06-18T07:20:00.000Z $IIRPM,E,1,2188,,A*55
2026-06-18T07:20:00.000Z $IIXDR,V,13.92,V,BATT*6A
2026-06-18T07:20:00.000Z $IIMTA,16.7,C*05
2026-06-18T07:20:00.000Z $GPVTG,305.1,T,,M,4.0,N,7.4,K,A*0D
2026-06-18T07:20:10.000Z $GPRMC,072010.00,A,5318.3593,N,00503.6251,E,4.0,303.9,180626,,,A*59
2026-06-18T07:20:10.000Z $IIHDG,302.6,,,,*4E
2026-06-18T07:20:10.000Z $IIMWV,318.1,T,10.9,N,A*08
2026-06-18T07:20:10.000Z $IIRPM,E,1,2174,,A*56
2026-06-18T07:20:20.000Z $GPRMC,072020.00,A,5318.3358,N,00503.6336,E,4.5,304.0,180626,,,A*50
2026-06-18T07:20:20.000Z $IIHDG,301.8,,,,*43
2026-06-18T07:20:20.000Z $IIMWV,312.1,T,8.8,N,A*3A
2026-06-18T07:20:20.000Z $IIRPM,E,1,2176,,A*54
2026-06-18T07:20:30.000Z $GPRMC,072030.00,A,5318.3209,N,00503.6327,E,4.4,303.5,180626,,,A*57
2026-06-18T07:20:30.000Z $GPGGA,072030.00,5318.3209,N,00503.6327,E,1,10,0.9,0.0,M,0.0,M,,*53
2026-06-18T07:20:30.000Z $IIHDG,302.2,,,,*4A
2026-06-18T07:20:30.000Z $IIMWV,315.7,T,10.6,N,A*0C
2026-06-18T07:20:30.000Z $IIDBT,61.0,f,18.6,M,10.2,F*2A
2026-06-18T07:20:30.000Z $IIRPM,E,1,2115,,A*51
2026-06-18T07:20:30.000Z $GPVTG,303.5,T,,M,4.4,N,8.1,K,A*01
2026-06-18T07:20:40.000Z $GPRMC,072040.00,A,5318.3359,N,00503.6308,E,3.9,305.2,180626,,,A*52
2026-06-18T07:20:40.000Z $IIHDG,304.7,,,,*49
2026-06-18T07:20:40.000Z $IIMWV,310.2,T,11.0,N,A*0B
2026-06-18T07:20:40.000Z $IIRPM,E,1,2287,,A*59
2026-06-18T07:20:50.000Z $GPRMC,072050.00,A,5318.3280,N,00503.6129,E,4.4,304.0,180626,,,A*5E
2026-06-18T07:20:50.000Z $IIHDG,303.4,,,,*4D
2026-06-18T07:20:50.000Z $IIMWV,310.2,T,11.4,N,A*0F
2026-06-18T07:20:50.000Z $IIRPM,E,1,2147,,A*56
2026-06-18T07:21:00.000Z $GPRMC,072100.00,A,5318.3545,N,00503.6069,E,4.5,304.3,180626,,,A*53
2026-06-18T07:21:00.000Z $GPGGA,072100.00,5318.3545,N,00503.6069,E,1,11,0.9,0.0,M,0.0,M,,*56
2026-06-18T07:21:00.000Z $IIHDG,306.1,,,,*4D
2026-06-18T07:21:00.000Z $IIMWV,313.0,T,10.3,N,A*08
2026-06-18T07:21:00.000Z $IIDBT,68.2,f,20.8,M,11.4,F*23
2026-06-18T07:21:00.000Z $IIRPM,E,1,2130,,A*56
2026-06-18T07:21:00.000Z $IIXDR,V,13.91,V,BATT*69
2026-06-18T07:21:00.000Z $GPVTG,304.3,T,,M,4.5,N,8.4,K,A*04
2026-06-18T07:21:10.000Z $GPRMC,072110.00,A,5318.3578,N,00503.5710,E,4.5,304.9,180626,,,A*5C
2026-06-18T07:21:10.000Z $IIHDG,303.3,,,,*4A
2026-06-18T07:21:10.000Z $IIMWV,317.6,T,11.5,N,A*0D
2026-06-18T07:21:10.000Z $IIRPM,E,1,2196,,A*5A
2026-06-18T07:21:20.000Z $GPRMC,072120.00,A,5318.3424,N,00503.6039,E,4.2,305.3,180626,,,A*54
2026-06-18T07:21:20.000Z $IIHDG,305.3,,,,*4C
2026-06-18T07:21:20.000Z $IIMWV,310.3,T,8.7,N,A*35
2026-06-18T07:21:20.000Z $IIRPM,E,1,2242,,A*50
2026-06-18T07:21:30.000Z $GPRMC,072130.00,A,5318.3744,N,00503.5764,E,4.4,303.1,180626,,,A*5E
2026-06-18T07:21:30.000Z $GPGGA,072130.00,5318.3744,N,00503.5764,E,1,12,0.9,0.0,M,0.0,M,,*5C
2026-06-18T07:21:30.000Z $IIHDG,305.8,,,,*47
2026-06-18T07:21:30.000Z $IIMWV,315.1,T,10.5,N,A*09
2026-06-18T07:21:30.000Z $IIDBT,60.9,f,18.6,M,10.2,F*22
2026-06-18T07:21:30.000Z $IIRPM,E,1,2143,,A*52
2026-06-18T07:21:30.000Z $GPVTG,303.1,T,,M,4.4,N,8.1,K,A*05
2026-06-18T07:21:40.000Z $GPRMC,072140.00,A,5318.3957,N,00503.5675,E,4.6,304.1,180626,,,A*51
2026-06-18T07:21:40.000Z $IIHDG,305.8,,,,*47
2026-06-18T07:21:40.000Z $IIMWV,315.9,T,10.4,N,A*00
2026-06-18T07:21:40.000Z $IIRPM,E,1,2193,,A*5F
2026-06-18T07:21:50.000Z $GPRMC,072150.00,A,5318.3909,N,00503.5181,E,4.2,302.9,180626,,,A*5D
2026-06-18T07:21:50.000Z $IIHDG,302.7,,,,*4F
2026-06-18T07:21:50.000Z $IIMWV,313.8,T,11.2,N,A*00
2026-06-18T07:21:50.000Z $IIRPM,E,1,2284,,A*5A
2026-06-18T07:22:00.000Z $GPRMC,072200.00,A,5318.4032,N,00503.5408,E,4.5,303.5,180626,,,A*53
2026-06-18T07:22:00.000Z $GPGGA,072200.00,5318.4032,N,00503.5408,E,1,8,0.9,0.0,M,0.0,M,,*6F
2026-06-18T07:22:00.000Z $IIHDG,304.7,,,,*49
2026-06-18T07:22:00.000Z $IIMWV,309.9,T,10.9,N,A*00
2026-06-18T07:22:00.000Z $IIDBT,67.9,f,20.7,M,11.3,F*2F
2026-06-18T07:22:00.000Z $IIRPM,E,1,2262,,A*52
2026-06-18T07:22:00.000Z $IIXDR,V,14.08,V,BATT*6E
2026-06-18T07:22:00.000Z $GPVTG,303.5,T,,M,4.5,N,8.3,K,A*02
2026-06-18T07:22:10.000Z $GPRMC,072210.00,A,5318.4100,N,00503.5452,E,4.6,303.1,180626,,,A*5A
2026-06-18T07:22:10.000Z $IIHDG,305.3,,,,*4C
2026-06-18T07:22:10.000Z $IIMWV,316.2,T,10.5,N,A*09
2026-06-18T07:22:10.000Z $IIRPM,E,1,2258,,A*5B
2026-06-18T07:22:20.000Z $GPRMC,072220.00,A,5318.3701,N,00503.5286,E,4.1,305.1,180626,,,A*57
2026-06-18T07:22:20.000Z $IIHDG,305.4,,,,*4B
2026-06-18T07:22:20.000Z $IIMWV,317.0,T,10.0,N,A*0F
2026-06-18T07:22:20.000Z $IIRPM,E,1,2159,,A*59
2026-06-18T07:22:30.000Z $GPRMC,072230.00,A,5318.4110,N,00503.5065,E,4.4,304.4,180626,,,A*59
2026-06-18T07:22:30.000Z $GPGGA,072230.00,5318.4110,N,00503.5065,E,1,8,0.9,0.0,M,0.0,M,,*62
2026-06-18T07:22:30.000Z $IIHDG,301.6,,,,*4D
2026-06-18T07:22:30.000Z $IIMWV,316.1,T,9.3,N,A*34
2026-06-18T07:22:30.000Z $IIDBT,59.5,f,18.1,M,9.9,F*10
2026-06-18T07:22:30.000Z $IIRPM,E,1,2134,,A*52
2026-06-18T07:22:30.000Z $GPVTG,304.4,T,,M,4.4,N,8.1,K,A*07
2026-06-18T07:22:40.000Z $GPRMC,072240.00,A,5318.3836,N,00503.4622,E,4.5,303.2,180626,,,A*50
2026-06-18T07:22:40.000Z $IIHDG,301.6,,,,*4D
2026-06-18T07:22:40.000Z $IIMWV,312.9,T,9.9,N,A*32
2026-06-18T07:22:40.000Z $IIRPM,E,1,2192,,A*5E
2026-06-18T07:22:50.000Z $GPRMC,072250.00,A,5318.3998,N,00503.4675,E,4.5,304.8,180626,,,A*5B
2026-06-18T07:22:50.000Z $IIHDG,306.0,,,,*4C
2026-06-18T07:22:50.000Z $IIMWV,318.6,T,9.4,N,A*3A
2026-06-18T07:22:50.000Z $IIRPM,E,1,2135,,A*53
2026-06-18T07:23:00.000Z $GPRMC,072300.00,A,5318.4050,N,00503.4805,E,4.7,303.4,180626,,,A*55
2026-06-18T07:23:00.000Z $GPGGA,072300.00,5318.4050,N,00503.4805,E,1,10,0.9,0.0,M,0.0,M,,*53
2026-06-18T07:23:00.000Z $IIHDG,303.8,,,,*41
2026-06-18T07:23:00.000Z $IIMWV,309.4,T,10.6,N,A*02
2026-06-18T07:23:00.000Z $IIDBT,65.4,f,19.9,M,10.9,F*2F
2026-06-18T07:23:00.000Z $IIRPM,E,1,2117,,A*53
2026-06-18T07:23:00.000Z $IIXDR,V,13.92,V,BATT*6A
2026-06-18T07:23:00.000Z $GPVTG,303.4,T,,M,4.7,N,8.6,K,A*04
2026-06-18T07:23:10.000Z $GPRMC,072310.00,A,5318.4226,N,00503.4270,E,3.9,304.5,180626,,,A*50
2026-06-18T07:23:10.000Z $IIHDG,302.2,,,,*4A
2026-06-18T07:23:10.000Z $IIMWV,315.4,T,9.1,N,A*30
2026-06-18T07:23:10.000Z $IIRPM,E,1,2135,,A*53
2026-06-18T07:23:20.000Z $GPRMC,072320.00,A,5318.4186,N,00503.4283,E,4.0,303.0,180626,,,A*5A
2026-06-18T07:23:20.000Z $IIHDG,302.0,,,,*48
2026-06-18T07:23:20.000Z $IIMWV,312.7,T,11.3,N,A*0F
2026-06-18T07:23:20.000Z $IIRPM,E,1,2300,,A*57
2026-06-18T07:23:30.000Z $GPRMC,072330.00,A,5318.4526,N,00503.4269,E,4.5,303.8,180626,,,A*5C
2026-06-18T07:23:30.000Z $GPGGA,072330.00,5318.4526,N,00503.4269,E,1,12,0.9,0.0,M,0.0,M,,*56
2026-06-18T07:23:30.000Z $IIHDG,305.6,,,,*49
2026-06-18T07:23:30.000Z $IIMWV,316.9,T,8.5,N,A*3B
2026-06-18T07:23:30.000Z $IIDBT,66.2,f,20.2,M,11.0,F*23
2026-06-18T07:23:30.000Z $IIRPM,E,1,2182,,A*5F
2026-06-18T07:23:30.000Z $GPVTG,303.8,T,,M,4.5,N,8.4,K,A*08
2026-06-18T07:23:40.000Z $GPRMC,072340.00,A,5318.4202,N,00503.4090,E,4.0,303.2,180626,,,A*51
2026-06-18T07:23:40.000Z $IIHDG,305.9,,,,*46
2026-06-18T07:23:40.000Z $IIMWV,315.1,T,11.2,N,A*0F
2026-06-18T07:23:40.000Z $IIRPM,E,1,2265,,A*55
2026-06-18T07:23:50.000Z $GPRMC,072350.00,A,5318.4151,N,00503.4089,E,4.4,303.0,180626,,,A*5B
2026-06-18T07:23:50.000Z $IIHDG,304.8,,,,*46
2026-06-18T07:23:50.000Z $IIMWV,313.2,T,10.2,N,A*0B
2026-06-18T07:23:50.000Z $IIRPM,E,1,2266,,A*56
2026-06-18T07:24:00.000Z $GPRMC,072400.00,A,5318.4689,N,00503.4156,E,4.5,304.5,180626,,,A*5B
2026-06-18T07:24:00.000Z $GPGGA,072400.00,5318.4689,N,00503.4156,E,1,11,0.9,0.0,M,0.0,M,,*58
2026-06-18T07:24:00.000Z $IIHDG,301.9,,,,*42
2026-06-18T07:24:00.000Z $IIMWV,312.7,T,10.8,N,A*05
2026-06-18T07:24:00.000Z $IIDBT,66.3,f,20.2,M,11.0,F*22
2026-06-18T07:24:00.000Z $IIRPM,E,1,2196,,A*5A
2026-06-18T07:24:00.000Z $IIXDR,V,13.96,V,BATT*6E
2026-06-18T07:24:00.000Z $GPVTG,304.5,T,,M,4.5,N,8.3,K,A*05
2026-06-18T07:24:10.000Z $GPRMC,072410.00,A,5318.4272,N,00503.3753,E,4.3,304.5,180626,,,A*58
2026-06-18T07:24:10.000Z $IIHDG,303.5,,,,*4C
2026-06-18T07:24:10.000Z $IIMWV,314.7,T,11.5,N,A*0F
2026-06-18T07:24:10.000Z $IIRPM,E,1,2166,,A*55
2026-06-18T07:24:20.000Z $GPRMC,072420.00,A,5318.4436,N,00503.3850,E,4.4,303.2,180626,,,A*56
2026-06-18T07:24:20.000Z $IIHDG,303.9,,,,*40
2026-06-18T07:24:20.000Z $IIMWV,310.1,T,9.2,N,A*33
2026-06-18T07:24:20.000Z $IIRPM,E,1,2199,,A*55
2026-06-18T07:24:30.000Z $GPRMC,072430.00,A,5318.4257,N,00503.3488,E,4.5,302.3,180626,,,A*5E
2026-06-18T07:24:30.000Z $GPGGA,072430.00,5318.4257,N,00503.3488,E,1,12,0.9,0.0,M,0.0,M,,*5E
2026-06-18T07:24:30.000Z $IIHDG,303.1,,,,*48
2026-06-18T07:24:30.000Z $IIMWV,317.2,T,8.6,N,A*32
2026-06-18T07:24:30.000Z $IIDBT,66.0,f,20.1,M,11.0,F*22
2026-06-18T07:24:30.000Z $IIRPM,E,1,2133,,A*55
2026-06-18T07:24:30.000Z $GPVTG,302.3,T,,M,4.5,N,8.3,K,A*05
2026-06-18T07:24:40.000Z $GPRMC,072440.00,A,5318.4457,N,00503.3624,E,4.3,304.1,180626,,,A*59
2026-06-18T07:24:40.000Z $IIHDG,302.3,,,,*4B
2026-06-18T07:24:40.000Z $IIMWV,314.4,T,9.3,N,A*33
2026-06-18T07:24:40.000Z $IIRPM,E,1,2237,,A*52
2026-06-18T07:24:50.000Z $GPRMC,072450.00,A,5318.4670,N,00503.3347,E,4.2,304.4,180626,,,A*5B
2026-06-18T07:24:50.000Z $IIHDG,304.3,,,,*4D
2026-06-18T07:24:50.000Z $IIMWV,315.2,T,10.3,N,A*0C
2026-06-18T07:24:50.000Z $IIRPM,E,1,2279,,A*58
2026-06-18T07:25:00.000Z $GPRMC,072500.00,A,5318.4810,N,00503.3291,E,4.6,305.1,180626,,,A*5D
2026-06-18T07:25:00.000Z $GPGGA,072500.00,5318.4810,N,00503.3291,E,1,9,0.9,0.0,M,0.0,M,,*61
2026-06-18T07:25:00.000Z $IIHDG,304.7,,,,*49
2026-06-18T07:25:00.000Z $IIMWV,310.7,T,10.5,N,A*0A
2026-06-18T07:25:00.000Z $IIDBT,66.9,f,20.4,M,11.1,F*2F
2026-06-18T07:25:00.000Z $IIRPM,E,1,2258,,A*5B
2026-06-18T07:25:00.000Z $IIXDR,V,14.01,V,BATT*67
2026-06-18T07:25:00.000Z $IIMTA,16.0,C*02
2026-06-18T07:25:00.000Z $GPVTG,305.1,T,,M,4.6,N,8.6,K,A*06
2026-06-18T07:25:10.000Z $GPRMC,072510.00,A,5318.4636,N,00503.3093,E,4.7,304.9,180626,,,A*5E
2026-06-18T07:25:10.000Z $IIHDG,303.3,,,,*4A
2026-06-18T07:25:10.000Z $IIMWV,311.2,T,9.4,N,A*37
2026-06-18T07:25:10.000Z $IIRPM,E,1,2134,,A*52
2026-06-18T07:25:20.000Z $GPRMC,072520.00,A,5318.4548,N,00503.3301,E,4.2,302.8,180626,,,A*5D
2026-06-18T07:25:20.000Z $IIHDG,305.4,,,,*4B
2026-06-18T07:25:20.000Z $IIMWV,312.4,T,9.9,N,A*3F
2026-06-18T07:25:20.000Z $IIRPM,E,1,2233,,A*56
2026-06-18T07:25:30.000Z $GPRMC,072530.00,A,5318.4709,N,00503.3010,E,4.4,302.8,180626,,,A*5E
2026-06-18T07:25:30.000Z $GPGGA,072530.00,5318.4709,N,00503.3010,E,1,12,0.9,0.0,M,0.0,M,,*54
2026-06-18T07:25:30.000Z $IIHDG,305.7,,,,*48
2026-06-18T07:25:30.000Z $IIMWV,314.3,T,10.2,N,A*0D
2026-06-18T07:25:30.000Z $IIDBT,68.8,f,21.0,M,11.5,F*21
2026-06-18T07:25:30.000Z $IIRPM,E,1,2217,,A*50
2026-06-18T07:25:30.000Z $GPVTG,302.8,T,,M,4.4,N,8.2,K,A*0E
2026-06-18T07:25:40.000Z $GPRMC,072540.00,A,5318.5072,N,00503.3113,E,4.6,305.0,180626,,,A*5C
2026-06-18T07:25:40.000Z $IIHDG,305.4,,,,*4B
2026-06-18T07:25:40.000Z $IIMWV,313.9,T,9.8,N,A*32
2026-06-18T07:25:40.000Z $IIRPM,E,1,2160,,A*53
2026-06-18T07:25:50.000Z $GPRMC,072550.00,A,5318.5148,N,00503.2584,E,4.3,305.2,180626,,,A*59
2026-06-18T07:25:50.000Z $IIHDG,301.5,,,,*4E
2026-06-18T07:25:50.000Z $IIMWV,314.6,T,8.7,N,A*34
2026-06-18T07:25:50.000Z $IIRPM,E,1,2155,,A*55
2026-06-18T07:26:00.000Z $GPRMC,072600.00,A,5318.4733,N,00503.2572,E,4.2,304.9,180626,,,A*56
2026-06-18T07:26:00.000Z $GPGGA,072600.00,5318.4733,N,00503.2572,E,1,11,0.9,0.0,M,0.0,M,,*5E
2026-06-18T07:26:00.000Z $IIHDG,303.9,,,,*40
2026-06-18T07:26:00.000Z $IIMWV,310.2,T,10.5,N,A*0F
2026-06-18T07:26:00.000Z $IIDBT,69.4,f,21.2,M,11.6,F*2D
2026-06-18T07:26:00.000Z $IIRPM,E,1,2118,,A*5C
2026-06-18T07:26:00.000Z $IIXDR,V,14.07,V,BATT*61
2026-06-18T07:26:00.000Z $GPVTG,304.9,T,,M,4.2,N,7.7,K,A*05
2026-06-18T07:26:10.000Z $GPRMC,072610.00,A,5318.4711,N,00503.2452,E,4.1,303.1,180626,,,A*58
2026-06-18T07:26:10.000Z $IIHDG,303.5,,,,*4C
2026-06-18T07:26:10.000Z $IIMWV,313.3,T,11.5,N,A*0C
2026-06-18T07:26:10.000Z $IIRPM,E,1,2108,,A*5D
2026-06-18T07:26:20.000Z $GPRMC,072620.00,A,5318.4939,N,00503.2223,E,4.7,302.6,180626,,,A*5F
2026-06-18T07:26:20.000Z $IIHDG,301.6,,,,*4D
2026-06-18T07:26:20.000Z $IIMWV,311.2,T,11.0,N,A*0A
2026-06-18T07:26:20.000Z $IIRPM,E,1,2287,,A*59
2026-06-18T07:26:30.000Z $GPRMC,072630.00,A,5318.4785,N,00503.2068,E,4.6,304.4,180626,,,A*5F
2026-06-18T07:26:30.000Z $GPGGA,072630.00,5318.4785,N,00503.2068,E,1,8,0.9,0.0,M,0.0,M,,*66
2026-06-18T07:26:30.000Z $IIHDG,301.5,,,,*4E
2026-06-18T07:26:30.000Z $IIMWV,315.8,T,9.1,N,A*3C
2026-06-18T07:26:30.000Z $IIDBT,68.0,f,20.7,M,11.3,F*29
2026-06-18T07:26:30.000Z $IIRPM,E,1,2243,,A*51
2026-06-18T07:26:30.000Z $GPVTG,304.4,T,,M,4.6,N,8.5,K,A*01
2026-06-18T07:26:40.000Z $GPRMC,072640.00,A,5318.5388,N,00503.2281,E,4.4,303.5,180626,,,A*51
2026-06-18T07:26:40.000Z $IIHDG,303.1,,,,*48
2026-06-18T07:26:40.000Z $IIMWV,318.1,T,10.7,N,A*06
2026-06-18T07:26:40.000Z $IIRPM,E,1,2279,,A*58
2026-06-18T07:26:50.000Z $GPRMC,072650.00,A,5318.4905,N,00503.2070,E,4.5,302.6,180626,,,A*51
2026-06-18T07:26:50.000Z $IIHDG,302.9,,,,*41
2026-06-18T07:26:50.000Z $IIMWV,309.9,T,10.7,N,A*0E
2026-06-18T07:26:50.000Z $IIRPM,E,1,2116,,A*52
2026-06-18T07:27:00.000Z $GPRMC,072700.00,A,5318.5197,N,00503.2183,E,4.2,304.8,180626,,,A*55
2026-06-18T07:27:00.000Z $GPGGA,072700.00,5318.5197,N,00503.2183,E,1,12,0.9,0.0,M,0.0,M,,*5F
2026-06-18T07:27:00.000Z $IIHDG,302.3,,,,*4B
2026-06-18T07:27:00.000Z $IIMWV,313.2,T,10.8,N,A*01
2026-06-18T07:27:00.000Z $IIDBT,65.1,f,19.9,M,10.9,F*2A
2026-06-18T07:27:00.000Z $IIRPM,E,1,2121,,A*56
2026-06-18T07:27:00.000Z $IIXDR,V,13.96,V,BATT*6E
2026-06-18T07:27:00.000Z $GPVTG,304.8,T,,M,4.2,N,7.8,K,A*0B
2026-06-18T07:27:10.000Z $GPRMC,072710.00,A,5318.4950,N,00503.1767,E,4.5,303.9,180626,,,A*58
2026-06-18T07:27:10.000Z $IIHDG,301.8,,,,*43
2026-06-18T07:27:10.000Z $IIMWV,318.3,T,9.7,N,A*3C
2026-06-18T07:27:10.000Z $IIRPM,E,1,2198,,A*54
2026-06-18T07:27:20.000Z $GPRMC,072720.00,A,5318.5280,N,00503.1914,E,4.0,303.0,180626,,,A*5A
2026-06-18T07:27:20.000Z $IIHDG,303.3,,,,*4A
2026-06-18T07:27:20.000Z $IIMWV,309.6,T,11.0,N,A*07
2026-06-18T07:27:20.000Z $IIRPM,E,1,2279,,A*58
2026-06-18T07:27:30.000Z $GPRMC,072730.00,A,5318.5535,N,00503.1876,E,4.6,305.2,180626,,,A*55
2026-06-18T07:27:30.000Z $GPGGA,072730.00,5318.5535,N,00503.1876,E,1,9,0.9,0.0,M,0.0,M,,*6A
2026-06-18T07:27:30.000Z $IIHDG,304.5,,,,*4B
2026-06-18T07:27:30.000Z $IIMWV,316.0,T,10.7,N,A*09
2026-06-18T07:27:30.000Z $IIDBT,63.7,f,19.4,M,10.6,F*28
2026-06-18T07:27:30.000Z $IIRPM,E,1,2181,,A*5C
2026-06-18T07:27:30.000Z $GPVTG,305.2,T,,M,4.6,N,8.6,K,A*05
2026-06-18T07:27:40.000Z $GPRMC,072740.00,A,5318.5107,N,00503.1755,E,4.4,303.1,180626,,,A*5E
2026-06-18T07:27:40.000Z $IIHDG,301.9,,,,*42
2026-06-18T07:27:40.000Z $IIMWV,312.5,T,9.0,N,A*37
2026-06-18T07:27:40.000Z $IIRPM,E,1,2254,,A*57
2026-06-18T07:27:50.000Z $GPRMC,072750.00,A,5318.5464,N,00503.1411,E,4.3,303.7,180626,,,A*5D
2026-06-18T07:27:50.000Z $IIHDG,305.1,,,,*4E
2026-06-18T07:27:50.000Z $IIMWV,317.6,T,10.9,N,A*00
2026-06-18T07:27:50.000Z $IIRPM,E,1,2188,,A*55
2026-06-18T07:28:00.000Z $GPRMC,072800.00,A,5318.5483,N,00503.1436,E,4.4,304.6,180626,,,A*5A
2026-06-18T07:28:00.000Z $GPGGA,072800.00,5318.5483,N,00503.1436,E,1,11,0.9,0.0,M,0.0,M,,*5B
2026-06-18T07:28:00.000Z $IIHDG,302.7,,,,*4F
2026-06-18T07:28:00.000Z $IIMWV,310.0,T,9.5,N,A*35
2026-06-18T07:28:00.000Z $IIDBT,64.0,f,19.5,M,10.7,F*28
2026-06-18T07:28:00.000Z $IIRPM,E,1,2292,,A*5D
2026-06-18T07:28:00.000Z $IIXDR,V,13.83,V,BATT*6A
2026-06-18T07:28:00.000Z $GPVTG,304.6,T,,M,4.4,N,8.1,K,A*05
2026-06-18T07:28:10.000Z $GPRMC,072810.00,A,5318.5251,N,00503.1001,E,3.9,304.1,180626,,,A*5F
2026-06-18T07:28:10.000Z $IIHDG,304.5,,,,*4B
2026-06-18T07:28:10.000Z $IIMWV,310.7,T,11.0,N,A*0E
2026-06-18T07:28:10.000Z $IIRPM,E,1,2283,,A*5D
2026-06-18T07:28:20.000Z $GPRMC,072820.00,A,5318.5784,N,00503.1338,E,3.9,303.9,180626,,,A*57
2026-06-18T07:28:20.000Z $IIHDG,302.8,,,,*40
2026-06-18T07:28:20.000Z $IIMWV,318.3,T,8.7,N,A*3D
2026-06-18T07:28:20.000Z $IIRPM,E,1,2243,,A*51
2026-06-18T07:28:30.000Z $GPRMC,072830.00,A,5318.5494,N,00503.0890,E,3.9,302.4,180626,,,A*50
2026-06-18T07:28:30.000Z $GPGGA,072830.00,5318.5494,N,00503.0890,E,1,10,0.9,0.0,M,0.0,M,,*5E
2026-06-18T07:28:30.000Z $IIHDG,305.3,,,,*4C
2026-06-18T07:28:30.000Z $IIMWV,312.8,T,10.8,N,A*0A
2026-06-18T07:28:30.000Z $IIDBT,69.1,f,21.0,M,11.5,F*29
2026-06-18T07:28:30.000Z $IIRPM,E,1,2165,,A*56
2026-06-18T07:28:30.000Z $GPVTG,302.4,T,,M,3.9,N,7.3,K,A*06
2026-06-18T07:28:40.000Z $GPRMC,072840.00,A,5318.5831,N,00503.0669,E,4.0,302.5,180626,,,A*53
2026-06-18T07:28:40.000Z $IIHDG,301.7,,,,*4C
2026-06-18T07:28:40.000Z $IIMWV,314.2,T,11.4,N,A*0B
2026-06-18T07:28:40.000Z $IIRPM,E,1,2111,,A*55
2026-06-18T07:28:50.000Z $GPRMC,072850.00,A,5318.5578,N,00503.1009,E,4.5,303.1,180626,,,A*53
2026-06-18T07:28:50.000Z $IIHDG,304.6,,,,*48
2026-06-18T07:28:50.000Z $IIMWV,316.1,T,8.9,N,A*3F
2026-06-18T07:28:50.000Z $IIRPM,E,1,2109,,A*5C
2026-06-18T07:29:00.000Z $GPRMC,072900.00,A,5318.5512,N,00503.0895,E,4.3,303.6,180626,,,A*56
2026-06-18T07:29:00.000Z $GPGGA,072900.00,5318.5512,N,00503.0895,E,1,10,0.9,0.0,M,0.0,M,,*56
2026-06-18T07:29:00.000Z $IIHDG,306.1,,,,*4D
2026-06-18T07:29:00.000Z $IIMWV,315.4,T,8.9,N,A*39
2026-06-18T07:29:00.000Z $IIDBT,69.8,f,21.3,M,11.6,F*20
2026-06-18T07:29:00.000Z $IIRPM,E,1,2277,,A*56
2026-06-18T07:29:00.000Z $IIXDR,V,13.82,V,BATT*6B
2026-06-18T07:29:00.000Z $GPVTG,303.6,T,,M,4.3,N,8.0,K,A*04
2026-06-18T07:29:10.000Z $GPRMC,072910.00,A,5318.5492,N,00503.0710,E,4.1,304.4,180626,,,A*5B
2026-06-18T07:29:10.000Z $IIHDG,306.2,,,,*4E
2026-06-18T07:29:10.000Z $IIMWV,316.8,T,11.3,N,A*04
2026-06-18T07:29:10.000Z $IIRPM,E,1,2137,,A*51
2026-06-18T07:29:20.000Z $GPRMC,072920.00,A,5318.6105,N,00503.0707,E,3.9,303.4,180626,,,A*5E
2026-06-18T07:29:20.000Z $IIHDG,304.1,,,,*4F
2026-06-18T07:29:20.000Z $IIMWV,311.8,T,9.6,N,A*3F
2026-06-18T07:29:20.000Z $IIRPM,E,1,2285,,A*5B
2026-06-18T07:29:30.000Z $GPRMC,072930.00,A,5318.5707,N,00503.0378,E,4.4,303.8,180626,,,A*52
2026-06-18T07:29:30.000Z $GPGGA,072930.00,5318.5707,N,00503.0378,E,1,8,0.9,0.0,M,0.0,M,,*62
2026-06-18T07:29:30.000Z $IIHDG,303.9,,,,*40
2026-06-18T07:29:30.000Z $IIMWV,318.2,T,11.3,N,A*00
2026-06-18T07:29:30.000Z $IIDBT,67.0,f,20.4,M,11.2,F*24
2026-06-18T07:29:30.000Z $IIRPM,E,1,2136,,A*50
2026-06-18T07:29:30.000Z $GPVTG,303.8,T,,M,4.4,N,8.1,K,A*0C
2026-06-18T07:29:40.000Z $GPRMC,072940.00,A,5318.5787,N,00502.9992,E,4.5,305.2,180626,,,A*56
2026-06-18T07:29:40.000Z $IIHDG,305.0,,,,*4F
2026-06-18T07:29:40.000Z $IIMWV,311.5,T,11.3,N,A*0E
2026-06-18T07:29:40.000Z $IIRPM,E,1,2198,,A*54
2026-06-18T07:29:50.000Z $GPRMC,072950.00,A,5318.5706,N,00503.0334,E,4.6,303.5,180626,,,A*52
2026-06-18T07:29:50.000Z $IIHDG,305.6,,,,*49
2026-06-18T07:29:50.000Z $IIMWV,309.3,T,11.2,N,A*00
2026-06-18T07:29:50.000Z $IIRPM,E,1,2129,,A*5E
2026-06-18T07:30:00.000Z $GPRMC,073000.00,A,5318.6025,N,00503.0110,E,4.0,302.6,180626,,,A*5A
2026-06-18T07:30:00.000Z $GPGGA,073000.00,5318.6025,N,00503.0110,E,1,12,0.9,0.0,M,0.0,M,,*5A
2026-06-18T07:30:00.000Z $IIHDG,304.2,,,,*4C
2026-06-18T07:30:00.000Z $IIMWV,318.1,T,9.9,N,A*30
2026-06-18T07:30:00.000Z $IIDBT,70.3,f,21.4,M,11.7,F*25
2026-06-18T07:30:00.000Z $IIRPM,E,1,2172,,A*50
2026-06-18T07:30:00.000Z $IIXDR,V,14.04,V,BATT*62
2026-06-18T07:30:00.000Z $IIMTA,16.0,C*02
2026-06-18T07:30:00.000Z $GPVTG,302.6,T,,M,4.0,N,7.5,K,A*0C
2026-06-18T07:30:10.000Z $GPRMC,073010.00,A,5318.5707,N,00502.9646,E,8.0,236.6,180626,,,A*59
2026-06-18T07:30:10.000Z $IIHDG,234.2,,,,*4E
2026-06-18T07:30:10.000Z $IIMWV,245.8,T,9.7,N,A*3E
2026-06-18T07:30:10.000Z $IIRPM,E,1,2291,,A*5E
2026-06-18T07:30:20.000Z $GPRMC,073020.00,A,5318.5660,N,00502.9246,E,8.0,236.2,180626,,,A*5A
2026-06-18T07:30:20.000Z $IIHDG,234.0,,,,*4C
2026-06-18T07:30:20.000Z $IIMWV,248.1,T,9.4,N,A*39
2026-06-18T07:30:20.000Z $IIRPM,E,1,2239,,A*5C
2026-06-18T07:30:30.000Z $GPRMC,073030.00,A,5318.5588,N,00502.9345,E,8.0,236.6,180626,,,A*58
2026-06-18T07:30:30.000Z $GPGGA,073030.00,5318.5588,N,00502.9345,E,1,8,0.9,0.0,M,0.0,M,,*69
2026-06-18T07:30:30.000Z $IIHDG,236.1,,,,*4F
2026-06-18T07:30:30.000Z $IIMWV,248.5,T,10.2,N,A*03
2026-06-18T07:30:30.000Z $IIDBT,70.5,f,21.5,M,11.8,F*2D
2026-06-18T07:30:30.000Z $IIRPM,E,1,2164,,A*57
2026-06-18T07:30:30.000Z $GPVTG,236.6,T,,M,8.0,N,14.8,K,A*39
2026-06-18T07:30:40.000Z $GPRMC,073040.00,A,5318.5498,N,00502.8747,E,8.0,237.3,180626,,,A*5C
2026-06-18T07:30:40.000Z $IIHDG,235.3,,,,*4E
2026-06-18T07:30:40.000Z $IIMWV,249.4,T,9.8,N,A*31
2026-06-18T07:30:40.000Z $IIRPM,E,1,2232,,A*57
2026-06-18T07:30:50.000Z $GPRMC,073050.00,A,5318.5619,N,00502.8476,E,8.0,236.5,180626,,,A*50
2026-06-18T07:30:50.000Z $IIHDG,235.3,,,,*4E
2026-06-18T07:30:50.000Z $IIMWV,242.0,T,10.0,N,A*0E
2026-06-18T07:30:50.000Z $IIRPM,E,1,2252,,A*51
2026-06-18T07:31:00.000Z $GPRMC,073100.00,A,5318.5415,N,00502.8555,E,8.0,236.9,180626,,,A*56
2026-06-18T07:31:00.000Z $GPGGA,073100.00,5318.5415,N,00502.8555,E,1,9,0.9,0.0,M,0.0,M,,*69
2026-06-18T07:31:00.000Z $IIHDG,237.5,,,,*4A
2026-06-18T07:31:00.000Z $IIMWV,242.7,T,9.3,N,A*32
2026-06-18T07:31:00.000Z $IIDBT,60.9,f,18.6,M,10.2,F*22
2026-06-18T07:31:00.000Z $IIRPM,E,1,2299,,A*56
2026-06-18T07:31:00.000Z $IIXDR,V,13.84,V,BATT*6D
2026-06-18T07:31:00.000Z $GPVTG,236.9,T,,M,8.0,N,14.8,K,A*36
2026-06-18T07:31:10.000Z $GPRMC,073110.00,A,5318.5105,N,00502.8260,E,8.0,237.1,180626,,,A*5B
2026-06-18T07:31:10.000Z $IIHDG,234.4,,,,*48
2026-06-18T07:31:10.000Z $IIMWV,241.4,T,10.4,N,A*0D
2026-06-18T07:31:10.000Z $IIRPM,E,1,2262,,A*52
2026-06-18T07:31:20.000Z $GPRMC,073120.00,A,5318.4909,N,00502.8141,E,8.0,236.1,180626,,,A*5C
2026-06-18T07:31:20.000Z $IIHDG,236.3,,,,*4D
2026-06-18T07:31:20.000Z $IIMWV,242.7,T,10.9,N,A*00
2026-06-18T07:31:20.000Z $IIRPM,E,1,2198,,A*54
2026-06-18T07:31:30.000Z $GPRMC,073130.00,A,5318.5140,N,00502.7887,E,8.0,237.1,180626,,,A*54
2026-06-18T07:31:30.000Z $GPGGA,073130.00,5318.5140,N,00502.7887,E,1,11,0.9,0.0,M,0.0,M,,*5B
2026-06-18T07:31:30.000Z $IIHDG,237.5,,,,*4A
2026-06-18T07:31:30.000Z $IIMWV,242.2,T,9.0,N,A*34
2026-06-18T07:31:30.000Z $IIDBT,67.6,f,20.6,M,11.3,F*21
2026-06-18T07:31:30.000Z $IIRPM,E,1,2151,,A*51
2026-06-18T07:31:30.000Z $GPVTG,237.1,T,,M,8.0,N,14.8,K,A*3F
2026-06-18T07:31:40.000Z $GPRMC,073140.00,A,5318.4791,N,00502.7790,E,8.0,235.1,180626,,,A*53
2026-06-18T07:31:40.000Z $IIHDG,233.9,,,,*42
2026-06-18T07:31:40.000Z $IIMWV,242.2,T,9.1,N,A*35
2026-06-18T07:31:40.000Z $IIRPM,E,1,2170,,A*52
2026-06-18T07:31:50.000Z $GPRMC,073150.00,A,5318.4802,N,00502.7311,E,8.0,236.4,180626,,,A*5C
2026-06-18T07:31:50.000Z $IIHDG,236.4,,,,*4A
2026-06-18T07:31:50.000Z $IIMWV,249.0,T,8.7,N,A*3B
2026-06-18T07:31:50.000Z $IIRPM,E,1,2287,,A*59
2026-06-18T07:32:00.000Z $GPRMC,073200.00,A,5318.4887,N,00502.6901,E,8.0,235.0,180626,,,A*5A
2026-06-18T07:32:00.000Z $GPGGA,073200.00,5318.4887,N,00502.6901,E,1,12,0.9,0.0,M,0.0,M,,*55
2026-06-18T07:32:00.000Z $IIHDG,236.6,,,,*48
2026-06-18T07:32:00.000Z $IIMWV,249.4,T,9.7,N,A*3E
2026-06-18T07:32:00.000Z $IIDBT,67.0,f,20.4,M,11.2,F*24
2026-06-18T07:32:00.000Z $IIRPM,E,1,2164,,A*57
2026-06-18T07:32:00.000Z $IIXDR,V,14.06,V,BATT*60
2026-06-18T07:32:00.000Z $GPVTG,235.0,T,,M,8.0,N,14.8,K,A*3C
2026-06-18T07:32:10.000Z $GPRMC,073210.00,A,5318.4861,N,00502.6628,E,8.0,235.7,180626,,,A*50
2026-06-18T07:32:10.000Z $IIHDG,234.6,,,,*4A
2026-06-18T07:32:10.000Z $IIMWV,243.8,T,9.0,N,A*3F
2026-06-18T07:32:10.000Z $IIRPM,E,1,2108,,A*5D
2026-06-18T07:32:20.000Z $GPRMC,073220.00,A,5318.4647,N,00502.6501,E,8.0,234.8,180626,,,A*5F
2026-06-18T07:32:20.000Z $IIHDG,234.9,,,,*45
2026-06-18T07:32:20.000Z $IIMWV,243.9,T,10.2,N,A*04
2026-06-18T07:32:20.000Z $IIRPM,E,1,2241,,A*53
2026-06-18T07:32:30.000Z $GPRMC,073230.00,A,5318.4713,N,00502.6457,E,8.0,237.6,180626,,,A*51
2026-06-18T07:32:30.000Z $GPGGA,073230.00,5318.4713,N,00502.6457,E,1,12,0.9,0.0,M,0.0,M,,*5A
2026-06-18T07:32:30.000Z $IIHDG,235.6,,,,*4B
2026-06-18T07:32:30.000Z $IIMWV,246.0,T,11.5,N,A*0E
2026-06-18T07:32:30.000Z $IIDBT,67.2,f,20.5,M,11.2,F*27
2026-06-18T07:32:30.000Z $IIRPM,E,1,2130,,A*56
2026-06-18T07:32:30.000Z $GPVTG,237.6,T,,M,8.0,N,14.8,K,A*38
2026-06-18T07:32:40.000Z $GPRMC,073240.00,A,5318.4521,N,00502.6113,E,8.0,237.4,180626,,,A*52
2026-06-18T07:32:40.000Z $IIHDG,238.1,,,,*41
2026-06-18T07:32:40.000Z $IIMWV,249.2,T,8.9,N,A*37
2026-06-18T07:32:40.000Z $IIRPM,E,1,2133,,A*55
2026-06-18T07:32:50.000Z $GPRMC,073250.00,A,5318.4595,N,00502.6047,E,8.0,235.8,180626,,,A*52
2026-06-18T07:32:50.000Z $IIHDG,237.5,,,,*4A
2026-06-18T07:32:50.000Z $IIMWV,245.5,T,9.6,N,A*32
2026-06-18T07:32:50.000Z $IIRPM,E,1,2111,,A*55
2026-06-18T07:33:00.000Z $GPRMC,073300.00,A,5318.4183,N,00502.5400,E,8.0,235.4,180626,,,A*5D
2026-06-18T07:33:00.000Z $GPGGA,073300.00,5318.4183,N,00502.5400,E,1,8,0.9,0.0,M,0.0,M,,*6D
2026-06-18T07:33:00.000Z $IIHDG,234.2,,,,*4E
2026-06-18T07:33:00.000Z $IIMWV,244.3,T,9.1,N,A*32
2026-06-18T07:33:00.000Z $IIDBT,61.7,f,18.8,M,10.3,F*22
2026-06-18T07:33:00.000Z $IIRPM,E,1,2217,,A*50
2026-06-18T07:33:00.000Z $IIXDR,V,14.03,V,BATT*65
2026-06-18T07:33:00.000Z $GPVTG,235.4,T,,M,8.0,N,14.8,K,A*38
2026-06-18T07:33:10.000Z $GPRMC,073310.00,A,5318.4225,N,00502.5341,E,8.0,237.4,180626,,,A*53
2026-06-18T07:33:10.000Z $IIHDG,236.9,,,,*47
2026-06-18T07:33:10.000Z $IIMWV,243.1,T,8.9,N,A*3E
2026-06-18T07:33:10.000Z $IIRPM,E,1,2243,,A*51
2026-06-18T07:33:20.000Z $GPRMC,073320.00,A,5318.4207,N,00502.4828,E,8.0,237.7,180626,,,A*56
2026-06-18T07:33:20.000Z $IIHDG,236.4,,,,*4A
2026-06-18T07:33:20.000Z $IIMWV,249.6,T,9.3,N,A*38
2026-06-18T07:33:20.000Z $IIRPM,E,1,2265,,A*55
2026-06-18T07:33:30.000Z $GPRMC,073330.00,A,5318.3804,N,00502.4561,E,8.0,235.2,180626,,,A*5E
2026-06-18T07:33:30.000Z $GPGGA,073330.00,5318.3804,N,00502.4561,E,1,11,0.9,0.0,M,0.0,M,,*50
2026-06-18T07:33:30.000Z $IIHDG,237.7,,,,*48
2026-06-18T07:33:30.000Z $IIMWV,247.0,T,11.2,N,A*08
2026-06-18T07:33:30.000Z $IIDBT,63.4,f,19.3,M,10.6,F*2C
2026-06-18T07:33:30.000Z $IIRPM,E,1,2188,,A*55
2026-06-18T07:33:30.000Z $GPVTG,235.2,T,,M,8.0,N,14.8,K,A*3E
2026-06-18T07:33:40.000Z $GPRMC,073340.00,A,5318.4036,N,00502.4333,E,8.0,236.1,180626,,,A*56
2026-06-18T07:33:40.000Z $IIHDG,234.3,,,,*4F
2026-06-18T07:33:40.000Z $IIMWV,245.8,T,8.8,N,A*30
2026-06-18T07:33:40.000Z $IIRPM,E,1,2102,,A*57
2026-06-18T07:33:50.000Z $GPRMC,073350.00,A,5318.3678,N,00502.4129,E,8.0,237.1,180626,,,A*54
2026-06-18T07:33:50.000Z $IIHDG,237.7,,,,*48
2026-06-18T07:33:50.000Z $IIMWV,249.5,T,9.8,N,A*30
2026-06-18T07:33:50.000Z $IIRPM,E,1,2272,,A*53
2026-06-18T07:34:00.000Z $GPRMC,073400.00,A,5318.3735,N,00502.3766,E,8.0,235.8,180626,,,A*5F
2026-06-18T07:34:00.000Z $GPGGA,073400.00,5318.3735,N,00502.3766,E,1,11,0.9,0.0,M,0.0,M,,*5B
2026-06-18T07:34:00.000Z $IIHDG,234.0,,,,*4C
2026-06-18T07:34:00.000Z $IIMWV,244.3,T,8.7,N,A*35
2026-06-18T07:34:00.000Z $IIDBT,69.2,f,21.1,M,11.5,F*2B
2026-06-18T07:34:00.000Z $IIRPM,E,1,2112,,A*56
2026-06-18T07:34:00.000Z $IIXDR,V,14.01,V,BATT*67
2026-06-18T07:34:00.000Z $GPVTG,235.8,T,,M,8.0,N,14.8,K,A*34
2026-06-18T07:34:10.000Z $GPRMC,073410.00,A,5318.3494,N,00502.3897,E,8.0,236.7,180626,,,A*5B
2026-06-18T07:34:10.000Z $IIHDG,236.9,,,,*47
2026-06-18T07:34:10.000Z $IIMWV,250.4,T,10.4,N,A*0D
2026-06-18T07:34:10.000Z $IIRPM,E,1,2273,,A*52
2026-06-18T07:34:20.000Z $GPRMC,073420.00,A,5318.3497,N,00502.3201,E,8.0,236.0,180626,,,A*59
2026-06-18T07:34:20.000Z $IIHDG,235.3,,,,*4E
2026-06-18T07:34:20.000Z $IIMWV,246.4,T,9.2,N,A*34
2026-06-18T07:34:20.000Z $IIRPM,E,1,2245,,A*57
2026-06-18T07:34:30.000Z $GPRMC,073430.00,A,5318.3082,N,00502.3127,E,8.0,237.2,180626,,,A*5C
2026-06-18T07:34:30.000Z $GPGGA,073430.00,5318.3082,N,00502.3127,E,1,10,0.9,0.0,M,0.0,M,,*51
2026-06-18T07:34:30.000Z $IIHDG,238.4,,,,*44
2026-06-18T07:34:30.000Z $IIMWV,245.9,T,11.2,N,A*03
2026-06-18T07:34:30.000Z $IIDBT,65.2,f,19.9,M,10.9,F*29
2026-06-18T07:34:30.000Z $IIRPM,E,1,2290,,A*5F
2026-06-18T07:34:30.000Z $GPVTG,237.2,T,,M,8.0,N,14.8,K,A*3C
2026-06-18T07:34:40.000Z $GPRMC,073440.00,A,5318.3282,N,00502.3264,E,8.0,235.2,180626,,,A*5F
2026-06-18T07:34:40.000Z $IIHDG,237.1,,,,*4E
2026-06-18T07:34:40.000Z $IIMWV,250.2,T,10.1,N,A*0E
2026-06-18T07:34:40.000Z $IIRPM,E,1,2216,,A*51
2026-06-18T07:34:50.000Z $GPRMC,073450.00,A,5318.3220,N,00502.2848,E,8.0,235.7,180626,,,A*56
2026-06-18T07:34:50.000Z $IIHDG,233.8,,,,*43
2026-06-18T07:34:50.000Z $IIMWV,247.6,T,10.3,N,A*0E
2026-06-18T07:34:50.000Z $IIRPM,E,1,2285,,A*5B
2026-06-18T07:35:00.000Z $GPRMC,073500.00,A,5318.2814,N,00502.2429,E,8.0,236.4,180626,,,A*55
2026-06-18T07:35:00.000Z $GPGGA,073500.00,5318.2814,N,00502.2429,E,1,11,0.9,0.0,M,0.0,M,,*5E
2026-06-18T07:35:00.000Z $IIHDG,237.8,,,,*47
2026-06-18T07:35:00.000Z $IIMWV,242.3,T,9.4,N,A*31
2026-06-18T07:35:00.000Z $IIDBT,68.9,f,21.0,M,11.5,F*20
2026-06-18T07:35:00.000Z $IIRPM,E,1,2230,,A*55
2026-06-18T07:35:00.000Z $IIXDR,V,13.96,V,BATT*6E
2026-06-18T07:35:00.000Z $IIMTA,16.3,C*01
2026-06-18T07:35:00.000Z $GPVTG,236.4,T,,M,8.0,N,14.8,K,A*3B
2026-06-18T07:35:10.000Z $GPRMC,073510.00,A,5318.2645,N,00502.2193,E,8.0,236.2,180626,,,A*5C
2026-06-18T07:35:10.000Z $IIHDG,234.9,,,,*45
2026-06-18T07:35:10.000Z $IIMWV,242.6,T,10.0,N,A*08
2026-06-18T07:35:10.000Z $IIRPM,E,1,2249,,A*5B
2026-06-18T07:35:20.000Z $GPRMC,073520.00,A,5318.2796,N,00502.2033,E,8.0,235.3,180626,,,A*59
2026-06-18T07:35:20.000Z $IIHDG,234.5,,,,*49
2026-06-18T07:35:20.000Z $IIMWV,250.8,T,10.1,N,A*04
2026-06-18T07:35:20.000Z $IIRPM,E,1,2148,,A*59
2026-06-18T07:35:30.000Z $GPRMC,073530.00,A,5318.2724,N,00502.1917,E,8.0,237.3,180626,,,A*5F
2026-06-18T07:35:30.000Z $GPGGA,073530.00,5318.2724,N,00502.1917,E,1,11,0.9,0.0,M,0.0,M,,*52
2026-06-18T07:35:30.000Z $IIHDG,234.2,,,,*4E
2026-06-18T07:35:30.000Z $IIMWV,242.7,T,10.9,N,A*00
2026-06-18T07:35:30.000Z $IIDBT,68.7,f,20.9,M,11.4,F*27
2026-06-18T07:35:30.000Z $IIRPM,E,1,2228,,A*5C
2026-06-18T07:35:30.000Z $GPVTG,237.3,T,,M,8.0,N,14.8,K,A*3D
2026-06-18T07:35:40.000Z $GPRMC,073540.00,A,5318.2564,N,00502.1425,E,8.0,236.5,180626,,,A*55
2026-06-18T07:35:40.000Z $IIHDG,238.2,,,,*42
2026-06-18T07:35:40.000Z $IIMWV,242.6,T,9.2,N,A*32
2026-06-18T07:35:40.000Z $IIRPM,E,1,2269,,A*59
2026-06-18T07:35:50.000Z $GPRMC,073550.00,A,5318.2309,N,00502.1342,E,8.0,236.5,180626,,,A*5F
2026-06-18T07:35:50.000Z $IIHDG,237.9,,,,*46
2026-06-18T07:35:50.000Z $IIMWV,249.6,T,9.9,N,A*32
2026-06-18T07:35:50.000Z $IIRPM,E,1,2115,,A*51
2026-06-18T07:36:00.000Z $GPRMC,073600.00,A,5318.2254,N,00502.0899,E,8.0,235.5,180626,,,A*5F
2026-06-18T07:36:00.000Z $GPGGA,073600.00,5318.2254,N,00502.0899,E,1,12,0.9,0.0,M,0.0,M,,*55
2026-06-18T07:36:00.000Z $IIHDG,237.1,,,,*4E
2026-06-18T07:36:00.000Z $IIMWV,250.5,T,10.4,N,A*0C
2026-06-18T07:36:00.000Z $IIDBT,70.3,f,21.4,M,11.7,F*25
2026-06-18T07:36:00.000Z $IIRPM,E,1,2209,,A*5F
2026-06-18T07:36:00.000Z $IIXDR,V,14.06,V,BATT*60
2026-06-18T07:36:00.000Z $GPVTG,235.5,T,,M,8.0,N,14.8,K,A*39
2026-06-18T07:36:10.000Z $GPRMC,073610.00,A,5318.2553,N,00502.0583,E,8.0,237.3,180626,,,A*5C
2026-06-18T07:36:10.000Z $IIHDG,236.0,,,,*4E
2026-06-18T07:36:10.000Z $IIMWV,246.2,T,8.9,N,A*38
2026-06-18T07:36:10.000Z $IIRPM,E,1,2117,,A*53
2026-06-18T07:36:20.000Z $GPRMC,073620.00,A,5318.2405,N,00502.0549,E,8.0,235.0,180626,,,A*5A
2026-06-18T07:36:20.000Z $IIHDG,236.7,,,,*49
2026-06-18T07:36:20.000Z $IIMWV,247.8,T,10.2,N,A*01
2026-06-18T07:36:20.000Z $IIRPM,E,1,2297,,A*58
2026-06-18T07:36:30.000Z $GPRMC,073630.00,A,5318.1851,N,00502.0236,E,8.0,236.8,180626,,,A*51
2026-06-18T07:36:30.000Z $GPGGA,073630.00,5318.1851,N,00502.0236,E,1,8,0.9,0.0,M,0.0,M,,*6E
2026-06-18T07:36:30.000Z $IIHDG,235.4,,,,*49
2026-06-18T07:36:30.000Z $IIMWV,249.5,T,11.2,N,A*03
2026-06-18T07:36:30.000Z $IIDBT,70.1,f,21.4,M,11.7,F*27
2026-06-18T07:36:30.000Z $IIRPM,E,1,2176,,A*54
2026-06-18T07:36:30.000Z $GPVTG,236.8,T,,M,8.0,N,14.8,K,A*37
2026-06-18T07:36:40.000Z $GPRMC,073640.00,A,5318.2275,N,00501.9975,E,8.0,235.6,180626,,,A*52
2026-06-18T07:36:40.000Z $IIHDG,235.9,,,,*44
2026-06-18T07:36:40.000Z $IIMWV,245.1,T,11.1,N,A*08
2026-06-18T07:36:40.000Z $IIRPM,E,1,2141,,A*50
2026-06-18T07:36:50.000Z $GPRMC,073650.00,A,5318.1759,N,00501.9769,E,8.0,236.1,180626,,,A*5C
2026-06-18T07:36:50.000Z $IIHDG,237.1,,,,*4E
2026-06-18T07:36:50.000Z $IIMWV,247.8,T,10.8,N,A*0B
2026-06-18T07:36:50.000Z $IIRPM,E,1,2248,,A*5A
2026-06-18T07:37:00.000Z $GPRMC,073700.00,A,5318.1928,N,00501.9291,E,8.0,237.0,180626,,,A*52
2026-06-18T07:37:00.000Z $GPGGA,073700.00,5318.1928,N,00501.9291,E,1,9,0.9,0.0,M,0.0,M,,*65
2026-06-18T07:37:00.000Z $IIHDG,237.7,,,,*48
2026-06-18T07:37:00.000Z $IIMWV,243.6,T,11.0,N,A*08
2026-06-18T07:37:00.000Z $IIDBT,70.6,f,21.5,M,11.8,F*2E
2026-06-18T07:37:00.000Z $IIRPM,E,1,2114,,A*50
2026-06-18T07:37:00.000Z $IIXDR,V,13.98,V,BATT*60
2026-06-18T07:37:00.000Z $GPVTG,237.0,T,,M,8.0,N,14.8,K,A*3E
2026-06-18T07:37:10.000Z $GPRMC,073710.00,A,5318.1867,N,00501.9213,E,8.0,237.6,180626,,,A*55
2026-06-18T07:37:10.000Z $IIHDG,237.4,,,,*4B
2026-06-18T07:37:10.000Z $IIMWV,250.1,T,11.2,N,A*0F
2026-06-18T07:37:10.000Z $IIRPM,E,1,2107,,A*52
2026-06-18T07:37:20.000Z $GPRMC,073720.00,A,5318.1685,N,00501.8937,E,8.0,236.0,180626,,,A*5F
2026-06-18T07:37:20.000Z $IIHDG,234.8,,,,*44
2026-06-18T07:37:20.000Z $IIMWV,243.6,T,9.6,N,A*37
2026-06-18T07:37:20.000Z $IIRPM,E,1,2254,,A*57
2026-06-18T07:37:30.000Z $GPRMC,073730.00,A,5318.1489,N,00501.8588,E,8.0,234.9,180626,,,A*53
2026-06-18T07:37:30.000Z $GPGGA,073730.00,5318.1489,N,00501.8588,E,1,8,0.9,0.0,M,0.0,M,,*6F
2026-06-18T07:37:30.000Z $IIHDG,234.0,,,,*4C
2026-06-18T07:37:30.000Z $IIMWV,248.0,T,9.9,N,A*35
2026-06-18T07:37:30.000Z $IIDBT,69.5,f,21.2,M,11.6,F*2C
2026-06-18T07:37:30.000Z $IIRPM,E,1,2149,,A*58
2026-06-18T07:37:30.000Z $GPVTG,234.9,T,,M,8.0,N,14.8,K,A*34
2026-06-18T07:37:40.000Z $GPRMC,073740.00,A,5318.1456,N,00501.8470,E,8.0,235.7,180626,,,A*5F
2026-06-18T07:37:40.000Z $IIHDG,237.5,,,,*4A
2026-06-18T07:37:40.000Z $IIMWV,249.0,T,10.0,N,A*05
2026-06-18T07:37:40.000Z $IIRPM,E,1,2215,,A*52
2026-06-18T07:37:50.000Z $GPRMC,073750.00,A,5318.1149,N,00501.8485,E,8.0,235.1,180626,,,A*59
2026-06-18T07:37:50.000Z $IIHDG,238.2,,,,*42
2026-06-18T07:37:50.000Z $IIMWV,245.5,T,9.9,N,A*3D
2026-06-18T07:37:50.000Z $IIRPM,E,1,2172,,A*50
2026-06-18T07:38:00.000Z $GPRMC,073800.00,A,5318.1280,N,00501.7956,E,8.0,237.6,180626,,,A*5C
2026-06-18T07:38:00.000Z $GPGGA,073800.00,5318.1280,N,00501.7956,E,1,11,0.9,0.0,M,0.0,M,,*54
2026-06-18T07:38:00.000Z $IIHDG,234.2,,,,*4E
2026-06-18T07:38:00.000Z $IIMWV,250.0,T,10.3,N,A*0E
2026-06-18T07:38:00.000Z $IIDBT,70.7,f,21.5,M,11.8,F*2F
2026-06-18T07:38:00.000Z $IIRPM,E,1,2277,,A*56
2026-06-18T07:38:00.000Z $IIXDR,V,13.96,V,BATT*6E
2026-06-18T07:38:00.000Z $GPVTG,237.6,T,,M,8.0,N,14.8,K,A*38
2026-06-18T07:38:10.000Z $GPRMC,073810.00,A,5318.1071,N,00501.7829,E,8.0,236.5,180626,,,A*5A
2026-06-18T07:38:10.000Z $IIHDG,238.5,,,,*45
2026-06-18T07:38:10.000Z $IIMWV,241.4,T,8.5,N,A*35
2026-06-18T07:38:10.000Z $IIRPM,E,1,2242,,A*50
2026-06-18T07:38:20.000Z $GPRMC,073820.00,A,5318.1251,N,00501.7273,E,8.0,235.3,180626,,,A*59
2026-06-18T07:38:20.000Z $IIHDG,237.3,,,,*4C
2026-06-18T07:38:20.000Z $IIMWV,244.0,T,11.0,N,A*09
2026-06-18T07:38:20.000Z $IIRPM,E,1,2294,,A*5B
2026-06-18T07:38:30.000Z $GPRMC,073830.00,A,5318.0648,N,00501.7050,E,8.0,236.3,180626,,,A*55
2026-06-18T07:38:30.000Z $GPGGA,073830.00,5318.0648,N,00501.7050,E,1,11,0.9,0.0,M,0.0,M,,*59
2026-06-18T07:38:30.000Z $IIHDG,236.4,,,,*4A
2026-06-18T07:38:30.000Z $IIMWV,249.5,T,10.1,N,A*01
2026-06-18T07:38:30.000Z $IIDBT,70.0,f,21.3,M,11.7,F*21
2026-06-18T07:38:30.000Z $IIRPM,E,1,2236,,A*53
2026-06-18T07:38:30.000Z $GPVTG,236.3,T,,M,8.0,N,14.8,K,A*3C
2026-06-18T07:38:40.000Z $GPRMC,073840.00,A,5318.0684,N,00501.6789,E,8.0,235.9,180626,,,A*59
2026-06-18T07:38:40.000Z $IIHDG,236.1,,,,*4F
2026-06-18T07:38:40.000Z $IIMWV,246.1,T,10.3,N,A*08
2026-06-18T07:38:40.000Z $IIRPM,E,1,2292,,A*5D
2026-06-18T07:38:50.000Z $GPRMC,073850.00,A,5318.0442,N,00501.6986,E,8.0,235.2,180626,,,A*5A
2026-06-18T07:38:50.000Z $IIHDG,234.1,,,,*4D
2026-06-18T07:38:50.000Z $IIMWV,249.4,T,8.6,N,A*3E
2026-06-18T07:38:50.000Z $IIRPM,E,1,2147,,A*56
2026-06-18T07:39:00.000Z $GPRMC,073900.00,A,5318.0754,N,00501.6200,E,8.0,236.1,180626,,,A*5F
2026-06-18T07:39:00.000Z $GPGGA,073900.00,5318.0754,N,00501.6200,E,1,11,0.9,0.0,M,0.0,M,,*51
2026-06-18T07:39:00.000Z $IIHDG,237.5,,,,*4A
2026-06-18T07:39:00.000Z $IIMWV,248.7,T,10.1,N,A*02
2026-06-18T07:39:00.000Z $IIDBT,63.2,f,19.3,M,10.5,F*29
2026-06-18T07:39:00.000Z $IIRPM,E,1,2285,,A*5B
2026-06-18T07:39:00.000Z $IIXDR,V,13.93,V,BATT*6B
2026-06-18T07:39:00.000Z $GPVTG,236.1,T,,M,8.0,N,14.8,K,A*3E
2026-06-18T07:39:10.000Z $GPRMC,073910.00,A,5318.0326,N,00501.6316,E,8.0,236.3,180626,,,A*5B
2026-06-18T07:39:10.000Z $IIHDG,237.2,,,,*4D
2026-06-18T07:39:10.000Z $IIMWV,241.7,T,9.1,N,A*33
2026-06-18T07:39:10.000Z $IIRPM,E,1,2115,,A*51
2026-06-18T07:39:20.000Z $GPRMC,073920.00,A,5318.0306,N,00501.5943,E,8.0,237.6,180626,,,A*57
2026-06-18T07:39:20.000Z $IIHDG,235.6,,,,*4B
2026-06-18T07:39:20.000Z $IIMWV,247.7,T,10.5,N,A*09
2026-06-18T07:39:20.000Z $IIRPM,E,1,2245,,A*57
2026-06-18T07:39:30.000Z $GPRMC,073930.00,A,5318.0104,N,00501.5711,E,8.0,234.9,180626,,,A*53
2026-06-18T07:39:30.000Z $GPGGA,073930.00,5318.0104,N,00501.5711,E,1,12,0.9,0.0,M,0.0,M,,*54
2026-06-18T07:39:30.000Z $IIHDG,234.3,,,,*4F
2026-06-18T07:39:30.000Z $IIMWV,249.0,T,11.1,N,A*05
2026-06-18T07:39:30.000Z $IIDBT,70.9,f,21.6,M,11.8,F*22
2026-06-18T07:39:30.000Z $IIRPM,E,1,2291,,A*5E
2026-06-18T07:39:30.000Z $GPVTG,234.9,T,,M,8.0,N,14.8,K,A*34
2026-06-18T07:39:40.000Z $GPRMC,073940.00,A,5318.0408,N,00501.5612,E,8.0,235.2,180626,,,A*55
2026-06-18T07:39:40.000Z $IIHDG,238.6,,,,*46
2026-06-18T07:39:40.000Z $IIMWV,249.9,T,10.2,N,A*0E
2026-06-18T07:39:40.000Z $IIRPM,E,1,2259,,A*5A
2026-06-18T07:39:50.000Z $GPRMC,073950.00,A,5318.0058,N,00501.4989,E,8.0,236.7,180626,,,A*5F
2026-06-18T07:39:50.000Z $IIHDG,235.0,,,,*4D
2026-06-18T07:39:50.000Z $IIMWV,251.0,T,9.7,N,A*33
2026-06-18T07:39:50.000Z $IIRPM,E,1,2260,,A*50
2026-06-18T07:40:00.000Z $GPRMC,074000.00,A,5317.9944,N,00501.5048,E,8.0,236.1,180626,,,A*55
2026-06-18T07:40:00.000Z $GPGGA,074000.00,5317.9944,N,00501.5048,E,1,11,0.9,0.0,M,0.0,M,,*5B
2026-06-18T07:40:00.000Z $IIHDG,235.2,,,,*4F
2026-06-18T07:40:00.000Z $IIMWV,245.8,T,8.7,N,A*3F
2026-06-18T07:40:00.000Z $IIDBT,64.3,f,19.6,M,10.7,F*28
2026-06-18T07:40:00.000Z $IIRPM,E,1,2157,,A*57
2026-06-18T07:40:00.000Z $IIXDR,V,13.87,V,BATT*6E
2026-06-18T07:40:00.000Z $IIMTA,16.1,C*03
2026-06-18T07:40:00.000Z $GPVTG,236.1,T,,M,8.0,N,14.8,K,A*3E
2026-06-18T07:40:10.000Z $GPRMC,074010.00,A,5317.9841,N,00501.4509,E,8.0,236.8,180626,,,A*58
2026-06-18T07:40:10.000Z $IIHDG,235.8,,,,*45
2026-06-18T07:40:10.000Z $IIMWV,251.0,T,8.9,N,A*3C
2026-06-18T07:40:10.000Z $IIRPM,E,1,2185,,A*58
2026-06-18T07:40:20.000Z $GPRMC,074020.00,A,5317.9831,N,00501.4282,E,8.0,235.7,180626,,,A*54
2026-06-18T07:40:20.000Z $IIHDG,235.2,,,,*4F
2026-06-18T07:40:20.000Z $IIMWV,248.2,T,8.8,N,A*37
2026-06-18T07:40:20.000Z $IIRPM,E,1,2223,,A*57
2026-06-18T07:40:30.000Z $GPRMC,074030.00,A,5317.9931,N,00501.4456,E,8.0,236.9,180626,,,A*56
2026-06-18T07:40:30.000Z $GPGGA,074030.00,5317.9931,N,00501.4456,E,1,9,0.9,0.0,M,0.0,M,,*69
2026-06-18T07:40:30.000Z $IIHDG,234.1,,,,*4D
2026-06-18T07:40:30.000Z $IIMWV,251.0,T,11.4,N,A*09
2026-06-18T07:40:30.000Z $IIDBT,71.0,f,21.6,M,11.8,F*2A
2026-06-18T07:40:30.000Z $IIRPM,E,1,2298,,A*57
2026-06-18T07:40:30.000Z $GPVTG,236.9,T,,M,8.0,N,14.8,K,A*36
2026-06-18T07:40:40.000Z $GPRMC,074040.00,A,5317.9390,N,00501.3745,E,8.0,236.0,180626,,,A*5F
2026-06-18T07:40:40.000Z $IIHDG,234.2,,,,*4E
2026-06-18T07:40:40.000Z $IIMWV,247.0,T,10.7,N,A*0C
2026-06-18T07:40:40.000Z $IIRPM,E,1,2142,,A*53
2026-06-18T07:40:50.000Z $GPRMC,074050.00,A,5317.9344,N,00501.3812,E,8.0,234.9,180626,,,A*51
2026-06-18T07:40:50.000Z $IIHDG,238.3,,,,*43
2026-06-18T07:40:50.000Z $IIMWV,250.3,T,11.1,N,A*0E
2026-06-18T07:40:50.000Z $IIRPM,E,1,2279,,A*58
2026-06-18T07:41:00.000Z $GPRMC,074100.00,A,5317.9110,N,00501.3376,E,8.0,236.3,180626,,,A*57
2026-06-18T07:41:00.000Z $GPGGA,074100.00,5317.9110,N,00501.3376,E,1,9,0.9,0.0,M,0.0,M,,*62
2026-06-18T07:41:00.000Z $IIHDG,238.1,,,,*41
2026-06-18T07:41:00.000Z $IIMWV,244.7,T,10.8,N,A*07
2026-06-18T07:41:00.000Z $IIDBT,69.3,f,21.1,M,11.5,F*2A
2026-06-18T07:41:00.000Z $IIRPM,E,1,2168,,A*5B
2026-06-18T07:41:00.000Z $IIXDR,V,13.91,V,BATT*69
2026-06-18T07:41:00.000Z $GPVTG,236.3,T,,M,8.0,N,14.8,K,A*3C
2026-06-18T07:41:10.000Z $GPRMC,074110.00,A,5317.9074,N,00501.3396,E,8.0,235.4,180626,,,A*5F
2026-06-18T07:41:10.000Z $IIHDG,237.0,,,,*4F
2026-06-18T07:41:10.000Z $IIMWV,244.2,T,8.7,N,A*34
2026-06-18T07:41:10.000Z $IIRPM,E,1,2233,,A*56
2026-06-18T07:41:20.000Z $GPRMC,074120.00,A,5317.9365,N,00501.2705,E,8.0,236.9,180626,,,A*5E
2026-06-18T07:41:20.000Z $IIHDG,236.5,,,,*4B
2026-06-18T07:41:20.000Z $IIMWV,251.1,T,10.1,N,A*0C
2026-06-18T07:41:20.000Z $IIRPM,E,1,2167,,A*54
2026-06-18T07:41:30.000Z $GPRMC,074130.00,A,5317.9021,N,00501.3002,E,8.0,236.7,180626,,,A*53
2026-06-18T07:41:30.000Z $GPGGA,074130.00,5317.9021,N,00501.3002,E,1,12,0.9,0.0,M,0.0,M,,*58
2026-06-18T07:41:30.000Z $IIHDG,235.1,,,,*4C
2026-06-18T07:41:30.000Z $IIMWV,243.6,T,9.4,N,A*35
2026-06-18T07:41:30.000Z $IIDBT,71.9,f,21.9,M,12.0,F*27
2026-06-18T07:41:30.000Z $IIRPM,E,1,2189,,A*54
2026-06-18T07:41:30.000Z $GPVTG,236.7,T,,M,8.0,N,14.8,K,A*38
2026-06-18T07:41:40.000Z $GPRMC,074140.00,A,5317.9270,N,00501.2382,E,8.0,235.7,180626,,,A*5B
2026-06-18T07:41:40.000Z $IIHDG,234.4,,,,*48
2026-06-18T07:41:40.000Z $IIMWV,243.9,T,9.3,N,A*3D
2026-06-18T07:41:40.000Z $IIRPM,E,1,2283,,A*5D
2026-06-18T07:41:50.000Z $GPRMC,074150.00,A,5317.8676,N,00501.2475,E,8.0,236.2,180626,,,A*50
2026-06-18T07:41:50.000Z $IIHDG,238.4,,,,*44
2026-06-18T07:41:50.000Z $IIMWV,247.8,T,10.8,N,A*0B
2026-06-18T07:41:50.000Z $IIRPM,E,1,2120,,A*57
2026-06-18T07:42:00.000Z $GPRMC,074200.00,A,5317.8595,N,00501.1995,E,8.0,235.7,180626,,,A*5E
2026-06-18T07:42:00.000Z $GPGGA,074200.00,5317.8595,N,00501.1995,E,1,8,0.9,0.0,M,0.0,M,,*6D
2026-06-18T07:42:00.000Z $IIHDG,235.7,,,,*4A
2026-06-18T07:42:00.000Z $IIMWV,249.8,T,8.6,N,A*32
2026-06-18T07:42:00.000Z $IIDBT,65.4,f,19.9,M,10.9,F*2F
2026-06-18T07:42:00.000Z $IIRPM,E,1,2252,,A*51
2026-06-18T07:42:00.000Z $IIXDR,V,13.89,V,BATT*60
2026-06-18T07:42:00.000Z $GPVTG,235.7,T,,M,8.0,N,14.8,K,A*3B
2026-06-18T07:42:10.000Z $GPRMC,074210.00,A,5317.8543,N,00501.1741,E,8.0,235.4,180626,,,A*50
2026-06-18T07:42:10.000Z $IIHDG,234.9,,,,*45
2026-06-18T07:42:10.000Z $IIMWV,251.0,T,10.2,N,A*0E
2026-06-18T07:42:10.000Z $IIRPM,E,1,2268,,A*58
2026-06-18T07:42:20.000Z $GPRMC,074220.00,A,5317.8658,N,00501.1255,E,8.0,236.7,180626,,,A*5A
2026-06-18T07:42:20.000Z $IIHDG,236.5,,,,*4B
2026-06-18T07:42:20.000Z $IIMWV,242.3,T,10.5,N,A*08
2026-06-18T07:42:20.000Z $IIRPM,E,1,2221,,A*55
2026-06-18T07:42:30.000Z $GPRMC,074230.00,A,5317.8759,N,00501.1468,E,8.0,236.5,180626,,,A*51
2026-06-18T07:42:30.000Z $GPGGA,074230.00,5317.8759,N,00501.1468,E,1,9,0.9,0.0,M,0.0,M,,*62
2026-06-18T07:42:30.000Z $IIHDG,238.6,,,,*46
2026-06-18T07:42:30.000Z $IIMWV,241.8,T,10.6,N,A*03
2026-06-18T07:42:30.000Z $IIDBT,65.2,f,19.9,M,10.9,F*29
2026-06-18T07:42:30.000Z $IIRPM,E,1,2124,,A*53
2026-06-18T07:42:30.000Z $GPVTG,236.5,T,,M,8.0,N,14.8,K,A*3A
2026-06-18T07:42:40.000Z $GPRMC,074240.00,A,5317.8191,N,00501.1289,E,8.0,236.1,180626,,,A*59
2026-06-18T07:42:40.000Z $IIHDG,234.4,,,,*48
2026-06-18T07:42:40.000Z $IIMWV,245.8,T,8.8,N,A*30
2026-06-18T07:42:40.000Z $IIRPM,E,1,2130,,A*56
2026-06-18T07:42:50.000Z $GPRMC,074250.00,A,5317.8135,N,00501.0903,E,8.0,237.8,180626,,,A*56
2026-06-18T07:42:50.000Z $IIHDG,233.8,,,,*43
2026-06-18T07:42:50.000Z $IIMWV,243.0,T,9.4,N,A*33
2026-06-18T07:42:50.000Z $IIRPM,E,1,2238,,A*5D
2026-06-18T07:43:00.000Z $GPRMC,074300.00,A,5317.8111,N,00501.0799,E,8.0,236.3,180626,,,A*53
2026-06-18T07:43:00.000Z $GPGGA,074300.00,5317.8111,N,00501.0799,E,1,12,0.9,0.0,M,0.0,M,,*5C
2026-06-18T07:43:00.000Z $IIHDG,236.4,,,,*4A
2026-06-18T07:43:00.000Z $IIMWV,245.1,T,9.5,N,A*35
2026-06-18T07:43:00.000Z $IIDBT,65.9,f,20.1,M,11.0,F*28
2026-06-18T07:43:00.000Z $IIRPM,E,1,2147,,A*56
2026-06-18T07:43:00.000Z $IIXDR,V,13.97,V,BATT*6F
2026-06-18T07:43:00.000Z $GPVTG,236.3,T,,M,8.0,N,14.8,K,A*3C
2026-06-18T07:43:10.000Z $GPRMC,074310.00,A,5317.8244,N,00500.9970,E,8.0,235.5,180626,,,A*55
2026-06-18T07:43:10.000Z $IIHDG,235.1,,,,*4C
2026-06-18T07:43:10.000Z $IIMWV,246.9,T,10.1,N,A*02
2026-06-18T07:43:10.000Z $IIRPM,E,1,2127,,A*50
2026-06-18T07:43:20.000Z $GPRMC,074320.00,A,5317.7796,N,00500.9851,E,8.0,236.0,180626,,,A*57
2026-06-18T07:43:20.000Z $IIHDG,237.8,,,,*47
2026-06-18T07:43:20.000Z $IIMWV,242.3,T,11.4,N,A*08
2026-06-18T07:43:20.000Z $IIRPM,E,1,2238,,A*5D
2026-06-18T07:43:30.000Z $GPRMC,074330.00,A,5317.7729,N,00500.9526,E,8.0,237.5,180626,,,A*5B
2026-06-18T07:43:30.000Z $GPGGA,074330.00,5317.7729,N,00500.9526,E,1,11,0.9,0.0,M,0.0,M,,*50
2026-06-18T07:43:30.000Z $IIHDG,233.8,,,,*43
2026-06-18T07:43:30.000Z $IIMWV,245.1,T,9.9,N,A*39
2026-06-18T07:43:30.000Z $IIDBT,70.1,f,21.4,M,11.7,F*27
2026-06-18T07:43:30.000Z $IIRPM,E,1,2234,,A*51
2026-06-18T07:43:30.000Z $GPVTG,237.5,T,,M,8.0,N,14.8,K,A*3B
2026-06-18T07:43:40.000Z $GPRMC,074340.00,A,5317.7614,N,00500.9733,E,8.0,236.7,180626,,,A*56
2026-06-18T07:43:40.000Z $IIHDG,238.7,,,,*47
2026-06-18T07:43:40.000Z $IIMWV,246.4,T,11.4,N,A*0B
2026-06-18T07:43:40.000Z $IIRPM,E,1,2131,,A*57
2026-06-18T07:43:50.000Z $GPRMC,074350.00,A,5317.7788,N,00500.9153,E,8.0,236.6,180626,,,A*52
2026-06-18T07:43:50.000Z $IIHDG,236.1,,,,*4F
2026-06-18T07:43:50.000Z $IIMWV,241.8,T,9.4,N,A*39
2026-06-18T07:43:50.000Z $IIRPM,E,1,2105,,A*50
2026-06-18T07:44:00.000Z $GPRMC,074400.00,A,5317.7849,N,00500.8899,E,8.0,235.0,180626,,,A*59
2026-06-18T07:44:00.000Z $GPGGA,074400.00,5317.7849,N,00500.8899,E,1,8,0.9,0.0,M,0.0,M,,*6D
2026-06-18T07:44:00.000Z $IIHDG,234.6,,,,*4A
2026-06-18T07:44:00.000Z $IIMWV,247.6,T,8.9,N,A*3D
2026-06-18T07:44:00.000Z $IIDBT,68.8,f,21.0,M,11.5,F*21
2026-06-18T07:44:00.000Z $IIRPM,E,1,2128,,A*5F
2026-06-18T07:44:00.000Z $IIXDR,V,13.84,V,BATT*6D
2026-06-18T07:44:00.000Z $GPVTG,235.0,T,,M,8.0,N,14.8,K,A*3C
2026-06-18T07:44:10.000Z $GPRMC,074410.00,A,5317.7660,N,00500.8900,E,8.0,235.2,180626,,,A*5E
2026-06-18T07:44:10.000Z $IIHDG,238.5,,,,*45
2026-06-18T07:44:10.000Z $IIMWV,248.9,T,11.3,N,A*0F
2026-06-18T07:44:10.000Z $IIRPM,E,1,2254,,A*57
2026-06-18T07:44:20.000Z $GPRMC,074420.00,A,5317.7612,N,00500.8536,E,8.0,235.8,180626,,,A*5B
2026-06-18T07:44:20.000Z $IIHDG,237.2,,,,*4D
2026-06-18T07:44:20.000Z $IIMWV,249.3,T,9.2,N,A*3C
2026-06-18T07:44:20.000Z $IIRPM,E,1,2144,,A*55
2026-06-18T07:44:30.000Z $GPRMC,074430.00,A,5317.7245,N,00500.7960,E,8.0,235.7,180626,,,A*53
2026-06-18T07:44:30.000Z $GPGGA,074430.00,5317.7245,N,00500.7960,E,1,12,0.9,0.0,M,0.0,M,,*5B
2026-06-18T07:44:30.000Z $IIHDG,235.1,,,,*4C
2026-06-18T07:44:30.000Z $IIMWV,244.6,T,11.0,N,A*0F
2026-06-18T07:44:30.000Z $IIDBT,68.1,f,20.8,M,11.4,F*20
2026-06-18T07:44:30.000Z $IIRPM,E,1,2233,,A*56
2026-06-18T07:44:30.000Z $GPVTG,235.7,T,,M,8.0,N,14.8,K,A*3B
2026-06-18T07:44:40.000Z $GPRMC,074440.00,A,5317.7155,N,00500.8151,E,8.0,235.6,180626,,,A*52
2026-06-18T07:44:40.000Z $IIHDG,236.1,,,,*4F
2026-06-18T07:44:40.000Z $IIMWV,244.9,T,9.8,N,A*31
2026-06-18T07:44:40.000Z $IIRPM,E,1,2152,,A*52
2026-06-18T07:44:50.000Z $GPRMC,074450.00,A,5317.7040,N,00500.7789,E,8.0,236.1,180626,,,A*5E
2026-06-18T07:44:50.000Z $IIHDG,235.7,,,,*4A
2026-06-18T07:44:50.000Z $IIMWV,242.9,T,9.2,N,A*3D
2026-06-18T07:44:50.000Z $IIRPM,E,1,2152,,A*52
2026-06-18T07:45:00.000Z $GPRMC,074500.00,A,5317.7135,N,00500.7711,E,8.0,237.3,180626,,,A*5B
2026-06-18T07:45:00.000Z $GPGGA,074500.00,5317.7135,N,00500.7711,E,1,10,0.9,0.0,M,0.0,M,,*57
2026-06-18T07:45:00.000Z $IIHDG,238.2,,,,*42
2026-06-18T07:45:00.000Z $IIMWV,249.8,T,8.6,N,A*32
2026-06-18T07:45:00.000Z $IIDBT,69.6,f,21.2,M,11.6,F*2F
2026-06-18T07:45:00.000Z $IIRPM,E,1,2133,,A*55
2026-06-18T07:45:00.000Z $IIXDR,V,13.96,V,BATT*6E
2026-06-18T07:45:00.000Z $IIMTA,16.4,C*06
2026-06-18T07:45:00.000Z $GPVTG,237.3,T,,M,8.0,N,14.8,K,A*3D
2026-06-18T07:45:10.000Z $GPRMC,074510.00,A,5317.6954,N,00500.7267,E,8.0,236.2,180626,,,A*50
2026-06-18T07:45:10.000Z $IIHDG,236.3,,,,*4D
2026-06-18T07:45:10.000Z $IIMWV,247.0,T,9.4,N,A*37
2026-06-18T07:45:10.000Z $IIRPM,E,1,2111,,A*55
2026-06-18T07:45:20.000Z $GPRMC,074520.00,A,5317.6520,N,00500.6755,E,8.0,236.4,180626,,,A*5F
2026-06-18T07:45:20.000Z $IIHDG,236.5,,,,*4B
2026-06-18T07:45:20.000Z $IIMWV,251.2,T,11.2,N,A*0D
2026-06-18T07:45:20.000Z $IIRPM,E,1,2127,,A*50
2026-06-18T07:45:30.000Z $GPRMC,074530.00,A,5317.6817,N,00500.6813,E,8.0,236.4,180626,,,A*5A
2026-06-18T07:45:30.000Z $GPGGA,074530.00,5317.6817,N,00500.6813,E,1,9,0.9,0.0,M,0.0,M,,*68
2026-06-18T07:45:30.000Z $IIHDG,234.0,,,,*4C
2026-06-18T07:45:30.000Z $IIMWV,249.9,T,10.4,N,A*08
2026-06-18T07:45:30.000Z $IIDBT,64.1,f,19.5,M,10.7,F*29
2026-06-18T07:45:30.000Z $IIRPM,E,1,2128,,A*5F
2026-06-18T07:45:30.000Z $GPVTG,236.4,T,,M,8.0,N,14.8,K,A*3B
2026-06-18T07:45:40.000Z $GPRMC,074540.00,A,5317.6800,N,00500.6583,E,8.0,235.3,180626,,,A*5B
2026-06-18T07:45:40.000Z $IIHDG,238.4,,,,*44
2026-06-18T07:45:40.000Z $IIMWV,245.5,T,10.7,N,A*0B
2026-06-18T07:45:40.000Z $IIRPM,E,1,2150,,A*50
2026-06-18T07:45:50.000Z $GPRMC,074550.00,A,5317.6476,N,00500.6159,E,8.0,236.3,180626,,,A*57
2026-06-18T07:45:50.000Z $IIHDG,234.7,,,,*4B
2026-06-18T07:45:50.000Z $IIMWV,246.1,T,8.6,N,A*34
2026-06-18T07:45:50.000Z $IIRPM,E,1,2140,,A*51
2026-06-18T07:46:00.000Z $GPRMC,074600.00,A,5317.6567,N,00500.6163,E,8.0,235.8,180626,,,A*51
2026-06-18T07:46:00.000Z $GPGGA,074600.00,5317.6567,N,00500.6163,E,1,11,0.9,0.0,M,0.0,M,,*55
2026-06-18T07:46:00.000Z $IIHDG,235.2,,,,*4F
2026-06-18T07:46:00.000Z $IIMWV,247.5,T,11.1,N,A*0E
2026-06-18T07:46:00.000Z $IIDBT,73.0,f,22.3,M,12.2,F*27
2026-06-18T07:46:00.000Z $IIRPM,E,1,2220,,A*54
2026-06-18T07:46:00.000Z $IIXDR,V,14.09,V,BATT*6F
2026-06-18T07:46:00.000Z $GPVTG,235.8,T,,M,8.0,N,14.8,K,A*34
2026-06-18T07:46:10.000Z $GPRMC,074610.00,A,5317.6231,N,00500.5872,E,8.0,235.9,180626,,,A*5F
2026-06-18T07:46:10.000Z $IIHDG,238.5,,,,*45
2026-06-18T07:46:10.000Z $IIMWV,247.3,T,11.3,N,A*0A
2026-06-18T07:46:10.000Z $IIRPM,E,1,2180,,A*5D
2026-06-18T07:46:20.000Z $GPRMC,074620.00,A,5317.6079,N,00500.5553,E,8.0,237.7,180626,,,A*50
2026-06-18T07:46:20.000Z $IIHDG,234.1,,,,*4D
2026-06-18T07:46:20.000Z $IIMWV,242.3,T,9.6,N,A*33
2026-06-18T07:46:20.000Z $IIRPM,E,1,2289,,A*57
2026-06-18T07:46:30.000Z $GPRMC,074630.00,A,5317.6092,N,00500.5434,E,8.0,237.0,180626,,,A*53
2026-06-18T07:46:30.000Z $GPGGA,074630.00,5317.6092,N,00500.5434,E,1,12,0.9,0.0,M,0.0,M,,*5E
2026-06-18T07:46:30.000Z $IIHDG,238.6,,,,*46
2026-06-18T07:46:30.000Z $IIMWV,242.5,T,11.3,N,A*09
2026-06-18T07:46:30.000Z $IIDBT,69.9,f,21.3,M,11.7,F*20
2026-06-18T07:46:30.000Z $IIRPM,E,1,2126,,A*51
2026-06-18T07:46:30.000Z $GPVTG,237.0,T,,M,8.0,N,14.8,K,A*3E
2026-06-18T07:46:40.000Z $GPRMC,074640.00,A,5317.6112,N,00500.4703,E,8.0,236.0,180626,,,A*5A
2026-06-18T07:46:40.000Z $IIHDG,234.1,,,,*4D
2026-06-18T07:46:40.000Z $IIMWV,242.4,T,11.4,N,A*0F
2026-06-18T07:46:40.000Z $IIRPM,E,1,2300,,A*57
2026-06-18T07:46:50.000Z $GPRMC,074650.00,A,5317.5693,N,00500.4836,E,8.0,235.9,180626,,,A*55
2026-06-18T07:46:50.000Z $IIHDG,236.9,,,,*47
2026-06-18T07:46:50.000Z $IIMWV,246.8,T,8.5,N,A*3E
2026-06-18T07:46:50.000Z $IIRPM,E,1,2295,,A*5A
2026-06-18T07:47:00.000Z $GPRMC,074700.00,A,5317.5874,N,00500.4346,E,8.0,237.5,180626,,,A*54
2026-06-18T07:47:00.000Z $GPGGA,074700.00,5317.5874,N,00500.4346,E,1,10,0.9,0.0,M,0.0,M,,*5E
2026-06-18T07:47:00.000Z $IIHDG,235.5,,,,*48
2026-06-18T07:47:00.000Z $IIMWV,247.4,T,11.3,N,A*0D
2026-06-18T07:47:00.000Z $IIDBT,70.7,f,21.6,M,11.8,F*2C
2026-06-18T07:47:00.000Z $IIRPM,E,1,2293,,A*5C
2026-06-18T07:47:00.000Z $IIXDR,V,13.82,V,BATT*6B
2026-06-18T07:47:00.000Z $GPVTG,237.5,T,,M,8.0,N,14.8,K,A*3B
2026-06-18T07:47:10.000Z $GPRMC,074710.00,A,5317.5548,N,00500.4412,E,8.0,235.9,180626,,,A*5F
2026-06-18T07:47:10.000Z $IIHDG,235.6,,,,*4B
2026-06-18T07:47:10.000Z $IIMWV,246.9,T,10.3,N,A*00
2026-06-18T07:47:10.000Z $IIRPM,E,1,2295,,A*5A
2026-06-18T07:47:20.000Z $GPRMC,074720.00,A,5317.5666,N,00500.4050,E,8.0,236.8,180626,,,A*53
2026-06-18T07:47:20.000Z $IIHDG,235.1,,,,*4C
2026-06-18T07:47:20.000Z $IIMWV,241.5,T,9.1,N,A*31
2026-06-18T07:47:20.000Z $IIRPM,E,1,2125,,A*52
2026-06-18T07:47:30.000Z $GPRMC,074730.00,A,5317.5540,N,00500.3920,E,8.0,236.0,180626,,,A*54
2026-06-18T07:47:30.000Z $GPGGA,074730.00,5317.5540,N,00500.3920,E,1,12,0.9,0.0,M,0.0,M,,*58
2026-06-18T07:47:30.000Z $IIHDG,238.5,,,,*45
2026-06-18T07:47:30.000Z $IIMWV,249.8,T,10.1,N,A*0C
2026-06-18T07:47:30.000Z $IIDBT,66.6,f,20.3,M,11.1,F*27
2026-06-18T07:47:30.000Z $IIRPM,E,1,2262,,A*52
2026-06-18T07:47:30.000Z $GPVTG,236.0,T,,M,8.0,N,14.8,K,A*3F
2026-06-18T07:47:40.000Z $GPRMC,074740.00,A,5317.5467,N,00500.3390,E,8.0,236.4,180626,,,A*52
2026-06-18T07:47:40.000Z $IIHDG,236.1,,,,*4F
2026-06-18T07:47:40.000Z $IIMWV,242.0,T,10.2,N,A*0C
2026-06-18T07:47:40.000Z $IIRPM,E,1,2277,,A*56
2026-06-18T07:47:50.000Z $GPRMC,074750.00,A,5317.5413,N,00500.3137,E,8.0,236.7,180626,,,A*5C
2026-06-18T07:47:50.000Z $IIHDG,236.2,,,,*4C
2026-06-18T07:47:50.000Z $IIMWV,249.6,T,8.6,N,A*3C
2026-06-18T07:47:50.000Z $IIRPM,E,1,2251,,A*52
2026-06-18T07:48:00.000Z $GPRMC,074800.00,A,5317.5403,N,00500.2821,E,8.0,235.8,180626,,,A*54
2026-06-18T07:48:00.000Z $GPGGA,074800.00,5317.5403,N,00500.2821,E,1,11,0.9,0.0,M,0.0,M,,*50
2026-06-18T07:48:00.000Z $IIHDG,237.5,,,,*4A
2026-06-18T07:48:00.000Z $IIMWV,244.4,T,8.9,N,A*3C
2026-06-18T07:48:00.000Z $IIDBT,64.5,f,19.7,M,10.7,F*2F
2026-06-18T07:48:00.000Z $IIRPM,E,1,2278,,A*59
2026-06-18T07:48:00.000Z $IIXDR,V,13.90,V,BATT*68
2026-06-18T07:48:00.000Z $GPVTG,235.8,T,,M,8.0,N,14.8,K,A*34
2026-06-18T07:48:10.000Z $GPRMC,074810.00,A,5317.5264,N,00500.3049,E,8.0,234.9,180626,,,A*55
2026-06-18T07:48:10.000Z $IIHDG,235.0,,,,*4D
2026-06-18T07:48:10.000Z $IIMWV,243.4,T,10.9,N,A*02
2026-06-18T07:48:10.000Z $IIRPM,E,1,2230,,A*55
2026-06-18T07:48:20.000Z $GPRMC,074820.00,A,5317.5271,N,00500.2584,E,8.0,236.7,180626,,,A*5B
2026-06-18T07:48:20.000Z $IIHDG,235.9,,,,*44
2026-06-18T07:48:20.000Z $IIMWV,249.3,T,9.9,N,A*37
2026-06-18T07:48:20.000Z $IIRPM,E,1,2160,,A*53
2026-06-18T07:48:30.000Z $GPRMC,074830.00,A,5317.4855,N,00500.2042,E,8.0,235.3,180626,,,A*5F
2026-06-18T07:48:30.000Z $GPGGA,074830.00,5317.4855,N,00500.2042,E,1,8,0.9,0.0,M,0.0,M,,*68
2026-06-18T07:48:30.000Z $IIHDG,238.5,,,,*45
2026-06-18T07:48:30.000Z $IIMWV,242.3,T,9.7,N,A*32
2026-06-18T07:48:30.000Z $IIDBT,72.7,f,22.2,M,12.1,F*23
2026-06-18T07:48:30.000Z $IIRPM,E,1,2111,,A*55
2026-06-18T07:48:30.000Z $GPVTG,235.3,T,,M,8.0,N,14.8,K,A*3F
2026-06-18T07:48:40.000Z $GPRMC,074840.00,A,5317.4995,N,00500.1752,E,8.0,235.7,180626,,,A*54
2026-06-18T07:48:40.000Z $IIHDG,235.5,,,,*48
2026-06-18T07:48:40.000Z $IIMWV,246.1,T,9.4,N,A*37
2026-06-18T07:48:40.000Z $IIRPM,E,1,2198,,A*54
2026-06-18T07:48:50.000Z $GPRMC,074850.00,A,5317.4898,N,00500.1621,E,8.0,236.3,180626,,,A*5B
2026-06-18T07:48:50.000Z $IIHDG,238.0,,,,*40
2026-06-18T07:48:50.000Z $IIMWV,250.5,T,10.4,N,A*0C
2026-06-18T07:48:50.000Z $IIRPM,E,1,2147,,A*56
2026-06-18T07:49:00.000Z $GPRMC,074900.00,A,5317.4656,N,00500.1398,E,8.0,237.4,180626,,,A*52
2026-06-18T07:49:00.000Z $GPGGA,074900.00,5317.4656,N,00500.1398,E,1,12,0.9,0.0,M,0.0,M,,*5B
2026-06-18T07:49:00.000Z $IIHDG,233.8,,,,*43
2026-06-18T07:49:00.000Z $IIMWV,251.0,T,9.5,N,A*31
2026-06-18T07:49:00.000Z $IIDBT,67.9,f,20.7,M,11.3,F*2F
2026-06-18T07:49:00.000Z $IIRPM,E,1,2293,,A*5C
2026-06-18T07:49:00.000Z $IIXDR,V,14.10,V,BATT*67
2026-06-18T07:49:00.000Z $GPVTG,237.4,T,,M,8.0,N,14.8,K,A*3A
2026-06-18T07:49:10.000Z $GPRMC,074910.00,A,5317.4581,N,00500.1034,E,8.0,237.4,180626,,,A*5F
2026-06-18T07:49:10.000Z $IIHDG,236.9,,,,*47
2026-06-18T07:49:10.000Z $IIMWV,243.6,T,9.4,N,A*35
2026-06-18T07:49:10.000Z $IIRPM,E,1,2212,,A*55
2026-06-18T07:49:20.000Z $GPRMC,074920.00,A,5317.4444,N,00500.0999,E,8.0,235.2,180626,,,A*5F
2026-06-18T07:49:20.000Z $IIHDG,237.4,,,,*4B
2026-06-18T07:49:20.000Z $IIMWV,245.9,T,9.5,N,A*3D
2026-06-18T07:49:20.000Z $IIRPM,E,1,2270,,A*51
2026-06-18T07:49:30.000Z $GPRMC,074930.00,A,5317.4138,N,00500.0994,E,8.0,237.8,180626,,,A*55
2026-06-18T07:49:30.000Z $GPGGA,074930.00,5317.4138,N,00500.0994,E,1,9,0.9,0.0,M,0.0,M,,*6A
2026-06-18T07:49:30.000Z $IIHDG,238.2,,,,*42
2026-06-18T07:49:30.000Z $IIMWV,245.3,T,11.4,N,A*0F
2026-06-18T07:49:30.000Z $IIDBT,72.2,f,22.0,M,12.0,F*25
2026-06-18T07:49:30.000Z $IIRPM,E,1,2214,,A*53
2026-06-18T07:49:30.000Z $GPVTG,237.8,T,,M,8.0,N,14.8,K,A*36
2026-06-18T07:49:40.000Z $GPRMC,074940.00,A,5317.3983,N,00500.0733,E,8.0,237.6,180626,,,A*50
2026-06-18T07:49:40.000Z $IIHDG,236.1,,,,*4F
2026-06-18T07:49:40.000Z $IIMWV,249.3,T,9.8,N,A*36
2026-06-18T07:49:40.000Z $IIRPM,E,1,2212,,A*55
2026-06-18T07:49:50.000Z $GPRMC,074950.00,A,5317.3931,N,00500.0371,E,8.0,235.6,180626,,,A*58
2026-06-18T07:49:50.000Z $IIHDG,235.6,,,,*4B
2026-06-18T07:49:50.000Z $IIMWV,242.7,T,10.1,N,A*08
2026-06-18T07:49:50.000Z $IIRPM,E,1,2290,,A*5F
2026-06-18T07:50:00.000Z $GPRMC,075000.00,A,5317.3992,N,00459.9974,E,8.0,235.5,180626,,,A*54
2026-06-18T07:50:00.000Z $GPGGA,075000.00,5317.3992,N,00459.9974,E,1,8,0.9,0.0,M,0.0,M,,*65
2026-06-18T07:50:00.000Z $IIHDG,234.6,,,,*4A
2026-06-18T07:50:00.000Z $IIMWV,243.9,T,10.4,N,A*02
2026-06-18T07:50:00.000Z $IIDBT,67.4,f,20.6,M,11.2,F*22
2026-06-18T07:50:00.000Z $IIRPM,E,1,2243,,A*51
2026-06-18T07:50:00.000Z $IIXDR,V,13.88,V,BATT*61
2026-06-18T07:50:00.000Z $IIMTA,16.5,C*07
2026-06-18T07:50:00.000Z $GPVTG,235.5,T,,M,8.0,N,14.8,K,A*39
2026-06-18T07:50:10.000Z $GPRMC,075010.00,A,5317.3772,N,00459.9763,E,8.0,236.9,180626,,,A*52
2026-06-18T07:50:10.000Z $IIHDG,235.2,,,,*4F
2026-06-18T07:50:10.000Z $IIMWV,246.4,T,11.2,N,A*0D
2026-06-18T07:50:10.000Z $IIRPM,E,1,2246,,A*54
2026-06-18T07:50:20.000Z $GPRMC,075020.00,A,5317.4009,N,00459.9764,E,8.0,237.4,180626,,,A*56
2026-06-18T07:50:20.000Z $IIHDG,237.1,,,,*4E
2026-06-18T07:50:20.000Z $IIMWV,249.1,T,10.6,N,A*02
2026-06-18T07:50:20.000Z $IIRPM,E,1,2289,,A*57
2026-06-18T07:50:30.000Z $GPRMC,075030.00,A,5317.3790,N,00459.9328,E,8.0,236.9,180626,,,A*57
2026-06-18T07:50:30.000Z $GPGGA,075030.00,5317.3790,N,00459.9328,E,1,9,0.9,0.0,M,0.0,M,,*68
2026-06-18T07:50:30.000Z $IIHDG,238.3,,,,*43
2026-06-18T07:50:30.000Z $IIMWV,243.9,T,9.6,N,A*38
2026-06-18T07:50:30.000Z $IIDBT,73.3,f,22.4,M,12.2,F*23
2026-06-18T07:50:30.000Z $IIRPM,E,1,2275,,A*54
2026-06-18T07:50:30.000Z $GPVTG,236.9,T,,M,8.0,N,14.8,K,A*36
2026-06-18T07:50:40.000Z $GPRMC,075040.00,A,5317.3798,N,00459.9289,E,8.0,236.4,180626,,,A*5F
2026-06-18T07:50:40.000Z $IIHDG,236.3,,,,*4D
2026-06-18T07:50:40.000Z $IIMWV,248.4,T,10.8,N,A*08
2026-06-18T07:50:40.000Z $IIRPM,E,1,2166,,A*55
2026-06-18T07:50:50.000Z $GPRMC,075050.00,A,5317.3782,N,00459.8477,E,8.0,237.5,180626,,,A*53
2026-06-18T07:50:50.000Z $IIHDG,238.1,,,,*41
2026-06-18T07:50:50.000Z $IIMWV,245.7,T,9.5,N,A*33
2026-06-18T07:50:50.000Z $IIRPM,E,1,2113,,A*57
2026-06-18T07:51:00.000Z $GPRMC,075100.00,A,5317.3536,N,00459.8661,E,8.0,237.3,180626,,,A*59
2026-06-18T07:51:00.000Z $GPGGA,075100.00,5317.3536,N,00459.8661,E,1,8,0.9,0.0,M,0.0,M,,*6C
2026-06-18T07:51:00.000Z $IIHDG,235.7,,,,*4A
2026-06-18T07:51:00.000Z $IIMWV,250.6,T,10.5,N,A*0E
2026-06-18T07:51:00.000Z $IIDBT,71.3,f,21.7,M,11.9,F*29
2026-06-18T07:51:00.000Z $IIRPM,E,1,2102,,A*57
2026-06-18T07:51:00.000Z $IIXDR,V,13.95,V,BATT*6D
2026-06-18T07:51:00.000Z $GPVTG,237.3,T,,M,8.0,N,14.8,K,A*3D
2026-06-18T07:51:10.000Z $GPRMC,075110.00,A,5317.3079,N,00459.8162,E,8.0,236.4,180626,,,A*54
2026-06-18T07:51:10.000Z $IIHDG,236.4,,,,*4A
2026-06-18T07:51:10.000Z $IIMWV,245.9,T,11.3,N,A*02
2026-06-18T07:51:10.000Z $IIRPM,E,1,2132,,A*54
2026-06-18T07:51:20.000Z $GPRMC,075120.00,A,5317.2997,N,00459.8298,E,8.0,236.5,180626,,,A*58
2026-06-18T07:51:20.000Z $IIHDG,238.5,,,,*45
2026-06-18T07:51:20.000Z $IIMWV,244.7,T,10.5,N,A*0A
2026-06-18T07:51:20.000Z $IIRPM,E,1,2107,,A*52
2026-06-18T07:51:30.000Z $GPRMC,075130.00,A,5317.3372,N,00459.7495,E,8.0,236.5,180626,,,A*5D
2026-06-18T07:51:30.000Z $GPGGA,075130.00,5317.3372,N,00459.7495,E,1,9,0.9,0.0,M,0.0,M,,*6E
2026-06-18T07:51:30.000Z $IIHDG,234.0,,,,*4C
2026-06-18T07:51:30.000Z $IIMWV,248.7,T,10.9,N,A*0A
2026-06-18T07:51:30.000Z $IIDBT,73.9,f,22.5,M,12.3,F*29
2026-06-18T07:51:30.000Z $IIRPM,E,1,2204,,A*52
2026-06-18T07:51:30.000Z $GPVTG,236.5,T,,M,8.0,N,14.8,K,A*3A
2026-06-18T07:51:40.000Z $GPRMC,075140.00,A,5317.3264,N,00459.7574,E,8.0,235.3,180626,,,A*57
2026-06-18T07:51:40.000Z $IIHDG,236.4,,,,*4A
2026-06-18T07:51:40.000Z $IIMWV,244.8,T,11.2,N,A*03
2026-06-18T07:51:40.000Z $IIRPM,E,1,2265,,A*55
2026-06-18T07:51:50.000Z $GPRMC,075150.00,A,5317.2732,N,00459.7211,E,8.0,234.9,180626,,,A*5E
2026-06-18T07:51:50.000Z $IIHDG,238.6,,,,*46
2026-06-18T07:51:50.000Z $IIMWV,242.2,T,9.7,N,A*33
2026-06-18T07:51:50.000Z $IIRPM,E,1,2242,,A*50
2026-06-18T07:52:00.000Z $GPRMC,075200.00,A,5317.2963,N,00459.6770,E,8.0,237.4,180626,,,A*5F
2026-06-18T07:52:00.000Z $GPGGA,075200.00,5317.2963,N,00459.6770,E,1,9,0.9,0.0,M,0.0,M,,*6C
2026-06-18T07:52:00.000Z $IIHDG,235.9,,,,*44
2026-06-18T07:52:00.000Z $IIMWV,245.5,T,8.6,N,A*33
2026-06-18T07:52:00.000Z $IIDBT,74.6,f,22.7,M,12.4,F*24
2026-06-18T07:52:00.000Z $IIRPM,E,1,2181,,A*5C
2026-06-18T07:52:00.000Z $IIXDR,V,13.86,V,BATT*6F
2026-06-18T07:52:00.000Z $GPVTG,237.4,T,,M,8.0,N,14.8,K,A*3A
2026-06-18T07:52:10.000Z $GPRMC,075210.00,A,5317.2854,N,00459.6986,E,8.0,236.4,180626,,,A*5D
2026-06-18T07:52:10.000Z $IIHDG,238.8,,,,*48
2026-06-18T07:52:10.000Z $IIMWV,248.3,T,8.5,N,A*3B
2026-06-18T07:52:10.000Z $IIRPM,E,1,2243,,A*51
2026-06-18T07:52:20.000Z $GPRMC,075220.00,A,5317.2577,N,00459.6732,E,8.0,236.0,180626,,,A*57
2026-06-18T07:52:20.000Z $IIHDG,234.5,,,,*49
2026-06-18T07:52:20.000Z $IIMWV,247.8,T,10.8,N,A*0B
2026-06-18T07:52:20.000Z $IIRPM,E,1,2257,,A*54
2026-06-18T07:52:30.000Z $GPRMC,075230.00,A,5317.2783,N,00459.6542,E,8.0,237.5,180626,,,A*5E
2026-06-18T07:52:30.000Z $GPGGA,075230.00,5317.2783,N,00459.6542,E,1,12,0.9,0.0,M,0.0,M,,*56
2026-06-18T07:52:30.000Z $IIHDG,237.6,,,,*49
2026-06-18T07:52:30.000Z $IIMWV,244.1,T,9.3,N,A*32
2026-06-18T07:52:30.000Z $IIDBT,73.5,f,22.4,M,12.2,F*25
2026-06-18T07:52:30.000Z $IIRPM,E,1,2128,,A*5F
2026-06-18T07:52:30.000Z $GPVTG,237.5,T,,M,8.0,N,14.8,K,A*3B
2026-06-18T07:52:40.000Z $GPRMC,075240.00,A,5317.2392,N,00459.5842,E,8.0,235.6,180626,,,A*52
2026-06-18T07:52:40.000Z $IIHDG,237.4,,,,*4B
2026-06-18T07:52:40.000Z $IIMWV,250.1,T,10.2,N,A*0E
2026-06-18T07:52:40.000Z $IIRPM,E,1,2190,,A*5C
2026-06-18T07:52:50.000Z $GPRMC,075250.00,A,5317.2517,N,00459.5778,E,8.0,236.1,180626,,,A*5A
2026-06-18T07:52:50.000Z $IIHDG,238.1,,,,*41
2026-06-18T07:52:50.000Z $IIMWV,248.2,T,9.8,N,A*36
2026-06-18T07:52:50.000Z $IIRPM,E,1,2102,,A*57
2026-06-18T07:53:00.000Z $GPRMC,075300.00,A,5317.2265,N,00459.5347,E,8.0,236.9,180626,,,A*5C
2026-06-18T07:53:00.000Z $GPGGA,075300.00,5317.2265,N,00459.5347,E,1,10,0.9,0.0,M,0.0,M,,*5B
2026-06-18T07:53:00.000Z $IIHDG,237.0,,,,*4F
2026-06-18T07:53:00.000Z $IIMWV,245.6,T,10.5,N,A*0A
2026-06-18T07:53:00.000Z $IIDBT,71.6,f,21.8,M,11.9,F*23
2026-06-18T07:53:00.000Z $IIRPM,E,1,2293,,A*5C
2026-06-18T07:53:00.000Z $IIXDR,V,14.04,V,BATT*62
2026-06-18T07:53:00.000Z $GPVTG,236.9,T,,M,8.0,N,14.8,K,A*36
2026-06-18T07:53:10.000Z $GPRMC,075310.00,A,5317.1993,N,00459.4968,E,8.0,236.5,180626,,,A*56
2026-06-18T07:53:10.000Z $IIHDG,235.4,,,,*49
2026-06-18T07:53:10.000Z $IIMWV,245.8,T,9.2,N,A*3B
2026-06-18T07:53:10.000Z $IIRPM,E,1,2118,,A*5C
2026-06-18T07:53:20.000Z $GPRMC,075320.00,A,5317.1973,N,00459.4914,E,8.0,235.1,180626,,,A*57
2026-06-18T07:53:20.000Z $IIHDG,236.4,,,,*4A
2026-06-18T07:53:20.000Z $IIMWV,241.8,T,9.0,N,A*3D
2026-06-18T07:53:20.000Z $IIRPM,E,1,2109,,A*5C
2026-06-18T07:53:30.000Z $GPRMC,075330.00,A,5317.1842,N,00459.4842,E,8.0,236.4,180626,,,A*51
2026-06-18T07:53:30.000Z $GPGGA,075330.00,5317.1842,N,00459.4842,E,1,10,0.9,0.0,M,0.0,M,,*5B
2026-06-18T07:53:30.000Z $IIHDG,235.7,,,,*4A
2026-06-18T07:53:30.000Z $IIMWV,248.0,T,9.3,N,A*3F
2026-06-18T07:53:30.000Z $IIDBT,67.5,f,20.6,M,11.2,F*23
2026-06-18T07:53:30.000Z $IIRPM,E,1,2125,,A*52
2026-06-18T07:53:30.000Z $GPVTG,236.4,T,,M,8.0,N,14.8,K,A*3B
2026-06-18T07:53:40.000Z $GPRMC,075340.00,A,5317.1969,N,00459.4396,E,8.0,236.3,180626,,,A*5B
2026-06-18T07:53:40.000Z $IIHDG,233.9,,,,*42
2026-06-18T07:53:40.000Z $IIMWV,251.1,T,10.2,N,A*0F
2026-06-18T07:53:40.000Z $IIRPM,E,1,2101,,A*54
2026-06-18T07:53:50.000Z $GPRMC,075350.00,A,5317.1786,N,00459.4219,E,8.0,236.3,180626,,,A*53
2026-06-18T07:53:50.000Z $IIHDG,237.3,,,,*4C
2026-06-18T07:53:50.000Z $IIMWV,243.7,T,10.9,N,A*01
2026-06-18T07:53:50.000Z $IIRPM,E,1,2104,,A*51
2026-06-18T07:54:00.000Z $GPRMC,075400.00,A,5317.1748,N,00459.3883,E,8.0,235.9,180626,,,A*54
2026-06-18T07:54:00.000Z $GPGGA,075400.00,5317.1748,N,00459.3883,E,1,12,0.9,0.0,M,0.0,M,,*52
2026-06-18T07:54:00.000Z $IIHDG,236.0,,,,*4E
2026-06-18T07:54:00.000Z $IIMWV,247.7,T,10.1,N,A*0D
2026-06-18T07:54:00.000Z $IIDBT,73.9,f,22.5,M,12.3,F*29
2026-06-18T07:54:00.000Z $IIRPM,E,1,2210,,A*57
2026-06-18T07:54:00.000Z $IIXDR,V,14.09,V,BATT*6F
2026-06-18T07:54:00.000Z $GPVTG,235.9,T,,M,8.0,N,14.8,K,A*35
2026-06-18T07:54:10.000Z $GPRMC,075410.00,A,5317.1593,N,00459.3811,E,8.0,235.0,180626,,,A*53
2026-06-18T07:54:10.000Z $IIHDG,234.5,,,,*49
2026-06-18T07:54:10.000Z $IIMWV,247.2,T,9.9,N,A*38
2026-06-18T07:54:10.000Z $IIRPM,E,1,2184,,A*59
2026-06-18T07:54:20.000Z $GPRMC,075420.00,A,5317.1184,N,00459.3379,E,8.0,235.0,180626,,,A*57
2026-06-18T07:54:20.000Z $IIHDG,238.6,,,,*46
2026-06-18T07:54:20.000Z $IIMWV,241.5,T,10.6,N,A*0E
2026-06-18T07:54:20.000Z $IIRPM,E,1,2257,,A*54
2026-06-18T07:54:30.000Z $GPRMC,075430.00,A,5317.1373,N,00459.3280,E,8.0,236.3,180626,,,A*5B
2026-06-18T07:54:30.000Z $GPGGA,075430.00,5317.1373,N,00459.3280,E,1,9,0.9,0.0,M,0.0,M,,*6E
2026-06-18T07:54:30.000Z $IIHDG,235.0,,,,*4D
2026-06-18T07:54:30.000Z $IIMWV,245.4,T,9.7,N,A*32
2026-06-18T07:54:30.000Z $IIDBT,71.8,f,21.9,M,12.0,F*26
2026-06-18T07:54:30.000Z $IIRPM,E,1,2104,,A*51
2026-06-18T07:54:30.000Z $GPVTG,236.3,T,,M,8.0,N,14.8,K,A*3C
2026-06-18T07:54:40.000Z $GPRMC,075440.00,A,5317.1180,N,00459.2851,E,8.0,235.2,180626,,,A*57
2026-06-18T07:54:40.000Z $IIHDG,235.0,,,,*4D
2026-06-18T07:54:40.000Z $IIMWV,248.5,T,10.0,N,A*01
2026-06-18T07:54:40.000Z $IIRPM,E,1,2172,,A*50
2026-06-18T07:54:50.000Z $GPRMC,075450.00,A,5317.1298,N,00459.2492,E,8.0,235.6,180626,,,A*5B
2026-06-18T07:54:50.000Z $IIHDG,236.7,,,,*49
2026-06-18T07:54:50.000Z $IIMWV,250.8,T,11.1,N,A*05
2026-06-18T07:54:50.000Z $IIRPM,E,1,2206,,A*50
2026-06-18T07:55:00.000Z $GPRMC,075500.00,A,5317.0816,N,00459.2728,E,8.0,236.9,180626,,,A*5C
2026-06-18T07:55:00.000Z $GPGGA,075500.00,5317.0816,N,00459.2728,E,1,12,0.9,0.0,M,0.0,M,,*59
2026-06-18T07:55:00.000Z $IIHDG,236.7,,,,*49
2026-06-18T07:55:00.000Z $IIMWV,243.8,T,9.0,N,A*3F
2026-06-18T07:55:00.000Z $IIDBT,73.2,f,22.3,M,12.2,F*25
2026-06-18T07:55:00.000Z $IIRPM,E,1,2100,,A*55
2026-06-18T07:55:00.000Z $IIXDR,V,13.84,V,BATT*6D
2026-06-18T07:55:00.000Z $IIMTA,17.0,C*03
2026-06-18T07:55:00.000Z $GPVTG,236.9,T,,M,8.0,N,14.8,K,A*36
2026-06-18T07:55:10.000Z $GPRMC,075510.00,A,5317.1094,N,00459.2505,E,8.0,234.9,180626,,,A*51
2026-06-18T07:55:10.000Z $IIHDG,233.9,,,,*42
2026-06-18T07:55:10.000Z $IIMWV,246.4,T,9.0,N,A*36
2026-06-18T07:55:10.000Z $IIRPM,E,1,2200,,A*56
2026-06-18T07:55:20.000Z $GPRMC,075520.00,A,5317.0988,N,00459.1824,E,8.0,237.3,180626,,,A*53
2026-06-18T07:55:20.000Z $IIHDG,236.0,,,,*4E
2026-06-18T07:55:20.000Z $IIMWV,244.0,T,9.8,N,A*38
2026-06-18T07:55:20.000Z $IIRPM,E,1,2238,,A*5D
2026-06-18T07:55:30.000Z $GPRMC,075530.00,A,5317.0968,N,00459.1808,E,8.0,236.2,180626,,,A*52
2026-06-18T07:55:30.000Z $GPGGA,075530.00,5317.0968,N,00459.1808,E,1,11,0.9,0.0,M,0.0,M,,*5F
2026-06-18T07:55:30.000Z $IIHDG,236.2,,,,*4C
2026-06-18T07:55:30.000Z $IIMWV,251.2,T,9.7,N,A*31
2026-06-18T07:55:30.000Z $IIDBT,69.9,f,21.3,M,11.6,F*21
2026-06-18T07:55:30.000Z $IIRPM,E,1,2294,,A*5B
2026-06-18T07:55:30.000Z $GPVTG,236.2,T,,M,8.0,N,14.8,K,A*3D
2026-06-18T07:55:40.000Z $GPRMC,075540.00,A,5317.0576,N,00459.1442,E,8.0,237.2,180626,,,A*55
2026-06-18T07:55:40.000Z $IIHDG,234.4,,,,*48
2026-06-18T07:55:40.000Z $IIMWV,248.6,T,8.8,N,A*33
2026-06-18T07:55:40.000Z $IIRPM,E,1,2298,,A*57
2026-06-18T07:55:50.000Z $GPRMC,075550.00,A,5317.0512,N,00459.1459,E,8.0,236.0,180626,,,A*5F
2026-06-18T07:55:50.000Z $IIHDG,238.1,,,,*41
2026-06-18T07:55:50.000Z $IIMWV,251.2,T,10.7,N,A*09
2026-06-18T07:55:50.000Z $IIRPM,E,1,2252,,A*51
2026-06-18T07:56:00.000Z $GPRMC,075600.00,A,5317.0249,N,00459.0752,E,8.0,234.8,180626,,,A*53
2026-06-18T07:56:00.000Z $GPGGA,075600.00,5317.0249,N,00459.0752,E,1,8,0.9,0.0,M,0.0,M,,*6E
2026-06-18T07:56:00.000Z $IIHDG,236.1,,,,*4F
2026-06-18T07:56:00.000Z $IIMWV,248.0,T,11.4,N,A*01
2026-06-18T07:56:00.000Z $IIDBT,70.3,f,21.4,M,11.7,F*25
2026-06-18T07:56:00.000Z $IIRPM,E,1,2170,,A*52
2026-06-18T07:56:00.000Z $IIXDR,V,14.04,V,BATT*62
2026-06-18T07:56:00.000Z $GPVTG,234.8,T,,M,8.0,N,14.8,K,A*35
2026-06-18T07:56:10.000Z $GPRMC,075610.00,A,5317.0538,N,00459.1029,E,8.0,236.1,180626,,,A*52
2026-06-18T07:56:10.000Z $IIHDG,238.1,,,,*41
2026-06-18T07:56:10.000Z $IIMWV,248.4,T,9.6,N,A*3E
2026-06-18T07:56:10.000Z $IIRPM,E,1,2191,,A*5D
2026-06-18T07:56:20.000Z $GPRMC,075620.00,A,5317.0452,N,00459.0692,E,8.0,235.6,180626,,,A*5F
2026-06-18T07:56:20.000Z $IIHDG,235.1,,,,*4C
2026-06-18T07:56:20.000Z $IIMWV,249.8,T,10.9,N,A*04
2026-06-18T07:56:20.000Z $IIRPM,E,1,2104,,A*51
2026-06-18T07:56:30.000Z $GPRMC,075630.00,A,5317.0233,N,00459.0124,E,8.0,237.3,180626,,,A*52
2026-06-18T07:56:30.000Z $GPGGA,075630.00,5317.0233,N,00459.0124,E,1,11,0.9,0.0,M,0.0,M,,*5F
2026-06-18T07:56:30.000Z $IIHDG,234.0,,,,*4C
2026-06-18T07:56:30.000Z $IIMWV,244.6,T,9.3,N,A*35
2026-06-18T07:56:30.000Z $IIDBT,72.8,f,22.2,M,12.1,F*2C
2026-06-18T07:56:30.000Z $IIRPM,E,1,2274,,A*55
2026-06-18T07:56:30.000Z $GPVTG,237.3,T,,M,8.0,N,14.8,K,A*3D
2026-06-18T07:56:40.000Z $GPRMC,075640.00,A,5317.0271,N,00459.0196,E,8.0,237.5,180626,,,A*5C
2026-06-18T07:56:40.000Z $IIHDG,238.7,,,,*47
2026-06-18T07:56:40.000Z $IIMWV,249.9,T,8.8,N,A*3D
2026-06-18T07:56:40.000Z $IIRPM,E,1,2295,,A*5A
2026-06-18T07:56:50.000Z $GPRMC,075650.00,A,5316.9916,N,00458.9972,E,8.0,235.6,180626,,,A*54
2026-06-18T07:56:50.000Z $IIHDG,234.1,,,,*4D
2026-06-18T07:56:50.000Z $IIMWV,245.2,T,8.8,N,A*3A
2026-06-18T07:56:50.000Z $IIRPM,E,1,2258,,A*5B
2026-06-18T07:57:00.000Z $GPRMC,075700.00,A,5316.9796,N,00458.9746,E,8.0,235.0,180626,,,A*59
2026-06-18T07:57:00.000Z $GPGGA,075700.00,5316.9796,N,00458.9746,E,1,8,0.9,0.0,M,0.0,M,,*6D
2026-06-18T07:57:00.000Z $IIHDG,238.5,,,,*45
2026-06-18T07:57:00.000Z $IIMWV,248.5,T,8.8,N,A*30
2026-06-18T07:57:00.000Z $IIDBT,70.2,f,21.4,M,11.7,F*24
2026-06-18T07:57:00.000Z $IIRPM,E,1,2293,,A*5C
2026-06-18T07:57:00.000Z $IIXDR,V,13.86,V,BATT*6F
2026-06-18T07:57:00.000Z $GPVTG,235.0,T,,M,8.0,N,14.8,K,A*3C
2026-06-18T07:57:10.000Z $GPRMC,075710.00,A,5316.9768,N,00458.9254,E,8.0,235.1,180626,,,A*5E
2026-06-18T07:57:10.000Z $IIHDG,236.3,,,,*4D
2026-06-18T07:57:10.000Z $IIMWV,243.2,T,10.0,N,A*0D
2026-06-18T07:57:10.000Z $IIRPM,E,1,2179,,A*5B
2026-06-18T07:57:20.000Z $GPRMC,075720.00,A,5316.9529,N,00458.8882,E,8.0,237.2,180626,,,A*5B
2026-06-18T07:57:20.000Z $IIHDG,234.1,,,,*4D
2026-06-18T07:57:20.000Z $IIMWV,243.2,T,9.3,N,A*36
2026-06-18T07:57:20.000Z $IIRPM,E,1,2149,,A*58
2026-06-18T07:57:30.000Z $GPRMC,075730.00,A,5316.9666,N,00458.8807,E,8.0,236.3,180626,,,A*5F
2026-06-18T07:57:30.000Z $GPGGA,075730.00,5316.9666,N,00458.8807,E,1,10,0.9,0.0,M,0.0,M,,*52
2026-06-18T07:57:30.000Z $IIHDG,237.5,,,,*4A
2026-06-18T07:57:30.000Z $IIMWV,245.1,T,8.7,N,A*36
2026-06-18T07:57:30.000Z $IIDBT,69.4,f,21.1,M,11.6,F*2E
2026-06-18T07:57:30.000Z $IIRPM,E,1,2145,,A*54
2026-06-18T07:57:30.000Z $GPVTG,236.3,T,,M,8.0,N,14.8,K,A*3C
2026-06-18T07:57:40.000Z $GPRMC,075740.00,A,5316.9115,N,00458.8326,E,8.0,237.1,180626,,,A*50
2026-06-18T07:57:40.000Z $IIHDG,235.4,,,,*49
2026-06-18T07:57:40.000Z $IIMWV,247.6,T,11.1,N,A*0D
2026-06-18T07:57:40.000Z $IIRPM,E,1,2223,,A*57
2026-06-18T07:57:50.000Z $GPRMC,075750.00,A,5316.9480,N,00458.8240,E,8.0,236.5,180626,,,A*5C
2026-06-18T07:57:50.000Z $IIHDG,234.3,,,,*4F
2026-06-18T07:57:50.000Z $IIMWV,243.6,T,8.9,N,A*39
2026-06-18T07:57:50.000Z $IIRPM,E,1,2273,,A*52
2026-06-18T07:58:00.000Z $GPRMC,075800.00,A,5316.9276,N,00458.8083,E,8.0,236.9,180626,,,A*58
2026-06-18T07:58:00.000Z $GPGGA,075800.00,5316.9276,N,00458.8083,E,1,8,0.9,0.0,M,0.0,M,,*66
2026-06-18T07:58:00.000Z $IIHDG,234.5,,,,*49
2026-06-18T07:58:00.000Z $IIMWV,243.3,T,10.7,N,A*0B
2026-06-18T07:58:00.000Z $IIDBT,68.4,f,20.9,M,11.4,F*24
2026-06-18T07:58:00.000Z $IIRPM,E,1,2105,,A*50
2026-06-18T07:58:00.000Z $IIXDR,V,13.99,V,BATT*61
2026-06-18T07:58:00.000Z $GPVTG,236.9,T,,M,8.0,N,14.8,K,A*36
2026-06-18T07:58:10.000Z $GPRMC,075810.00,A,5316.9200,N,00458.7577,E,8.0,236.0,180626,,,A*50
2026-06-18T07:58:10.000Z $IIHDG,238.8,,,,*48
2026-06-18T07:58:10.000Z $IIMWV,244.9,T,8.5,N,A*3D
2026-06-18T07:58:10.000Z $IIRPM,E,1,2114,,A*50
2026-06-18T07:58:20.000Z $GPRMC,075820.00,A,5316.8771,N,00458.7631,E,8.0,235.6,180626,,,A*55
2026-06-18T07:58:20.000Z $IIHDG,233.8,,,,*43
2026-06-18T07:58:20.000Z $IIMWV,247.8,T,11.3,N,A*01
2026-06-18T07:58:20.000Z $IIRPM,E,1,2287,,A*59
2026-06-18T07:58:30.000Z $GPRMC,075830.00,A,5316.9026,N,00458.7432,E,8.0,237.1,180626,,,A*54
2026-06-18T07:58:30.000Z $GPGGA,075830.00,5316.9026,N,00458.7432,E,1,12,0.9,0.0,M,0.0,M,,*58
2026-06-18T07:58:30.000Z $IIHDG,235.1,,,,*4C
2026-06-18T07:58:30.000Z $IIMWV,245.0,T,9.2,N,A*33
2026-06-18T07:58:30.000Z $IIDBT,71.4,f,21.8,M,11.9,F*21
2026-06-18T07:58:30.000Z $IIRPM,E,1,2216,,A*51
2026-06-18T07:58:30.000Z $GPVTG,237.1,T,,M,8.0,N,14.8,K,A*3F
2026-06-18T07:58:40.000Z $GPRMC,075840.00,A,5316.8739,N,00458.6882,E,8.0,237.0,180626,,,A*5C
2026-06-18T07:58:40.000Z $IIHDG,236.6,,,,*48
2026-06-18T07:58:40.000Z $IIMWV,249.0,T,8.8,N,A*34
2026-06-18T07:58:40.000Z $IIRPM,E,1,2139,,A*5F
2026-06-18T07:58:50.000Z $GPRMC,075850.00,A,5316.8635,N,00458.6583,E,8.0,236.2,180626,,,A*5F
2026-06-18T07:58:50.000Z $IIHDG,236.6,,,,*48
2026-06-18T07:58:50.000Z $IIMWV,241.3,T,10.2,N,A*0C
2026-06-18T07:58:50.000Z $IIRPM,E,1,2114,,A*50
2026-06-18T07:59:00.000Z $GPRMC,075900.00,A,5316.8674,N,00458.6308,E,8.0,235.7,180626,,,A*5D
2026-06-18T07:59:00.000Z $GPGGA,075900.00,5316.8674,N,00458.6308,E,1,9,0.9,0.0,M,0.0,M,,*6F
2026-06-18T07:59:00.000Z $IIHDG,236.8,,,,*46
2026-06-18T07:59:00.000Z $IIMWV,244.1,T,9.2,N,A*33
2026-06-18T07:59:00.000Z $IIDBT,75.9,f,23.1,M,12.6,F*2F
2026-06-18T07:59:00.000Z $IIRPM,E,1,2121,,A*56
2026-06-18T07:59:00.000Z $IIXDR,V,14.07,V,BATT*61
2026-06-18T07:59:00.000Z $GPVTG,235.7,T,,M,8.0,N,14.8,K,A*3B
2026-06-18T07:59:10.000Z $GPRMC,075910.00,A,5316.8218,N,00458.6507,E,8.0,236.8,180626,,,A*57
2026-06-18T07:59:10.000Z $IIHDG,235.0,,,,*4D
2026-06-18T07:59:10.000Z $IIMWV,248.7,T,11.0,N,A*02
2026-06-18T07:59:10.000Z $IIRPM,E,1,2163,,A*50
2026-06-18T07:59:20.000Z $GPRMC,075920.00,A,5316.8435,N,00458.5763,E,8.0,235.5,180626,,,A*50
2026-06-18T07:59:20.000Z $IIHDG,235.2,,,,*4F
2026-06-18T07:59:20.000Z $IIMWV,242.9,T,10.2,N,A*05
2026-06-18T07:59:20.000Z $IIRPM,E,1,2151,,A*51
2026-06-18T07:59:30.000Z $GPRMC,075930.00,A,5316.8577,N,00458.5638,E,8.0,235.8,180626,,,A*54
2026-06-18T07:59:30.000Z $GPGGA,075930.00,5316.8577,N,00458.5638,E,1,11,0.9,0.0,M,0.0,M,,*50
2026-06-18T07:59:30.000Z $IIHDG,236.6,,,,*48
2026-06-18T07:59:30.000Z $IIMWV,241.9,T,10.1,N,A*05
2026-06-18T07:59:30.000Z $IIDBT,74.5,f,22.7,M,12.4,F*27
2026-06-18T07:59:30.000Z $IIRPM,E,1,2180,,A*5D
2026-06-18T07:59:30.000Z $GPVTG,235.8,T,,M,8.0,N,14.8,K,A*34
2026-06-18T07:59:40.000Z $GPRMC,075940.00,A,5316.8450,N,00458.5329,E,8.0,234.9,180626,,,A*52
2026-06-18T07:59:40.000Z $IIHDG,238.0,,,,*40
2026-06-18T07:59:40.000Z $IIMWV,247.3,T,9.3,N,A*33
2026-06-18T07:59:40.000Z $IIRPM,E,1,2220,,A*54
2026-06-18T07:59:50.000Z $GPRMC,075950.00,A,5316.8299,N,00458.5111,E,8.0,237.1,180626,,,A*52
2026-06-18T07:59:50.000Z $IIHDG,235.4,,,,*49
2026-06-18T07:59:50.000Z $IIMWV,248.5,T,9.2,N,A*3B
2026-06-18T07:59:50.000Z $IIRPM,E,1,2265,,A*55
2026-06-18T08:00:00.000Z $GPRMC,080000.00,A,5316.8200,N,00458.5140,E,8.0,236.9,180626,,,A*59
2026-06-18T08:00:00.000Z $GPGGA,080000.00,5316.8200,N,00458.5140,E,1,10,0.9,0.0,M,0.0,M,,*5E
2026-06-18T08:00:00.000Z $IIHDG,235.2,,,,*4F
2026-06-18T08:00:00.000Z $IIMWV,249.6,T,10.8,N,A*0B
2026-06-18T08:00:00.000Z $IIDBT,76.1,f,23.2,M,12.7,F*26
2026-06-18T08:00:00.000Z $IIRPM,E,1,2280,,A*5E
2026-06-18T08:00:00.000Z $IIXDR,V,13.94,V,BATT*6C
2026-06-18T08:00:00.000Z $IIMTA,17.0,C*03
2026-06-18T08:00:00.000Z $GPVTG,236.9,T,,M,8.0,N,14.8,K,A*36
2026-06-18T08:00:00.000Z !AIVDM,1,1,,A,B3a0sQ0tN05SAT7WPr9ruRP000000,0*13
2026-06-18T08:00:10.000Z $GPRMC,080010.00,A,5316.7903,N,00458.4891,E,8.0,237.7,180626,,,A*54
2026-06-18T08:00:10.000Z $IIHDG,237.0,,,,*4F
2026-06-18T08:00:10.000Z $IIMWV,247.9,T,11.1,N,A*02
2026-06-18T08:00:10.000Z $IIRPM,E,1,0,,A*66
2026-06-18T08:00:20.000Z $GPRMC,080020.00,A,5316.7825,N,00458.4715,E,8.0,234.8,180626,,,A*5D
2026-06-18T08:00:20.000Z $IIHDG,236.7,,,,*49
2026-06-18T08:00:20.000Z $IIMWV,244.5,T,9.1,N,A*34
2026-06-18T08:00:20.000Z $IIRPM,E,1,0,,A*66
2026-06-18T08:00:30.000Z $GPRMC,080030.00,A,5316.7700,N,00458.4076,E,8.0,237.8,180626,,,A*55
2026-06-18T08:00:30.000Z $GPGGA,080030.00,5316.7700,N,00458.4076,E,1,9,0.9,0.0,M,0.0,M,,*6A
2026-06-18T08:00:30.000Z $IIHDG,237.8,,,,*47
2026-06-18T08:00:30.000Z $IIMWV,251.1,T,8.5,N,A*31
2026-06-18T08:00:30.000Z $IIDBT,70.0,f,21.3,M,11.7,F*21
2026-06-18T08:00:30.000Z $IIRPM,E,1,0,,A*66
2026-06-18T08:00:30.000Z $GPVTG,237.8,T,,M,8.0,N,14.8,K,A*36
2026-06-18T08:00:30.000Z !AIVDM,1,1,,A,B3a0sQ0tN05S=97WPemruRP000000,0*41
2026-06-18T08:00:40.000Z $GPRMC,080040.00,A,5316.7311,N,00458.4000,E,8.0,234.8,180626,,,A*54
2026-06-18T08:00:40.000Z $IIHDG,237.8,,,,*47
2026-06-18T08:00:40.000Z $IIMWV,249.9,T,8.9,N,A*3C
2026-06-18T08:00:40.000Z $IIRPM,E,1,0,,A*66
2026-06-18T08:00:50.000Z $GPRMC,080050.00,A,5316.7765,N,00458.3745,E,8.0,236.0,180626,,,A*59
2026-06-18T08:00:50.000Z $IIHDG,235.9,,,,*44
2026-06-18T08:00:50.000Z $IIMWV,250.0,T,9.3,N,A*36
2026-06-18T08:00:50.000Z $IIRPM,E,1,0,,A*66
2026-06-18T08:01:00.000Z $GPRMC,080100.00,A,5316.7241,N,00458.3673,E,8.0,236.1,180626,,,A*5B
2026-06-18T08:01:00.000Z $GPGGA,080100.00,5316.7241,N,00458.3673,E,1,11,0.9,0.0,M,0.0,M,,*55
2026-06-18T08:01:00.000Z $IIHDG,234.9,,,,*45
2026-06-18T08:01:00.000Z $IIMWV,247.4,T,10.8,N,A*07
2026-06-18T08:01:00.000Z $IIDBT,67.8,f,20.7,M,11.3,F*2E
2026-06-18T08:01:00.000Z $IIRPM,E,1,0,,A*66
2026-06-18T08:01:00.000Z $IIXDR,V,12.56,V,BATT*63
2026-06-18T08:01:00.000Z $GPVTG,236.1,T,,M,8.0,N,14.8,K,A*3E
2026-06-18T08:01:00.000Z !AIVDM,1,1,,A,B3a0sQ0tN05S8GWWPi9ruRP000000,0*02
2026-06-18T08:01:10.000Z $GPRMC,080110.00,A,5316.7579,N,00458.3469,E,8.0,236.8,180626,,,A*56
2026-06-18T08:01:10.000Z $IIHDG,236.4,,,,*4A
2026-06-18T08:01:10.000Z $IIMWV,246.4,T,8.7,N,A*30
2026-06-18T08:01:10.000Z $IIRPM,E,1,0,,A*66
2026-06-18T08:01:20.000Z $GPRMC,080120.00,A,5316.7295,N,00458.3167,E,8.0,235.7,180626,,,A*57
2026-06-18T08:01:20.000Z $IIHDG,236.0,,,,*4E
2026-06-18T08:01:20.000Z $IIMWV,251.2,T,11.0,N,A*0F
2026-06-18T08:01:20.000Z $IIRPM,E,1,0,,A*66
2026-06-18T08:01:30.000Z $GPRMC,080130.00,A,5316.7376,N,00458.2986,E,8.0,237.8,180626,,,A*51
2026-06-18T08:01:30.000Z $GPGGA,080130.00,5316.7376,N,00458.2986,E,1,11,0.9,0.0,M,0.0,M,,*57
2026-06-18T08:01:30.000Z $IIHDG,237.4,,,,*4B
2026-06-18T08:01:30.000Z $IIMWV,249.7,T,10.3,N,A*01
2026-06-18T08:01:30.000Z $IIDBT,76.0,f,23.2,M,12.7,F*27
2026-06-18T08:01:30.000Z $IIRPM,E,1,0,,A*66
2026-06-18T08:01:30.000Z $GPVTG,237.8,T,,M,8.0,N,14.8,K,A*36
2026-06-18T08:01:30.000Z !AIVDM,1,1,,A,B3a0sQ0tN05S5q7WP@aruRP000000,0*28
2026-06-18T08:01:40.000Z $GPRMC,080140.00,A,5316.7140,N,00458.2204,E,8.0,237.4,180626,,,A*5C
2026-06-18T08:01:40.000Z $IIHDG,237.7,,,,*48
2026-06-18T08:01:40.000Z $IIMWV,248.6,T,9.3,N,A*39
2026-06-18T08:01:40.000Z $IIRPM,E,1,0,,A*66
2026-06-18T08:01:50.000Z $GPRMC,080150.00,A,5316.6942,N,00458.2113,E,8.0,235.8,180626,,,A*5D
2026-06-18T08:01:50.000Z $IIHDG,237.2,,,,*4D
2026-06-18T08:01:50.000Z $IIMWV,250.3,T,9.3,N,A*35
2026-06-18T08:01:50.000Z $IIRPM,E,1,0,,A*66
2026-06-18T08:02:00.000Z $GPRMC,080200.00,A,5316.6588,N,00458.2162,E,8.0,237.7,180626,,,A*5A
2026-06-18T08:02:00.000Z $GPGGA,080200.00,5316.6588,N,00458.2162,E,1,12,0.9,0.0,M,0.0,M,,*50
2026-06-18T08:02:00.000Z $IIHDG,238.6,,,,*46
2026-06-18T08:02:00.000Z $IIMWV,241.3,T,9.6,N,A*30
2026-06-18T08:02:00.000Z $IIDBT,70.2,f,21.4,M,11.7,F*24
2026-06-18T08:02:00.000Z $IIRPM,E,1,0,,A*66
2026-06-18T08:02:00.000Z $IIXDR,V,12.54,V,BATT*61
2026-06-18T08:02:00.000Z $GPVTG,237.7,T,,M,8.0,N,14.8,K,A*39
2026-06-18T08:02:00.000Z !AIVDM,1,1,,A,B3a0sQ0tN05S7iWWNsUruRP000000,0*4B
2026-06-18T08:02:10.000Z $GPRMC,080210.00,A,5316.6601,N,00458.1911,E,8.0,234.9,180626,,,A*5B
2026-06-18T08:02:10.000Z $IIHDG,237.6,,,,*49
2026-06-18T08:02:10.000Z $IIMWV,247.3,T,8.9,N,A*38
2026-06-18T08:02:10.000Z $IIRPM,E,1,0,,A*66
2026-06-18T08:02:20.000Z $GPRMC,080220.00,A,5316.6759,N,00458.1276,E,8.0,235.4,180626,,,A*52
2026-06-18T08:02:20.000Z $IIHDG,235.7,,,,*4A
2026-06-18T08:02:20.000Z $IIMWV,243.6,T,8.8,N,A*38
2026-06-18T08:02:20.000Z $IIRPM,E,1,0,,A*66
2026-06-18T08:02:30.000Z $GPRMC,080230.00,A,5316.6724,N,00458.1130,E,8.0,237.7,180626,,,A*59
2026-06-18T08:02:30.000Z $GPGGA,080230.00,5316.6724,N,00458.1130,E,1,11,0.9,0.0,M,0.0,M,,*50
2026-06-18T08:02:30.000Z $IIHDG,234.9,,,,*45
2026-06-18T08:02:30.000Z $IIMWV,250.3,T,9.4,N,A*32
2026-06-18T08:02:30.000Z $IIDBT,76.6,f,23.4,M,12.8,F*28
2026-06-18T08:02:30.000Z $IIRPM,E,1,0,,A*66
2026-06-18T08:02:30.000Z $GPVTG,237.7,T,,M,8.0,N,14.8,K,A*39
2026-06-18T08:02:30.000Z !AIVDM,1,1,,A,B3a0sQ0tN05S5M7WNCQruRP000000,0*39
2026-06-18T08:02:40.000Z $GPRMC,080240.00,A,5316.6467,N,00458.0784,E,8.0,235.6,180626,,,A*51
2026-06-18T08:02:40.000Z $IIHDG,236.5,,,,*4B
2026-06-18T08:02:40.000Z $IIMWV,248.4,T,9.7,N,A*3F
2026-06-18T08:02:40.000Z $IIRPM,E,1,0,,A*66
2026-06-18T08:02:50.000Z $GPRMC,080250.00,A,5316.6361,N,00458.0856,E,8.0,235.2,180626,,,A*55
2026-06-18T08:02:50.000Z $IIHDG,238.2,,,,*42
2026-06-18T08:02:50.000Z $IIMWV,247.6,T,9.7,N,A*32
2026-06-18T08:02:50.000Z $IIRPM,E,1,0,,A*66
2026-06-18T08:03:00.000Z $GPRMC,080300.00,A,5316.5959,N,00458.0718,E,8.0,235.3,180626,,,A*57
2026-06-18T08:03:00.000Z $GPGGA,080300.00,5316.5959,N,00458.0718,E,1,9,0.9,0.0,M,0.0,M,,*61
2026-06-18T08:03:00.000Z $IIHDG,237.8,,,,*47
2026-06-18T08:03:00.000Z $IIMWV,242.6,T,8.9,N,A*38
2026-06-18T08:03:00.000Z $IIDBT,71.7,f,21.8,M,11.9,F*22
2026-06-18T08:03:00.000Z $IIRPM,E,1,0,,A*66
2026-06-18T08:03:00.000Z $IIXDR,V,12.64,V,BATT*62
2026-06-18T08:03:00.000Z $GPVTG,235.3,T,,M,8.0,N,14.8,K,A*3F
2026-06-18T08:03:00.000Z !AIVDM,1,1,,A,B3a0sQ0tN05S5uWWMfuruRP000000,0*63
2026-06-18T08:03:10.000Z $GPRMC,080310.00,A,5316.6109,N,00458.0271,E,8.0,236.5,180626,,,A*57
2026-06-18T08:03:10.000Z $IIHDG,234.9,,,,*45
2026-06-18T08:03:10.000Z $IIMWV,251.0,T,10.1,N,A*0D
2026-06-18T08:03:10.000Z $IIRPM,E,1,0,,A*66
2026-06-18T08:03:20.000Z $GPRMC,080320.00,A,5316.5922,N,00458.0130,E,8.0,236.9,180626,,,A*5C
2026-06-18T08:03:20.000Z $IIHDG,233.9,,,,*42
2026-06-18T08:03:20.000Z $IIMWV,249.4,T,11.1,N,A*01
2026-06-18T08:03:20.000Z $IIRPM,E,1,0,,A*66
2026-06-18T08:03:30.000Z $GPRMC,080330.00,A,5316.5915,N,00457.9456,E,8.0,234.9,180626,,,A*58
2026-06-18T08:03:30.000Z $GPGGA,080330.00,5316.5915,N,00457.9456,E,1,10,0.9,0.0,M,0.0,M,,*5D
2026-06-18T08:03:30.000Z $IIHDG,234.5,,,,*49
2026-06-18T08:03:30.000Z $IIMWV,242.9,T,8.7,N,A*39
2026-06-18T08:03:30.000Z $IIDBT,69.7,f,21.2,M,11.6,F*2E
2026-06-18T08:03:30.000Z $IIRPM,E,1,0,,A*66
2026-06-18T08:03:30.000Z $GPVTG,234.9,T,,M,8.0,N,14.8,K,A*34
2026-06-18T08:03:30.000Z !AIVDM,1,1,,A,B3a0sQ0tN05RuI7WN=eruRP000000,0*36
2026-06-18T08:03:40.000Z $GPRMC,080340.00,A,5316.6045,N,00457.9324,E,8.0,235.6,180626,,,A*5C
2026-06-18T08:03:40.000Z $IIHDG,237.3,,,,*4C
2026-06-18T08:03:40.000Z $IIMWV,249.8,T,11.3,N,A*0F
2026-06-18T08:03:40.000Z $IIRPM,E,1,0,,A*66
2026-06-18T08:03:50.000Z $GPRMC,080350.00,A,5316.5622,N,00457.9330,E,8.0,236.3,180626,,,A*5A
2026-06-18T08:03:50.000Z $IIHDG,237.9,,,,*46
2026-06-18T08:03:50.000Z $IIMWV,245.3,T,9.6,N,A*34
2026-06-18T08:03:50.000Z $IIRPM,E,1,0,,A*66
2026-06-18T08:04:00.000Z $GPRMC,080400.00,A,5316.5809,N,00457.9015,E,8.0,236.6,180626,,,A*5E
2026-06-18T08:04:00.000Z $GPGGA,080400.00,5316.5809,N,00457.9015,E,1,9,0.9,0.0,M,0.0,M,,*6E
2026-06-18T08:04:00.000Z $IIHDG,235.9,,,,*44
2026-06-18T08:04:00.000Z $IIMWV,247.0,T,8.9,N,A*3B
2026-06-18T08:04:00.000Z $IIDBT,73.2,f,22.3,M,12.2,F*25
2026-06-18T08:04:00.000Z $IIRPM,E,1,0,,A*66
2026-06-18T08:04:00.000Z $IIXDR,V,12.58,V,BATT*6D
2026-06-18T08:04:00.000Z $GPVTG,236.6,T,,M,8.0,N,14.8,K,A*39
2026-06-18T08:04:00.000Z !AIVDM,1,1,,A,B3a0sQ0tN05S2WWWLraruRP000000,0*47
2026-06-18T08:04:10.000Z $GPRMC,080410.00,A,5316.5558,N,00457.8874,E,8.0,237.3,180626,,,A*5C
2026-06-18T08:04:10.000Z $IIHDG,234.5,,,,*49
2026-06-18T08:04:10.000Z $IIMWV,248.0,T,10.3,N,A*07
2026-06-18T08:04:10.000Z $IIRPM,E,1,0,,A*66
2026-06-18T08:04:20.000Z $GPRMC,080420.00,A,5316.5625,N,00457.8790,E,8.0,234.9,180626,,,A*5A
2026-06-18T08:04:20.000Z $IIHDG,236.6,,,,*48
2026-06-18T08:04:20.000Z $IIMWV,247.5,T,9.5,N,A*33
2026-06-18T08:04:20.000Z $IIRPM,E,1,0,,A*66
2026-06-18T08:04:30.000Z $GPRMC,080430.00,A,5316.5109,N,00457.8533,E,8.0,235.2,180626,,,A*53
2026-06-18T08:04:30.000Z $GPGGA,080430.00,5316.5109,N,00457.8533,E,1,10,0.9,0.0,M,0.0,M,,*5C
2026-06-18T08:04:30.000Z $IIHDG,238.4,,,,*44
2026-06-18T08:04:30.000Z $IIMWV,249.8,T,9.4,N,A*31
2026-06-18T08:04:30.000Z $IIDBT,76.6,f,23.3,M,12.8,F*2F
2026-06-18T08:04:30.000Z $IIRPM,E,1,0,,A*66
2026-06-18T08:04:30.000Z $GPVTG,235.2,T,,M,8.0,N,14.8,K,A*3E
2026-06-18T08:04:30.000Z !AIVDM,1,1,,A,B3a0sQ0tN05Rtc7WM@iruRP000000,0*6F
2026-06-18T08:04:40.000Z $GPRMC,080440.00,A,5316.5435,N,00457.7913,E,8.0,237.6,180626,,,A*59
2026-06-18T08:04:40.000Z $IIHDG,236.8,,,,*46
2026-06-18T08:04:40.000Z $IIMWV,241.6,T,10.8,N,A*03
2026-06-18T08:04:40.000Z $IIRPM,E,1,0,,A*66
2026-06-18T08:04:50.000Z $GPRMC,080450.00,A,5316.5057,N,00457.7598,E,8.0,236.3,180626,,,A*53
2026-06-18T08:04:50.000Z $IIHDG,234.1,,,,*4D
2026-06-18T08:04:50.000Z $IIMWV,241.8,T,9.0,N,A*3D
2026-06-18T08:04:50.000Z $IIRPM,E,1,0,,A*66
2026-06-18T08:05:00.000Z $GPRMC,080500.00,A,5316.5004,N,00457.7695,E,8.0,237.4,180626,,,A*59
2026-06-18T08:05:00.000Z $GPGGA,080500.00,5316.5004,N,00457.7695,E,1,8,0.9,0.0,M,0.0,M,,*6B
2026-06-18T08:05:00.000Z $IIHDG,235.4,,,,*49
2026-06-18T08:05:00.000Z $IIMWV,242.7,T,9.7,N,A*36
2026-06-18T08:05:00.000Z $IIDBT,76.2,f,23.2,M,12.7,F*25
2026-06-18T08:05:00.000Z $IIRPM,E,1,0,,A*66
2026-06-18T08:05:00.000Z $IIXDR,V,12.62,V,BATT*64
2026-06-18T08:05:00.000Z $IIMTA,17.2,C*01
2026-06-18T08:05:00.000Z $GPVTG,237.4,T,,M,8.0,N,14.8,K,A*3A
2026-06-18T08:05:00.000Z !AIVDM,1,1,,A,B3a0sQ0tN05RptWWLjMruRP000000,0*13
2026-06-18T08:05:10.000Z $GPRMC,080510.00,A,5316.4745,N,00457.6991,E,8.0,237.2,180626,,,A*57
2026-06-18T08:05:10.000Z $IIHDG,236.4,,,,*4A
2026-06-18T08:05:10.000Z $IIMWV,248.5,T,9.5,N,A*3C
2026-06-18T08:05:10.000Z $IIRPM,E,1,0,,A*66
2026-06-18T08:05:20.000Z $GPRMC,080520.00,A,5316.4529,N,00457.7186,E,8.0,236.9,180626,,,A*59
2026-06-18T08:05:20.000Z $IIHDG,237.3,,,,*4C
2026-06-18T08:05:20.000Z $IIMWV,248.5,T,9.2,N,A*3B
2026-06-18T08:05:20.000Z $IIRPM,E,1,0,,A*66
2026-06-18T08:05:30.000Z $GPRMC,080530.00,A,5316.4433,N,00457.7026,E,8.0,234.9,180626,,,A*5B
2026-06-18T08:05:30.000Z $GPGGA,080530.00,5316.4433,N,00457.7026,E,1,10,0.9,0.0,M,0.0,M,,*5E
2026-06-18T08:05:30.000Z $IIHDG,233.9,,,,*42
2026-06-18T08:05:30.000Z $IIMWV,245.8,T,9.0,N,A*39
2026-06-18T08:05:30.000Z $IIDBT,70.9,f,21.6,M,11.8,F*22
2026-06-18T08:05:30.000Z $IIRPM,E,1,0,,A*66
2026-06-18T08:05:30.000Z $GPVTG,234.9,T,,M,8.0,N,14.8,K,A*34
2026-06-18T08:05:30.000Z !AIVDM,1,1,,A,B3a0sQ0tN05Rq17WK@AruRP000000,0*16
2026-06-18T08:05:40.000Z $GPRMC,080540.00,A,5316.4734,N,00457.6792,E,8.0,235.9,180626,,,A*50
2026-06-18T08:05:40.000Z $IIHDG,237.8,,,,*47
2026-06-18T08:05:40.000Z $IIMWV,251.2,T,8.8,N,A*3F
2026-06-18T08:05:40.000Z $IIRPM,E,1,0,,A*66
2026-06-18T08:05:50.000Z $GPRMC,080550.00,A,5316.4623,N,00457.6324,E,8.0,235.0,180626,,,A*56
2026-06-18T08:05:50.000Z $IIHDG,234.1,,,,*4D
2026-06-18T08:05:50.000Z $IIMWV,248.2,T,11.2,N,A*05
2026-06-18T08:05:50.000Z $IIRPM,E,1,0,,A*66
2026-06-18T08:06:00.000Z $GPRMC,080600.00,A,5316.4343,N,00457.6277,E,8.0,235.5,180626,,,A*51
2026-06-18T08:06:00.000Z $GPGGA,080600.00,5316.4343,N,00457.6277,E,1,9,0.9,0.0,M,0.0,M,,*61
2026-06-18T08:06:00.000Z $IIHDG,235.2,,,,*4F
2026-06-18T08:06:00.000Z $IIMWV,249.7,T,8.9,N,A*32
2026-06-18T08:06:00.000Z $IIDBT,75.7,f,23.1,M,12.6,F*21
2026-06-18T08:06:00.000Z $IIRPM,E,1,0,,A*66
2026-06-18T08:06:00.000Z $IIXDR,V,12.54,V,BATT*61
2026-06-18T08:06:00.000Z $GPVTG,235.5,T,,M,8.0,N,14.8,K,A*39
2026-06-18T08:06:00.000Z !AIVDM,1,1,,A,B3a0sQ0tN05RncWWKQAruRP000000,0*2A
2026-06-18T08:06:10.000Z $GPRMC,080610.00,A,5316.4403,N,00457.5970,E,8.0,236.2,180626,,,A*58
2026-06-18T08:06:10.000Z $IIHDG,236.1,,,,*4F
2026-06-18T08:06:10.000Z $IIMWV,249.1,T,11.4,N,A*01
2026-06-18T08:06:10.000Z $IIRPM,E,1,0,,A*66
2026-06-18T08:06:20.000Z $GPRMC,080620.00,A,5316.4218,N,00457.5587,E,8.0,237.3,180626,,,A*53
2026-06-18T08:06:20.000Z $IIHDG,238.4,,,,*44
2026-06-18T08:06:20.000Z $IIMWV,243.0,T,10.3,N,A*0C
2026-06-18T08:06:20.000Z $IIRPM,E,1,0,,A*66
2026-06-18T08:06:30.000Z $GPRMC,080630.00,A,5316.4318,N,00457.5260,E,8.0,237.1,180626,,,A*5F
2026-06-18T08:06:30.000Z $GPGGA,080630.00,5316.4318,N,00457.5260,E,1,8,0.9,0.0,M,0.0,M,,*68
2026-06-18T08:06:30.000Z $IIHDG,237.6,,,,*49
2026-06-18T08:06:30.000Z $IIMWV,243.3,T,8.6,N,A*33
2026-06-18T08:06:30.000Z $IIDBT,70.5,f,21.5,M,11.8,F*2D
2026-06-18T08:06:30.000Z $IIRPM,E,1,0,,A*66
2026-06-18T08:06:30.000Z $GPVTG,237.1,T,,M,8.0,N,14.8,K,A*3F
2026-06-18T08:06:30.000Z !AIVDM,1,1,,A,B3a0sQ0tN05Rmo7WKB9ruRP000000,0*2E
2026-06-18T08:06:40.000Z $GPRMC,080640.00,A,5316.4180,N,00457.5191,E,8.0,235.9,180626,,,A*5C
2026-06-18T08:06:40.000Z $IIHDG,237.2,,,,*4D
2026-06-18T08:06:40.000Z $IIMWV,245.1,T,10.0,N,A*08
2026-06-18T08:06:40.000Z $IIRPM,E,1,0,,A*66
2026-06-18T08:06:50.000Z $GPRMC,080650.00,A,5316.3831,N,00457.4554,E,8.0,235.2,180626,,,A*5E
2026-06-18T08:06:50.000Z $IIHDG,237.7,,,,*48
2026-06-18T08:06:50.000Z $IIMWV,241.9,T,9.5,N,A*39
2026-06-18T08:06:50.000Z $IIRPM,E,1,0,,A*66
2026-06-18T08:07:00.000Z $GPRMC,080700.00,A,5316.3962,N,00457.4671,E,8.0,234.9,180626,,,A*53
2026-06-18T08:07:00.000Z $GPGGA,080700.00,5316.3962,N,00457.4671,E,1,11,0.9,0.0,M,0.0,M,,*57
2026-06-18T08:07:00.000Z $IIHDG,236.0,,,,*4E
2026-06-18T08:07:00.000Z $IIMWV,244.6,T,9.6,N,A*30
2026-06-18T08:07:00.000Z $IIDBT,77.6,f,23.6,M,12.9,F*2A
2026-06-18T08:07:00.000Z $IIRPM,E,1,0,,A*66
2026-06-18T08:07:00.000Z $IIXDR,V,12.60,V,BATT*66
2026-06-18T08:07:00.000Z $GPVTG,234.9,T,,M,8.0,N,14.8,K,A*34
2026-06-18T08:07:00.000Z !AIVDM,1,1,,A,B3a0sQ0tN05Rj67WJ9iruRP000000,0*5A
2026-06-18T08:07:10.000Z $GPRMC,080710.00,A,5316.3430,N,00457.4493,E,8.0,235.6,180626,,,A*58
2026-06-18T08:07:10.000Z $IIHDG,235.4,,,,*49
2026-06-18T08:07:10.000Z $IIMWV,248.6,T,8.7,N,A*3C
2026-06-18T08:07:10.000Z $IIRPM,E,1,0,,A*66
2026-06-18T08:07:20.000Z $GPRMC,080720.00,A,5316.3458,N,00457.4000,E,8.0,235.4,180626,,,A*59
2026-06-18T08:07:20.000Z $IIHDG,235.4,,,,*49
2026-06-18T08:07:20.000Z $IIMWV,248.5,T,10.6,N,A*07
2026-06-18T08:07:20.000Z $IIRPM,E,1,0,,A*66
2026-06-18T08:07:30.000Z $GPRMC,080730.00,A,5316.3445,N,00457.3808,E,8.0,236.3,180626,,,A*57
2026-06-18T08:07:30.000Z $GPGGA,080730.00,5316.3445,N,00457.3808,E,1,9,0.9,0.0,M,0.0,M,,*62
2026-06-18T08:07:30.000Z $IIHDG,236.8,,,,*46
2026-06-18T08:07:30.000Z $IIMWV,241.9,T,8.7,N,A*3A
2026-06-18T08:07:30.000Z $IIDBT,69.9,f,21.3,M,11.6,F*21
2026-06-18T08:07:30.000Z $IIRPM,E,1,0,,A*66
2026-06-18T08:07:30.000Z $GPVTG,236.3,T,,M,8.0,N,14.8,K,A*3C
2026-06-18T08:07:30.000Z !AIVDM,1,1,,A,B3a0sQ0tN05RdNWWIm1ruRP000000,0*43
2026-06-18T08:07:40.000Z $GPRMC,080740.00,A,5316.3678,N,00457.3302,E,8.0,236.6,180626,,,A*58
2026-06-18T08:07:40.000Z $IIHDG,234.1,,,,*4D
2026-06-18T08:07:40.000Z $IIMWV,251.2,T,10.5,N,A*0B
2026-06-18T08:07:40.000Z $IIRPM,E,1,0,,A*66
2026-06-18T08:07:50.000Z $GPRMC,080750.00,A,5316.3104,N,00457.3285,E,8.0,237.7,180626,,,A*5B
2026-06-18T08:07:50.000Z $IIHDG,235.6,,,,*4B
2026-06-18T08:07:50.000Z $IIMWV,245.7,T,8.9,N,A*3E
2026-06-18T08:07:50.000Z $IIRPM,E,1,0,,A*66
2026-06-18T08:08:00.000Z $GPRMC,080800.00,A,5316.3469,N,00457.2849,E,8.0,237.2,180626,,,A*51
2026-06-18T08:08:00.000Z $GPGGA,080800.00,5316.3469,N,00457.2849,E,1,9,0.9,0.0,M,0.0,M,,*64
2026-06-18T08:08:00.000Z $IIHDG,236.5,,,,*4B
2026-06-18T08:08:00.000Z $IIMWV,242.9,T,11.4,N,A*02
2026-06-18T08:08:00.000Z $IIDBT,77.2,f,23.5,M,12.9,F*2D
2026-06-18T08:08:00.000Z $IIRPM,E,1,0,,A*66
2026-06-18T08:08:00.000Z $IIXDR,V,12.70,V,BATT*67
2026-06-18T08:08:00.000Z $GPVTG,237.2,T,,M,8.0,N,14.8,K,A*3C
2026-06-18T08:08:00.000Z !AIVDM,1,1,,A,B3a0sQ0tN05RdWWWICIruRP000000,0*0C
2026-06-18T08:08:10.000Z $GPRMC,080810.00,A,5316.2822,N,00457.2814,E,8.0,236.3,180626,,,A*5A
2026-06-18T08:08:10.000Z $IIHDG,236.7,,,,*49
2026-06-18T08:08:10.000Z $IIMWV,241.9,T,10.4,N,A*00
2026-06-18T08:08:10.000Z $IIRPM,E,1,0,,A*66
2026-06-18T08:08:20.000Z $GPRMC,080820.00,A,5316.3155,N,00457.2683,E,8.0,235.5,180626,,,A*54
2026-06-18T08:08:20.000Z $IIHDG,237.8,,,,*47
2026-06-18T08:08:20.000Z $IIMWV,242.8,T,9.9,N,A*37
2026-06-18T08:08:20.000Z $IIRPM,E,1,0,,A*66
2026-06-18T08:08:30.000Z $GPRMC,080830.00,A,5316.3183,N,00457.2090,E,8.0,235.3,180626,,,A*5C
2026-06-18T08:08:30.000Z $GPGGA,080830.00,5316.3183,N,00457.2090,E,1,11,0.9,0.0,M,0.0,M,,*53
2026-06-18T08:08:30.000Z $IIHDG,236.7,,,,*49
2026-06-18T08:08:30.000Z $IIMWV,244.2,T,9.8,N,A*3A
2026-06-18T08:08:30.000Z $IIDBT,70.1,f,21.4,M,11.7,F*27
2026-06-18T08:08:30.000Z $IIRPM,E,1,0,,A*66
2026-06-18T08:08:30.000Z $GPVTG,235.3,T,,M,8.0,N,14.8,K,A*3F
2026-06-18T08:08:30.000Z !AIVDM,1,1,,A,B3a0sQ0tN05RduWWHQEruRP000000,0*31
2026-06-18T08:08:40.000Z $GPRMC,080840.00,A,5316.2561,N,00457.2205,E,8.0,236.6,180626,,,A*5A
2026-06-18T08:08:40.000Z $IIHDG,234.6,,,,*4A
2026-06-18T08:08:40.000Z $IIMWV,242.7,T,10.1,N,A*08
2026-06-18T08:08:40.000Z $IIRPM,E,1,0,,A*66
2026-06-18T08:08:50.000Z $GPRMC,080850.00,A,5316.2433,N,00457.2013,E,8.0,235.8,180626,,,A*55
2026-06-18T08:08:50.000Z $IIHDG,234.2,,,,*4E
2026-06-18T08:08:50.000Z $IIMWV,247.6,T,8.9,N,A*3D
2026-06-18T08:08:50.000Z $IIRPM,E,1,0,,A*66
2026-06-18T08:09:00.000Z $GPRMC,080900.00,A,5316.2532,N,00457.1470,E,8.0,235.9,180626,,,A*52
2026-06-18T08:09:00.000Z $GPGGA,080900.00,5316.2532,N,00457.1470,E,1,9,0.9,0.0,M,0.0,M,,*6E
2026-06-18T08:09:00.000Z $IIHDG,238.7,,,,*47
2026-06-18T08:09:00.000Z $IIMWV,246.9,T,11.0,N,A*02
2026-06-18T08:09:00.000Z $IIDBT,77.4,f,23.6,M,12.9,F*28
2026-06-18T08:09:00.000Z $IIRPM,E,1,0,,A*66
2026-06-18T08:09:00.000Z $IIXDR,V,12.70,V,BATT*67
2026-06-18T08:09:00.000Z $GPVTG,235.9,T,,M,8.0,N,14.8,K,A*35
2026-06-18T08:09:00.000Z !AIVDM,1,1,,A,B3a0sQ0tN05R`SWWGu5ruRP000000,0*48
2026-06-18T08:09:10.000Z $GPRMC,080910.00,A,5316.2714,N,00457.1156,E,8.0,237.0,180626,,,A*5F
2026-06-18T08:09:10.000Z $IIHDG,234.8,,,,*44
2026-06-18T08:09:10.000Z $IIMWV,244.2,T,10.5,N,A*0F
2026-06-18T08:09:10.000Z $IIRPM,E,1,0,,A*66
2026-06-18T08:09:20.000Z $GPRMC,080920.00,A,5316.2132,N,00457.0920,E,8.0,235.8,180626,,,A*5C
2026-06-18T08:09:20.000Z $IIHDG,237.5,,,,*4A
2026-06-18T08:09:20.000Z $IIMWV,248.8,T,9.9,N,A*3D
2026-06-18T08:09:20.000Z $IIRPM,E,1,0,,A*66
2026-06-18T08:09:30.000Z $GPRMC,080930.00,A,5316.2496,N,00457.0746,E,8.0,236.8,180626,,,A*5B
2026-06-18T08:09:30.000Z $GPGGA,080930.00,5316.2496,N,00457.0746,E,1,8,0.9,0.0,M,0.0,M,,*64
2026-06-18T08:09:30.000Z $IIHDG,236.5,,,,*4B
2026-06-18T08:09:30.000Z $IIMWV,241.7,T,10.2,N,A*08
2026-06-18T08:09:30.000Z $IIDBT,73.5,f,22.4,M,12.2,F*25
2026-06-18T08:09:30.000Z $IIRPM,E,1,0,,A*66
2026-06-18T08:09:30.000Z $GPVTG,236.8,T,,M,8.0,N,14.8,K,A*37
2026-06-18T08:09:30.000Z !AIVDM,1,1,,A,B3a0sQ0tN05RU6WWGdQruRP000000,0*6D
2026-06-18T08:09:40.000Z $GPRMC,080940.00,A,5316.2088,N,00457.0695,E,8.0,236.6,180626,,,A*56
2026-06-18T08:09:40.000Z $IIHDG,238.7,,,,*47
2026-06-18T08:09:40.000Z $IIMWV,247.5,T,8.9,N,A*3E
2026-06-18T08:09:40.000Z $IIRPM,E,1,0,,A*66
2026-06-18T08:09:50.000Z $GPRMC,080950.00,A,5316.2041,N,00457.0021,E,8.0,237.2,180626,,,A*5E
2026-06-18T08:09:50.000Z $IIHDG,238.5,,,,*45
2026-06-18T08:09:50.000Z $IIMWV,250.2,T,11.4,N,A*0A
2026-06-18T08:09:50.000Z $IIRPM,E,1,0,,A*66
2026-06-18T08:10:00.000Z $GPRMC,081000.00,A,5316.2166,N,00456.9937,E,8.0,236.3,180626,,,A*51
2026-06-18T08:10:00.000Z $GPGGA,081000.00,5316.2166,N,00456.9937,E,1,10,0.9,0.0,M,0.0,M,,*5C
2026-06-18T08:10:00.000Z $IIHDG,233.8,,,,*43
2026-06-18T08:10:00.000Z $IIMWV,243.2,T,11.3,N,A*0F
2026-06-18T08:10:00.000Z $IIDBT,70.9,f,21.6,M,11.8,F*22
2026-06-18T08:10:00.000Z $IIRPM,E,1,0,,A*66
2026-06-18T08:10:00.000Z $IIXDR,V,12.66,V,BATT*60
2026-06-18T08:10:00.000Z $IIMTA,16.8,C*0A
2026-06-18T08:10:00.000Z $GPVTG,236.3,T,,M,8.0,N,14.8,K,A*3C
2026-06-18T08:10:00.000Z !AIVDM,1,1,,A,B3a0sQ0tN05RRb7WFmmruRP000000,0*6A
2026-06-18T08:10:10.000Z $GPRMC,081010.00,A,5316.2091,N,00456.9767,E,8.0,236.1,180626,,,A*50
2026-06-18T08:10:10.000Z $IIHDG,237.9,,,,*46
2026-06-18T08:10:10.000Z $IIMWV,248.2,T,9.1,N,A*3F
2026-06-18T08:10:10.000Z $IIRPM,E,1,0,,A*66
2026-06-18T08:10:20.000Z $GPRMC,081020.00,A,5316.2064,N,00456.9715,E,8.0,236.3,180626,,,A*5E
2026-06-18T08:10:20.000Z $IIHDG,234.1,,,,*4D
2026-06-18T08:10:20.000Z $IIMWV,241.9,T,10.1,N,A*05
2026-06-18T08:10:20.000Z $IIRPM,E,1,0,,A*66
2026-06-18T08:10:30.000Z $GPRMC,081030.00,A,5316.1791,N,00456.8961,E,8.0,235.5,180626,,,A*58
2026-06-18T08:10:30.000Z $GPGGA,081030.00,5316.1791,N,00456.8961,E,1,12,0.9,0.0,M,0.0,M,,*52
2026-06-18T08:10:30.000Z $IIHDG,237.6,,,,*49
2026-06-18T08:10:30.000Z $IIMWV,242.8,T,9.9,N,A*37
2026-06-18T08:10:30.000Z $IIDBT,72.3,f,22.0,M,12.1,F*25
2026-06-18T08:10:30.000Z $IIRPM,E,1,0,,A*66
2026-06-18T08:10:30.000Z $GPVTG,235.5,T,,M,8.0,N,14.8,K,A*39
2026-06-18T08:10:30.000Z !AIVDM,1,1,,A,B3a0sQ0tN05R`v7WFfaruRP000000,0*4B
2026-06-18T08:10:40.000Z $GPRMC,081040.00,A,5316.1448,N,00456.9115,E,8.0,235.3,180626,,,A*54
2026-06-18T08:10:40.000Z $IIHDG,236.0,,,,*4E
2026-06-18T08:10:40.000Z $IIMWV,246.1,T,9.8,N,A*3B
2026-06-18T08:10:40.000Z $IIRPM,E,1,0,,A*66
2026-06-18T08:10:50.000Z $GPRMC,081050.00,A,5316.1796,N,00456.8500,E,8.0,237.1,180626,,,A*54
2026-06-18T08:10:50.000Z $IIHDG,236.6,,,,*48
2026-06-18T08:10:50.000Z $IIMWV,249.5,T,9.4,N,A*3C
2026-06-18T08:10:50.000Z $IIRPM,E,1,0,,A*66
2026-06-18T08:11:00.000Z $GPRMC,081100.00,A,5316.1468,N,00456.8675,E,8.0,235.0,180626,,,A*50
2026-06-18T08:11:00.000Z $GPGGA,081100.00,5316.1468,N,00456.8675,E,1,12,0.9,0.0,M,0.0,M,,*5F
2026-06-18T08:11:00.000Z $IIHDG,236.8,,,,*46
2026-06-18T08:11:00.000Z $IIMWV,247.8,T,8.5,N,A*3F
2026-06-18T08:11:00.000Z $IIDBT,78.2,f,23.8,M,13.0,F*27
2026-06-18T08:11:00.000Z $IIRPM,E,1,0,,A*66
2026-06-18T08:11:00.000Z $IIXDR,V,12.67,V,BATT*61
2026-06-18T08:11:00.000Z $GPVTG,235.0,T,,M,8.0,N,14.8,K,A*3C
2026-06-18T08:11:00.000Z !AIVDM,1,1,,A,B3a0sQ0tN05RQ`WWF6iruRP000000,0*54
2026-06-18T08:11:10.000Z $GPRMC,081110.00,A,5316.1111,N,00456.8488,E,8.0,235.2,180626,,,A*58
2026-06-18T08:11:10.000Z $IIHDG,236.4,,,,*4A
2026-06-18T08:11:10.000Z $IIMWV,250.2,T,8.6,N,A*30
2026-06-18T08:11:10.000Z $IIRPM,E,1,0,,A*66
2026-06-18T08:11:20.000Z $GPRMC,081120.00,A,5316.1487,N,00456.8173,E,8.0,235.3,180626,,,A*51
2026-06-18T08:11:20.000Z $IIHDG,237.3,,,,*4C
2026-06-18T08:11:20.000Z $IIMWV,241.6,T,9.4,N,A*37
2026-06-18T08:11:20.000Z $IIRPM,E,1,0,,A*66
2026-06-18T08:11:30.000Z $GPRMC,081130.00,A,5316.0864,N,00456.7918,E,8.0,236.6,180626,,,A*5C
2026-06-18T08:11:30.000Z $GPGGA,081130.00,5316.0864,N,00456.7918,E,1,12,0.9,0.0,M,0.0,M,,*56
2026-06-18T08:11:30.000Z $IIHDG,237.1,,,,*4E
2026-06-18T08:11:30.000Z $IIMWV,250.5,T,9.6,N,A*36
2026-06-18T08:11:30.000Z $IIDBT,74.6,f,22.7,M,12.4,F*24
2026-06-18T08:11:30.000Z $IIRPM,E,1,0,,A*66
2026-06-18T08:11:30.000Z $GPVTG,236.6,T,,M,8.0,N,14.8,K,A*39
2026-06-18T08:11:30.000Z !AIVDM,1,1,,A,B3a0sQ0tN05RMQWWFOeruRP000000,0*0C
2026-06-18T08:11:40.000Z $GPRMC,081140.00,A,5316.1075,N,00456.7596,E,8.0,237.4,180626,,,A*5B
2026-06-18T08:11:40.000Z $IIHDG,235.2,,,,*4F
2026-06-18T08:11:40.000Z $IIMWV,245.3,T,9.3,N,A*31
2026-06-18T08:11:40.000Z $IIRPM,E,1,0,,A*66
2026-06-18T08:11:50.000Z $GPRMC,081150.00,A,5316.0713,N,00456.7424,E,8.0,236.7,180626,,,A*56
2026-06-18T08:11:50.000Z $IIHDG,238.7,,,,*47
2026-06-18T08:11:50.000Z $IIMWV,251.1,T,10.9,N,A*04
2026-06-18T08:11:50.000Z $IIRPM,E,1,0,,A*66
2026-06-18T08:12:00.000Z $GPRMC,081200.00,A,5316.0842,N,00456.6865,E,8.0,237.1,180626,,,A*54
2026-06-18T08:12:00.000Z $GPGGA,081200.00,5316.0842,N,00456.6865,E,1,8,0.9,0.0,M,0.0,M,,*63
2026-06-18T08:12:00.000Z $IIHDG,237.0,,,,*4F
2026-06-18T08:12:00.000Z $IIMWV,241.3,T,8.6,N,A*31
2026-06-18T08:12:00.000Z $IIDBT,71.7,f,21.9,M,12.0,F*29
2026-06-18T08:12:00.000Z $IIRPM,E,1,0,,A*66
2026-06-18T08:12:00.000Z $IIXDR,V,12.54,V,BATT*61
2026-06-18T08:12:00.000Z $GPVTG,237.1,T,,M,8.0,N,14.8,K,A*3F
2026-06-18T08:12:00.000Z !AIVDM,1,1,,A,B3a0sQ0tN05RRr7WEMiruRP000000,0*5D
2026-06-18T08:12:10.000Z $GPRMC,081210.00,A,5316.0695,N,00456.6867,E,8.0,235.3,180626,,,A*53
2026-06-18T08:12:10.000Z $IIHDG,236.0,,,,*4E
2026-06-18T08:12:10.000Z $IIMWV,249.0,T,9.1,N,A*3C
2026-06-18T08:12:10.000Z $IIRPM,E,1,0,,A*66
2026-06-18T08:12:20.000Z $GPRMC,081220.00,A,5316.0739,N,00456.6711,E,8.0,236.3,180626,,,A*5A
2026-06-18T08:12:20.000Z $IIHDG,234.1,,,,*4D
2026-06-18T08:12:20.000Z $IIMWV,246.8,T,10.7,N,A*05
2026-06-18T08:12:20.000Z $IIRPM,E,1,0,,A*66
2026-06-18T08:12:30.000Z $GPRMC,081230.00,A,5316.0672,N,00456.6429,E,8.0,235.9,180626,,,A*54
2026-06-18T08:12:30.000Z $GPGGA,081230.00,5316.0672,N,00456.6429,E,1,12,0.9,0.0,M,0.0,M,,*52
2026-06-18T08:12:30.000Z $IIHDG,237.9,,,,*46
2026-06-18T08:12:30.000Z $IIMWV,247.0,T,10.8,N,A*03
2026-06-18T08:12:30.000Z $IIDBT,69.5,f,21.2,M,11.6,F*2C
2026-06-18T08:12:30.000Z $IIRPM,E,1,0,,A*66
2026-06-18T08:12:30.000Z $GPVTG,235.9,T,,M,8.0,N,14.8,K,A*35
2026-06-18T08:12:30.000Z !AIVDM,1,1,,A,B3a0sQ0tN05RL57WDi5ruRP000000,0*7D
2026-06-18T08:12:40.000Z $GPRMC,081240.00,A,5316.0646,N,00456.5765,E,8.0,236.5,180626,,,A*53
2026-06-18T08:12:40.000Z $IIHDG,237.7,,,,*48
2026-06-18T08:12:40.000Z $IIMWV,241.9,T,9.3,N,A*3F
2026-06-18T08:12:40.000Z $IIRPM,E,1,0,,A*66
2026-06-18T08:12:50.000Z $GPRMC,081250.00,A,5316.0304,N,00456.5511,E,8.0,235.4,180626,,,A*52
2026-06-18T08:12:50.000Z $IIHDG,234.6,,,,*4A
2026-06-18T08:12:50.000Z $IIMWV,241.4,T,10.6,N,A*0F
2026-06-18T08:12:50.000Z $IIRPM,E,1,0,,A*66
2026-06-18T08:13:00.000Z $GPRMC,081300.00,A,5315.9921,N,00456.5369,E,8.0,234.8,180626,,,A*55
2026-06-18T08:13:00.000Z $GPGGA,081300.00,5315.9921,N,00456.5369,E,1,8,0.9,0.0,M,0.0,M,,*68
2026-06-18T08:13:00.000Z $IIHDG,236.9,,,,*47
2026-06-18T08:13:00.000Z $IIMWV,250.3,T,10.2,N,A*0C
2026-06-18T08:13:00.000Z $IIDBT,78.0,f,23.8,M,13.0,F*25
2026-06-18T08:13:00.000Z $IIRPM,E,1,0,,A*66
2026-06-18T08:13:00.000Z $IIXDR,V,12.69,V,BATT*6F
2026-06-18T08:13:00.000Z $GPVTG,234.8,T,,M,8.0,N,14.8,K,A*35
2026-06-18T08:13:00.000Z !AIVDM,1,1,,A,B3a0sQ0tN05RLUWWD;=ruRP000000,0*27
2026-06-18T08:13:10.000Z $GPRMC,081310.00,A,5316.0026,N,00456.5340,E,8.0,235.8,180626,,,A*5A
2026-06-18T08:13:10.000Z $IIHDG,238.6,,,,*46
2026-06-18T08:13:10.000Z $IIMWV,241.5,T,11.2,N,A*0B
2026-06-18T08:13:10.000Z $IIRPM,E,1,0,,A*66
2026-06-18T08:13:20.000Z $GPRMC,081320.00,A,5315.9898,N,00456.5252,E,8.0,237.3,180626,,,A*55
2026-06-18T08:13:20.000Z $IIHDG,236.8,,,,*46
2026-06-18T08:13:20.000Z $IIMWV,247.3,T,9.2,N,A*32
2026-06-18T08:13:20.000Z $IIRPM,E,1,0,,A*66
2026-06-18T08:13:30.000Z $GPRMC,081330.00,A,5315.9688,N,00456.4853,E,8.0,237.1,180626,,,A*53
2026-06-18T08:13:30.000Z $GPGGA,081330.00,5315.9688,N,00456.4853,E,1,10,0.9,0.0,M,0.0,M,,*5D
2026-06-18T08:13:30.000Z $IIHDG,235.2,,,,*4F
2026-06-18T08:13:30.000Z $IIMWV,245.1,T,9.5,N,A*35
2026-06-18T08:13:30.000Z $IIDBT,75.2,f,22.9,M,12.5,F*2E
2026-06-18T08:13:30.000Z $IIRPM,E,1,0,,A*66
2026-06-18T08:13:30.000Z $GPVTG,237.1,T,,M,8.0,N,14.8,K,A*3F
2026-06-18T08:13:30.000Z !AIVDM,1,1,,A,B3a0sQ0tN05RId7WDEiruRP000000,0*59
2026-06-18T08:13:40.000Z $GPRMC,081340.00,A,5315.9840,N,00456.4543,E,8.0,237.6,180626,,,A*55
2026-06-18T08:13:40.000Z $IIHDG,236.4,,,,*4A
2026-06-18T08:13:40.000Z $IIMWV,241.5,T,10.3,N,A*0B
2026-06-18T08:13:40.000Z $IIRPM,E,1,0,,A*66
2026-06-18T08:13:50.000Z $GPRMC,081350.00,A,5315.9670,N,00456.4306,E,8.0,235.8,180626,,,A*52
2026-06-18T08:13:50.000Z $IIHDG,237.2,,,,*4D
2026-06-18T08:13:50.000Z $IIMWV,246.7,T,10.7,N,A*0A
2026-06-18T08:13:50.000Z $IIRPM,E,1,0,,A*66
2026-06-18T08:14:00.000Z $GPRMC,081400.00,A,5315.9396,N,00456.3941,E,8.0,234.8,180626,,,A*52
2026-06-18T08:14:00.000Z $GPGGA,081400.00,5315.9396,N,00456.3941,E,1,12,0.9,0.0,M,0.0,M,,*54
2026-06-18T08:14:00.000Z $IIHDG,235.3,,,,*4E
2026-06-18T08:14:00.000Z $IIMWV,249.1,T,8.6,N,A*3B
2026-06-18T08:14:00.000Z $IIDBT,77.8,f,23.7,M,13.0,F*2D
2026-06-18T08:14:00.000Z $IIRPM,E,1,0,,A*66
2026-06-18T08:14:00.000Z $IIXDR,V,12.60,V,BATT*66
2026-06-18T08:14:00.000Z $GPVTG,234.8,T,,M,8.0,N,14.8,K,A*35
2026-06-18T08:14:00.000Z !AIVDM,1,1,,A,B3a0sQ0tN05RJt7WCp=ruRP000000,0*2C
2026-06-18T08:14:10.000Z $GPRMC,081410.00,A,5315.9487,N,00456.3896,E,8.0,236.9,180626,,,A*5C
2026-06-18T08:14:10.000Z $IIHDG,237.0,,,,*4F
2026-06-18T08:14:10.000Z $IIMWV,241.6,T,11.1,N,A*0B
2026-06-18T08:14:10.000Z $IIRPM,E,1,0,,A*66
2026-06-18T08:14:20.000Z $GPRMC,081420.00,A,5315.9247,N,00456.3530,E,8.0,235.9,180626,,,A*57
2026-06-18T08:14:20.000Z $IIHDG,234.6,,,,*4A
2026-06-18T08:14:20.000Z $IIMWV,250.5,T,11.5,N,A*0C
2026-06-18T08:14:20.000Z $IIRPM,E,1,0,,A*66
2026-06-18T08:14:30.000Z $GPRMC,081430.00,A,5315.9016,N,00456.3096,E,8.0,236.0,180626,,,A*53
2026-06-18T08:14:30.000Z $GPGGA,081430.00,5315.9016,N,00456.3096,E,1,8,0.9,0.0,M,0.0,M,,*64
2026-06-18T08:14:30.000Z $IIHDG,238.4,,,,*44
2026-06-18T08:14:30.000Z $IIMWV,244.3,T,10.3,N,A*08
2026-06-18T08:14:30.000Z $IIDBT,78.6,f,24.0,M,13.1,F*2D
2026-06-18T08:14:30.000Z $IIRPM,E,1,0,,A*66
2026-06-18T08:14:30.000Z $GPVTG,236.0,T,,M,8.0,N,14.8,K,A*3F
2026-06-18T08:14:30.000Z !AIVDM,1,1,,A,B3a0sQ0tN05RBd7WCLIruRP000000,0*7C
2026-06-18T08:14:40.000Z $GPRMC,081440.00,A,5315.9211,N,00456.3166,E,8.0,237.1,180626,,,A*5F
2026-06-18T08:14:40.000Z $IIHDG,234.2,,,,*4E
2026-06-18T08:14:40.000Z $IIMWV,242.1,T,9.9,N,A*3E
2026-06-18T08:14:40.000Z $IIRPM,E,1,0,,A*66
2026-06-18T08:14:50.000Z $GPRMC,081450.00,A,5315.9202,N,00456.2687,E,8.0,235.1,180626,,,A*57
2026-06-18T08:14:50.000Z $IIHDG,236.5,,,,*4B
2026-06-18T08:14:50.000Z $IIMWV,241.9,T,11.4,N,A*01
2026-06-18T08:14:50.000Z $IIRPM,E,1,0,,A*66
2026-06-18T08:15:00.000Z $GPRMC,081500.00,A,5315.9238,N,00456.2392,E,8.0,237.1,180626,,,A*59
2026-06-18T08:15:00.000Z $GPGGA,081500.00,5315.9238,N,00456.2392,E,1,12,0.9,0.0,M,0.0,M,,*55
2026-06-18T08:15:00.000Z $IIHDG,236.2,,,,*4C
2026-06-18T08:15:00.000Z $IIMWV,249.6,T,9.6,N,A*3D
2026-06-18T08:15:00.000Z $IIDBT,72.9,f,22.2,M,12.2,F*2E
2026-06-18T08:15:00.000Z $IIRPM,E,1,0,,A*66
2026-06-18T08:15:00.000Z $IIXDR,V,12.65,V,BATT*63
2026-06-18T08:15:00.000Z $IIMTA,16.9,C*0B
2026-06-18T08:15:00.000Z $GPVTG,237.1,T,,M,8.0,N,14.8,K,A*3F
2026-06-18T08:15:00.000Z !AIVDM,1,1,,A,B3a0sQ0tN05RA5WWBjAruRP000000,0*61
2026-06-18T08:15:10.000Z $GPRMC,081510.00,A,5315.8631,N,00456.2544,E,8.0,237.5,180626,,,A*5D
2026-06-18T08:15:10.000Z $IIHDG,235.0,,,,*4D
2026-06-18T08:15:10.000Z $IIMWV,246.9,T,10.1,N,A*02
2026-06-18T08:15:10.000Z $IIRPM,E,1,0,,A*66
2026-06-18T08:15:20.000Z $GPRMC,081520.00,A,5315.9085,N,00456.1790,E,8.0,236.8,180626,,,A*52
2026-06-18T08:15:20.000Z $IIHDG,235.7,,,,*4A
2026-06-18T08:15:20.000Z $IIMWV,242.8,T,8.8,N,A*37
2026-06-18T08:15:20.000Z $IIRPM,E,1,0,,A*66
2026-06-18T08:15:30.000Z $GPRMC,081530.00,A,5315.8698,N,00456.2027,E,8.0,237.7,180626,,,A*5E
2026-06-18T08:15:30.000Z $GPGGA,081530.00,5315.8698,N,00456.2027,E,1,8,0.9,0.0,M,0.0,M,,*6F
2026-06-18T08:15:30.000Z $IIHDG,236.3,,,,*4D
2026-06-18T08:15:30.000Z $IIMWV,243.9,T,9.7,N,A*39
2026-06-18T08:15:30.000Z $IIDBT,71.3,f,21.7,M,11.9,F*29
2026-06-18T08:15:30.000Z $IIRPM,E,1,0,,A*66
2026-06-18T08:15:30.000Z $GPVTG,237.7,T,,M,8.0,N,14.8,K,A*39
2026-06-18T08:15:30.000Z !AIVDM,1,1,,A,B3a0sQ0tN05R?QWWBVuruRP000000,0*73
2026-06-18T08:15:40.000Z $GPRMC,081540.00,A,5315.8817,N,00456.1366,E,8.0,236.2,180626,,,A*51
2026-06-18T08:15:40.000Z $IIHDG,235.6,,,,*4B
2026-06-18T08:15:40.000Z $IIMWV,243.2,T,9.2,N,A*37
2026-06-18T08:15:40.000Z $IIRPM,E,1,0,,A*66
2026-06-18T08:15:50.000Z $GPRMC,081550.00,A,5315.8222,N,00456.0964,E,8.0,237.1,180626,,,A*57
2026-06-18T08:15:50.000Z $IIHDG,235.5,,,,*48
2026-06-18T08:15:50.000Z $IIMWV,244.8,T,9.3,N,A*3B
2026-06-18T08:15:50.000Z $IIRPM,E,1,0,,A*66
2026-06-18T08:16:00.000Z $GPRMC,081600.00,A,5315.8196,N,00456.0965,E,8.0,235.7,180626,,,A*58
2026-06-18T08:16:00.000Z $GPGGA,081600.00,5315.8196,N,00456.0965,E,1,10,0.9,0.0,M,0.0,M,,*52
2026-06-18T08:16:00.000Z $IIHDG,234.2,,,,*4E
2026-06-18T08:16:00.000Z $IIMWV,246.8,T,11.0,N,A*03
2026-06-18T08:16:00.000Z $IIDBT,76.5,f,23.3,M,12.8,F*2C
2026-06-18T08:16:00.000Z $IIRPM,E,1,0,,A*66
2026-06-18T08:16:00.000Z $IIXDR,V,12.67,V,BATT*61
2026-06-18T08:16:00.000Z $GPVTG,235.7,T,,M,8.0,N,14.8,K,A*3B
2026-06-18T08:16:00.000Z !AIVDM,1,1,,A,B3a0sQ0tN05RBhWWA?qruRP000000,0*59
2026-06-18T08:16:10.000Z $GPRMC,081610.00,A,5315.8326,N,00456.0587,E,8.0,235.3,180626,,,A*54
2026-06-18T08:16:10.000Z $IIHDG,238.6,,,,*46
2026-06-18T08:16:10.000Z $IIMWV,247.9,T,11.4,N,A*07
2026-06-18T08:16:10.000Z $IIRPM,E,1,0,,A*66
2026-06-18T08:16:20.000Z $GPRMC,081620.00,A,5315.8393,N,00456.0242,E,8.0,237.7,180626,,,A*51
2026-06-18T08:16:20.000Z $IIHDG,233.9,,,,*42
2026-06-18T08:16:20.000Z $IIMWV,247.9,T,10.8,N,A*0A
2026-06-18T08:16:20.000Z $IIRPM,E,1,0,,A*66
2026-06-18T08:16:30.000Z $GPRMC,081630.00,A,5315.7824,N,00456.0140,E,8.0,236.6,180626,,,A*59
2026-06-18T08:16:30.000Z $GPGGA,081630.00,5315.7824,N,00456.0140,E,1,10,0.9,0.0,M,0.0,M,,*51
2026-06-18T08:16:30.000Z $IIHDG,238.2,,,,*42
2026-06-18T08:16:30.000Z $IIMWV,245.9,T,10.7,N,A*07
2026-06-18T08:16:30.000Z $IIDBT,73.8,f,22.5,M,12.3,F*28
2026-06-18T08:16:30.000Z $IIRPM,E,1,0,,A*66
2026-06-18T08:16:30.000Z $GPVTG,236.6,T,,M,8.0,N,14.8,K,A*39
2026-06-18T08:16:30.000Z !AIVDM,1,1,,A,B3a0sQ0tN05R;;WW@SaruRP000000,0*0E
2026-06-18T08:16:40.000Z $GPRMC,081640.00,A,5315.8203,N,00456.0119,E,8.0,237.5,180626,,,A*50
2026-06-18T08:16:40.000Z $IIHDG,237.1,,,,*4E
2026-06-18T08:16:40.000Z $IIMWV,245.8,T,8.9,N,A*31
2026-06-18T08:16:40.000Z $IIRPM,E,1,0,,A*66
2026-06-18T08:16:50.000Z $GPRMC,081650.00,A,5315.8152,N,00455.9526,E,8.0,236.7,180626,,,A*57
2026-06-18T08:16:50.000Z $IIHDG,235.4,,,,*49
2026-06-18T08:16:50.000Z $IIMWV,249.6,T,10.7,N,A*04
2026-06-18T08:16:50.000Z $IIRPM,E,1,0,,A*66
2026-06-18T08:17:00.000Z $GPRMC,081700.00,A,5315.7506,N,00455.9686,E,8.0,236.7,180626,,,A*50
2026-06-18T08:17:00.000Z $GPGGA,081700.00,5315.7506,N,00455.9686,E,1,10,0.9,0.0,M,0.0,M,,*59
2026-06-18T08:17:00.000Z $IIHDG,236.8,,,,*46
2026-06-18T08:17:00.000Z $IIMWV,243.7,T,10.8,N,A*00
2026-06-18T08:17:00.000Z $IIDBT,74.0,f,22.6,M,12.3,F*24
2026-06-18T08:17:00.000Z $IIRPM,E,1,0,,A*66
2026-06-18T08:17:00.000Z $IIXDR,V,12.68,V,BATT*6E
2026-06-18T08:17:00.000Z $GPVTG,236.7,T,,M,8.0,N,14.8,K,A*38
2026-06-18T08:17:00.000Z !AIVDM,1,1,,A,B3a0sQ0tN05R>u7W@:uruRP000000,0*58
2026-06-18T08:17:10.000Z $GPRMC,081710.00,A,5315.7743,N,00455.9477,E,8.0,236.5,180626,,,A*5C
2026-06-18T08:17:10.000Z $IIHDG,234.5,,,,*49
2026-06-18T08:17:10.000Z $IIMWV,250.4,T,10.1,N,A*08
2026-06-18T08:17:10.000Z $IIRPM,E,1,0,,A*66
2026-06-18T08:17:20.000Z $GPRMC,081720.00,A,5315.7874,N,00455.9062,E,8.0,236.1,180626,,,A*50
2026-06-18T08:17:20.000Z $IIHDG,234.3,,,,*4F
2026-06-18T08:17:20.000Z $IIMWV,247.1,T,10.6,N,A*0C
2026-06-18T08:17:20.000Z $IIRPM,E,1,0,,A*66
2026-06-18T08:17:30.000Z $GPRMC,081730.00,A,5315.7242,N,00455.9033,E,8.0,235.8,180626,,,A*50
2026-06-18T08:17:30.000Z $GPGGA,081730.00,5315.7242,N,00455.9033,E,1,11,0.9,0.0,M,0.0,M,,*54
2026-06-18T08:17:30.000Z $IIHDG,237.6,,,,*49
2026-06-18T08:17:30.000Z $IIMWV,246.3,T,10.7,N,A*0E
2026-06-18T08:17:30.000Z $IIDBT,78.7,f,24.0,M,13.1,F*2C
2026-06-18T08:17:30.000Z $IIRPM,E,1,0,,A*66
2026-06-18T08:17:30.000Z $GPVTG,235.8,T,,M,8.0,N,14.8,K,A*34
2026-06-18T08:17:30.000Z !AIVDM,1,1,,A,B3a0sQ0tN05R9<7W?eqruRP000000,0*32
2026-06-18T08:17:40.000Z $GPRMC,081740.00,A,5315.7699,N,00455.8744,E,8.0,236.1,180626,,,A*59
2026-06-18T08:17:40.000Z $IIHDG,238.6,,,,*46
2026-06-18T08:17:40.000Z $IIMWV,249.9,T,8.9,N,A*3C
2026-06-18T08:17:40.000Z $IIRPM,E,1,0,,A*66
2026-06-18T08:17:50.000Z $GPRMC,081750.00,A,5315.7553,N,00455.8335,E,8.0,235.3,180626,,,A*5E
2026-06-18T08:17:50.000Z $IIHDG,237.2,,,,*4D
2026-06-18T08:17:50.000Z $IIMWV,242.8,T,11.2,N,A*05
2026-06-18T08:17:50.000Z $IIRPM,E,1,0,,A*66
2026-06-18T08:18:00.000Z $GPRMC,081800.00,A,5315.7148,N,00455.7852,E,8.0,236.9,180626,,,A*56
2026-06-18T08:18:00.000Z $GPGGA,081800.00,5315.7148,N,00455.7852,E,1,9,0.9,0.0,M,0.0,M,,*69
2026-06-18T08:18:00.000Z $IIHDG,235.2,,,,*4F
2026-06-18T08:18:00.000Z $IIMWV,249.5,T,10.7,N,A*07
2026-06-18T08:18:00.000Z $IIDBT,78.4,f,23.9,M,13.1,F*21
2026-06-18T08:18:00.000Z $IIRPM,E,1,0,,A*66
2026-06-18T08:18:00.000Z $IIXDR,V,12.59,V,BATT*6C
2026-06-18T08:18:00.000Z $GPVTG,236.9,T,,M,8.0,N,14.8,K,A*36
2026-06-18T08:18:00.000Z !AIVDM,1,1,,A,B3a0sQ0tN05R7aWW?leruRP000000,0*1C
2026-06-18T08:18:10.000Z $GPRMC,081810.00,A,5315.7258,N,00455.8017,E,8.0,237.1,180626,,,A*5A
2026-06-18T08:18:10.000Z $IIHDG,238.6,,,,*46
2026-06-18T08:18:10.000Z $IIMWV,245.6,T,8.6,N,A*30
2026-06-18T08:18:10.000Z $IIRPM,E,1,0,,A*66
2026-06-18T08:18:20.000Z $GPRMC,081820.00,A,5315.7131,N,00455.7222,E,8.0,237.1,180626,,,A*5E
2026-06-18T08:18:20.000Z $IIHDG,237.9,,,,*46
2026-06-18T08:18:20.000Z $IIMWV,241.8,T,10.7,N,A*02
2026-06-18T08:18:20.000Z $IIRPM,E,1,0,,A*66
2026-06-18T08:18:30.000Z $GPRMC,081830.00,A,5315.7198,N,00455.7290,E,8.0,235.2,180626,,,A*54
2026-06-18T08:18:30.000Z $GPGGA,081830.00,5315.7198,N,00455.7290,E,1,10,0.9,0.0,M,0.0,M,,*5B
2026-06-18T08:18:30.000Z $IIHDG,235.0,,,,*4D
2026-06-18T08:18:30.000Z $IIMWV,244.1,T,10.9,N,A*00
2026-06-18T08:18:30.000Z $IIDBT,73.3,f,22.3,M,12.2,F*24
2026-06-18T08:18:30.000Z $IIRPM,E,1,0,,A*66
2026-06-18T08:18:30.000Z $GPVTG,235.2,T,,M,8.0,N,14.8,K,A*3E
2026-06-18T08:18:30.000Z !AIVDM,1,1,,A,B3a0sQ0tN05R5i7W?KEruRP000000,0*71
2026-06-18T08:18:40.000Z $GPRMC,081840.00,A,5315.6743,N,00455.7288,E,8.0,237.2,180626,,,A*59
2026-06-18T08:18:40.000Z $IIHDG,237.9,,,,*46
2026-06-18T08:18:40.000Z $IIMWV,246.7,T,11.2,N,A*0E
2026-06-18T08:18:40.000Z $IIRPM,E,1,0,,A*66
2026-06-18T08:18:50.000Z $GPRMC,081850.00,A,5315.6702,N,00455.6882,E,8.0,237.2,180626,,,A*5C
2026-06-18T08:18:50.000Z $IIHDG,234.0,,,,*4C
2026-06-18T08:18:50.000Z $IIMWV,243.5,T,9.7,N,A*35
2026-06-18T08:18:50.000Z $IIRPM,E,1,0,,A*66
2026-06-18T08:19:00.000Z $GPRMC,081900.00,A,5315.6596,N,00455.6562,E,8.0,237.2,180626,,,A*54
2026-06-18T08:19:00.000Z $GPGGA,081900.00,5315.6596,N,00455.6562,E,1,12,0.9,0.0,M,0.0,M,,*5B
2026-06-18T08:19:00.000Z $IIHDG,238.4,,,,*44
2026-06-18T08:19:00.000Z $IIMWV,245.0,T,8.9,N,A*39
2026-06-18T08:19:00.000Z $IIDBT,70.7,f,21.6,M,11.8,F*2C
2026-06-18T08:19:00.000Z $IIRPM,E,1,0,,A*66
2026-06-18T08:19:00.000Z $IIXDR,V,12.66,V,BATT*60
2026-06-18T08:19:00.000Z $GPVTG,237.2,T,,M,8.0,N,14.8,K,A*3C
2026-06-18T08:19:00.000Z !AIVDM,1,1,,A,B3a0sQ0tN05R5SWW?71ruRP000000,0*23
2026-06-18T08:19:10.000Z $GPRMC,081910.00,A,5315.6761,N,00455.6452,E,8.0,236.3,180626,,,A*5D
2026-06-18T08:19:10.000Z $IIHDG,237.7,,,,*48
2026-06-18T08:19:10.000Z $IIMWV,245.6,T,9.7,N,A*30
2026-06-18T08:19:10.000Z $IIRPM,E,1,0,,A*66
2026-06-18T08:19:20.000Z $GPRMC,081920.00,A,5315.6156,N,00455.6068,E,8.0,236.6,180626,,,A*54
2026-06-18T08:19:20.000Z $IIHDG,234.2,,,,*4E
2026-06-18T08:19:20.000Z $IIMWV,243.8,T,10.8,N,A*0F
2026-06-18T08:19:20.000Z $IIRPM,E,1,0,,A*66
2026-06-18T08:19:30.000Z $GPRMC,081930.00,A,5315.6331,N,00455.5614,E,8.0,236.6,180626,,,A*58
2026-06-18T08:19:30.000Z $GPGGA,081930.00,5315.6331,N,00455.5614,E,1,11,0.9,0.0,M,0.0,M,,*51
2026-06-18T08:19:30.000Z $IIHDG,233.9,,,,*42
2026-06-18T08:19:30.000Z $IIMWV,243.3,T,10.1,N,A*0D
2026-06-18T08:19:30.000Z $IIDBT,72.1,f,22.0,M,12.0,F*26
2026-06-18T08:19:30.000Z $IIRPM,E,1,0,,A*66
2026-06-18T08:19:30.000Z $GPVTG,236.6,T,,M,8.0,N,14.8,K,A*39
2026-06-18T08:19:30.000Z !AIVDM,1,1,,A,B3a0sQ0tN05R0h7W=niruRP000000,0*7E
2026-06-18T08:19:40.000Z $GPRMC,081940.00,A,5315.5992,N,00455.5681,E,8.0,236.4,180626,,,A*51
2026-06-18T08:19:40.000Z $IIHDG,236.8,,,,*46
2026-06-18T08:19:40.000Z $IIMWV,246.5,T,10.5,N,A*0A
2026-06-18T08:19:40.000Z $IIRPM,E,1,0,,A*66
2026-06-18T08:19:50.000Z $GPRMC,081950.00,A,5315.6117,N,00455.5040,E,8.0,234.8,180626,,,A*53
2026-06-18T08:19:50.000Z $IIHDG,234.9,,,,*45
2026-06-18T08:19:50.000Z $IIMWV,246.4,T,11.0,N,A*0F
2026-06-18T08:19:50.000Z $IIRPM,E,1,0,,A*66
2026-06-18T08:20:00.000Z $GPRMC,082000.00,A,5315.6117,N,00455.4855,E,8.0,234.9,180626,,,A*50
2026-06-18T08:20:00.000Z $GPGGA,082000.00,5315.6117,N,00455.4855,E,1,9,0.9,0.0,M,0.0,M,,*6D
2026-06-18T08:20:00.000Z $IIHDG,235.9,,,,*44
2026-06-18T08:20:00.000Z $IIMWV,243.9,T,8.9,N,A*36
2026-06-18T08:20:00.000Z $IIDBT,77.0,f,23.5,M,12.8,F*2E
2026-06-18T08:20:00.000Z $IIRPM,E,1,0,,A*66
2026-06-18T08:20:00.000Z $IIXDR,V,12.69,V,BATT*6F
2026-06-18T08:20:00.000Z $IIMTA,17.1,C*02
2026-06-18T08:20:00.000Z $GPVTG,234.9,T,,M,8.0,N,14.8,K,A*34
2026-06-18T08:20:00.000Z !AIVDM,1,1,,A,B3a0sQ0tN05R3;7W=@aruRP000000,0*08
2026-06-18T08:20:10.000Z $GPRMC,082010.00,A,5315.5903,N,00455.4913,E,8.0,236.6,180626,,,A*51
2026-06-18T08:20:10.000Z $IIHDG,233.9,,,,*42
2026-06-18T08:20:10.000Z $IIMWV,245.2,T,11.2,N,A*08
2026-06-18T08:20:10.000Z $IIRPM,E,1,0,,A*66
2026-06-18T08:20:20.000Z $GPRMC,082020.00,A,5315.5798,N,00455.4463,E,8.0,237.0,180626,,,A*53
2026-06-18T08:20:20.000Z $IIHDG,235.3,,,,*4E
2026-06-18T08:20:20.000Z $IIMWV,250.8,T,11.1,N,A*05
2026-06-18T08:20:20.000Z $IIRPM,E,1,0,,A*66
2026-06-18T08:20:30.000Z $GPRMC,082030.00,A,5315.5603,N,00455.4550,E,8.0,236.6,180626,,,A*57
2026-06-18T08:20:30.000Z $GPGGA,082030.00,5315.5603,N,00455.4550,E,1,8,0.9,0.0,M,0.0,M,,*66
2026-06-18T08:20:30.000Z $IIHDG,238.2,,,,*42
2026-06-18T08:20:30.000Z $IIMWV,247.8,T,9.9,N,A*32
2026-06-18T08:20:30.000Z $IIDBT,78.7,f,24.0,M,13.1,F*2C
2026-06-18T08:20:30.000Z $IIRPM,E,1,0,,A*66
2026-06-18T08:20:30.000Z $GPVTG,236.6,T,,M,8.0,N,14.8,K,A*39
2026-06-18T08:20:30.000Z !AIVDM,1,1,,A,B3a0sQ0tN05QwDWW=IUruRP000000,0*6D
2026-06-18T08:20:40.000Z $GPRMC,082040.00,A,5315.5306,N,00455.4218,E,8.0,237.2,180626,,,A*5E
2026-06-18T08:20:40.000Z $IIHDG,237.8,,,,*47
2026-06-18T08:20:40.000Z $IIMWV,248.4,T,10.4,N,A*04
2026-06-18T08:20:40.000Z $IIRPM,E,1,0,,A*66
2026-06-18T08:20:50.000Z $GPRMC,082050.00,A,5315.5234,N,00455.4048,E,8.0,237.6,180626,,,A*5C
2026-06-18T08:20:50.000Z $IIHDG,234.2,,,,*4E
2026-06-18T08:20:50.000Z $IIMWV,246.6,T,9.9,N,A*3D
2026-06-18T08:20:50.000Z $IIRPM,E,1,0,,A*66
2026-06-18T08:21:00.000Z $GPRMC,082100.00,A,5315.5332,N,00455.3681,E,8.0,236.6,180626,,,A*5A
2026-06-18T08:21:00.000Z $GPGGA,082100.00,5315.5332,N,00455.3681,E,1,10,0.9,0.0,M,0.0,M,,*52
2026-06-18T08:21:00.000Z $IIHDG,237.6,,,,*49
2026-06-18T08:21:00.000Z $IIMWV,246.5,T,10.2,N,A*0D
2026-06-18T08:21:00.000Z $IIDBT,74.2,f,22.6,M,12.4,F*21
2026-06-18T08:21:00.000Z $IIRPM,E,1,0,,A*66
2026-06-18T08:21:00.000Z $IIXDR,V,12.46,V,BATT*62
2026-06-18T08:21:00.000Z $GPVTG,236.6,T,,M,8.0,N,14.8,K,A*39
2026-06-18T08:21:00.000Z !AIVDM,1,1,,A,B3a0sQ0tN05Qt=WW<c5ruRP000000,0*5C
2026-06-18T08:21:10.000Z $GPRMC,082110.00,A,5315.5307,N,00455.3010,E,8.0,236.2,180626,,,A*57
2026-06-18T08:21:10.000Z $IIHDG,234.7,,,,*4B
2026-06-18T08:21:10.000Z $IIMWV,243.7,T,8.7,N,A*36
2026-06-18T08:21:10.000Z $IIRPM,E,1,0,,A*66
2026-06-18T08:21:20.000Z $GPRMC,082120.00,A,5315.5043,N,00455.3082,E,8.0,236.0,180626,,,A*5E
2026-06-18T08:21:20.000Z $IIHDG,238.3,,,,*43
2026-06-18T08:21:20.000Z $IIMWV,244.1,T,10.9,N,A*00
2026-06-18T08:21:20.000Z $IIRPM,E,1,0,,A*66
2026-06-18T08:21:30.000Z $GPRMC,082130.00,A,5315.5043,N,00455.2561,E,8.0,236.8,180626,,,A*5E
2026-06-18T08:21:30.000Z $GPGGA,082130.00,5315.5043,N,00455.2561,E,1,10,0.9,0.0,M,0.0,M,,*58
2026-06-18T08:21:30.000Z $IIHDG,238.7,,,,*47
2026-06-18T08:21:30.000Z $IIMWV,244.3,T,11.4,N,A*0E
2026-06-18T08:21:30.000Z $IIDBT,72.2,f,22.0,M,12.0,F*25
2026-06-18T08:21:30.000Z $IIRPM,E,1,0,,A*66
2026-06-18T08:21:30.000Z $GPVTG,236.8,T,,M,8.0,N,14.8,K,A*37
2026-06-18T08:21:30.000Z !AIVDM,1,1,,A,B3a0sQ0tN05QoCWW<`iruRP000000,0*66
2026-06-18T08:21:40.000Z $GPRMC,082140.00,A,5315.4844,N,00455.2447,E,8.0,236.7,180626,,,A*5D
2026-06-18T08:21:40.000Z $IIHDG,237.6,,,,*49
2026-06-18T08:21:40.000Z $IIMWV,247.3,T,10.6,N,A*0E
2026-06-18T08:21:40.000Z $IIRPM,E,1,0,,A*66
2026-06-18T08:21:50.000Z $GPRMC,082150.00,A,5315.4895,N,00455.2009,E,8.0,235.7,180626,,,A*5D
2026-06-18T08:21:50.000Z $IIHDG,235.8,,,,*45
2026-06-18T08:21:50.000Z $IIMWV,247.4,T,10.0,N,A*0F
2026-06-18T08:21:50.000Z $IIRPM,E,1,0,,A*66
2026-06-18T08:22:00.000Z $GPRMC,082200.00,A,5315.4694,N,00455.2160,E,8.0,236.4,180626,,,A*5A
2026-06-18T08:22:00.000Z $GPGGA,082200.00,5315.4694,N,00455.2160,E,1,12,0.9,0.0,M,0.0,M,,*52
2026-06-18T08:22:00.000Z $IIHDG,236.1,,,,*4F
2026-06-18T08:22:00.000Z $IIMWV,244.1,T,10.0,N,A*09
2026-06-18T08:22:00.000Z $IIDBT,72.3,f,22.0,M,12.1,F*25
2026-06-18T08:22:00.000Z $IIRPM,E,1,0,,A*66
2026-06-18T08:22:00.000Z $IIXDR,V,12.45,V,BATT*61
2026-06-18T08:22:00.000Z $GPVTG,236.4,T,,M,8.0,N,14.8,K,A*3B
2026-06-18T08:22:00.000Z !AIVDM,1,1,,A,B3a0sQ0tN05QlK7W<3UruRP000000,0*62
2026-06-18T08:22:10.000Z $GPRMC,082210.00,A,5315.4760,N,00455.1925,E,8.0,236.5,180626,,,A*5A
2026-06-18T08:22:10.000Z $IIHDG,235.7,,,,*4A
2026-06-18T08:22:10.000Z $IIMWV,249.9,T,11.5,N,A*08
2026-06-18T08:22:10.000Z $IIRPM,E,1,0,,A*66
2026-06-18T08:22:20.000Z $GPRMC,082220.00,A,5315.4719,N,00455.1621,E,8.0,235.5,180626,,,A*5F
2026-06-18T08:22:20.000Z $IIHDG,235.1,,,,*4C
2026-06-18T08:22:20.000Z $IIMWV,245.4,T,9.1,N,A*34
2026-06-18T08:22:20.000Z $IIRPM,E,1,0,,A*66
2026-06-18T08:22:30.000Z $GPRMC,082230.00,A,5315.4767,N,00455.1364,E,8.0,237.3,180626,,,A*57
2026-06-18T08:22:30.000Z $GPGGA,082230.00,5315.4767,N,00455.1364,E,1,11,0.9,0.0,M,0.0,M,,*5A
2026-06-18T08:22:30.000Z $IIHDG,238.4,,,,*44
2026-06-18T08:22:30.000Z $IIMWV,248.3,T,10.7,N,A*00
2026-06-18T08:22:30.000Z $IIDBT,76.0,f,23.2,M,12.7,F*27
2026-06-18T08:22:30.000Z $IIRPM,E,1,0,,A*66
2026-06-18T08:22:30.000Z $GPVTG,237.3,T,,M,8.0,N,14.8,K,A*3D
2026-06-18T08:22:30.000Z !AIVDM,1,1,,A,B3a0sQ0tN05QqaWW:oiruRP000000,0*53
2026-06-18T08:22:40.000Z $GPRMC,082240.00,A,5315.4355,N,00455.0801,E,8.0,237.5,180626,,,A*5A
2026-06-18T08:22:40.000Z $IIHDG,238.6,,,,*46
2026-06-18T08:22:40.000Z $IIMWV,241.5,T,10.6,N,A*0E
2026-06-18T08:22:40.000Z $IIRPM,E,1,0,,A*66
2026-06-18T08:22:50.000Z $GPRMC,082250.00,A,5315.4487,N,00455.1010,E,8.0,236.7,180626,,,A*59
2026-06-18T08:22:50.000Z $IIHDG,238.0,,,,*40
2026-06-18T08:22:50.000Z $IIMWV,244.1,T,9.4,N,A*35
2026-06-18T08:22:50.000Z $IIRPM,E,1,0,,A*66
2026-06-18T08:23:00.000Z $GPRMC,082300.00,A,5315.3911,N,00455.0225,E,8.0,236.2,180626,,,A*58
2026-06-18T08:23:00.000Z $GPGGA,082300.00,5315.3911,N,00455.0225,E,1,9,0.9,0.0,M,0.0,M,,*6C
2026-06-18T08:23:00.000Z $IIHDG,235.1,,,,*4C
2026-06-18T08:23:00.000Z $IIMWV,247.8,T,10.1,N,A*02
2026-06-18T08:23:00.000Z $IIDBT,75.6,f,23.0,M,12.6,F*21
2026-06-18T08:23:00.000Z $IIRPM,E,1,0,,A*66
2026-06-18T08:23:00.000Z $IIXDR,V,12.58,V,BATT*6D
2026-06-18T08:23:00.000Z $GPVTG,236.2,T,,M,8.0,N,14.8,K,A*3D
2026-06-18T08:23:00.000Z !AIVDM,1,1,,A,B3a0sQ0tN05Qn=WW:RqruRP000000,0*35
2026-06-18T08:23:10.000Z $GPRMC,082310.00,A,5315.4056,N,00455.0373,E,8.0,237.6,180626,,,A*53
2026-06-18T08:23:10.000Z $IIHDG,238.8,,,,*48
2026-06-18T08:23:10.000Z $IIMWV,244.4,T,9.9,N,A*3D
2026-06-18T08:23:10.000Z $IIRPM,E,1,0,,A*66
2026-06-18T08:23:20.000Z $GPRMC,082320.00,A,5315.4124,N,00454.9824,E,8.0,237.4,180626,,,A*57
2026-06-18T08:23:20.000Z $IIHDG,238.7,,,,*47
2026-06-18T08:23:20.000Z $IIMWV,245.4,T,8.6,N,A*32
2026-06-18T08:23:20.000Z $IIRPM,E,1,0,,A*66
2026-06-18T08:23:30.000Z $GPRMC,082330.00,A,5315.3646,N,00454.9883,E,8.0,236.7,180626,,,A*5D
2026-06-18T08:23:30.000Z $GPGGA,082330.00,5315.3646,N,00454.9883,E,1,10,0.9,0.0,M,0.0,M,,*54
2026-06-18T08:23:30.000Z $IIHDG,234.5,,,,*49
2026-06-18T08:23:30.000Z $IIMWV,249.1,T,11.0,N,A*05
2026-06-18T08:23:30.000Z $IIDBT,80.5,f,24.5,M,13.4,F*29
2026-06-18T08:23:30.000Z $IIRPM,E,1,0,,A*66
2026-06-18T08:23:30.000Z $GPVTG,236.7,T,,M,8.0,N,14.8,K,A*38
2026-06-18T08:23:30.000Z !AIVDM,1,1,,A,B3a0sQ0tN05Qj1WW:GmruRP000000,0*34
2026-06-18T08:23:40.000Z $GPRMC,082340.00,A,5315.3947,N,00454.9499,E,8.0,237.1,180626,,,A*54
2026-06-18T08:23:40.000Z $IIHDG,235.0,,,,*4D
2026-06-18T08:23:40.000Z $IIMWV,246.7,T,10.7,N,A*0A
2026-06-18T08:23:40.000Z $IIRPM,E,1,0,,A*66
2026-06-18T08:23:50.000Z $GPRMC,082350.00,A,5315.3766,N,00454.9472,E,8.0,235.2,180626,,,A*5C
2026-06-18T08:23:50.000Z $IIHDG,234.8,,,,*44
2026-06-18T08:23:50.000Z $IIMWV,250.2,T,11.4,N,A*0A
2026-06-18T08:23:50.000Z $IIRPM,E,1,0,,A*66
2026-06-18T08:24:00.000Z $GPRMC,082400.00,A,5315.3347,N,00454.9203,E,8.0,237.6,180626,,,A*5F
2026-06-18T08:24:00.000Z $GPGGA,082400.00,5315.3347,N,00454.9203,E,1,10,0.9,0.0,M,0.0,M,,*56
2026-06-18T08:24:00.000Z $IIHDG,236.1,,,,*4F
2026-06-18T08:24:00.000Z $IIMWV,247.8,T,10.4,N,A*07
2026-06-18T08:24:00.000Z $IIDBT,80.5,f,24.5,M,13.4,F*29
2026-06-18T08:24:00.000Z $IIRPM,E,1,0,,A*66
2026-06-18T08:24:00.000Z $IIXDR,V,12.70,V,BATT*67
2026-06-18T08:24:00.000Z $GPVTG,237.6,T,,M,8.0,N,14.8,K,A*38
2026-06-18T08:24:00.000Z !AIVDM,1,1,,A,B3a0sQ0tN05QekWW:95ruRP000000,0*47
2026-06-18T08:24:10.000Z $GPRMC,082410.00,A,5315.3465,N,00454.8540,E,8.0,236.6,180626,,,A*59
2026-06-18T08:24:10.000Z $IIHDG,235.6,,,,*4B
2026-06-18T08:24:10.000Z $IIMWV,245.4,T,11.4,N,A*08
2026-06-18T08:24:10.000Z $IIRPM,E,1,0,,A*66
2026-06-18T08:24:20.000Z $GPRMC,082420.00,A,5315.3571,N,00454.8454,E,8.0,236.2,180626,,,A*5E
2026-06-18T08:24:20.000Z $IIHDG,236.0,,,,*4E
2026-06-18T08:24:20.000Z $IIMWV,241.5,T,11.1,N,A*08
2026-06-18T08:24:20.000Z $IIRPM,E,1,0,,A*66
2026-06-18T08:24:30.000Z $GPRMC,082430.00,A,5315.3562,N,00454.8550,E,8.0,237.6,180626,,,A*5D
2026-06-18T08:24:30.000Z $GPGGA,082430.00,5315.3562,N,00454.8550,E,1,9,0.9,0.0,M,0.0,M,,*6C
2026-06-18T08:24:30.000Z $IIHDG,234.1,,,,*4D
2026-06-18T08:24:30.000Z $IIMWV,246.3,T,10.5,N,A*0C
2026-06-18T08:24:30.000Z $IIDBT,74.0,f,22.6,M,12.3,F*24
2026-06-18T08:24:30.000Z $IIRPM,E,1,0,,A*66
2026-06-18T08:24:30.000Z $GPVTG,237.6,T,,M,8.0,N,14.8,K,A*38
2026-06-18T08:24:30.000Z !AIVDM,1,1,,A,B3a0sQ0tN05Qd6WW9>qruRP000000,0*5B
2026-06-18T08:24:40.000Z $GPRMC,082440.00,A,5315.3431,N,00454.7986,E,8.0,235.6,180626,,,A*57
2026-06-18T08:24:40.000Z $IIHDG,237.5,,,,*4A
2026-06-18T08:24:40.000Z $IIMWV,249.1,T,9.4,N,A*38
2026-06-18T08:24:40.000Z $IIRPM,E,1,0,,A*66
2026-06-18T08:24:50.000Z $GPRMC,082450.00,A,5315.3079,N,00454.7859,E,8.0,237.5,180626,,,A*5C
2026-06-18T08:24:50.000Z $IIHDG,234.3,,,,*4F
2026-06-18T08:24:50.000Z $IIMWV,248.1,T,10.2,N,A*07
2026-06-18T08:24:50.000Z $IIRPM,E,1,0,,A*66
2026-06-18T08:25:00.000Z $GPRMC,082500.00,A,5315.2878,N,00454.7673,E,8.0,236.6,180626,,,A*54
2026-06-18T08:25:00.000Z $GPGGA,082500.00,5315.2878,N,00454.7673,E,1,8,0.9,0.0,M,0.0,M,,*65
2026-06-18T08:25:00.000Z $IIHDG,238.3,,,,*43
2026-06-18T08:25:00.000Z $IIMWV,250.2,T,9.9,N,A*3E
2026-06-18T08:25:00.000Z $IIDBT,74.5,f,22.7,M,12.4,F*27
2026-06-18T08:25:00.000Z $IIRPM,E,1,0,,A*66
2026-06-18T08:25:00.000Z $IIXDR,V,12.65,V,BATT*63
2026-06-18T08:25:00.000Z $IIMTA,17.0,C*03
2026-06-18T08:25:00.000Z $GPVTG,236.6,T,,M,8.0,N,14.8,K,A*39
2026-06-18T08:25:00.000Z !AIVDM,1,1,,A,B3a0sQ0tN05Q`o7W95EruRP000000,0*59
2026-06-18T08:25:10.000Z $GPRMC,082510.00,A,5315.2723,N,00454.7292,E,8.0,234.9,180626,,,A*52
2026-06-18T08:25:10.000Z $IIHDG,237.9,,,,*46
2026-06-18T08:25:10.000Z $IIMWV,248.7,T,10.8,N,A*0B
2026-06-18T08:25:10.000Z $IIRPM,E,1,0,,A*66
2026-06-18T08:25:20.000Z $GPRMC,082520.00,A,5315.2531,N,00454.6977,E,8.0,234.9,180626,,,A*51
2026-06-18T08:25:20.000Z $IIHDG,236.4,,,,*4A
2026-06-18T08:25:20.000Z $IIMWV,241.4,T,10.9,N,A*00
2026-06-18T08:25:20.000Z $IIRPM,E,1,0,,A*66
2026-06-18T08:25:30.000Z $GPRMC,082530.00,A,5315.2993,N,00454.6669,E,8.0,235.0,180626,,,A*5C
2026-06-18T08:25:30.000Z $GPGGA,082530.00,5315.2993,N,00454.6669,E,1,11,0.9,0.0,M,0.0,M,,*50
2026-06-18T08:25:30.000Z $IIHDG,237.0,,,,*4F
2026-06-18T08:25:30.000Z $IIMWV,248.3,T,8.9,N,A*37
2026-06-18T08:25:30.000Z $IIDBT,77.0,f,23.5,M,12.8,F*2E
2026-06-18T08:25:30.000Z $IIRPM,E,1,0,,A*66
2026-06-18T08:25:30.000Z $GPVTG,235.0,T,,M,8.0,N,14.8,K,A*3C
2026-06-18T08:25:30.000Z !AIVDM,1,1,,A,B3a0sQ0tN05Qbg7W86QruRP000000,0*45
2026-06-18T08:25:40.000Z $GPRMC,082540.00,A,5315.2829,N,00454.6590,E,8.0,236.5,180626,,,A*58
2026-06-18T08:25:40.000Z $IIHDG,236.4,,,,*4A
2026-06-18T08:25:40.000Z $IIMWV,242.0,T,9.9,N,A*3F
2026-06-18T08:25:40.000Z $IIRPM,E,1,0,,A*66
2026-06-18T08:25:50.000Z $GPRMC,082550.00,A,5315.2796,N,00454.6274,E,8.0,235.1,180626,,,A*58
2026-06-18T08:25:50.000Z $IIHDG,234.8,,,,*44
2026-06-18T08:25:50.000Z $IIMWV,245.3,T,11.3,N,A*08
2026-06-18T08:25:50.000Z $IIRPM,E,1,0,,A*66
2026-06-18T08:26:00.000Z $GPRMC,082600.00,A,5315.2368,N,00454.5848,E,8.0,235.7,180626,,,A*5B
2026-06-18T08:26:00.000Z $GPGGA,082600.00,5315.2368,N,00454.5848,E,1,11,0.9,0.0,M,0.0,M,,*50
2026-06-18T08:26:00.000Z $IIHDG,234.7,,,,*4B
2026-06-18T08:26:00.000Z $IIMWV,251.2,T,11.3,N,A*0C
2026-06-18T08:26:00.000Z $IIDBT,73.7,f,22.5,M,12.3,F*27
2026-06-18T08:26:00.000Z $IIRPM,E,1,0,,A*66
2026-06-18T08:26:00.000Z $IIXDR,V,12.65,V,BATT*63
2026-06-18T08:26:00.000Z $GPVTG,235.7,T,,M,8.0,N,14.8,K,A*3B
2026-06-18T08:26:00.000Z !AIVDM,1,1,,A,B3a0sQ0tN05Qch7W7?=ruRP000000,0*21
2026-06-18T08:26:10.000Z $GPRMC,082610.00,A,5315.2160,N,00454.5983,E,8.0,236.0,180626,,,A*52
2026-06-18T08:26:10.000Z $IIHDG,234.3,,,,*4F
2026-06-18T08:26:10.000Z $IIMWV,245.6,T,9.8,N,A*3F
2026-06-18T08:26:10.000Z $IIRPM,E,1,0,,A*66
2026-06-18T08:26:20.000Z $GPRMC,082620.00,A,5315.2137,N,00454.5318,E,8.0,237.1,180626,,,A*5B
2026-06-18T08:26:20.000Z $IIHDG,234.6,,,,*4A
2026-06-18T08:26:20.000Z $IIMWV,243.1,T,10.7,N,A*09
2026-06-18T08:26:20.000Z $IIRPM,E,1,0,,A*66
2026-06-18T08:26:30.000Z $GPRMC,082630.00,A,5315.1987,N,00454.5035,E,8.0,236.9,180626,,,A*5F
2026-06-18T08:26:30.000Z $GPGGA,082630.00,5315.1987,N,00454.5035,E,1,8,0.9,0.0,M,0.0,M,,*61
2026-06-18T08:26:30.000Z $IIHDG,237.2,,,,*4D
2026-06-18T08:26:30.000Z $IIMWV,249.3,T,10.7,N,A*01
2026-06-18T08:26:30.000Z $IIDBT,76.7,f,23.4,M,12.8,F*29
2026-06-18T08:26:30.000Z $IIRPM,E,1,0,,A*66
2026-06-18T08:26:30.000Z $GPVTG,236.9,T,,M,8.0,N,14.8,K,A*36
2026-06-18T08:26:30.000Z !AIVDM,1,1,,A,B3a0sQ0tN05QbW7W7JQruRP000000,0*06
2026-06-18T08:26:40.000Z $GPRMC,082640.00,A,5315.1926,N,00454.4843,E,8.0,236.3,180626,,,A*51
2026-06-18T08:26:40.000Z $IIHDG,235.5,,,,*48
2026-06-18T08:26:40.000Z $IIMWV,245.5,T,10.0,N,A*0C
2026-06-18T08:26:40.000Z $IIRPM,E,1,0,,A*66
2026-06-18T08:26:50.000Z $GPRMC,082650.00,A,5315.1931,N,00454.4982,E,8.0,235.3,180626,,,A*59
2026-06-18T08:26:50.000Z $IIHDG,236.8,,,,*46
2026-06-18T08:26:50.000Z $IIMWV,243.8,T,11.0,N,A*06
2026-06-18T08:26:50.000Z $IIRPM,E,1,0,,A*66
2026-06-18T08:27:00.000Z $GPRMC,082700.00,A,5315.1505,N,00454.4410,E,8.0,237.6,180626,,,A*57
2026-06-18T08:27:00.000Z $GPGGA,082700.00,5315.1505,N,00454.4410,E,1,8,0.9,0.0,M,0.0,M,,*67
2026-06-18T08:27:00.000Z $IIHDG,238.8,,,,*48
2026-06-18T08:27:00.000Z $IIMWV,241.5,T,10.5,N,A*0D
2026-06-18T08:27:00.000Z $IIDBT,80.0,f,24.4,M,13.3,F*2A
2026-06-18T08:27:00.000Z $IIRPM,E,1,0,,A*66
2026-06-18T08:27:00.000Z $IIXDR,V,12.61,V,BATT*67
2026-06-18T08:27:00.000Z $GPVTG,237.6,T,,M,8.0,N,14.8,K,A*38
2026-06-18T08:27:00.000Z !AIVDM,1,1,,A,B3a0sQ0tN05QRnWW7:mruRP000000,0*23
2026-06-18T08:27:10.000Z $GPRMC,082710.00,A,5315.1509,N,00454.3993,E,8.0,235.3,180626,,,A*5C
2026-06-18T08:27:10.000Z $IIHDG,237.7,,,,*48
2026-06-18T08:27:10.000Z $IIMWV,243.1,T,9.6,N,A*30
2026-06-18T08:27:10.000Z $IIRPM,E,1,0,,A*66
2026-06-18T08:27:20.000Z $GPRMC,082720.00,A,5315.1342,N,00454.4072,E,8.0,236.9,180626,,,A*5E
2026-06-18T08:27:20.000Z $IIHDG,234.3,,,,*4F
2026-06-18T08:27:20.000Z $IIMWV,247.5,T,11.3,N,A*0C
2026-06-18T08:27:20.000Z $IIRPM,E,1,0,,A*66
2026-06-18T08:27:30.000Z $GPRMC,082730.00,A,5315.1785,N,00454.3786,E,8.0,237.3,180626,,,A*50
2026-06-18T08:27:30.000Z $GPGGA,082730.00,5315.1785,N,00454.3786,E,1,10,0.9,0.0,M,0.0,M,,*5C
2026-06-18T08:27:30.000Z $IIHDG,234.3,,,,*4F
2026-06-18T08:27:30.000Z $IIMWV,244.4,T,9.1,N,A*35
2026-06-18T08:27:30.000Z $IIDBT,77.7,f,23.7,M,13.0,F*22
2026-06-18T08:27:30.000Z $IIRPM,E,1,0,,A*66
2026-06-18T08:27:30.000Z $GPVTG,237.3,T,,M,8.0,N,14.8,K,A*3D
2026-06-18T08:27:30.000Z !AIVDM,1,1,,A,B3a0sQ0tN05QVT7W68UruRP000000,0*46
2026-06-18T08:27:40.000Z $GPRMC,082740.00,A,5315.1645,N,00454.3654,E,8.0,236.1,180626,,,A*57
2026-06-18T08:27:40.000Z $IIHDG,235.4,,,,*49
2026-06-18T08:27:40.000Z $IIMWV,242.8,T,8.6,N,A*39
2026-06-18T08:27:40.000Z $IIRPM,E,1,0,,A*66
2026-06-18T08:27:50.000Z $GPRMC,082750.00,A,5315.1333,N,00454.3160,E,8.0,237.5,180626,,,A*57
2026-06-18T08:27:50.000Z $IIHDG,237.0,,,,*4F
2026-06-18T08:27:50.000Z $IIMWV,251.1,T,10.8,N,A*05
2026-06-18T08:27:50.000Z $IIRPM,E,1,0,,A*66
2026-06-18T08:28:00.000Z $GPRMC,082800.00,A,5315.1373,N,00454.2818,E,8.0,236.2,180626,,,A*58
2026-06-18T08:28:00.000Z $GPGGA,082800.00,5315.1373,N,00454.2818,E,1,8,0.9,0.0,M,0.0,M,,*6D
2026-06-18T08:28:00.000Z $IIHDG,237.0,,,,*4F
2026-06-18T08:28:00.000Z $IIMWV,243.9,T,10.1,N,A*07
2026-06-18T08:28:00.000Z $IIDBT,77.3,f,23.5,M,12.9,F*2C
2026-06-18T08:28:00.000Z $IIRPM,E,1,0,,A*66
2026-06-18T08:28:00.000Z $IIXDR,V,12.41,V,BATT*65
2026-06-18T08:28:00.000Z $GPVTG,236.2,T,,M,8.0,N,14.8,K,A*3D
2026-06-18T08:28:00.000Z !AIVDM,1,1,,A,B3a0sQ0tN05QT`WW5@qruRP000000,0*4F
2026-06-18T08:28:10.000Z $GPRMC,082810.00,A,5315.0860,N,00454.2816,E,8.0,235.2,180626,,,A*5C
2026-06-18T08:28:10.000Z $IIHDG,235.6,,,,*4B
2026-06-18T08:28:10.000Z $IIMWV,247.1,T,10.6,N,A*0C
2026-06-18T08:28:10.000Z $IIRPM,E,1,0,,A*66
2026-06-18T08:28:20.000Z $GPRMC,082820.00,A,5315.0841,N,00454.2497,E,8.0,234.9,180626,,,A*53
2026-06-18T08:28:20.000Z $IIHDG,237.5,,,,*4A
2026-06-18T08:28:20.000Z $IIMWV,241.6,T,11.0,N,A*0A
2026-06-18T08:28:20.000Z $IIRPM,E,1,0,,A*66
2026-06-18T08:28:30.000Z $GPRMC,082830.00,A,5315.0987,N,00454.2515,E,8.0,235.7,180626,,,A*5D
2026-06-18T08:28:30.000Z $GPGGA,082830.00,5315.0987,N,00454.2515,E,1,10,0.9,0.0,M,0.0,M,,*57
2026-06-18T08:28:30.000Z $IIHDG,236.2,,,,*4C
2026-06-18T08:28:30.000Z $IIMWV,246.0,T,8.6,N,A*35
2026-06-18T08:28:30.000Z $IIDBT,75.7,f,23.1,M,12.6,F*21
2026-06-18T08:28:30.000Z $IIRPM,E,1,0,,A*66
2026-06-18T08:28:30.000Z $GPVTG,235.7,T,,M,8.0,N,14.8,K,A*3B
2026-06-18T08:28:30.000Z !AIVDM,1,1,,A,B3a0sQ0tN05QMSWW5AaruRP000000,0*74
2026-06-18T08:28:40.000Z $GPRMC,082840.00,A,5315.0876,N,00454.1953,E,8.0,237.4,180626,,,A*59
2026-06-18T08:28:40.000Z $IIHDG,237.4,,,,*4B
2026-06-18T08:28:40.000Z $IIMWV,244.3,T,9.5,N,A*36
2026-06-18T08:28:40.000Z $IIRPM,E,1,0,,A*66
2026-06-18T08:28:50.000Z $GPRMC,082850.00,A,5315.0916,N,00454.2038,E,8.0,236.4,180626,,,A*59
2026-06-18T08:28:50.000Z $IIHDG,234.3,,,,*4F
2026-06-18T08:28:50.000Z $IIMWV,248.4,T,10.6,N,A*06
2026-06-18T08:28:50.000Z $IIRPM,E,1,0,,A*66
2026-06-18T08:29:00.000Z $GPRMC,082900.00,A,5315.0380,N,00454.1358,E,8.0,237.0,180626,,,A*5B
2026-06-18T08:29:00.000Z $GPGGA,082900.00,5315.0380,N,00454.1358,E,1,11,0.9,0.0,M,0.0,M,,*55
2026-06-18T08:29:00.000Z $IIHDG,238.0,,,,*40
2026-06-18T08:29:00.000Z $IIMWV,245.5,T,9.2,N,A*36
2026-06-18T08:29:00.000Z $IIDBT,72.7,f,22.2,M,12.1,F*23
2026-06-18T08:29:00.000Z $IIRPM,E,1,0,,A*66
2026-06-18T08:29:00.000Z $IIXDR,V,12.41,V,BATT*65
2026-06-18T08:29:00.000Z $GPVTG,237.0,T,,M,8.0,N,14.8,K,A*3E
2026-06-18T08:29:00.000Z !AIVDM,1,1,,A,B3a0sQ0tN05QKb7W4gIruRP000000,0*2C
2026-06-18T08:29:10.000Z $GPRMC,082910.00,A,5315.0752,N,00454.1326,E,8.0,236.1,180626,,,A*58
2026-06-18T08:29:10.000Z $IIHDG,236.4,,,,*4A
2026-06-18T08:29:10.000Z $IIMWV,250.8,T,10.4,N,A*01
2026-06-18T08:29:10.000Z $IIRPM,E,1,0,,A*66
2026-06-18T08:29:20.000Z $GPRMC,082920.00,A,5315.0510,N,00454.1231,E,8.0,235.3,180626,,,A*59
2026-06-18T08:29:20.000Z $IIHDG,233.9,,,,*42
2026-06-18T08:29:20.000Z $IIMWV,248.4,T,9.3,N,A*3B
2026-06-18T08:29:20.000Z $IIRPM,E,1,0,,A*66
2026-06-18T08:29:30.000Z $GPRMC,082930.00,A,5315.0002,N,00454.0813,E,8.0,234.9,180626,,,A*5E
2026-06-18T08:29:30.000Z $GPGGA,082930.00,5315.0002,N,00454.0813,E,1,12,0.9,0.0,M,0.0,M,,*59
2026-06-18T08:29:30.000Z $IIHDG,238.4,,,,*44
2026-06-18T08:29:30.000Z $IIMWV,244.3,T,10.9,N,A*02
2026-06-18T08:29:30.000Z $IIDBT,78.0,f,23.8,M,13.0,F*25
2026-06-18T08:29:30.000Z $IIRPM,E,1,0,,A*66
2026-06-18T08:29:30.000Z $GPVTG,234.9,T,,M,8.0,N,14.8,K,A*34
2026-06-18T08:29:30.000Z !AIVDM,1,1,,A,B3a0sQ0tN05QJnWW4V5ruRP000000,0*0C
2026-06-18T08:29:40.000Z $GPRMC,082940.00,A,5315.0118,N,00454.0567,E,8.0,235.0,180626,,,A*55
2026-06-18T08:29:40.000Z $IIHDG,234.8,,,,*44
2026-06-18T08:29:40.000Z $IIMWV,243.0,T,9.6,N,A*31
2026-06-18T08:29:40.000Z $IIRPM,E,1,0,,A*66
2026-06-18T08:29:50.000Z $GPRMC,082950.00,A,5314.9963,N,00454.0366,E,8.0,237.7,180626,,,A*5A
2026-06-18T08:29:50.000Z $IIHDG,234.5,,,,*49
2026-06-18T08:29:50.000Z $IIMWV,247.7,T,9.3,N,A*37
2026-06-18T08:29:50.000Z $IIRPM,E,1,0,,A*66
2026-06-18T08:30:00.000Z $GPRMC,083000.00,A,5315.0287,N,00454.0287,E,8.0,237.5,180626,,,A*52
2026-06-18T08:30:00.000Z $GPGGA,083000.00,5315.0287,N,00454.0287,E,1,8,0.9,0.0,M,0.0,M,,*61
2026-06-18T08:30:00.000Z $IIHDG,235.7,,,,*4A
2026-06-18T08:30:00.000Z $IIMWV,247.6,T,9.9,N,A*3C
2026-06-18T08:30:00.000Z $IIDBT,76.0,f,23.2,M,12.7,F*27
2026-06-18T08:30:00.000Z $IIRPM,E,1,0,,A*66
2026-06-18T08:30:00.000Z $IIXDR,V,12.58,V,BATT*6D
2026-06-18T08:30:00.000Z $IIMTA,16.9,C*0B
2026-06-18T08:30:00.000Z $GPVTG,237.5,T,,M,8.0,N,14.8,K,A*3B
2026-06-18T08:30:00.000Z !AIVDM,1,1,,A,B3a0sQ0tN05QHQ7W4KiruRP000000,0*10
2026-06-18T08:30:10.000Z $GPRMC,083010.00,A,5314.9986,N,00453.9527,E,8.0,219.2,180626,,,A*59
2026-06-18T08:30:10.000Z $IIHDG,220.7,,,,*4E
2026-06-18T08:30:10.000Z $IIMWV,232.7,T,11.5,N,A*0A
2026-06-18T08:30:10.000Z $IIRPM,E,1,0,,A*66
2026-06-18T08:30:20.000Z $GPRMC,083020.00,A,5314.9434,N,00453.9685,E,8.0,220.2,180626,,,A*5F
2026-06-18T08:30:20.000Z $IIHDG,219.4,,,,*47
2026-06-18T08:30:20.000Z $IIMWV,229.1,T,11.0,N,A*03
2026-06-18T08:30:20.000Z $IIRPM,E,1,0,,A*66
2026-06-18T08:30:30.000Z $GPRMC,083030.00,A,5314.9584,N,00453.9330,E,8.0,218.1,180626,,,A*57
2026-06-18T08:30:30.000Z $GPGGA,083030.00,5314.9584,N,00453.9330,E,1,9,0.9,0.0,M,0.0,M,,*6C
2026-06-18T08:30:30.000Z $IIHDG,220.4,,,,*4D
2026-06-18T08:30:30.000Z $IIMWV,227.7,T,8.9,N,A*3A
2026-06-18T08:30:30.000Z $IIDBT,75.2,f,22.9,M,12.5,F*2E
2026-06-18T08:30:30.000Z $IIRPM,E,1,0,,A*66
2026-06-18T08:30:30.000Z $GPVTG,218.1,T,,M,8.0,N,14.8,K,A*32
2026-06-18T08:30:30.000Z !AIVDM,1,1,,A,B3a0sQ0tN05QCC7W3GUruRP000000,0*3E
2026-06-18T08:30:40.000Z $GPRMC,083040.00,A,5314.9495,N,00453.9194,E,8.0,218.5,180626,,,A*59
2026-06-18T08:30:40.000Z $IIHDG,217.2,,,,*4F
2026-06-18T08:30:40.000Z $IIMWV,230.0,T,10.4,N,A*0F
2026-06-18T08:30:40.000Z $IIRPM,E,1,0,,A*66
2026-06-18T08:30:50.000Z $GPRMC,083050.00,A,5314.8931,N,00453.9140,E,8.0,218.0,180626,,,A*56
2026-06-18T08:30:50.000Z $IIHDG,217.5,,,,*48
2026-06-18T08:30:50.000Z $IIMWV,229.8,T,10.0,N,A*0B
2026-06-18T08:30:50.000Z $IIRPM,E,1,0,,A*66
2026-06-18T08:31:00.000Z $GPRMC,083100.00,A,5314.9285,N,00453.8528,E,8.0,218.3,180626,,,A*5F
2026-06-18T08:31:00.000Z $GPGGA,083100.00,5314.9285,N,00453.8528,E,1,8,0.9,0.0,M,0.0,M,,*67
2026-06-18T08:31:00.000Z $IIHDG,220.3,,,,*4A
2026-06-18T08:31:00.000Z $IIMWV,231.0,T,8.6,N,A*35
2026-06-18T08:31:00.000Z $IIDBT,77.5,f,23.6,M,12.9,F*29
2026-06-18T08:31:00.000Z $IIRPM,E,1,0,,A*66
2026-06-18T08:31:00.000Z $IIXDR,V,12.41,V,BATT*65
2026-06-18T08:31:00.000Z $GPVTG,218.3,T,,M,8.0,N,14.8,K,A*30
2026-06-18T08:31:00.000Z !AIVDM,1,1,,A,B3a0sQ0tN05QEo7W3>mruRP000000,0*55
2026-06-18T08:31:10.000Z $GPRMC,083110.00,A,5314.8957,N,00453.8543,E,8.0,217.6,180626,,,A*5C
2026-06-18T08:31:10.000Z $IIHDG,217.3,,,,*4E
2026-06-18T08:31:10.000Z $IIMWV,230.8,T,9.7,N,A*3C
2026-06-18T08:31:10.000Z $IIRPM,E,1,0,,A*66
2026-06-18T08:31:20.000Z $GPRMC,083120.00,A,5314.8828,N,00453.8349,E,8.0,217.8,180626,,,A*54
2026-06-18T08:31:20.000Z $IIHDG,217.6,,,,*4B
2026-06-18T08:31:20.000Z $IIMWV,224.2,T,9.5,N,A*31
2026-06-18T08:31:20.000Z $IIRPM,E,1,0,,A*66
2026-06-18T08:31:30.000Z $GPRMC,083130.00,A,5314.8698,N,00453.7955,E,8.0,217.4,180626,,,A*54
2026-06-18T08:31:30.000Z $GPGGA,083130.00,5314.8698,N,00453.7955,E,1,10,0.9,0.0,M,0.0,M,,*5D
2026-06-18T08:31:30.000Z $IIHDG,219.9,,,,*4A
2026-06-18T08:31:30.000Z $IIMWV,231.9,T,11.1,N,A*03
2026-06-18T08:31:30.000Z $IIDBT,81.2,f,24.8,M,13.5,F*23
2026-06-18T08:31:30.000Z $IIRPM,E,1,0,,A*66
2026-06-18T08:31:30.000Z $GPVTG,217.4,T,,M,8.0,N,14.8,K,A*38
2026-06-18T08:31:30.000Z !AIVDM,1,1,,A,B3a0sQ0tN05QDO7W2kIruRP000000,0*04
2026-06-18T08:31:40.000Z $GPRMC,083140.00,A,5314.8386,N,00453.7835,E,8.0,217.4,180626,,,A*5E
2026-06-18T08:31:40.000Z $IIHDG,219.9,,,,*4A
2026-06-18T08:31:40.000Z $IIMWV,227.2,T,10.1,N,A*0E
2026-06-18T08:31:40.000Z $IIRPM,E,1,0,,A*66
2026-06-18T08:31:50.000Z $GPRMC,083150.00,A,5314.8356,N,00453.7780,E,8.0,219.6,180626,,,A*5F
2026-06-18T08:31:50.000Z $IIHDG,217.9,,,,*44
2026-06-18T08:31:50.000Z $IIMWV,230.2,T,10.7,N,A*0E
2026-06-18T08:31:50.000Z $IIRPM,E,1,0,,A*66
2026-06-18T08:32:00.000Z $GPRMC,083200.00,A,5314.8035,N,00453.7317,E,8.0,220.2,180626,,,A*5B
2026-06-18T08:32:00.000Z $GPGGA,083200.00,5314.8035,N,00453.7317,E,1,8,0.9,0.0,M,0.0,M,,*69
2026-06-18T08:32:00.000Z $IIHDG,218.3,,,,*41
2026-06-18T08:32:00.000Z $IIMWV,230.1,T,10.4,N,A*0E
2026-06-18T08:32:00.000Z $IIDBT,81.8,f,24.9,M,13.6,F*2B
2026-06-18T08:32:00.000Z $IIRPM,E,1,0,,A*66
2026-06-18T08:32:00.000Z $IIXDR,V,12.44,V,BATT*60
2026-06-18T08:32:00.000Z $GPVTG,220.2,T,,M,8.0,N,14.8,K,A*3A
2026-06-18T08:32:00.000Z !AIVDM,1,1,,A,B3a0sQ0tN05Q@9WW26MruRP000000,0*4F
2026-06-18T08:32:10.000Z $GPRMC,083210.00,A,5314.7909,N,00453.7174,E,8.0,218.6,180626,,,A*5B
2026-06-18T08:32:10.000Z $IIHDG,218.3,,,,*41
2026-06-18T08:32:10.000Z $IIMWV,232.7,T,10.3,N,A*0D
2026-06-18T08:32:10.000Z $IIRPM,E,1,0,,A*66
2026-06-18T08:32:20.000Z $GPRMC,083220.00,A,5314.7604,N,00453.6930,E,8.0,217.8,180626,,,A*52
2026-06-18T08:32:20.000Z $IIHDG,219.3,,,,*40
2026-06-18T08:32:20.000Z $IIMWV,232.4,T,9.8,N,A*3D
2026-06-18T08:32:20.000Z $IIRPM,E,1,0,,A*66
2026-06-18T08:32:30.000Z $GPRMC,083230.00,A,5314.7350,N,00453.6851,E,8.0,220.0,180626,,,A*5D
2026-06-18T08:32:30.000Z $GPGGA,083230.00,5314.7350,N,00453.6851,E,1,12,0.9,0.0,M,0.0,M,,*56
2026-06-18T08:32:30.000Z $IIHDG,217.0,,,,*4D
2026-06-18T08:32:30.000Z $IIMWV,230.2,T,9.4,N,A*35
2026-06-18T08:32:30.000Z $IIDBT,80.7,f,24.6,M,13.4,F*28
2026-06-18T08:32:30.000Z $IIRPM,E,1,0,,A*66
2026-06-18T08:32:30.000Z $GPVTG,220.0,T,,M,8.0,N,14.8,K,A*38
2026-06-18T08:32:30.000Z !AIVDM,1,1,,A,B3a0sQ0tN05Q@M7W0o1ruRP000000,0*7C
2026-06-18T08:32:40.000Z $GPRMC,083240.00,A,5314.7430,N,00453.6635,E,8.0,219.4,180626,,,A*59
2026-06-18T08:32:40.000Z $IIHDG,220.0,,,,*49
2026-06-18T08:32:40.000Z $IIMWV,229.8,T,10.9,N,A*02
2026-06-18T08:32:40.000Z $IIRPM,E,1,0,,A*66
2026-06-18T08:32:50.000Z $GPRMC,083250.00,A,5314.7250,N,00453.6490,E,8.0,219.8,180626,,,A*59
2026-06-18T08:32:50.000Z $IIHDG,220.1,,,,*48
2026-06-18T08:32:50.000Z $IIMWV,228.9,T,10.4,N,A*0F
2026-06-18T08:32:50.000Z $IIRPM,E,1,0,,A*66
2026-06-18T08:33:00.000Z $GPRMC,083300.00,A,5314.6736,N,00453.6014,E,8.0,219.4,180626,,,A*5D
2026-06-18T08:33:00.000Z $GPGGA,083300.00,5314.6736,N,00453.6014,E,1,12,0.9,0.0,M,0.0,M,,*58
2026-06-18T08:33:00.000Z $IIHDG,220.0,,,,*49
2026-06-18T08:33:00.000Z $IIMWV,229.9,T,9.8,N,A*3A
2026-06-18T08:33:00.000Z $IIDBT,74.3,f,22.6,M,12.4,F*20
2026-06-18T08:33:00.000Z $IIRPM,E,1,0,,A*66
2026-06-18T08:33:00.000Z $IIXDR,V,12.47,V,BATT*63
2026-06-18T08:33:00.000Z $GPVTG,219.4,T,,M,8.0,N,14.8,K,A*36
2026-06-18T08:33:00.000Z !AIVDM,1,1,,A,B3a0sQ0tN05Q@eWW141ruRP000000,0*6E
2026-06-18T08:33:10.000Z $GPRMC,083310.00,A,5314.6754,N,00453.5716,E,8.0,218.3,180626,,,A*58
2026-06-18T08:33:10.000Z $IIHDG,220.6,,,,*4F
2026-06-18T08:33:10.000Z $IIMWV,226.0,T,9.0,N,A*34
2026-06-18T08:33:10.000Z $IIRPM,E,1,0,,A*66
2026-06-18T08:33:20.000Z $GPRMC,083320.00,A,5314.6368,N,00453.5411,E,8.0,219.2,180626,,,A*54
2026-06-18T08:33:20.000Z $IIHDG,217.7,,,,*4A
2026-06-18T08:33:20.000Z $IIMWV,226.6,T,9.8,N,A*3A
2026-06-18T08:33:20.000Z $IIRPM,E,1,0,,A*66
2026-06-18T08:33:30.000Z $GPRMC,083330.00,A,5314.6415,N,00453.5122,E,8.0,219.5,180626,,,A*5A
2026-06-18T08:33:30.000Z $GPGGA,083330.00,5314.6415,N,00453.5122,E,1,8,0.9,0.0,M,0.0,M,,*65
2026-06-18T08:33:30.000Z $IIHDG,217.2,,,,*4F
2026-06-18T08:33:30.000Z $IIMWV,231.7,T,10.1,N,A*0C
2026-06-18T08:33:30.000Z $IIDBT,78.8,f,24.0,M,13.1,F*23
2026-06-18T08:33:30.000Z $IIRPM,E,1,0,,A*66
2026-06-18T08:33:30.000Z $GPVTG,219.5,T,,M,8.0,N,14.8,K,A*37
2026-06-18T08:33:30.000Z !AIVDM,1,1,,A,B3a0sQ0tN05Q8aWW0bqruRP000000,0*05
2026-06-18T08:33:40.000Z $GPRMC,083340.00,A,5314.6606,N,00453.5177,E,8.0,218.1,180626,,,A*58
2026-06-18T08:33:40.000Z $IIHDG,220.0,,,,*49
2026-06-18T08:33:40.000Z $IIMWV,223.8,T,10.5,N,A*04
2026-06-18T08:33:40.000Z $IIRPM,E,1,0,,A*66
2026-06-18T08:33:50.000Z $GPRMC,083350.00,A,5314.5966,N,00453.4651,E,8.0,217.9,180626,,,A*56
2026-06-18T08:33:50.000Z $IIHDG,219.6,,,,*45
2026-06-18T08:33:50.000Z $IIMWV,225.6,T,10.5,N,A*0C
2026-06-18T08:33:50.000Z $IIRPM,E,1,0,,A*66
2026-06-18T08:34:00.000Z $GPRMC,083400.00,A,5314.6217,N,00453.4523,E,8.0,219.9,180626,,,A*52
2026-06-18T08:34:00.000Z $GPGGA,083400.00,5314.6217,N,00453.4523,E,1,11,0.9,0.0,M,0.0,M,,*59
2026-06-18T08:34:00.000Z $IIHDG,217.9,,,,*44
2026-06-18T08:34:00.000Z $IIMWV,230.5,T,11.2,N,A*0D
2026-06-18T08:34:00.000Z $IIDBT,77.7,f,23.7,M,13.0,F*22
2026-06-18T08:34:00.000Z $IIRPM,E,1,0,,A*66
2026-06-18T08:34:00.000Z $IIXDR,V,12.58,V,BATT*6D
2026-06-18T08:34:00.000Z $GPVTG,219.9,T,,M,8.0,N,14.8,K,A*3B
2026-06-18T08:34:00.000Z !AIVDM,1,1,,A,B3a0sQ0tN05Q9VWVwVEruRP000000,0*75
2026-06-18T08:34:10.000Z $GPRMC,083410.00,A,5314.5701,N,00453.4260,E,8.0,218.4,180626,,,A*5E
2026-06-18T08:34:10.000Z $IIHDG,220.6,,,,*4F
2026-06-18T08:34:10.000Z $IIMWV,224.5,T,8.9,N,A*3B
2026-06-18T08:34:10.000Z $IIRPM,E,1,0,,A*66
2026-06-18T08:34:20.000Z $GPRMC,083420.00,A,5314.5753,N,00453.4164,E,8.0,217.2,180626,,,A*54
2026-06-18T08:34:20.000Z $IIHDG,218.6,,,,*44
2026-06-18T08:34:20.000Z $IIMWV,231.0,T,9.9,N,A*3B
2026-06-18T08:34:20.000Z $IIRPM,E,1,0,,A*66
2026-06-18T08:34:30.000Z $GPRMC,083430.00,A,5314.5767,N,00453.4084,E,8.0,219.9,180626,,,A*58
2026-06-18T08:34:30.000Z $GPGGA,083430.00,5314.5767,N,00453.4084,E,1,12,0.9,0.0,M,0.0,M,,*50
2026-06-18T08:34:30.000Z $IIHDG,218.3,,,,*41
2026-06-18T08:34:30.000Z $IIMWV,225.8,T,11.5,N,A*03
2026-06-18T08:34:30.000Z $IIDBT,73.8,f,22.5,M,12.3,F*28
2026-06-18T08:34:30.000Z $IIRPM,E,1,0,,A*66
2026-06-18T08:34:30.000Z $GPVTG,219.9,T,,M,8.0,N,14.8,K,A*3B
2026-06-18T08:34:30.000Z !AIVDM,1,1,,A,B3a0sQ0tN05Q527VvrUruRP000000,0*48
2026-06-18T08:34:40.000Z $GPRMC,083440.00,A,5314.5242,N,00453.3686,E,8.0,217.7,180626,,,A*5E
2026-06-18T08:34:40.000Z $IIHDG,219.2,,,,*41
2026-06-18T08:34:40.000Z $IIMWV,228.5,T,11.4,N,A*02
2026-06-18T08:34:40.000Z $IIRPM,E,1,0,,A*66
2026-06-18T08:34:50.000Z $GPRMC,083450.00,A,5314.4983,N,00453.3337,E,8.0,220.0,180626,,,A*54
2026-06-18T08:34:50.000Z $IIHDG,220.5,,,,*4C
2026-06-18T08:34:50.000Z $IIMWV,226.7,T,10.5,N,A*0E
2026-06-18T08:34:50.000Z $IIRPM,E,1,0,,A*66
2026-06-18T08:35:00.000Z $GPRMC,083500.00,A,5314.5284,N,00453.3360,E,8.0,219.8,180626,,,A*5D
2026-06-18T08:35:00.000Z $GPGGA,083500.00,5314.5284,N,00453.3360,E,1,10,0.9,0.0,M,0.0,M,,*56
2026-06-18T08:35:00.000Z $IIHDG,220.6,,,,*4F
2026-06-18T08:35:00.000Z $IIMWV,233.4,T,11.1,N,A*0C
2026-06-18T08:35:00.000Z $IIDBT,74.2,f,22.6,M,12.4,F*21
2026-06-18T08:35:00.000Z $IIRPM,E,1,0,,A*66
2026-06-18T08:35:00.000Z $IIXDR,V,12.58,V,BATT*6D
2026-06-18T08:35:00.000Z $IIMTA,17.9,C*0A
2026-06-18T08:35:00.000Z $GPVTG,219.8,T,,M,8.0,N,14.8,K,A*3A
2026-06-18T08:35:00.000Z !AIVDM,1,1,,A,B3a0sQ0tN05Q3q7VvKQruRP000000,0*30
2026-06-18T08:35:10.000Z $GPRMC,083510.00,A,5314.5043,N,00453.3197,E,8.0,217.7,180626,,,A*5E
2026-06-18T08:35:10.000Z $IIHDG,217.3,,,,*4E
2026-06-18T08:35:10.000Z $IIMWV,226.1,T,11.0,N,A*0C
2026-06-18T08:35:10.000Z $IIRPM,E,1,0,,A*66
2026-06-18T08:35:20.000Z $GPRMC,083520.00,A,5314.4868,N,00453.3179,E,8.0,218.5,180626,,,A*50
2026-06-18T08:35:20.000Z $IIHDG,221.0,,,,*48
2026-06-18T08:35:20.000Z $IIMWV,225.6,T,8.9,N,A*39
2026-06-18T08:35:20.000Z $IIRPM,E,1,0,,A*66
2026-06-18T08:35:30.000Z $GPRMC,083530.00,A,5314.4775,N,00453.2678,E,8.0,217.7,180626,,,A*58
2026-06-18T08:35:30.000Z $GPGGA,083530.00,5314.4775,N,00453.2678,E,1,12,0.9,0.0,M,0.0,M,,*50
2026-06-18T08:35:30.000Z $IIHDG,219.7,,,,*44
2026-06-18T08:35:30.000Z $IIMWV,229.0,T,10.6,N,A*05
2026-06-18T08:35:30.000Z $IIDBT,81.2,f,24.8,M,13.5,F*23
2026-06-18T08:35:30.000Z $IIRPM,E,1,0,,A*66
2026-06-18T08:35:30.000Z $GPVTG,217.7,T,,M,8.0,N,14.8,K,A*3B
2026-06-18T08:35:30.000Z !AIVDM,1,1,,A,B3a0sQ0tN05Q797VvlUruRP000000,0*5F
2026-06-18T08:35:40.000Z $GPRMC,083540.00,A,5314.4278,N,00453.2717,E,8.0,218.8,180626,,,A*5F
2026-06-18T08:35:40.000Z $IIHDG,220.5,,,,*4C
2026-06-18T08:35:40.000Z $IIMWV,231.1,T,10.6,N,A*0D
2026-06-18T08:35:40.000Z $IIRPM,E,1,0,,A*66
2026-06-18T08:35:50.000Z $GPRMC,083550.00,A,5314.3911,N,00453.2406,E,8.0,218.1,180626,,,A*57
2026-06-18T08:35:50.000Z $IIHDG,219.9,,,,*4A
2026-06-18T08:35:50.000Z $IIMWV,229.8,T,9.0,N,A*33
2026-06-18T08:35:50.000Z $IIRPM,E,1,0,,A*66
2026-06-18T08:36:00.000Z $GPRMC,083600.00,A,5314.4112,N,00453.1994,E,8.0,219.2,180626,,,A*5A
2026-06-18T08:36:00.000Z $GPGGA,083600.00,5314.4112,N,00453.1994,E,1,8,0.9,0.0,M,0.0,M,,*62
2026-06-18T08:36:00.000Z $IIHDG,216.7,,,,*4B
2026-06-18T08:36:00.000Z $IIMWV,229.6,T,11.4,N,A*00
2026-06-18T08:36:00.000Z $IIDBT,79.7,f,24.3,M,13.3,F*2C
2026-06-18T08:36:00.000Z $IIRPM,E,1,0,,A*66
2026-06-18T08:36:00.000Z $IIXDR,V,12.64,V,BATT*62
2026-06-18T08:36:00.000Z $GPVTG,219.2,T,,M,8.0,N,14.8,K,A*30
2026-06-18T08:36:00.000Z !AIVDM,1,1,,A,B3a0sQ0tN05Q5<WVvF=ruRP000000,0*7A
2026-06-18T08:36:10.000Z $GPRMC,083610.00,A,5314.4022,N,00453.2033,E,8.0,219.0,180626,,,A*5C
2026-06-18T08:36:10.000Z $IIHDG,219.5,,,,*46
2026-06-18T08:36:10.000Z $IIMWV,224.3,T,9.6,N,A*33
2026-06-18T08:36:10.000Z $IIRPM,E,1,0,,A*66
2026-06-18T08:36:20.000Z $GPRMC,083620.00,A,5314.3658,N,00453.1379,E,8.0,218.4,180626,,,A*58
2026-06-18T08:36:20.000Z $IIHDG,220.3,,,,*4A
2026-06-18T08:36:20.000Z $IIMWV,230.1,T,9.9,N,A*3B
2026-06-18T08:36:20.000Z $IIRPM,E,1,0,,A*66
2026-06-18T08:36:30.000Z $GPRMC,083630.00,A,5314.3615,N,00453.1495,E,8.0,217.2,180626,,,A*5C
2026-06-18T08:36:30.000Z $GPGGA,083630.00,5314.3615,N,00453.1495,E,1,9,0.9,0.0,M,0.0,M,,*6B
2026-06-18T08:36:30.000Z $IIHDG,220.2,,,,*4B
2026-06-18T08:36:30.000Z $IIMWV,229.1,T,10.9,N,A*0B
2026-06-18T08:36:30.000Z $IIDBT,73.7,f,22.5,M,12.3,F*27
2026-06-18T08:36:30.000Z $IIRPM,E,1,0,,A*66
2026-06-18T08:36:30.000Z $GPVTG,217.2,T,,M,8.0,N,14.8,K,A*3E
2026-06-18T08:36:30.000Z !AIVDM,1,1,,A,B3a0sQ0tN05PvkWVu8EruRP000000,0*6A
2026-06-18T08:36:40.000Z $GPRMC,083640.00,A,5314.3603,N,00453.0851,E,8.0,217.3,180626,,,A*58
2026-06-18T08:36:40.000Z $IIHDG,216.6,,,,*4A
2026-06-18T08:36:40.000Z $IIMWV,226.2,T,8.8,N,A*3F
2026-06-18T08:36:40.000Z $IIRPM,E,1,0,,A*66
2026-06-18T08:36:50.000Z $GPRMC,083650.00,A,5314.3311,N,00453.0615,E,8.0,218.5,180626,,,A*58
2026-06-18T08:36:50.000Z $IIHDG,217.2,,,,*4F
2026-06-18T08:36:50.000Z $IIMWV,227.2,T,8.8,N,A*3E
2026-06-18T08:36:50.000Z $IIRPM,E,1,0,,A*66
2026-06-18T08:37:00.000Z $GPRMC,083700.00,A,5314.2744,N,00453.0846,E,8.0,217.8,180626,,,A*53
2026-06-18T08:37:00.000Z $GPGGA,083700.00,5314.2744,N,00453.0846,E,1,10,0.9,0.0,M,0.0,M,,*56
2026-06-18T08:37:00.000Z $IIHDG,218.4,,,,*46
2026-06-18T08:37:00.000Z $IIMWV,231.3,T,10.8,N,A*01
2026-06-18T08:37:00.000Z $IIDBT,74.1,f,22.6,M,12.4,F*22
2026-06-18T08:37:00.000Z $IIRPM,E,1,0,,A*66
2026-06-18T08:37:00.000Z $IIXDR,V,12.56,V,BATT*63
2026-06-18T08:37:00.000Z $GPVTG,217.8,T,,M,8.0,N,14.8,K,A*34
2026-06-18T08:37:00.000Z !AIVDM,1,1,,A,B3a0sQ0tN05Q28WVuMaruRP000000,0*2D
2026-06-18T08:37:10.000Z $GPRMC,083710.00,A,5314.2779,N,00453.0733,E,8.0,219.3,180626,,,A*54
2026-06-18T08:37:10.000Z $IIHDG,217.6,,,,*4B
2026-06-18T08:37:10.000Z $IIMWV,227.3,T,9.9,N,A*3F
2026-06-18T08:37:10.000Z $IIRPM,E,1,0,,A*66
2026-06-18T08:37:20.000Z $GPRMC,083720.00,A,5314.2775,N,00453.0386,E,8.0,219.2,180626,,,A*50
2026-06-18T08:37:20.000Z $IIHDG,218.7,,,,*45
2026-06-18T08:37:20.000Z $IIMWV,229.9,T,10.5,N,A*0F
2026-06-18T08:37:20.000Z $IIRPM,E,1,0,,A*66
2026-06-18T08:37:30.000Z $GPRMC,083730.00,A,5314.2672,N,00453.0281,E,8.0,218.6,180626,,,A*54
2026-06-18T08:37:30.000Z $GPGGA,083730.00,5314.2672,N,00453.0281,E,1,8,0.9,0.0,M,0.0,M,,*69
2026-06-18T08:37:30.000Z $IIHDG,221.0,,,,*48
2026-06-18T08:37:30.000Z $IIMWV,226.9,T,10.6,N,A*03
2026-06-18T08:37:30.000Z $IIDBT,81.2,f,24.7,M,13.5,F*2C
2026-06-18T08:37:30.000Z $IIRPM,E,1,0,,A*66
2026-06-18T08:37:30.000Z $GPVTG,218.6,T,,M,8.0,N,14.8,K,A*35
2026-06-18T08:37:30.000Z !AIVDM,1,1,,A,B3a0sQ0tN05Ppl7Vt3EruRP000000,0*01
2026-06-18T08:37:40.000Z $GPRMC,083740.00,A,5314.2179,N,00452.9769,E,8.0,218.4,180626,,,A*56
2026-06-18T08:37:40.000Z $IIHDG,220.4,,,,*4D
2026-06-18T08:37:40.000Z $IIMWV,231.3,T,10.1,N,A*08
2026-06-18T08:37:40.000Z $IIRPM,E,1,0,,A*66
2026-06-18T08:37:50.000Z $GPRMC,083750.00,A,5314.2351,N,00452.9313,E,8.0,219.3,180626,,,A*50
2026-06-18T08:37:50.000Z $IIHDG,219.7,,,,*44
2026-06-18T08:37:50.000Z $IIMWV,227.7,T,11.4,N,A*0F
2026-06-18T08:37:50.000Z $IIRPM,E,1,0,,A*66
2026-06-18T08:38:00.000Z $GPRMC,083800.00,A,5314.2076,N,00452.9547,E,8.0,219.2,180626,,,A*5A
2026-06-18T08:38:00.000Z $GPGGA,083800.00,5314.2076,N,00452.9547,E,1,9,0.9,0.0,M,0.0,M,,*63
2026-06-18T08:38:00.000Z $IIHDG,219.5,,,,*46
2026-06-18T08:38:00.000Z $IIMWV,232.6,T,11.2,N,A*0C
2026-06-18T08:38:00.000Z $IIDBT,77.5,f,23.6,M,12.9,F*29
2026-06-18T08:38:00.000Z $IIRPM,E,1,0,,A*66
2026-06-18T08:38:00.000Z $IIXDR,V,12.63,V,BATT*65
2026-06-18T08:38:00.000Z $GPVTG,219.2,T,,M,8.0,N,14.8,K,A*30
2026-06-18T08:38:00.000Z !AIVDM,1,1,,A,B3a0sQ0tN05PuLWVsV5ruRP000000,0*56
2026-06-18T08:38:10.000Z $GPRMC,083810.00,A,5314.2038,N,00452.8889,E,8.0,219.3,180626,,,A*5E
2026-06-18T08:38:10.000Z $IIHDG,220.0,,,,*49
2026-06-18T08:38:10.000Z $IIMWV,230.2,T,11.4,N,A*0C
2026-06-18T08:38:10.000Z $IIRPM,E,1,0,,A*66
2026-06-18T08:38:20.000Z $GPRMC,083820.00,A,5314.1841,N,00452.9049,E,8.0,218.1,180626,,,A*5E
2026-06-18T08:38:20.000Z $IIHDG,219.3,,,,*40
2026-06-18T08:38:20.000Z $IIMWV,224.5,T,8.7,N,A*35
2026-06-18T08:38:20.000Z $IIRPM,E,1,0,,A*66
2026-06-18T08:38:30.000Z $GPRMC,083830.00,A,5314.1369,N,00452.8694,E,8.0,218.4,180626,,,A*5C
2026-06-18T08:38:30.000Z $GPGGA,083830.00,5314.1369,N,00452.8694,E,1,11,0.9,0.0,M,0.0,M,,*5B
2026-06-18T08:38:30.000Z $IIHDG,219.6,,,,*45
2026-06-18T08:38:30.000Z $IIMWV,226.9,T,9.3,N,A*3E
2026-06-18T08:38:30.000Z $IIDBT,80.4,f,24.5,M,13.4,F*28
2026-06-18T08:38:30.000Z $IIRPM,E,1,0,,A*66
2026-06-18T08:38:30.000Z $GPVTG,218.4,T,,M,8.0,N,14.8,K,A*37
2026-06-18T08:38:30.000Z !AIVDM,1,1,,A,B3a0sQ0tN05PtHWVsvmruRP000000,0*2B
2026-06-18T08:38:40.000Z $GPRMC,083840.00,A,5314.1080,N,00452.8722,E,8.0,219.3,180626,,,A*55
2026-06-18T08:38:40.000Z $IIHDG,220.8,,,,*41
2026-06-18T08:38:40.000Z $IIMWV,226.2,T,11.0,N,A*0F
2026-06-18T08:38:40.000Z $IIRPM,E,1,0,,A*66
2026-06-18T08:38:50.000Z $GPRMC,083850.00,A,5314.1295,N,00452.8372,E,8.0,219.6,180626,,,A*56
2026-06-18T08:38:50.000Z $IIHDG,216.7,,,,*4B
2026-06-18T08:38:50.000Z $IIMWV,228.0,T,10.0,N,A*02
2026-06-18T08:38:50.000Z $IIRPM,E,1,0,,A*66
2026-06-18T08:39:00.000Z $GPRMC,083900.00,A,5314.0899,N,00452.7822,E,8.0,217.9,180626,,,A*55
2026-06-18T08:39:00.000Z $GPGGA,083900.00,5314.0899,N,00452.7822,E,1,11,0.9,0.0,M,0.0,M,,*50
2026-06-18T08:39:00.000Z $IIHDG,218.8,,,,*4A
2026-06-18T08:39:00.000Z $IIMWV,231.1,T,9.3,N,A*30
2026-06-18T08:39:00.000Z $IIDBT,79.1,f,24.1,M,13.2,F*29
2026-06-18T08:39:00.000Z $IIRPM,E,1,0,,A*66
2026-06-18T08:39:00.000Z $IIXDR,V,12.54,V,BATT*61
2026-06-18T08:39:00.000Z $GPVTG,217.9,T,,M,8.0,N,14.8,K,A*35
2026-06-18T08:39:00.000Z !AIVDM,1,1,,A,B3a0sQ0tN05Ppq7VsMAruRP000000,0*61
2026-06-18T08:39:10.000Z $GPRMC,083910.00,A,5314.0782,N,00452.7942,E,8.0,219.2,180626,,,A*53
2026-06-18T08:39:10.000Z $IIHDG,217.4,,,,*49
2026-06-18T08:39:10.000Z $IIMWV,225.1,T,10.1,N,A*0F
2026-06-18T08:39:10.000Z $IIRPM,E,1,0,,A*66
2026-06-18T08:39:20.000Z $GPRMC,083920.00,A,5314.0909,N,00452.7698,E,8.0,220.0,180626,,,A*5D
2026-06-18T08:39:20.000Z $IIHDG,219.3,,,,*40
2026-06-18T08:39:20.000Z $IIMWV,231.0,T,10.5,N,A*0F
2026-06-18T08:39:20.000Z $IIRPM,E,1,0,,A*66
2026-06-18T08:39:30.000Z $GPRMC,083930.00,A,5314.0449,N,00452.7167,E,8.0,219.0,180626,,,A*58
2026-06-18T08:39:30.000Z $GPGGA,083930.00,5314.0449,N,00452.7167,E,1,9,0.9,0.0,M,0.0,M,,*63
2026-06-18T08:39:30.000Z $IIHDG,220.5,,,,*4C
2026-06-18T08:39:30.000Z $IIMWV,225.0,T,11.4,N,A*0A
2026-06-18T08:39:30.000Z $IIDBT,77.9,f,23.7,M,13.0,F*2C
2026-06-18T08:39:30.000Z $IIRPM,E,1,0,,A*66
2026-06-18T08:39:30.000Z $GPVTG,219.0,T,,M,8.0,N,14.8,K,A*32
2026-06-18T08:39:30.000Z !AIVDM,1,1,,A,B3a0sQ0tN05Ppg7Vr=EruRP000000,0*02
2026-06-18T08:39:40.000Z $GPRMC,083940.00,A,5314.0499,N,00452.7402,E,8.0,218.3,180626,,,A*56
2026-06-18T08:39:40.000Z $IIHDG,216.7,,,,*4B
2026-06-18T08:39:40.000Z $IIMWV,233.6,T,9.5,N,A*33
2026-06-18T08:39:40.000Z $IIRPM,E,1,0,,A*66
2026-06-18T08:39:50.000Z $GPRMC,083950.00,A,5314.0141,N,00452.6738,E,8.0,217.8,180626,,,A*58
2026-06-18T08:39:50.000Z $IIHDG,218.2,,,,*40
2026-06-18T08:39:50.000Z $IIMWV,230.9,T,10.5,N,A*07
2026-06-18T08:39:50.000Z $IIRPM,E,1,0,,A*66
2026-06-18T08:40:00.000Z $GPRMC,084000.00,A,5314.0113,N,00452.6535,E,8.0,219.7,180626,,,A*5A
2026-06-18T08:40:00.000Z $GPGGA,084000.00,5314.0113,N,00452.6535,E,1,12,0.9,0.0,M,0.0,M,,*5C
2026-06-18T08:40:00.000Z $IIHDG,219.3,,,,*40
2026-06-18T08:40:00.000Z $IIMWV,229.3,T,8.7,N,A*3E
2026-06-18T08:40:00.000Z $IIDBT,79.0,f,24.1,M,13.2,F*28
2026-06-18T08:40:00.000Z $IIRPM,E,1,0,,A*66
2026-06-18T08:40:00.000Z $IIXDR,V,12.50,V,BATT*65
2026-06-18T08:40:00.000Z $IIMTA,17.5,C*06
2026-06-18T08:40:00.000Z $GPVTG,219.7,T,,M,8.0,N,14.8,K,A*35
2026-06-18T08:40:00.000Z !AIVDM,1,1,,A,B3a0sQ0tN05PkC7VqburuRP000000,0*51
2026-06-18T08:40:10.000Z $GPRMC,084010.00,A,5313.9856,N,00452.6542,E,8.0,218.5,180626,,,A*5E
2026-06-18T08:40:10.000Z $IIHDG,219.8,,,,*4B
2026-06-18T08:40:10.000Z $IIMWV,229.5,T,9.0,N,A*3E
2026-06-18T08:40:10.000Z $IIRPM,E,1,0,,A*66
2026-06-18T08:40:20.000Z $GPRMC,084020.00,A,5313.9936,N,00452.6009,E,8.0,220.0,180626,,,A*5E
2026-06-18T08:40:20.000Z $IIHDG,216.5,,,,*49
2026-06-18T08:40:20.000Z $IIMWV,227.9,T,8.7,N,A*3A
2026-06-18T08:40:20.000Z $IIRPM,E,1,0,,A*66
2026-06-18T08:40:30.000Z $GPRMC,084030.00,A,5313.9735,N,00452.6181,E,8.0,220.0,180626,,,A*53
2026-06-18T08:40:30.000Z $GPGGA,084030.00,5313.9735,N,00452.6181,E,1,8,0.9,0.0,M,0.0,M,,*63
2026-06-18T08:40:30.000Z $IIHDG,217.5,,,,*48
2026-06-18T08:40:30.000Z $IIMWV,226.9,T,8.7,N,A*3B
2026-06-18T08:40:30.000Z $IIDBT,76.5,f,23.3,M,12.8,F*2C
2026-06-18T08:40:30.000Z $IIRPM,E,1,0,,A*66
2026-06-18T08:40:30.000Z $GPVTG,220.0,T,,M,8.0,N,14.8,K,A*38
2026-06-18T08:40:30.000Z !AIVDM,1,1,,A,B3a0sQ0tN05PeD7Vq3=ruRP000000,0*41
2026-06-18T08:40:40.000Z $GPRMC,084040.00,A,5313.9069,N,00452.6008,E,8.0,220.2,180626,,,A*58
2026-06-18T08:40:40.000Z $IIHDG,218.8,,,,*4A
2026-06-18T08:40:40.000Z $IIMWV,225.8,T,9.1,N,A*3E
2026-06-18T08:40:40.000Z $IIRPM,E,1,0,,A*66
2026-06-18T08:40:50.000Z $GPRMC,084050.00,A,5313.9026,N,00452.5716,E,8.0,217.7,180626,,,A*58
2026-06-18T08:40:50.000Z $IIHDG,219.3,,,,*40
2026-06-18T08:40:50.000Z $IIMWV,228.5,T,10.3,N,A*04
2026-06-18T08:40:50.000Z $IIRPM,E,1,0,,A*66
2026-06-18T08:41:00.000Z $GPRMC,084100.00,A,5313.8818,N,00452.5506,E,8.0,219.4,180626,,,A*56
2026-06-18T08:41:00.000Z $GPGGA,084100.00,5313.8818,N,00452.5506,E,1,8,0.9,0.0,M,0.0,M,,*68
2026-06-18T08:41:00.000Z $IIHDG,220.6,,,,*4F
2026-06-18T08:41:00.000Z $IIMWV,225.4,T,11.1,N,A*0B
2026-06-18T08:41:00.000Z $IIDBT,74.3,f,22.7,M,12.4,F*21
2026-06-18T08:41:00.000Z $IIRPM,E,1,0,,A*66
2026-06-18T08:41:00.000Z $IIXDR,V,12.53,V,BATT*66
2026-06-18T08:41:00.000Z $GPVTG,219.4,T,,M,8.0,N,14.8,K,A*36
2026-06-18T08:41:00.000Z !AIVDM,1,1,,A,B3a0sQ0tN05PctWVqGqruRP000000,0*2F
2026-06-18T08:41:10.000Z $GPRMC,084110.00,A,5313.8781,N,00452.4842,E,8.0,217.6,180626,,,A*58
2026-06-18T08:41:10.000Z $IIHDG,219.9,,,,*4A
2026-06-18T08:41:10.000Z $IIMWV,228.9,T,10.0,N,A*0B
2026-06-18T08:41:10.000Z $IIRPM,E,1,0,,A*66
2026-06-18T08:41:20.000Z $GPRMC,084120.00,A,5313.8540,N,00452.4611,E,8.0,217.3,180626,,,A*59
2026-06-18T08:41:20.000Z $IIHDG,219.4,,,,*47
2026-06-18T08:41:20.000Z $IIMWV,227.1,T,10.3,N,A*0F
2026-06-18T08:41:20.000Z $IIRPM,E,1,0,,A*66
2026-06-18T08:41:30.000Z $GPRMC,084130.00,A,5313.8766,N,00452.4935,E,8.0,219.6,180626,,,A*5C
2026-06-18T08:41:30.000Z $GPGGA,084130.00,5313.8766,N,00452.4935,E,1,8,0.9,0.0,M,0.0,M,,*60
2026-06-18T08:41:30.000Z $IIHDG,218.3,,,,*41
2026-06-18T08:41:30.000Z $IIMWV,227.3,T,10.9,N,A*07
2026-06-18T08:41:30.000Z $IIDBT,73.8,f,22.5,M,12.3,F*28
2026-06-18T08:41:30.000Z $IIRPM,E,1,0,,A*66
2026-06-18T08:41:30.000Z $GPVTG,219.6,T,,M,8.0,N,14.8,K,A*34
2026-06-18T08:41:30.000Z !AIVDM,1,1,,A,B3a0sQ0tN05PWW7VpvAruRP000000,0*58
2026-06-18T08:41:40.000Z $GPRMC,084140.00,A,5313.8077,N,00452.4526,E,8.0,218.3,180626,,,A*56
2026-06-18T08:41:40.000Z $IIHDG,217.2,,,,*4F
2026-06-18T08:41:40.000Z $IIMWV,232.5,T,10.5,N,A*09
2026-06-18T08:41:40.000Z $IIRPM,E,1,0,,A*66
2026-06-18T08:41:50.000Z $GPRMC,084150.00,A,5313.8068,N,00452.3934,E,8.0,220.1,180626,,,A*58
2026-06-18T08:41:50.000Z $IIHDG,219.9,,,,*4A
2026-06-18T08:41:50.000Z $IIMWV,231.8,T,10.1,N,A*03
2026-06-18T08:41:50.000Z $IIRPM,E,1,0,,A*66
2026-06-18T08:42:00.000Z $GPRMC,084200.00,A,5313.7992,N,00452.4182,E,8.0,220.2,180626,,,A*5C
2026-06-18T08:42:00.000Z $GPGGA,084200.00,5313.7992,N,00452.4182,E,1,11,0.9,0.0,M,0.0,M,,*56
2026-06-18T08:42:00.000Z $IIHDG,216.3,,,,*4F
2026-06-18T08:42:00.000Z $IIMWV,224.2,T,9.2,N,A*36
2026-06-18T08:42:00.000Z $IIDBT,81.0,f,24.7,M,13.5,F*2E
2026-06-18T08:42:00.000Z $IIRPM,E,1,0,,A*66
2026-06-18T08:42:00.000Z $IIXDR,V,12.65,V,BATT*63
2026-06-18T08:42:00.000Z $GPVTG,220.2,T,,M,8.0,N,14.8,K,A*3A
2026-06-18T08:42:00.000Z !AIVDM,1,1,,A,B3a0sQ0tN05Pc37Vod=ruRP000000,0*79
2026-06-18T08:42:10.000Z $GPRMC,084210.00,A,5313.8100,N,00452.3511,E,8.0,217.8,180626,,,A*56
2026-06-18T08:42:10.000Z $IIHDG,220.4,,,,*4D
2026-06-18T08:42:10.000Z $IIMWV,230.7,T,9.1,N,A*35
2026-06-18T08:42:10.000Z $IIRPM,E,1,0,,A*66
2026-06-18T08:42:20.000Z $GPRMC,084220.00,A,5313.7782,N,00452.3475,E,8.0,218.2,180626,,,A*50
2026-06-18T08:42:20.000Z $IIHDG,218.6,,,,*44
2026-06-18T08:42:20.000Z $IIMWV,225.3,T,11.5,N,A*08
2026-06-18T08:42:20.000Z $IIRPM,E,1,0,,A*66
2026-06-18T08:42:30.000Z $GPRMC,084230.00,A,5313.7727,N,00452.3147,E,8.0,217.8,180626,,,A*5F
2026-06-18T08:42:30.000Z $GPGGA,084230.00,5313.7727,N,00452.3147,E,1,10,0.9,0.0,M,0.0,M,,*5A
2026-06-18T08:42:30.000Z $IIHDG,217.6,,,,*4B
2026-06-18T08:42:30.000Z $IIMWV,231.5,T,9.0,N,A*37
2026-06-18T08:42:30.000Z $IIDBT,78.0,f,23.8,M,13.0,F*25
2026-06-18T08:42:30.000Z $IIRPM,E,1,0,,A*66
2026-06-18T08:42:30.000Z $GPVTG,217.8,T,,M,8.0,N,14.8,K,A*34
2026-06-18T08:42:30.000Z !AIVDM,1,1,,A,B3a0sQ0tN05PUQ7VoGmruRP000000,0*5E
2026-06-18T08:42:40.000Z $GPRMC,084240.00,A,5313.7272,N,00452.3188,E,8.0,219.8,180626,,,A*50
2026-06-18T08:42:40.000Z $IIHDG,219.1,,,,*42
2026-06-18T08:42:40.000Z $IIMWV,224.9,T,10.6,N,A*01
2026-06-18T08:42:40.000Z $IIRPM,E,1,0,,A*66
2026-06-18T08:42:50.000Z $GPRMC,084250.00,A,5313.6997,N,00452.3087,E,8.0,218.4,180626,,,A*53
2026-06-18T08:42:50.000Z $IIHDG,218.9,,,,*4B
2026-06-18T08:42:50.000Z $IIMWV,223.9,T,11.3,N,A*02
2026-06-18T08:42:50.000Z $IIRPM,E,1,0,,A*66
2026-06-18T08:43:00.000Z $GPRMC,084300.00,A,5313.6794,N,00452.2490,E,8.0,219.1,180626,,,A*5D
2026-06-18T08:43:00.000Z $GPGGA,084300.00,5313.6794,N,00452.2490,E,1,12,0.9,0.0,M,0.0,M,,*5D
2026-06-18T08:43:00.000Z $IIHDG,217.6,,,,*4B
2026-06-18T08:43:00.000Z $IIMWV,229.4,T,9.2,N,A*3D
2026-06-18T08:43:00.000Z $IIDBT,81.3,f,24.8,M,13.5,F*22
2026-06-18T08:43:00.000Z $IIRPM,E,1,0,,A*66
2026-06-18T08:43:00.000Z $IIXDR,V,12.52,V,BATT*67
2026-06-18T08:43:00.000Z $GPVTG,219.1,T,,M,8.0,N,14.8,K,A*33
2026-06-18T08:43:00.000Z !AIVDM,1,1,,A,B3a0sQ0tN05PW1WVnfEruRP000000,0*54
2026-06-18T08:43:10.000Z $GPRMC,084310.00,A,5313.6852,N,00452.2534,E,8.0,218.9,180626,,,A*5F
2026-06-18T08:43:10.000Z $IIHDG,217.2,,,,*4F
2026-06-18T08:43:10.000Z $IIMWV,230.2,T,10.0,N,A*09
2026-06-18T08:43:10.000Z $IIRPM,E,1,0,,A*66
2026-06-18T08:43:20.000Z $GPRMC,084320.00,A,5313.6528,N,00452.2003,E,8.0,218.6,180626,,,A*52
2026-06-18T08:43:20.000Z $IIHDG,218.5,,,,*47
2026-06-18T08:43:20.000Z $IIMWV,224.6,T,11.0,N,A*09
2026-06-18T08:43:20.000Z $IIRPM,E,1,0,,A*66
2026-06-18T08:43:30.000Z $GPRMC,084330.00,A,5313.6613,N,00452.1951,E,8.0,219.0,180626,,,A*52
2026-06-18T08:43:30.000Z $GPGGA,084330.00,5313.6613,N,00452.1951,E,1,10,0.9,0.0,M,0.0,M,,*51
2026-06-18T08:43:30.000Z $IIHDG,220.1,,,,*48
2026-06-18T08:43:30.000Z $IIMWV,225.9,T,11.2,N,A*05
2026-06-18T08:43:30.000Z $IIDBT,79.5,f,24.2,M,13.2,F*2E
2026-06-18T08:43:30.000Z $IIRPM,E,1,0,,A*66
2026-06-18T08:43:30.000Z $GPVTG,219.0,T,,M,8.0,N,14.8,K,A*32
2026-06-18T08:43:30.000Z !AIVDM,1,1,,A,B3a0sQ0tN05PSGWVnB1ruRP000000,0*76
2026-06-18T08:43:40.000Z $GPRMC,084340.00,A,5313.6205,N,00452.1901,E,8.0,218.5,180626,,,A*57
2026-06-18T08:43:40.000Z $IIHDG,217.6,,,,*4B
2026-06-18T08:43:40.000Z $IIMWV,230.2,T,9.8,N,A*39
2026-06-18T08:43:40.000Z $IIRPM,E,1,0,,A*66
2026-06-18T08:43:50.000Z $GPRMC,084350.00,A,5313.6436,N,00452.1767,E,8.0,219.5,180626,,,A*5F
2026-06-18T08:43:50.000Z $IIHDG,219.7,,,,*44
2026-06-18T08:43:50.000Z $IIMWV,229.4,T,10.3,N,A*04
2026-06-18T08:43:50.000Z $IIRPM,E,1,0,,A*66
2026-06-18T08:44:00.000Z $GPRMC,084400.00,A,5313.6135,N,00452.1382,E,8.0,219.1,180626,,,A*50
2026-06-18T08:44:00.000Z $GPGGA,084400.00,5313.6135,N,00452.1382,E,1,8,0.9,0.0,M,0.0,M,,*6B
2026-06-18T08:44:00.000Z $IIHDG,218.3,,,,*41
2026-06-18T08:44:00.000Z $IIMWV,224.9,T,10.8,N,A*0F
2026-06-18T08:44:00.000Z $IIDBT,80.2,f,24.5,M,13.4,F*2E
2026-06-18T08:44:00.000Z $IIRPM,E,1,0,,A*66
2026-06-18T08:44:00.000Z $IIXDR,V,12.50,V,BATT*65
2026-06-18T08:44:00.000Z $GPVTG,219.1,T,,M,8.0,N,14.8,K,A*33
2026-06-18T08:44:00.000Z !AIVDM,1,1,,A,B3a0sQ0tN05PV>WVmlqruRP000000,0*67
2026-06-18T08:44:10.000Z $GPRMC,084410.00,A,5313.6030,N,00452.0951,E,8.0,219.6,180626,,,A*57
2026-06-18T08:44:10.000Z $IIHDG,216.3,,,,*4F
2026-06-18T08:44:10.000Z $IIMWV,225.2,T,10.2,N,A*0F
2026-06-18T08:44:10.000Z $IIRPM,E,1,0,,A*66
2026-06-18T08:44:20.000Z $GPRMC,084420.00,A,5313.5522,N,00452.1005,E,8.0,218.2,180626,,,A*5D
2026-06-18T08:44:20.000Z $IIHDG,216.6,,,,*4A
2026-06-18T08:44:20.000Z $IIMWV,223.8,T,10.2,N,A*03
2026-06-18T08:44:20.000Z $IIRPM,E,1,0,,A*66
2026-06-18T08:44:30.000Z $GPRMC,084430.00,A,5313.5562,N,00452.0375,E,8.0,217.9,180626,,,A*59
2026-06-18T08:44:30.000Z $GPGGA,084430.00,5313.5562,N,00452.0375,E,1,12,0.9,0.0,M,0.0,M,,*5F
2026-06-18T08:44:30.000Z $IIHDG,216.4,,,,*48
2026-06-18T08:44:30.000Z $IIMWV,233.0,T,8.8,N,A*39
2026-06-18T08:44:30.000Z $IIDBT,80.9,f,24.7,M,13.5,F*26
2026-06-18T08:44:30.000Z $IIRPM,E,1,0,,A*66
2026-06-18T08:44:30.000Z $GPVTG,217.9,T,,M,8.0,N,14.8,K,A*35
2026-06-18T08:44:30.000Z !AIVDM,1,1,,A,B3a0sQ0tN05POl7Vm@mruRP000000,0*7C
2026-06-18T08:44:40.000Z $GPRMC,084440.00,A,5313.5531,N,00452.0418,E,8.0,218.3,180626,,,A*51
2026-06-18T08:44:40.000Z $IIHDG,219.0,,,,*43
2026-06-18T08:44:40.000Z $IIMWV,232.7,T,10.6,N,A*08
2026-06-18T08:44:40.000Z $IIRPM,E,1,0,,A*66
2026-06-18T08:44:50.000Z $GPRMC,084450.00,A,5313.5054,N,00452.0318,E,8.0,220.0,180626,,,A*59
2026-06-18T08:44:50.000Z $IIHDG,216.6,,,,*4A
2026-06-18T08:44:50.000Z $IIMWV,226.0,T,11.4,N,A*09
2026-06-18T08:44:50.000Z $IIRPM,E,1,0,,A*66
2026-06-18T08:45:00.000Z $GPRMC,084500.00,A,5313.4817,N,00451.9970,E,8.0,218.6,180626,,,A*50
2026-06-18T08:45:00.000Z $GPGGA,084500.00,5313.4817,N,00451.9970,E,1,8,0.9,0.0,M,0.0,M,,*6D
2026-06-18T08:45:00.000Z $IIHDG,218.7,,,,*45
2026-06-18T08:45:00.000Z $IIMWV,232.5,T,9.9,N,A*3D
2026-06-18T08:45:00.000Z $IIDBT,76.3,f,23.3,M,12.7,F*25
2026-06-18T08:45:00.000Z $IIRPM,E,1,0,,A*66
2026-06-18T08:45:00.000Z $IIXDR,V,12.67,V,BATT*61
2026-06-18T08:45:00.000Z $IIMTA,17.1,C*02
2026-06-18T08:45:00.000Z $GPVTG,218.6,T,,M,8.0,N,14.8,K,A*35
2026-06-18T08:45:00.000Z !AIVDM,1,1,,A,B3a0sQ0tN05PS6WVmTUruRP000000,0*76
2026-06-18T08:45:10.000Z $GPRMC,084510.00,A,5313.4919,N,00451.9739,E,8.0,217.9,180626,,,A*5D
2026-06-18T08:45:10.000Z $IIHDG,217.2,,,,*4F
2026-06-18T08:45:10.000Z $IIMWV,224.7,T,11.4,N,A*0C
2026-06-18T08:45:10.000Z $IIRPM,E,1,0,,A*66
2026-06-18T08:45:20.000Z $GPRMC,084520.00,A,5313.4600,N,00451.9678,E,8.0,219.0,180626,,,A*5A
2026-06-18T08:45:20.000Z $IIHDG,220.5,,,,*4C
2026-06-18T08:45:20.000Z $IIMWV,229.6,T,10.3,N,A*06
2026-06-18T08:45:20.000Z $IIRPM,E,1,0,,A*66
2026-06-18T08:45:30.000Z $GPRMC,084530.00,A,5313.4517,N,00451.9295,E,8.0,217.4,180626,,,A*53
2026-06-18T08:45:30.000Z $GPGGA,084530.00,5313.4517,N,00451.9295,E,1,12,0.9,0.0,M,0.0,M,,*58
2026-06-18T08:45:30.000Z $IIHDG,220.7,,,,*4E
2026-06-18T08:45:30.000Z $IIMWV,227.9,T,10.4,N,A*00
2026-06-18T08:45:30.000Z $IIDBT,79.8,f,24.3,M,13.3,F*23
2026-06-18T08:45:30.000Z $IIRPM,E,1,0,,A*66
2026-06-18T08:45:30.000Z $GPVTG,217.4,T,,M,8.0,N,14.8,K,A*38
2026-06-18T08:45:30.000Z !AIVDM,1,1,,A,B3a0sQ0tN05PHtWVlnEruRP000000,0*04
2026-06-18T08:45:40.000Z $GPRMC,084540.00,A,5313.4303,N,00451.8973,E,8.0,218.2,180626,,,A*5C
2026-06-18T08:45:40.000Z $IIHDG,218.7,,,,*45
2026-06-18T08:45:40.000Z $IIMWV,232.4,T,9.4,N,A*31
2026-06-18T08:45:40.000Z $IIRPM,E,1,0,,A*66
2026-06-18T08:45:50.000Z $GPRMC,084550.00,A,5313.4127,N,00451.8912,E,8.0,219.5,180626,,,A*58
2026-06-18T08:45:50.000Z $IIHDG,220.3,,,,*4A
2026-06-18T08:45:50.000Z $IIMWV,231.5,T,10.5,N,A*0A
2026-06-18T08:45:50.000Z $IIRPM,E,1,0,,A*66
2026-06-18T08:46:00.000Z $GPRMC,084600.00,A,5313.3787,N,00451.8958,E,8.0,220.1,180626,,,A*55
2026-06-18T08:46:00.000Z $GPGGA,084600.00,5313.3787,N,00451.8958,E,1,11,0.9,0.0,M,0.0,M,,*5C
2026-06-18T08:46:00.000Z $IIHDG,220.0,,,,*49
2026-06-18T08:46:00.000Z $IIMWV,228.1,T,10.2,N,A*01
2026-06-18T08:46:00.000Z $IIDBT,75.9,f,23.1,M,12.6,F*2F
2026-06-18T08:46:00.000Z $IIRPM,E,1,0,,A*66
2026-06-18T08:46:00.000Z $IIXDR,V,12.45,V,BATT*61
2026-06-18T08:46:00.000Z $GPVTG,220.1,T,,M,8.0,N,14.8,K,A*39
2026-06-18T08:46:00.000Z !AIVDM,1,1,,A,B3a0sQ0tN05PNW7VkfEruRP000000,0*4E
2026-06-18T08:46:10.000Z $GPRMC,084610.00,A,5313.3710,N,00451.8488,E,8.0,218.7,180626,,,A*57
2026-06-18T08:46:10.000Z $IIHDG,219.5,,,,*46
2026-06-18T08:46:10.000Z $IIMWV,226.2,T,8.9,N,A*3E
2026-06-18T08:46:10.000Z $IIRPM,E,1,0,,A*66
2026-06-18T08:46:20.000Z $GPRMC,084620.00,A,5313.3788,N,00451.8420,E,8.0,217.5,180626,,,A*5A
2026-06-18T08:46:20.000Z $IIHDG,217.8,,,,*45
2026-06-18T08:46:20.000Z $IIMWV,231.5,T,11.4,N,A*0A
2026-06-18T08:46:20.000Z $IIRPM,E,1,0,,A*66
2026-06-18T08:46:30.000Z $GPRMC,084630.00,A,5313.3511,N,00451.7857,E,8.0,217.9,180626,,,A*56
2026-06-18T08:46:30.000Z $GPGGA,084630.00,5313.3511,N,00451.7857,E,1,8,0.9,0.0,M,0.0,M,,*6B
2026-06-18T08:46:30.000Z $IIHDG,216.9,,,,*45
2026-06-18T08:46:30.000Z $IIMWV,227.6,T,9.8,N,A*3B
2026-06-18T08:46:30.000Z $IIDBT,79.4,f,24.2,M,13.2,F*2F
2026-06-18T08:46:30.000Z $IIRPM,E,1,0,,A*66
2026-06-18T08:46:30.000Z $GPVTG,217.9,T,,M,8.0,N,14.8,K,A*35
2026-06-18T08:46:30.000Z !AIVDM,1,1,,A,B3a0sQ0tN05PGN7Vkf1ruRP000000,0*2A
2026-06-18T08:46:40.000Z $GPRMC,084640.00,A,5313.3223,N,00451.8006,E,8.0,220.0,180626,,,A*59
2026-06-18T08:46:40.000Z $IIHDG,219.3,,,,*40
2026-06-18T08:46:40.000Z $IIMWV,233.3,T,9.9,N,A*3A
2026-06-18T08:46:40.000Z $IIRPM,E,1,0,,A*66
2026-06-18T08:46:50.000Z $GPRMC,084650.00,A,5313.2909,N,00451.7758,E,8.0,217.9,180626,,,A*54
2026-06-18T08:46:50.000Z $IIHDG,218.5,,,,*47
2026-06-18T08:46:50.000Z $IIMWV,228.2,T,8.9,N,A*30
2026-06-18T08:46:50.000Z $IIRPM,E,1,0,,A*66
2026-06-18T08:47:00.000Z $GPRMC,084700.00,A,5313.3161,N,00451.7194,E,8.0,217.8,180626,,,A*50
2026-06-18T08:47:00.000Z $GPGGA,084700.00,5313.3161,N,00451.7194,E,1,11,0.9,0.0,M,0.0,M,,*54
2026-06-18T08:47:00.000Z $IIHDG,218.7,,,,*45
2026-06-18T08:47:00.000Z $IIMWV,230.8,T,10.1,N,A*02
2026-06-18T08:47:00.000Z $IIDBT,83.2,f,25.4,M,13.9,F*20
2026-06-18T08:47:00.000Z $IIRPM,E,1,0,,A*66
2026-06-18T08:47:00.000Z $IIXDR,V,12.62,V,BATT*64
2026-06-18T08:47:00.000Z $GPVTG,217.8,T,,M,8.0,N,14.8,K,A*34
2026-06-18T08:47:00.000Z !AIVDM,1,1,,A,B3a0sQ0tN05PJ:7Vk6UruRP000000,0*67
2026-06-18T08:47:10.000Z $GPRMC,084710.00,A,5313.2733,N,00451.7161,E,8.0,217.6,180626,,,A*55
2026-06-18T08:47:10.000Z $IIHDG,216.4,,,,*48
2026-06-18T08:47:10.000Z $IIMWV,229.6,T,9.6,N,A*3B
2026-06-18T08:47:10.000Z $IIRPM,E,1,0,,A*66
2026-06-18T08:47:20.000Z $GPRMC,084720.00,A,5313.2858,N,00451.7000,E,8.0,219.6,180626,,,A*5C
2026-06-18T08:47:20.000Z $IIHDG,220.5,,,,*4C
2026-06-18T08:47:20.000Z $IIMWV,223.9,T,10.0,N,A*00
2026-06-18T08:47:20.000Z $IIRPM,E,1,0,,A*66
2026-06-18T08:47:30.000Z $GPRMC,084730.00,A,5313.2764,N,00451.6741,E,8.0,217.7,180626,,,A*51
2026-06-18T08:47:30.000Z $GPGGA,084730.00,5313.2764,N,00451.6741,E,1,11,0.9,0.0,M,0.0,M,,*5A
2026-06-18T08:47:30.000Z $IIHDG,217.5,,,,*48
2026-06-18T08:47:30.000Z $IIMWV,228.5,T,10.1,N,A*06
2026-06-18T08:47:30.000Z $IIDBT,82.6,f,25.2,M,13.8,F*22
2026-06-18T08:47:30.000Z $IIRPM,E,1,0,,A*66
2026-06-18T08:47:30.000Z $GPVTG,217.7,T,,M,8.0,N,14.8,K,A*3B
2026-06-18T08:47:30.000Z !AIVDM,1,1,,A,B3a0sQ0tN05PGc7Vk8EruRP000000,0*2D
2026-06-18T08:47:40.000Z $GPRMC,084740.00,A,5313.2477,N,00451.6653,E,8.0,219.5,180626,,,A*59
2026-06-18T08:47:40.000Z $IIHDG,219.5,,,,*46
2026-06-18T08:47:40.000Z $IIMWV,226.4,T,11.3,N,A*0A
2026-06-18T08:47:40.000Z $IIRPM,E,1,0,,A*66
2026-06-18T08:47:50.000Z $GPRMC,084750.00,A,5313.2212,N,00451.5926,E,8.0,217.7,180626,,,A*5F
2026-06-18T08:47:50.000Z $IIHDG,216.4,,,,*48
2026-06-18T08:47:50.000Z $IIMWV,232.9,T,9.6,N,A*3E
2026-06-18T08:47:50.000Z $IIRPM,E,1,0,,A*66
2026-06-18T08:48:00.000Z $GPRMC,084800.00,A,5313.2083,N,00451.6230,E,8.0,218.6,180626,,,A*5E
2026-06-18T08:48:00.000Z $GPGGA,084800.00,5313.2083,N,00451.6230,E,1,9,0.9,0.0,M,0.0,M,,*62
2026-06-18T08:48:00.000Z $IIHDG,217.7,,,,*4A
2026-06-18T08:48:00.000Z $IIMWV,229.5,T,10.7,N,A*01
2026-06-18T08:48:00.000Z $IIDBT,83.0,f,25.3,M,13.8,F*24
2026-06-18T08:48:00.000Z $IIRPM,E,1,0,,A*66
2026-06-18T08:48:00.000Z $IIXDR,V,12.47,V,BATT*63
2026-06-18T08:48:00.000Z $GPVTG,218.6,T,,M,8.0,N,14.8,K,A*35
2026-06-18T08:48:00.000Z !AIVDM,1,1,,A,B3a0sQ0tN05PBO7Vj:eruRP000000,0*27
2026-06-18T08:48:10.000Z $GPRMC,084810.00,A,5313.1876,N,00451.5945,E,8.0,220.0,180626,,,A*59
2026-06-18T08:48:10.000Z $IIHDG,221.1,,,,*49
2026-06-18T08:48:10.000Z $IIMWV,228.2,T,9.7,N,A*3F
2026-06-18T08:48:10.000Z $IIRPM,E,1,0,,A*66
2026-06-18T08:48:20.000Z $GPRMC,084820.00,A,5313.1612,N,00451.5656,E,8.0,219.5,180626,,,A*54
2026-06-18T08:48:20.000Z $IIHDG,217.0,,,,*4D
2026-06-18T08:48:20.000Z $IIMWV,230.3,T,10.7,N,A*0F
2026-06-18T08:48:20.000Z $IIRPM,E,1,0,,A*66
2026-06-18T08:48:30.000Z $GPRMC,084830.00,A,5313.1752,N,00451.5412,E,8.0,219.9,180626,,,A*5E
2026-06-18T08:48:30.000Z $GPGGA,084830.00,5313.1752,N,00451.5412,E,1,10,0.9,0.0,M,0.0,M,,*54
2026-06-18T08:48:30.000Z $IIHDG,218.9,,,,*4B
2026-06-18T08:48:30.000Z $IIMWV,231.9,T,10.2,N,A*01
2026-06-18T08:48:30.000Z $IIDBT,83.0,f,25.3,M,13.8,F*24
2026-06-18T08:48:30.000Z $IIRPM,E,1,0,,A*66
2026-06-18T08:48:30.000Z $GPVTG,219.9,T,,M,8.0,N,14.8,K,A*3B
2026-06-18T08:48:30.000Z !AIVDM,1,1,,A,B3a0sQ0tN05PB87ViGIruRP000000,0*02
2026-06-18T08:48:40.000Z $GPRMC,084840.00,A,5313.1359,N,00451.4984,E,8.0,219.0,180626,,,A*5C
2026-06-18T08:48:40.000Z $IIHDG,217.6,,,,*4B
2026-06-18T08:48:40.000Z $IIMWV,227.4,T,9.1,N,A*30
2026-06-18T08:48:40.000Z $IIRPM,E,1,0,,A*66
2026-06-18T08:48:50.000Z $GPRMC,084850.00,A,5313.1123,N,00451.4769,E,8.0,217.9,180626,,,A*58
2026-06-18T08:48:50.000Z $IIHDG,216.4,,,,*48
2026-06-18T08:48:50.000Z $IIMWV,231.3,T,10.8,N,A*01
2026-06-18T08:48:50.000Z $IIRPM,E,1,0,,A*66
2026-06-18T08:49:00.000Z $GPRMC,084900.00,A,5313.1203,N,00451.4926,E,8.0,217.9,180626,,,A*58
2026-06-18T08:49:00.000Z $GPGGA,084900.00,5313.1203,N,00451.4926,E,1,10,0.9,0.0,M,0.0,M,,*5C
2026-06-18T08:49:00.000Z $IIHDG,218.3,,,,*41
2026-06-18T08:49:00.000Z $IIMWV,225.6,T,10.3,N,A*0A
2026-06-18T08:49:00.000Z $IIDBT,77.9,f,23.8,M,13.0,F*23
2026-06-18T08:49:00.000Z $IIRPM,E,1,0,,A*66
2026-06-18T08:49:00.000Z $IIXDR,V,12.59,V,BATT*6C
2026-06-18T08:49:00.000Z $GPVTG,217.9,T,,M,8.0,N,14.8,K,A*35
2026-06-18T08:49:00.000Z !AIVDM,1,1,,A,B3a0sQ0tN05P;L7Vi6uruRP000000,0*42
2026-06-18T08:49:10.000Z $GPRMC,084910.00,A,5313.0863,N,00451.4248,E,8.0,219.7,180626,,,A*57
2026-06-18T08:49:10.000Z $IIHDG,217.8,,,,*45
2026-06-18T08:49:10.000Z $IIMWV,231.1,T,11.3,N,A*09
2026-06-18T08:49:10.000Z $IIRPM,E,1,0,,A*66
2026-06-18T08:49:20.000Z $GPRMC,084920.00,A,5313.0480,N,00451.4511,E,8.0,220.0,180626,,,A*53
2026-06-18T08:49:20.000Z $IIHDG,216.8,,,,*44
2026-06-18T08:49:20.000Z $IIMWV,225.3,T,10.4,N,A*08
2026-06-18T08:49:20.000Z $IIRPM,E,1,0,,A*66
2026-06-18T08:49:30.000Z $GPRMC,084930.00,A,5313.0506,N,00451.3920,E,8.0,219.1,180626,,,A*5F
2026-06-18T08:49:30.000Z $GPGGA,084930.00,5313.0506,N,00451.3920,E,1,8,0.9,0.0,M,0.0,M,,*64
2026-06-18T08:49:30.000Z $IIHDG,216.4,,,,*48
2026-06-18T08:49:30.000Z $IIMWV,229.2,T,10.0,N,A*01
2026-06-18T08:49:30.000Z $IIDBT,81.7,f,24.9,M,13.6,F*24
2026-06-18T08:49:30.000Z $IIRPM,E,1,0,,A*66
2026-06-18T08:49:30.000Z $GPVTG,219.1,T,,M,8.0,N,14.8,K,A*33
2026-06-18T08:49:30.000Z !AIVDM,1,1,,A,B3a0sQ0tN05P>aWVheqruRP000000,0*5C
2026-06-18T08:49:40.000Z $GPRMC,084940.00,A,5313.0172,N,00451.3922,E,8.0,217.8,180626,,,A*5A
2026-06-18T08:49:40.000Z $IIHDG,219.0,,,,*43
2026-06-18T08:49:40.000Z $IIMWV,225.0,T,10.2,N,A*0D
2026-06-18T08:49:40.000Z $IIRPM,E,1,0,,A*66
2026-06-18T08:49:50.000Z $GPRMC,084950.00,A,5313.0231,N,00451.3561,E,8.0,219.9,180626,,,A*5B
2026-06-18T08:49:50.000Z $IIHDG,220.5,,,,*4C
2026-06-18T08:49:50.000Z $IIMWV,230.1,T,8.7,N,A*34
2026-06-18T08:49:50.000Z $IIRPM,E,1,0,,A*66
2026-06-18T08:50:00.000Z $GPRMC,085000.00,A,5312.9732,N,00451.3097,E,8.0,218.4,180626,,,A*58
2026-06-18T08:50:00.000Z $GPGGA,085000.00,5312.9732,N,00451.3097,E,1,8,0.9,0.0,M,0.0,M,,*67
2026-06-18T08:50:00.000Z $IIHDG,220.4,,,,*4D
2026-06-18T08:50:00.000Z $IIMWV,228.5,T,8.8,N,A*36
2026-06-18T08:50:00.000Z $IIDBT,79.8,f,24.3,M,13.3,F*23
2026-06-18T08:50:00.000Z $IIRPM,E,1,0,,A*66
2026-06-18T08:50:00.000Z $IIXDR,V,12.65,V,BATT*63
2026-06-18T08:50:00.000Z $IIMTA,17.8,C*0B
2026-06-18T08:50:00.000Z $GPVTG,218.4,T,,M,8.0,N,14.8,K,A*37
2026-06-18T08:50:00.000Z !AIVDM,1,1,,A,B3a0sQ0tN05P7b7VhIIruRP000000,0*22
2026-06-18T08:50:10.000Z $GPRMC,085010.00,A,5313.0111,N,00451.3288,E,8.0,218.0,180626,,,A*5E
2026-06-18T08:50:10.000Z $IIHDG,221.0,,,,*48
2026-06-18T08:50:10.000Z $IIMWV,233.3,T,11.4,N,A*0E
2026-06-18T08:50:10.000Z $IIRPM,E,1,0,,A*66
2026-06-18T08:50:20.000Z $GPRMC,085020.00,A,5312.9437,N,00451.3181,E,8.0,219.4,180626,,,A*5B
2026-06-18T08:50:20.000Z $IIHDG,217.0,,,,*4D
2026-06-18T08:50:20.000Z $IIMWV,227.4,T,8.7,N,A*37
2026-06-18T08:50:20.000Z $IIRPM,E,1,0,,A*66
2026-06-18T08:50:30.000Z $GPRMC,085030.00,A,5312.9629,N,00451.2536,E,8.0,218.2,180626,,,A*59
2026-06-18T08:50:30.000Z $GPGGA,085030.00,5312.9629,N,00451.2536,E,1,10,0.9,0.0,M,0.0,M,,*59
2026-06-18T08:50:30.000Z $IIHDG,216.6,,,,*4A
2026-06-18T08:50:30.000Z $IIMWV,228.5,T,9.7,N,A*38
2026-06-18T08:50:30.000Z $IIDBT,83.4,f,25.4,M,13.9,F*26
2026-06-18T08:50:30.000Z $IIRPM,E,1,0,,A*66
2026-06-18T08:50:30.000Z $GPVTG,218.2,T,,M,8.0,N,14.8,K,A*31
2026-06-18T08:50:30.000Z !AIVDM,1,1,,A,B3a0sQ0tN05P=>WVh6AruRP000000,0*63
2026-06-18T08:50:40.000Z $GPRMC,085040.00,A,5312.9124,N,00451.2695,E,8.0,218.8,180626,,,A*54
2026-06-18T08:50:40.000Z $IIHDG,216.2,,,,*4E
2026-06-18T08:50:40.000Z $IIMWV,224.0,T,10.8,N,A*06
2026-06-18T08:50:40.000Z $IIRPM,E,1,0,,A*66
2026-06-18T08:50:50.000Z $GPRMC,085050.00,A,5312.9162,N,00451.2276,E,8.0,219.8,180626,,,A*5F
2026-06-18T08:50:50.000Z $IIHDG,219.4,,,,*47
2026-06-18T08:50:50.000Z $IIMWV,226.2,T,10.6,N,A*08
2026-06-18T08:50:50.000Z $IIRPM,E,1,0,,A*66
2026-06-18T08:51:00.000Z $GPRMC,085100.00,A,5312.8802,N,00451.2144,E,8.0,219.8,180626,,,A*57
2026-06-18T08:51:00.000Z $GPGGA,085100.00,5312.8802,N,00451.2144,E,1,12,0.9,0.0,M,0.0,M,,*5E
2026-06-18T08:51:00.000Z $IIHDG,219.8,,,,*4B
2026-06-18T08:51:00.000Z $IIMWV,224.1,T,8.9,N,A*3F
2026-06-18T08:51:00.000Z $IIDBT,77.8,f,23.7,M,13.0,F*2D
2026-06-18T08:51:00.000Z $IIRPM,E,1,0,,A*66
2026-06-18T08:51:00.000Z $IIXDR,V,12.68,V,BATT*6E
2026-06-18T08:51:00.000Z $GPVTG,219.8,T,,M,8.0,N,14.8,K,A*3A
2026-06-18T08:51:00.000Z !AIVDM,1,1,,A,B3a0sQ0tN05P6nWVg1IruRP000000,0*38
2026-06-18T08:51:10.000Z $GPRMC,085110.00,A,5312.8933,N,00451.1765,E,8.0,219.3,180626,,,A*58
2026-06-18T08:51:10.000Z $IIHDG,219.3,,,,*40
2026-06-18T08:51:10.000Z $IIMWV,232.1,T,10.4,N,A*0C
2026-06-18T08:51:10.000Z $IIRPM,E,1,0,,A*66
2026-06-18T08:51:20.000Z $GPRMC,085120.00,A,5312.8562,N,00451.1604,E,8.0,219.8,180626,,,A*5E
2026-06-18T08:51:20.000Z $IIHDG,220.4,,,,*4D
2026-06-18T08:51:20.000Z $IIMWV,227.2,T,9.3,N,A*34
2026-06-18T08:51:20.000Z $IIRPM,E,1,0,,A*66
2026-06-18T08:51:30.000Z $GPRMC,085130.00,A,5312.8702,N,00451.1447,E,8.0,217.7,180626,,,A*5F
2026-06-18T08:51:30.000Z $GPGGA,085130.00,5312.8702,N,00451.1447,E,1,11,0.9,0.0,M,0.0,M,,*54
2026-06-18T08:51:30.000Z $IIHDG,218.9,,,,*4B
2026-06-18T08:51:30.000Z $IIMWV,232.4,T,11.5,N,A*09
2026-06-18T08:51:30.000Z $IIDBT,82.5,f,25.1,M,13.7,F*2D
2026-06-18T08:51:30.000Z $IIRPM,E,1,0,,A*66
2026-06-18T08:51:30.000Z $GPVTG,217.7,T,,M,8.0,N,14.8,K,A*3B
2026-06-18T08:51:30.000Z !AIVDM,1,1,,A,B3a0sQ0tN05P1E7VgAeruRP000000,0*28
2026-06-18T08:51:40.000Z $GPRMC,085140.00,A,5312.8346,N,00451.1076,E,8.0,217.4,180626,,,A*59
2026-06-18T08:51:40.000Z $IIHDG,216.7,,,,*4B
2026-06-18T08:51:40.000Z $IIMWV,226.2,T,10.4,N,A*0A
2026-06-18T08:51:40.000Z $IIRPM,E,1,0,,A*66
2026-06-18T08:51:50.000Z $GPRMC,085150.00,A,5312.8000,N,00451.1106,E,8.0,219.7,180626,,,A*52
2026-06-18T08:51:50.000Z $IIHDG,218.4,,,,*46
2026-06-18T08:51:50.000Z $IIMWV,229.7,T,8.6,N,A*3B
2026-06-18T08:51:50.000Z $IIRPM,E,1,0,,A*66
2026-06-18T08:52:00.000Z $GPRMC,085200.00,A,5312.8212,N,00451.0844,E,8.0,220.0,180626,,,A*56
2026-06-18T08:52:00.000Z $GPGGA,085200.00,5312.8212,N,00451.0844,E,1,10,0.9,0.0,M,0.0,M,,*5F
2026-06-18T08:52:00.000Z $IIHDG,218.4,,,,*46
2026-06-18T08:52:00.000Z $IIMWV,232.2,T,9.9,N,A*3A
2026-06-18T08:52:00.000Z $IIDBT,83.8,f,25.5,M,14.0,F*25
2026-06-18T08:52:00.000Z $IIRPM,E,1,0,,A*66
2026-06-18T08:52:00.000Z $IIXDR,V,12.47,V,BATT*63
2026-06-18T08:52:00.000Z $GPVTG,220.0,T,,M,8.0,N,14.8,K,A*38
2026-06-18T08:52:00.000Z !AIVDM,1,1,,A,B3a0sQ0tN05P3R7VfNUruRP000000,0*03
2026-06-18T08:52:10.000Z $GPRMC,085210.00,A,5312.8100,N,00451.0399,E,8.0,218.1,180626,,,A*56
2026-06-18T08:52:10.000Z $IIHDG,220.0,,,,*49
2026-06-18T08:52:10.000Z $IIMWV,228.1,T,10.9,N,A*0A
2026-06-18T08:52:10.000Z $IIRPM,E,1,0,,A*66
2026-06-18T08:52:20.000Z $GPRMC,085220.00,A,5312.7707,N,00451.0426,E,8.0,219.2,180626,,,A*5A
2026-06-18T08:52:20.000Z $IIHDG,219.5,,,,*46
2026-06-18T08:52:20.000Z $IIMWV,226.7,T,11.4,N,A*0E
2026-06-18T08:52:20.000Z $IIRPM,E,1,0,,A*66
2026-06-18T08:52:30.000Z $GPRMC,085230.00,A,5312.7651,N,00450.9807,E,8.0,217.3,180626,,,A*51
2026-06-18T08:52:30.000Z $GPGGA,085230.00,5312.7651,N,00450.9807,E,1,12,0.9,0.0,M,0.0,M,,*5D
2026-06-18T08:52:30.000Z $IIHDG,218.8,,,,*4A
2026-06-18T08:52:30.000Z $IIMWV,230.2,T,9.0,N,A*31
2026-06-18T08:52:30.000Z $IIDBT,78.8,f,24.0,M,13.1,F*23
2026-06-18T08:52:30.000Z $IIRPM,E,1,0,,A*66
2026-06-18T08:52:30.000Z $GPVTG,217.3,T,,M,8.0,N,14.8,K,A*3F
2026-06-18T08:52:30.000Z !AIVDM,1,1,,A,B3a0sQ0tN05P3TWVefMruRP000000,0*56
2026-06-18T08:52:40.000Z $GPRMC,085240.00,A,5312.7308,N,00450.9615,E,8.0,219.5,180626,,,A*5A
2026-06-18T08:52:40.000Z $IIHDG,220.3,,,,*4A
2026-06-18T08:52:40.000Z $IIMWV,227.1,T,10.2,N,A*0E
2026-06-18T08:52:40.000Z $IIRPM,E,1,0,,A*66
2026-06-18T08:52:50.000Z $GPRMC,085250.00,A,5312.6874,N,00450.9377,E,8.0,219.7,180626,,,A*59
2026-06-18T08:52:50.000Z $IIHDG,218.5,,,,*47
2026-06-18T08:52:50.000Z $IIMWV,229.7,T,10.6,N,A*02
2026-06-18T08:52:50.000Z $IIRPM,E,1,0,,A*66
2026-06-18T08:53:00.000Z $GPRMC,085300.00,A,5312.6972,N,00450.9629,E,8.0,220.1,180626,,,A*58
2026-06-18T08:53:00.000Z $GPGGA,085300.00,5312.6972,N,00450.9629,E,1,8,0.9,0.0,M,0.0,M,,*69
2026-06-18T08:53:00.000Z $IIHDG,219.8,,,,*4B
2026-06-18T08:53:00.000Z $IIMWV,231.8,T,9.4,N,A*3E
2026-06-18T08:53:00.000Z $IIDBT,75.9,f,23.1,M,12.6,F*2F
2026-06-18T08:53:00.000Z $IIRPM,E,1,0,,A*66
2026-06-18T08:53:00.000Z $IIXDR,V,12.52,V,BATT*67
2026-06-18T08:53:00.000Z $GPVTG,220.1,T,,M,8.0,N,14.8,K,A*39
2026-06-18T08:53:00.000Z !AIVDM,1,1,,A,B3a0sQ0tN05OtO7Ve11ruRP000000,0*5E
2026-06-18T08:53:10.000Z $GPRMC,085310.00,A,5312.6542,N,00450.9083,E,8.0,218.5,180626,,,A*5F
2026-06-18T08:53:10.000Z $IIHDG,218.7,,,,*45
2026-06-18T08:53:10.000Z $IIMWV,229.3,T,9.3,N,A*3B
2026-06-18T08:53:10.000Z $IIRPM,E,1,0,,A*66
2026-06-18T08:53:20.000Z $GPRMC,085320.00,A,5312.6843,N,00450.8944,E,8.0,219.5,180626,,,A*52
2026-06-18T08:53:20.000Z $IIHDG,217.2,,,,*4F
2026-06-18T08:53:20.000Z $IIMWV,224.4,T,9.9,N,A*3B
2026-06-18T08:53:20.000Z $IIRPM,E,1,0,,A*66
2026-06-18T08:53:30.000Z $GPRMC,085330.00,A,5312.6577,N,00450.8945,E,8.0,218.7,180626,,,A*5B
2026-06-18T08:53:30.000Z $GPGGA,085330.00,5312.6577,N,00450.8945,E,1,9,0.9,0.0,M,0.0,M,,*66
2026-06-18T08:53:30.000Z $IIHDG,217.4,,,,*49
2026-06-18T08:53:30.000Z $IIMWV,232.7,T,9.8,N,A*3E
2026-06-18T08:53:30.000Z $IIDBT,84.8,f,25.9,M,14.1,F*2F
2026-06-18T08:53:30.000Z $IIRPM,E,1,0,,A*66
2026-06-18T08:53:30.000Z $GPVTG,218.7,T,,M,8.0,N,14.8,K,A*34
2026-06-18T08:53:30.000Z !AIVDM,1,1,,A,B3a0sQ0tN05OqD7VdHiruRP000000,0*70
2026-06-18T08:53:40.000Z $GPRMC,085340.00,A,5312.6476,N,00450.8277,E,8.0,217.6,180626,,,A*58
2026-06-18T08:53:40.000Z $IIHDG,216.3,,,,*4F
2026-06-18T08:53:40.000Z $IIMWV,230.0,T,11.2,N,A*08
2026-06-18T08:53:40.000Z $IIRPM,E,1,0,,A*66
2026-06-18T08:53:50.000Z $GPRMC,085350.00,A,5312.5873,N,00450.8395,E,8.0,219.5,180626,,,A*53
2026-06-18T08:53:50.000Z $IIHDG,217.4,,,,*49
2026-06-18T08:53:50.000Z $IIMWV,229.7,T,10.0,N,A*04
2026-06-18T08:53:50.000Z $IIRPM,E,1,0,,A*66
2026-06-18T08:54:00.000Z $GPRMC,085400.00,A,5312.5998,N,00450.8011,E,8.0,217.7,180626,,,A*56
2026-06-18T08:54:00.000Z $GPGGA,085400.00,5312.5998,N,00450.8011,E,1,9,0.9,0.0,M,0.0,M,,*64
2026-06-18T08:54:00.000Z $IIHDG,217.5,,,,*48
2026-06-18T08:54:00.000Z $IIMWV,230.1,T,9.5,N,A*37
2026-06-18T08:54:00.000Z $IIDBT,80.1,f,24.4,M,13.3,F*2B
2026-06-18T08:54:00.000Z $IIRPM,E,1,0,,A*66
2026-06-18T08:54:00.000Z $IIXDR,V,12.63,V,BATT*65
2026-06-18T08:54:00.000Z $GPVTG,217.7,T,,M,8.0,N,14.8,K,A*3B
2026-06-18T08:54:00.000Z !AIVDM,1,1,,A,B3a0sQ0tN05Ow:WVd6MruRP000000,0*32
2026-06-18T08:54:10.000Z $GPRMC,085410.00,A,5312.5708,N,00450.8031,E,8.0,217.6,180626,,,A*53
2026-06-18T08:54:10.000Z $IIHDG,219.1,,,,*42
2026-06-18T08:54:10.000Z $IIMWV,230.1,T,11.2,N,A*09
2026-06-18T08:54:10.000Z $IIRPM,E,1,0,,A*66
2026-06-18T08:54:20.000Z $GPRMC,085420.00,A,5312.5537,N,00450.7788,E,8.0,217.8,180626,,,A*5A
2026-06-18T08:54:20.000Z $IIHDG,219.9,,,,*4A
2026-06-18T08:54:20.000Z $IIMWV,227.0,T,9.1,N,A*34
2026-06-18T08:54:20.000Z $IIRPM,E,1,0,,A*66
2026-06-18T08:54:30.000Z $GPRMC,085430.00,A,5312.5609,N,00450.7134,E,8.0,219.2,180626,,,A*50
2026-06-18T08:54:30.000Z $GPGGA,085430.00,5312.5609,N,00450.7134,E,1,8,0.9,0.0,M,0.0,M,,*68
2026-06-18T08:54:30.000Z $IIHDG,219.0,,,,*43
2026-06-18T08:54:30.000Z $IIMWV,227.0,T,11.0,N,A*0C
2026-06-18T08:54:30.000Z $IIDBT,82.4,f,25.1,M,13.7,F*2C
2026-06-18T08:54:30.000Z $IIRPM,E,1,0,,A*66
2026-06-18T08:54:30.000Z $GPVTG,219.2,T,,M,8.0,N,14.8,K,A*30
2026-06-18T08:54:30.000Z !AIVDM,1,1,,A,B3a0sQ0tN05OqMWVd?=ruRP000000,0*3A
2026-06-18T08:54:40.000Z $GPRMC,085440.00,A,5312.5086,N,00450.7295,E,8.0,219.7,180626,,,A*5B
2026-06-18T08:54:40.000Z $IIHDG,220.3,,,,*4A
2026-06-18T08:54:40.000Z $IIMWV,225.0,T,8.7,N,A*31
2026-06-18T08:54:40.000Z $IIRPM,E,1,0,,A*66
2026-06-18T08:54:50.000Z $GPRMC,085450.00,A,5312.5205,N,00450.6689,E,8.0,220.1,180626,,,A*57
2026-06-18T08:54:50.000Z $IIHDG,216.7,,,,*4B
2026-06-18T08:54:50.000Z $IIMWV,228.6,T,8.9,N,A*34
2026-06-18T08:54:50.000Z $IIRPM,E,1,0,,A*66
2026-06-18T08:55:00.000Z $GPRMC,085500.00,A,5312.5181,N,00450.6563,E,8.0,218.5,180626,,,A*54
2026-06-18T08:55:00.000Z $GPGGA,085500.00,5312.5181,N,00450.6563,E,1,10,0.9,0.0,M,0.0,M,,*53
2026-06-18T08:55:00.000Z $IIHDG,219.7,,,,*44
2026-06-18T08:55:00.000Z $IIMWV,230.3,T,10.2,N,A*0A
2026-06-18T08:55:00.000Z $IIDBT,79.8,f,24.3,M,13.3,F*23
2026-06-18T08:55:00.000Z $IIRPM,E,1,0,,A*66
2026-06-18T08:55:00.000Z $IIXDR,V,12.42,V,BATT*66
2026-06-18T08:55:00.000Z $IIMTA,17.1,C*02
2026-06-18T08:55:00.000Z $GPVTG,218.5,T,,M,8.0,N,14.8,K,A*36
2026-06-18T08:55:00.000Z !AIVDM,1,1,,A,B3a0sQ0tN05Okg7Vcr5ruRP000000,0*28
2026-06-18T08:55:10.000Z $GPRMC,085510.00,A,5312.4789,N,00450.6276,E,8.0,219.4,180626,,,A*59
2026-06-18T08:55:10.000Z $IIHDG,217.3,,,,*4E
2026-06-18T08:55:10.000Z $IIMWV,225.4,T,9.7,N,A*34
2026-06-18T08:55:10.000Z $IIRPM,E,1,0,,A*66
2026-06-18T08:55:20.000Z $GPRMC,085520.00,A,5312.4598,N,00450.6144,E,8.0,218.2,180626,,,A*5D
2026-06-18T08:55:20.000Z $IIHDG,217.6,,,,*4B
2026-06-18T08:55:20.000Z $IIMWV,232.6,T,8.8,N,A*3E
2026-06-18T08:55:20.000Z $IIRPM,E,1,0,,A*66
2026-06-18T08:55:30.000Z $GPRMC,085530.00,A,5312.4372,N,00450.5876,E,8.0,217.3,180626,,,A*5B
2026-06-18T08:55:30.000Z $GPGGA,085530.00,5312.4372,N,00450.5876,E,1,11,0.9,0.0,M,0.0,M,,*54
2026-06-18T08:55:30.000Z $IIHDG,216.5,,,,*49
2026-06-18T08:55:30.000Z $IIMWV,228.1,T,9.4,N,A*3F
2026-06-18T08:55:30.000Z $IIDBT,77.5,f,23.6,M,12.9,F*29
2026-06-18T08:55:30.000Z $IIRPM,E,1,0,,A*66
2026-06-18T08:55:30.000Z $GPVTG,217.3,T,,M,8.0,N,14.8,K,A*3F
2026-06-18T08:55:30.000Z !AIVDM,1,1,,A,B3a0sQ0tN05Opq7VcA9ruRP000000,0*1A
2026-06-18T08:55:40.000Z $GPRMC,085540.00,A,5312.4250,N,00450.5771,E,8.0,218.0,180626,,,A*59
2026-06-18T08:55:40.000Z $IIHDG,216.7,,,,*4B
2026-06-18T08:55:40.000Z $IIMWV,228.9,T,9.8,N,A*3B
2026-06-18T08:55:40.000Z $IIRPM,E,1,0,,A*66
2026-06-18T08:55:50.000Z $GPRMC,085550.00,A,5312.3932,N,00450.5307,E,8.0,218.4,180626,,,A*51
2026-06-18T08:55:50.000Z $IIHDG,217.1,,,,*4C
2026-06-18T08:55:50.000Z $IIMWV,231.2,T,10.5,N,A*0D
2026-06-18T08:55:50.000Z $IIRPM,E,1,0,,A*66
2026-06-18T08:56:00.000Z $GPRMC,085600.00,A,5312.4024,N,00450.5334,E,8.0,217.4,180626,,,A*51
2026-06-18T08:56:00.000Z $GPGGA,085600.00,5312.4024,N,00450.5334,E,1,10,0.9,0.0,M,0.0,M,,*58
2026-06-18T08:56:00.000Z $IIHDG,220.0,,,,*49
2026-06-18T08:56:00.000Z $IIMWV,224.6,T,11.2,N,A*0B
2026-06-18T08:56:00.000Z $IIDBT,81.9,f,25.0,M,13.6,F*22
2026-06-18T08:56:00.000Z $IIRPM,E,1,0,,A*66
2026-06-18T08:56:00.000Z $IIXDR,V,12.67,V,BATT*61
2026-06-18T08:56:00.000Z $GPVTG,217.4,T,,M,8.0,N,14.8,K,A*38
2026-06-18T08:56:00.000Z !AIVDM,1,1,,A,B3a0sQ0tN05OnWWVbsaruRP000000,0*29
2026-06-18T08:56:10.000Z $GPRMC,085610.00,A,5312.3569,N,00450.5397,E,8.0,219.0,180626,,,A*58
2026-06-18T08:56:10.000Z $IIHDG,220.8,,,,*41
2026-06-18T08:56:10.000Z $IIMWV,227.3,T,8.9,N,A*3E
2026-06-18T08:56:10.000Z $IIRPM,E,1,0,,A*66
2026-06-18T08:56:20.000Z $GPRMC,085620.00,A,5312.3562,N,00450.4614,E,8.0,219.5,180626,,,A*5A
2026-06-18T08:56:20.000Z $IIHDG,220.9,,,,*40
2026-06-18T08:56:20.000Z $IIMWV,229.8,T,10.6,N,A*0D
2026-06-18T08:56:20.000Z $IIRPM,E,1,0,,A*66
2026-06-18T08:56:30.000Z $GPRMC,085630.00,A,5312.3463,N,00450.4504,E,8.0,217.2,180626,,,A*50
2026-06-18T08:56:30.000Z $GPGGA,085630.00,5312.3463,N,00450.4504,E,1,11,0.9,0.0,M,0.0,M,,*5E
2026-06-18T08:56:30.000Z $IIHDG,221.0,,,,*48
2026-06-18T08:56:30.000Z $IIMWV,224.4,T,9.4,N,A*36
2026-06-18T08:56:30.000Z $IIDBT,81.9,f,25.0,M,13.7,F*23
2026-06-18T08:56:30.000Z $IIRPM,E,1,0,,A*66
2026-06-18T08:56:30.000Z $GPVTG,217.2,T,,M,8.0,N,14.8,K,A*3E
2026-06-18T08:56:30.000Z !AIVDM,1,1,,A,B3a0sQ0tN05Ok1WVaVeruRP000000,0*68
2026-06-18T08:56:40.000Z $GPRMC,085640.00,A,5312.3087,N,00450.4520,E,8.0,218.6,180626,,,A*54
2026-06-18T08:56:40.000Z $IIHDG,221.1,,,,*49
2026-06-18T08:56:40.000Z $IIMWV,231.5,T,11.0,N,A*0E
2026-06-18T08:56:40.000Z $IIRPM,E,1,0,,A*66
2026-06-18T08:56:50.000Z $GPRMC,085650.00,A,5312.3196,N,00450.4118,E,8.0,220.2,180626,,,A*54
2026-06-18T08:56:50.000Z $IIHDG,220.7,,,,*4E
2026-06-18T08:56:50.000Z $IIMWV,231.7,T,8.6,N,A*32
2026-06-18T08:56:50.000Z $IIRPM,E,1,0,,A*66
2026-06-18T08:57:00.000Z $GPRMC,085700.00,A,5312.3028,N,00450.4168,E,8.0,217.5,180626,,,A*50
2026-06-18T08:57:00.000Z $GPGGA,085700.00,5312.3028,N,00450.4168,E,1,9,0.9,0.0,M,0.0,M,,*60
2026-06-18T08:57:00.000Z $IIHDG,217.5,,,,*48
2026-06-18T08:57:00.000Z $IIMWV,230.9,T,8.7,N,A*3C
2026-06-18T08:57:00.000Z $IIDBT,85.2,f,26.0,M,14.2,F*2D
2026-06-18T08:57:00.000Z $IIRPM,E,1,0,,A*66
2026-06-18T08:57:00.000Z $IIXDR,V,12.49,V,BATT*6D
2026-06-18T08:57:00.000Z $GPVTG,217.5,T,,M,8.0,N,14.8,K,A*39
2026-06-18T08:57:00.000Z !AIVDM,1,1,,A,B3a0sQ0tN05OfWWV`s9ruRP000000,0*7B
2026-06-18T08:57:10.000Z $GPRMC,085710.00,A,5312.2920,N,00450.4063,E,8.0,219.5,180626,,,A*55
2026-06-18T08:57:10.000Z $IIHDG,218.4,,,,*46
2026-06-18T08:57:10.000Z $IIMWV,226.0,T,10.0,N,A*0C
2026-06-18T08:57:10.000Z $IIRPM,E,1,0,,A*66
2026-06-18T08:57:20.000Z $GPRMC,085720.00,A,5312.2454,N,00450.3393,E,8.0,219.2,180626,,,A*54
2026-06-18T08:57:20.000Z $IIHDG,218.4,,,,*46
2026-06-18T08:57:20.000Z $IIMWV,231.5,T,10.2,N,A*0D
2026-06-18T08:57:20.000Z $IIRPM,E,1,0,,A*66
2026-06-18T08:57:30.000Z $GPRMC,085730.00,A,5312.2774,N,00450.3215,E,8.0,217.4,180626,,,A*53
2026-06-18T08:57:30.000Z $GPGGA,085730.00,5312.2774,N,00450.3215,E,1,12,0.9,0.0,M,0.0,M,,*58
2026-06-18T08:57:30.000Z $IIHDG,220.8,,,,*41
2026-06-18T08:57:30.000Z $IIMWV,229.0,T,10.8,N,A*0B
2026-06-18T08:57:30.000Z $IIDBT,79.4,f,24.2,M,13.2,F*2F
2026-06-18T08:57:30.000Z $IIRPM,E,1,0,,A*66
2026-06-18T08:57:30.000Z $GPVTG,217.4,T,,M,8.0,N,14.8,K,A*38
2026-06-18T08:57:30.000Z !AIVDM,1,1,,A,B3a0sQ0tN05Og>WV`T=ruRP000000,0*30
2026-06-18T08:57:40.000Z $GPRMC,085740.00,A,5312.2439,N,00450.3325,E,8.0,219.6,180626,,,A*50
2026-06-18T08:57:40.000Z $IIHDG,220.6,,,,*4F
2026-06-18T08:57:40.000Z $IIMWV,232.6,T,11.0,N,A*0E
2026-06-18T08:57:40.000Z $IIRPM,E,1,0,,A*66
2026-06-18T08:57:50.000Z $GPRMC,085750.00,A,5312.2329,N,00450.2904,E,8.0,218.3,180626,,,A*5B
2026-06-18T08:57:50.000Z $IIHDG,218.2,,,,*40
2026-06-18T08:57:50.000Z $IIMWV,225.5,T,11.5,N,A*0E
2026-06-18T08:57:50.000Z $IIRPM,E,1,0,,A*66
2026-06-18T08:58:00.000Z $GPRMC,085800.00,A,5312.2113,N,00450.2600,E,8.0,217.4,180626,,,A*59
2026-06-18T08:58:00.000Z $GPGGA,085800.00,5312.2113,N,00450.2600,E,1,12,0.9,0.0,M,0.0,M,,*52
2026-06-18T08:58:00.000Z $IIHDG,220.2,,,,*4B
2026-06-18T08:58:00.000Z $IIMWV,228.4,T,9.5,N,A*3B
2026-06-18T08:58:00.000Z $IIDBT,82.5,f,25.1,M,13.7,F*2D
2026-06-18T08:58:00.000Z $IIRPM,E,1,0,,A*66
2026-06-18T08:58:00.000Z $IIXDR,V,12.50,V,BATT*65
2026-06-18T08:58:00.000Z $GPVTG,217.4,T,,M,8.0,N,14.8,K,A*38
2026-06-18T08:58:00.000Z !AIVDM,1,1,,A,B3a0sQ0tN05OfOWV`6uruRP000000,0*6A
2026-06-18T08:58:10.000Z $GPRMC,085810.00,A,5312.2038,N,00450.2426,E,8.0,219.7,180626,,,A*5B
2026-06-18T08:58:10.000Z $IIHDG,219.7,,,,*44
2026-06-18T08:58:10.000Z $IIMWV,232.9,T,9.1,N,A*39
2026-06-18T08:58:10.000Z $IIRPM,E,1,0,,A*66
2026-06-18T08:58:20.000Z $GPRMC,085820.00,A,5312.1741,N,00450.2239,E,8.0,218.1,180626,,,A*5D
2026-06-18T08:58:20.000Z $IIHDG,216.3,,,,*4F
2026-06-18T08:58:20.000Z $IIMWV,225.4,T,9.2,N,A*31
2026-06-18T08:58:20.000Z $IIRPM,E,1,0,,A*66
2026-06-18T08:58:30.000Z $GPRMC,085830.00,A,5312.1374,N,00450.2054,E,8.0,218.8,180626,,,A*5E
2026-06-18T08:58:30.000Z $GPGGA,085830.00,5312.1374,N,00450.2054,E,1,9,0.9,0.0,M,0.0,M,,*6C
2026-06-18T08:58:30.000Z $IIHDG,218.9,,,,*4B
2026-06-18T08:58:30.000Z $IIMWV,228.7,T,10.9,N,A*0C
2026-06-18T08:58:30.000Z $IIDBT,76.4,f,23.3,M,12.7,F*22
2026-06-18T08:58:30.000Z $IIRPM,E,1,0,,A*66
2026-06-18T08:58:30.000Z $GPVTG,218.8,T,,M,8.0,N,14.8,K,A*3B
2026-06-18T08:58:30.000Z !AIVDM,1,1,,A,B3a0sQ0tN05OUT7VWQEruRP000000,0*42
2026-06-18T08:58:40.000Z $GPRMC,085840.00,A,5312.1535,N,00450.1968,E,8.0,218.0,180626,,,A*57
2026-06-18T08:58:40.000Z $IIHDG,219.5,,,,*46
2026-06-18T08:58:40.000Z $IIMWV,228.9,T,9.6,N,A*35
2026-06-18T08:58:40.000Z $IIRPM,E,1,0,,A*66
2026-06-18T08:58:50.000Z $GPRMC,085850.00,A,5312.1037,N,00450.1626,E,8.0,218.5,180626,,,A*51
2026-06-18T08:58:50.000Z $IIHDG,221.1,,,,*49
2026-06-18T08:58:50.000Z $IIMWV,225.9,T,9.0,N,A*3E
2026-06-18T08:58:50.000Z $IIRPM,E,1,0,,A*66
2026-06-18T08:59:00.000Z $GPRMC,085900.00,A,5312.0808,N,00450.1597,E,8.0,218.3,180626,,,A*5F
2026-06-18T08:59:00.000Z $GPGGA,085900.00,5312.0808,N,00450.1597,E,1,12,0.9,0.0,M,0.0,M,,*5C
2026-06-18T08:59:00.000Z $IIHDG,219.8,,,,*4B
2026-06-18T08:59:00.000Z $IIMWV,230.3,T,11.0,N,A*09
2026-06-18T08:59:00.000Z $IIDBT,77.6,f,23.7,M,12.9,F*2B
2026-06-18T08:59:00.000Z $IIRPM,E,1,0,,A*66
2026-06-18T08:59:00.000Z $IIXDR,V,12.69,V,BATT*6F
2026-06-18T08:59:00.000Z $GPVTG,218.3,T,,M,8.0,N,14.8,K,A*30
2026-06-18T08:59:00.000Z !AIVDM,1,1,,A,B3a0sQ0tN05O`K7VWEAruRP000000,0*78
2026-06-18T08:59:10.000Z $GPRMC,085910.00,A,5312.0870,N,00450.1046,E,8.0,217.5,180626,,,A*51
2026-06-18T08:59:10.000Z $IIHDG,216.4,,,,*48
2026-06-18T08:59:10.000Z $IIMWV,231.9,T,11.3,N,A*01
2026-06-18T08:59:10.000Z $IIRPM,E,1,0,,A*66
2026-06-18T08:59:20.000Z $GPRMC,085920.00,A,5312.0938,N,00450.0849,E,8.0,218.5,180626,,,A*56
2026-06-18T08:59:20.000Z $IIHDG,216.3,,,,*4F
2026-06-18T08:59:20.000Z $IIMWV,226.4,T,11.3,N,A*0A
2026-06-18T08:59:20.000Z $IIRPM,E,1,0,,A*66
2026-06-18T08:59:30.000Z $GPRMC,085930.00,A,5312.0522,N,00450.0702,E,8.0,219.7,180626,,,A*53
2026-06-18T08:59:30.000Z $GPGGA,085930.00,5312.0522,N,00450.0702,E,1,11,0.9,0.0,M,0.0,M,,*56
2026-06-18T08:59:30.000Z $IIHDG,220.9,,,,*40
2026-06-18T08:59:30.000Z $IIMWV,230.5,T,9.7,N,A*31
2026-06-18T08:59:30.000Z $IIDBT,85.9,f,26.2,M,14.3,F*25
2026-06-18T08:59:30.000Z $IIRPM,E,1,0,,A*66
2026-06-18T08:59:30.000Z $GPVTG,219.7,T,,M,8.0,N,14.8,K,A*35
2026-06-18T08:59:30.000Z !AIVDM,1,1,,A,B3a0sQ0tN05OVhWVWKAruRP000000,0*03
2026-06-18T08:59:40.000Z $GPRMC,085940.00,A,5312.0483,N,00450.0367,E,8.0,218.2,180626,,,A*5D
2026-06-18T08:59:40.000Z $IIHDG,219.2,,,,*41
2026-06-18T08:59:40.000Z $IIMWV,230.7,T,9.8,N,A*3C
2026-06-18T08:59:40.000Z $IIRPM,E,1,0,,A*66
2026-06-18T08:59:50.000Z $GPRMC,085950.00,A,5312.0184,N,00450.0407,E,8.0,217.2,180626,,,A*50
2026-06-18T08:59:50.000Z $IIHDG,216.8,,,,*44
2026-06-18T08:59:50.000Z $IIMWV,233.2,T,11.4,N,A*0F
2026-06-18T08:59:50.000Z $IIRPM,E,1,0,,A*66
2026-06-18T09:00:00.000Z $GPRMC,090000.00,A,5312.0055,N,00449.9891,E,8.0,219.3,180626,,,A*58
2026-06-18T09:00:00.000Z $GPGGA,090000.00,5312.0055,N,00449.9891,E,1,12,0.9,0.0,M,0.0,M,,*5A
2026-06-18T09:00:00.000Z $IIHDG,217.1,,,,*4C
2026-06-18T09:00:00.000Z $IIMWV,224.4,T,9.8,N,A*3A
2026-06-18T09:00:00.000Z $IIDBT,80.2,f,24.4,M,13.4,F*2F
2026-06-18T09:00:00.000Z $IIRPM,E,1,0,,A*66
2026-06-18T09:00:00.000Z $IIXDR,V,12.66,V,BATT*60
2026-06-18T09:00:00.000Z $IIMTA,17.4,C*07
2026-06-18T09:00:00.000Z $GPVTG,219.3,T,,M,8.0,N,14.8,K,A*31
2026-06-18T09:00:00.000Z !AIVDM,1,1,,A,B3a0sQ0tN05O`J7VVT=ruRP000000,0*15
2026-06-18T09:00:10.000Z $GPRMC,090010.00,A,5311.9940,N,00449.9651,E,8.0,218.9,180626,,,A*57
2026-06-18T09:00:10.000Z $IIHDG,218.6,,,,*44
2026-06-18T09:00:10.000Z $IIMWV,226.2,T,9.2,N,A*34
2026-06-18T09:00:10.000Z $IIRPM,E,1,0,,A*66
2026-06-18T09:00:20.000Z $GPRMC,090020.00,A,5311.9550,N,00449.9598,E,8.0,219.9,180626,,,A*5E
2026-06-18T09:00:20.000Z $IIHDG,220.5,,,,*4C
2026-06-18T09:00:20.000Z $IIMWV,226.6,T,10.2,N,A*08
2026-06-18T09:00:20.000Z $IIRPM,E,1,0,,A*66
2026-06-18T09:00:30.000Z $GPRMC,090030.00,A,5311.9279,N,00449.9099,E,8.0,217.5,180626,,,A*55
2026-06-18T09:00:30.000Z $GPGGA,090030.00,5311.9279,N,00449.9099,E,1,10,0.9,0.0,M,0.0,M,,*5D
2026-06-18T09:00:30.000Z $IIHDG,218.4,,,,*46
2026-06-18T09:00:30.000Z $IIMWV,230.3,T,9.1,N,A*31
2026-06-18T09:00:30.000Z $IIDBT,85.5,f,26.1,M,14.2,F*2B
2026-06-18T09:00:30.000Z $IIRPM,E,1,0,,A*66
2026-06-18T09:00:30.000Z $GPVTG,217.5,T,,M,8.0,N,14.8,K,A*39
2026-06-18T09:00:30.000Z !AIVDM,1,1,,A,B3a0sQ0tN05OOJWVV;UruRP000000,0*5D
2026-06-18T09:00:40.000Z $GPRMC,090040.00,A,5311.9177,N,00449.8879,E,8.0,217.6,180626,,,A*5B
2026-06-18T09:00:40.000Z $IIHDG,216.3,,,,*4F
2026-06-18T09:00:40.000Z $IIMWV,230.3,T,9.6,N,A*36
2026-06-18T09:00:40.000Z $IIRPM,E,1,0,,A*66
2026-06-18T09:00:50.000Z $GPRMC,090050.00,A,5311.9374,N,00449.8986,E,8.0,219.2,180626,,,A*50
2026-06-18T09:00:50.000Z $IIHDG,216.5,,,,*49
2026-06-18T09:00:50.000Z $IIMWV,226.2,T,9.4,N,A*32
2026-06-18T09:00:50.000Z $IIRPM,E,1,0,,A*66
2026-06-18T09:01:00.000Z $GPRMC,090100.00,A,5311.9195,N,00449.8582,E,8.0,219.6,180626,,,A*55
2026-06-18T09:01:00.000Z $GPGGA,090100.00,5311.9195,N,00449.8582,E,1,8,0.9,0.0,M,0.0,M,,*69
2026-06-18T09:01:00.000Z $IIHDG,217.1,,,,*4C
2026-06-18T09:01:00.000Z $IIMWV,224.7,T,9.5,N,A*34
2026-06-18T09:01:00.000Z $IIDBT,85.0,f,25.9,M,14.2,F*25
2026-06-18T09:01:00.000Z $IIRPM,E,1,0,,A*66
2026-06-18T09:01:00.000Z $IIXDR,V,12.51,V,BATT*64
2026-06-18T09:01:00.000Z $GPVTG,219.6,T,,M,8.0,N,14.8,K,A*34
2026-06-18T09:01:00.000Z !AIVDM,1,1,,A,B3a0sQ0tN05ORMWVV9qruRP000000,0*61
2026-06-18T09:01:10.000Z $GPRMC,090110.00,A,5311.8865,N,00449.8203,E,8.0,218.1,180626,,,A*5B
2026-06-18T09:01:10.000Z $IIHDG,218.9,,,,*4B
2026-06-18T09:01:10.000Z $IIMWV,226.8,T,8.7,N,A*3A
2026-06-18T09:01:10.000Z $IIRPM,E,1,0,,A*66
2026-06-18T09:01:20.000Z $GPRMC,090120.00,A,5311.8444,N,00449.8495,E,8.0,218.0,180626,,,A*5F
2026-06-18T09:01:20.000Z $IIHDG,220.4,,,,*4D
2026-06-18T09:01:20.000Z $IIMWV,225.8,T,10.0,N,A*07
2026-06-18T09:01:20.000Z $IIRPM,E,1,0,,A*66
2026-06-18T09:01:30.000Z $GPRMC,090130.00,A,5311.8296,N,00449.8094,E,8.0,217.3,180626,,,A*5E
2026-06-18T09:01:30.000Z $GPGGA,090130.00,5311.8296,N,00449.8094,E,1,8,0.9,0.0,M,0.0,M,,*69
2026-06-18T09:01:30.000Z $IIHDG,218.9,,,,*4B
2026-06-18T09:01:30.000Z $IIMWV,230.2,T,9.2,N,A*33
2026-06-18T09:01:30.000Z $IIDBT,84.0,f,25.6,M,14.0,F*29
2026-06-18T09:01:30.000Z $IIRPM,E,1,0,,A*66
2026-06-18T09:01:30.000Z $GPVTG,217.3,T,,M,8.0,N,14.8,K,A*3F
2026-06-18T09:01:30.000Z !AIVDM,1,1,,A,B3a0sQ0tN05OK57VU9=ruRP000000,0*2F
2026-06-18T09:01:40.000Z $GPRMC,090140.00,A,5311.8112,N,00449.7707,E,8.0,217.5,180626,,,A*52
2026-06-18T09:01:40.000Z $IIHDG,220.9,,,,*40
2026-06-18T09:01:40.000Z $IIMWV,225.1,T,9.8,N,A*3E
2026-06-18T09:01:40.000Z $IIRPM,E,1,0,,A*66
2026-06-18T09:01:50.000Z $GPRMC,090150.00,A,5311.8237,N,00449.7610,E,8.0,217.5,180626,,,A*50
2026-06-18T09:01:50.000Z $IIHDG,217.0,,,,*4D
2026-06-18T09:01:50.000Z $IIMWV,232.9,T,8.6,N,A*3F
2026-06-18T09:01:50.000Z $IIRPM,E,1,0,,A*66
2026-06-18T09:02:00.000Z $GPRMC,090200.00,A,5311.7752,N,00449.7564,E,8.0,218.3,180626,,,A*56
2026-06-18T09:02:00.000Z $GPGGA,090200.00,5311.7752,N,00449.7564,E,1,12,0.9,0.0,M,0.0,M,,*55
2026-06-18T09:02:00.000Z $IIHDG,216.8,,,,*44
2026-06-18T09:02:00.000Z $IIMWV,225.1,T,8.9,N,A*3E
2026-06-18T09:02:00.000Z $IIDBT,85.5,f,26.0,M,14.2,F*2A
2026-06-18T09:02:00.000Z $IIRPM,E,1,0,,A*66
2026-06-18T09:02:00.000Z $IIXDR,V,12.46,V,BATT*62
2026-06-18T09:02:00.000Z $GPVTG,218.3,T,,M,8.0,N,14.8,K,A*30
2026-06-18T09:02:00.000Z !AIVDM,1,1,,A,B3a0sQ0tN05OJ07VTJMruRP000000,0*29
2026-06-18T09:02:10.000Z $GPRMC,090210.00,A,5311.7792,N,00449.7200,E,8.0,219.6,180626,,,A*5A
2026-06-18T09:02:10.000Z $IIHDG,216.6,,,,*4A
2026-06-18T09:02:10.000Z $IIMWV,232.1,T,9.3,N,A*33
2026-06-18T09:02:10.000Z $IIRPM,E,1,0,,A*66
2026-06-18T09:02:20.000Z $GPRMC,090220.00,A,5311.7948,N,00449.6923,E,8.0,217.2,180626,,,A*51
2026-06-18T09:02:20.000Z $IIHDG,217.2,,,,*4F
2026-06-18T09:02:20.000Z $IIMWV,227.8,T,10.5,N,A*00
2026-06-18T09:02:20.000Z $IIRPM,E,1,0,,A*66
2026-06-18T09:02:30.000Z $GPRMC,090230.00,A,5311.7622,N,00449.6414,E,8.0,217.8,180626,,,A*50
2026-06-18T09:02:30.000Z $GPGGA,090230.00,5311.7622,N,00449.6414,E,1,12,0.9,0.0,M,0.0,M,,*57
2026-06-18T09:02:30.000Z $IIHDG,218.6,,,,*44
2026-06-18T09:02:30.000Z $IIMWV,227.5,T,8.9,N,A*38
2026-06-18T09:02:30.000Z $IIDBT,80.6,f,24.6,M,13.4,F*29
2026-06-18T09:02:30.000Z $IIRPM,E,1,0,,A*66
2026-06-18T09:02:30.000Z $GPVTG,217.8,T,,M,8.0,N,14.8,K,A*34
2026-06-18T09:02:30.000Z !AIVDM,1,1,,A,B3a0sQ0tN05ONSWVSUmruRP000000,0*16
2026-06-18T09:02:40.000Z $GPRMC,090240.00,A,5311.7542,N,00449.6370,E,8.0,217.5,180626,,,A*5A
2026-06-18T09:02:40.000Z $IIHDG,221.1,,,,*49
2026-06-18T09:02:40.000Z $IIMWV,233.0,T,10.6,N,A*0E
2026-06-18T09:02:40.000Z $IIRPM,E,1,0,,A*66
2026-06-18T09:02:50.000Z $GPRMC,090250.00,A,5311.7432,N,00449.6348,E,8.0,218.4,180626,,,A*58
2026-06-18T09:02:50.000Z $IIHDG,219.7,,,,*44
2026-06-18T09:02:50.000Z $IIMWV,224.9,T,9.9,N,A*36
2026-06-18T09:02:50.000Z $IIRPM,E,1,0,,A*66
2026-06-18T09:03:00.000Z $GPRMC,090300.00,A,5311.6993,N,00449.6092,E,8.0,219.7,180626,,,A*5D
2026-06-18T09:03:00.000Z $GPGGA,090300.00,5311.6993,N,00449.6092,E,1,8,0.9,0.0,M,0.0,M,,*60
2026-06-18T09:03:00.000Z $IIHDG,217.9,,,,*44
2026-06-18T09:03:00.000Z $IIMWV,228.8,T,9.5,N,A*37
2026-06-18T09:03:00.000Z $IIDBT,84.7,f,25.8,M,14.1,F*21
2026-06-18T09:03:00.000Z $IIRPM,E,1,0,,A*66
2026-06-18T09:03:00.000Z $IIXDR,V,12.61,V,BATT*67
2026-06-18T09:03:00.000Z $GPVTG,219.7,T,,M,8.0,N,14.8,K,A*35
2026-06-18T09:03:00.000Z !AIVDM,1,1,,A,B3a0sQ0tN05OGCWVSoiruRP000000,0*31
2026-06-18T09:03:10.000Z $GPRMC,090310.00,A,5311.6716,N,00449.5741,E,8.0,220.0,180626,,,A*58
2026-06-18T09:03:10.000Z $IIHDG,217.0,,,,*4D
2026-06-18T09:03:10.000Z $IIMWV,227.5,T,9.6,N,A*36
2026-06-18T09:03:10.000Z $IIRPM,E,1,0,,A*66
2026-06-18T09:03:20.000Z $GPRMC,090320.00,A,5311.6896,N,00449.5309,E,8.0,218.8,180626,,,A*57
2026-06-18T09:03:20.000Z $IIHDG,218.8,,,,*4A
2026-06-18T09:03:20.000Z $IIMWV,230.8,T,10.7,N,A*04
2026-06-18T09:03:20.000Z $IIRPM,E,1,0,,A*66
2026-06-18T09:03:30.000Z $GPRMC,090330.00,A,5311.6294,N,00449.5454,E,8.0,219.5,180626,,,A*5D
2026-06-18T09:03:30.000Z $GPGGA,090330.00,5311.6294,N,00449.5454,E,1,9,0.9,0.0,M,0.0,M,,*63
2026-06-18T09:03:30.000Z $IIHDG,217.0,,,,*4D
2026-06-18T09:03:30.000Z $IIMWV,226.2,T,10.6,N,A*08
2026-06-18T09:03:30.000Z $IIDBT,80.7,f,24.6,M,13.5,F*29
2026-06-18T09:03:30.000Z $IIRPM,E,1,0,,A*66
2026-06-18T09:03:30.000Z $GPVTG,219.5,T,,M,8.0,N,14.8,K,A*37
2026-06-18T09:03:30.000Z !AIVDM,1,1,,A,B3a0sQ0tN05OBlWVS;aruRP000000,0*47
2026-06-18T09:03:40.000Z $GPRMC,090340.00,A,5311.6355,N,00449.5129,E,8.0,218.1,180626,,,A*5C
2026-06-18T09:03:40.000Z $IIHDG,217.6,,,,*4B
2026-06-18T09:03:40.000Z $IIMWV,229.3,T,9.2,N,A*3A
2026-06-18T09:03:40.000Z $IIRPM,E,1,0,,A*66
2026-06-18T09:03:50.000Z $GPRMC,090350.00,A,5311.5909,N,00449.5105,E,8.0,220.1,180626,,,A*58
2026-06-18T09:03:50.000Z $IIHDG,216.3,,,,*4F
2026-06-18T09:03:50.000Z $IIMWV,232.1,T,10.6,N,A*0E
2026-06-18T09:03:50.000Z $IIRPM,E,1,0,,A*66
2026-06-18T09:04:00.000Z $GPRMC,090400.00,A,5311.6111,N,00449.4565,E,8.0,217.4,180626,,,A*5A
2026-06-18T09:04:00.000Z $GPGGA,090400.00,5311.6111,N,00449.4565,E,1,8,0.9,0.0,M,0.0,M,,*6A
2026-06-18T09:04:00.000Z $IIHDG,216.6,,,,*4A
2026-06-18T09:04:00.000Z $IIMWV,231.9,T,10.7,N,A*04
2026-06-18T09:04:00.000Z $IIDBT,86.5,f,26.4,M,14.4,F*2B
2026-06-18T09:04:00.000Z $IIRPM,E,1,0,,A*66
2026-06-18T09:04:00.000Z $IIXDR,V,12.68,V,BATT*6E
2026-06-18T09:04:00.000Z $GPVTG,217.4,T,,M,8.0,N,14.8,K,A*38
2026-06-18T09:04:00.000Z !AIVDM,1,1,,A,B3a0sQ0tN05OAc7VRuIruRP000000,0*4C
2026-06-18T09:04:10.000Z $GPRMC,090410.00,A,5311.6015,N,00449.4679,E,8.0,218.5,180626,,,A*5E
2026-06-18T09:04:10.000Z $IIHDG,218.0,,,,*42
2026-06-18T09:04:10.000Z $IIMWV,233.1,T,9.9,N,A*38
2026-06-18T09:04:10.000Z $IIRPM,E,1,0,,A*66
2026-06-18T09:04:20.000Z $GPRMC,090420.00,A,5311.5431,N,00449.4085,E,8.0,219.8,180626,,,A*55
2026-06-18T09:04:20.000Z $IIHDG,219.8,,,,*4B
2026-06-18T09:04:20.000Z $IIMWV,230.7,T,9.2,N,A*36
2026-06-18T09:04:20.000Z $IIRPM,E,1,0,,A*66
2026-06-18T09:04:30.000Z $GPRMC,090430.00,A,5311.5258,N,00449.4291,E,8.0,219.2,180626,,,A*50
2026-06-18T09:04:30.000Z $GPGGA,090430.00,5311.5258,N,00449.4291,E,1,11,0.9,0.0,M,0.0,M,,*50
2026-06-18T09:04:30.000Z $IIHDG,218.8,,,,*4A
2026-06-18T09:04:30.000Z $IIMWV,233.4,T,8.8,N,A*3D
2026-06-18T09:04:30.000Z $IIDBT,78.7,f,24.0,M,13.1,F*2C
2026-06-18T09:04:30.000Z $IIRPM,E,1,0,,A*66
2026-06-18T09:04:30.000Z $GPVTG,219.2,T,,M,8.0,N,14.8,K,A*30
2026-06-18T09:04:30.000Z !AIVDM,1,1,,A,B3a0sQ0tN05O?mWVRc5ruRP000000,0*36
2026-06-18T09:04:40.000Z $GPRMC,090440.00,A,5311.5177,N,00449.3570,E,8.0,219.0,180626,,,A*54
2026-06-18T09:04:40.000Z $IIHDG,217.9,,,,*44
2026-06-18T09:04:40.000Z $IIMWV,224.6,T,8.6,N,A*37
2026-06-18T09:04:40.000Z $IIRPM,E,1,0,,A*66
2026-06-18T09:04:50.000Z $GPRMC,090450.00,A,5311.5002,N,00449.3794,E,8.0,219.8,180626,,,A*56
2026-06-18T09:04:50.000Z $IIHDG,216.5,,,,*49
2026-06-18T09:04:50.000Z $IIMWV,231.7,T,9.6,N,A*33
2026-06-18T09:04:50.000Z $IIRPM,E,1,0,,A*66
2026-06-18T09:05:00.000Z $GPRMC,090500.00,A,5311.4969,N,00449.3247,E,8.0,218.2,180626,,,A*57
2026-06-18T09:05:00.000Z $GPGGA,090500.00,5311.4969,N,00449.3247,E,1,12,0.9,0.0,M,0.0,M,,*55
2026-06-18T09:05:00.000Z $IIHDG,220.1,,,,*48
2026-06-18T09:05:00.000Z $IIMWV,228.4,T,9.6,N,A*38
2026-06-18T09:05:00.000Z $IIDBT,77.0,f,23.5,M,12.8,F*2E
2026-06-18T09:05:00.000Z $IIRPM,E,1,0,,A*66
2026-06-18T09:05:00.000Z $IIXDR,V,12.59,V,BATT*6C
2026-06-18T09:05:00.000Z $IIMTA,17.3,C*00
2026-06-18T09:05:00.000Z $GPVTG,218.2,T,,M,8.0,N,14.8,K,A*31
2026-06-18T09:05:00.000Z !AIVDM,1,1,,A,B3a0sQ0tN05O@R7VQSIruRP000000,0*59
2026-06-18T09:05:10.000Z $GPRMC,090510.00,A,5311.5028,N,00449.3249,E,8.0,217.7,180626,,,A*5F
2026-06-18T09:05:10.000Z $IIHDG,221.2,,,,*4A
2026-06-18T09:05:10.000Z $IIMWV,233.5,T,9.3,N,A*36
2026-06-18T09:05:10.000Z $IIRPM,E,1,0,,A*66
2026-06-18T09:05:20.000Z $GPRMC,090520.00,A,5311.4793,N,00449.2926,E,8.0,219.3,180626,,,A*53
2026-06-18T09:05:20.000Z $IIHDG,219.0,,,,*43
2026-06-18T09:05:20.000Z $IIMWV,228.7,T,9.0,N,A*3D
2026-06-18T09:05:20.000Z $IIRPM,E,1,0,,A*66
2026-06-18T09:05:30.000Z $GPRMC,090530.00,A,5311.4663,N,00449.2581,E,8.0,219.1,180626,,,A*5F
2026-06-18T09:05:30.000Z $GPGGA,090530.00,5311.4663,N,00449.2581,E,1,8,0.9,0.0,M,0.0,M,,*64
2026-06-18T09:05:30.000Z $IIHDG,220.2,,,,*4B
2026-06-18T09:05:30.000Z $IIMWV,232.6,T,9.0,N,A*37
2026-06-18T09:05:30.000Z $IIDBT,84.3,f,25.7,M,14.1,F*2A
2026-06-18T09:05:30.000Z $IIRPM,E,1,0,,A*66
2026-06-18T09:05:30.000Z $GPVTG,219.1,T,,M,8.0,N,14.8,K,A*33
2026-06-18T09:05:30.000Z !AIVDM,1,1,,A,B3a0sQ0tN05OBR7VQIAruRP000000,0*49
2026-06-18T09:05:40.000Z $GPRMC,090540.00,A,5311.4036,N,00449.2587,E,8.0,219.1,180626,,,A*58
2026-06-18T09:05:40.000Z $IIHDG,219.2,,,,*41
2026-06-18T09:05:40.000Z $IIMWV,225.3,T,9.1,N,A*35
2026-06-18T09:05:40.000Z $IIRPM,E,1,0,,A*66
2026-06-18T09:05:50.000Z $GPRMC,090550.00,A,5311.4176,N,00449.2304,E,8.0,219.8,180626,,,A*58
2026-06-18T09:05:50.000Z $IIHDG,217.1,,,,*4C
2026-06-18T09:05:50.000Z $IIMWV,227.1,T,9.5,N,A*31
2026-06-18T09:05:50.000Z $IIRPM,E,1,0,,A*66
2026-06-18T09:06:00.000Z $GPRMC,090600.00,A,5311.4250,N,00449.1917,E,8.0,219.6,180626,,,A*5C
2026-06-18T09:06:00.000Z $GPGGA,090600.00,5311.4250,N,00449.1917,E,1,12,0.9,0.0,M,0.0,M,,*5B
2026-06-18T09:06:00.000Z $IIHDG,220.6,,,,*4F
2026-06-18T09:06:00.000Z $IIMWV,226.6,T,8.6,N,A*35
2026-06-18T09:06:00.000Z $IIDBT,83.0,f,25.3,M,13.8,F*24
2026-06-18T09:06:00.000Z $IIRPM,E,1,0,,A*66
2026-06-18T09:06:00.000Z $IIXDR,V,12.67,V,BATT*61
2026-06-18T09:06:00.000Z $GPVTG,219.6,T,,M,8.0,N,14.8,K,A*34
2026-06-18T09:06:00.000Z !AIVDM,1,1,,A,B3a0sQ0tN05O@QWVPuIruRP000000,0*1D
2026-06-18T09:06:10.000Z $GPRMC,090610.00,A,5311.3569,N,00449.1973,E,8.0,218.5,180626,,,A*57
2026-06-18T09:06:10.000Z $IIHDG,220.6,,,,*4F
2026-06-18T09:06:10.000Z $IIMWV,233.2,T,8.6,N,A*35
2026-06-18T09:06:10.000Z $IIRPM,E,1,0,,A*66
2026-06-18T09:06:20.000Z $GPRMC,090620.00,A,5311.3828,N,00449.1318,E,8.0,219.5,180626,,,A*5A
2026-06-18T09:06:20.000Z $IIHDG,221.0,,,,*48
2026-06-18T09:06:20.000Z $IIMWV,231.2,T,9.1,N,A*31
2026-06-18T09:06:20.000Z $IIRPM,E,1,0,,A*66
2026-06-18T09:06:30.000Z $GPRMC,090630.00,A,5311.3729,N,00449.1119,E,8.0,219.8,180626,,,A*5B
2026-06-18T09:06:30.000Z $GPGGA,090630.00,5311.3729,N,00449.1119,E,1,10,0.9,0.0,M,0.0,M,,*50
2026-06-18T09:06:30.000Z $IIHDG,218.4,,,,*46
2026-06-18T09:06:30.000Z $IIMWV,225.3,T,9.4,N,A*30
2026-06-18T09:06:30.000Z $IIDBT,80.9,f,24.7,M,13.5,F*26
2026-06-18T09:06:30.000Z $IIRPM,E,1,0,,A*66
2026-06-18T09:06:30.000Z $GPVTG,219.8,T,,M,8.0,N,14.8,K,A*3A
2026-06-18T09:06:30.000Z !AIVDM,1,1,,A,B3a0sQ0tN05O8HWVPMqruRP000000,0*7C
2026-06-18T09:06:40.000Z $GPRMC,090640.00,A,5311.3490,N,00449.1127,E,8.0,219.9,180626,,,A*51
2026-06-18T09:06:40.000Z $IIHDG,217.3,,,,*4E
2026-06-18T09:06:40.000Z $IIMWV,229.3,T,11.4,N,A*05
2026-06-18T09:06:40.000Z $IIRPM,E,1,0,,A*66
2026-06-18T09:06:50.000Z $GPRMC,090650.00,A,5311.3280,N,00449.1004,E,8.0,218.4,180626,,,A*5B
2026-06-18T09:06:50.000Z $IIHDG,219.6,,,,*45
2026-06-18T09:06:50.000Z $IIMWV,230.2,T,10.3,N,A*0A
2026-06-18T09:06:50.000Z $IIRPM,E,1,0,,A*66
2026-06-18T09:07:00.000Z $GPRMC,090700.00,A,5311.3177,N,00449.0772,E,8.0,218.4,180626,,,A*53
2026-06-18T09:07:00.000Z $GPGGA,090700.00,5311.3177,N,00449.0772,E,1,9,0.9,0.0,M,0.0,M,,*6D
2026-06-18T09:07:00.000Z $IIHDG,217.8,,,,*45
2026-06-18T09:07:00.000Z $IIMWV,229.0,T,11.3,N,A*01
2026-06-18T09:07:00.000Z $IIDBT,82.1,f,25.0,M,13.7,F*28
2026-06-18T09:07:00.000Z $IIRPM,E,1,0,,A*66
2026-06-18T09:07:00.000Z $IIXDR,V,12.46,V,BATT*62
2026-06-18T09:07:00.000Z $GPVTG,218.4,T,,M,8.0,N,14.8,K,A*37
2026-06-18T09:07:00.000Z !AIVDM,1,1,,A,B3a0sQ0tN05O79WVP?EruRP000000,0*44
2026-06-18T09:07:10.000Z $GPRMC,090710.00,A,5311.2673,N,00449.0270,E,8.0,218.0,180626,,,A*53
2026-06-18T09:07:10.000Z $IIHDG,216.8,,,,*44
2026-06-18T09:07:10.000Z $IIMWV,228.9,T,8.6,N,A*34
2026-06-18T09:07:10.000Z $IIRPM,E,1,0,,A*66
2026-06-18T09:07:20.000Z $GPRMC,090720.00,A,5311.2934,N,00449.0503,E,8.0,220.1,180626,,,A*55
2026-06-18T09:07:20.000Z $IIHDG,220.0,,,,*49
2026-06-18T09:07:20.000Z $IIMWV,226.9,T,11.5,N,A*01
2026-06-18T09:07:20.000Z $IIRPM,E,1,0,,A*66
2026-06-18T09:07:30.000Z $GPRMC,090730.00,A,5311.2285,N,00448.9742,E,8.0,218.2,180626,,,A*52
2026-06-18T09:07:30.000Z $GPGGA,090730.00,5311.2285,N,00448.9742,E,1,11,0.9,0.0,M,0.0,M,,*53
2026-06-18T09:07:30.000Z $IIHDG,221.1,,,,*49
2026-06-18T09:07:30.000Z $IIMWV,226.1,T,11.0,N,A*0C
2026-06-18T09:07:30.000Z $IIDBT,85.0,f,25.9,M,14.2,F*25
2026-06-18T09:07:30.000Z $IIRPM,E,1,0,,A*66
2026-06-18T09:07:30.000Z $GPVTG,218.2,T,,M,8.0,N,14.8,K,A*31
2026-06-18T09:07:30.000Z !AIVDM,1,1,,A,B3a0sQ0tN05O5`7VNomruRP000000,0*19
2026-06-18T09:07:40.000Z $GPRMC,090740.00,A,5311.2473,N,00448.9703,E,8.0,217.3,180626,,,A*51
2026-06-18T09:07:40.000Z $IIHDG,217.5,,,,*48
2026-06-18T09:07:40.000Z $IIMWV,231.8,T,9.4,N,A*3E
2026-06-18T09:07:40.000Z $IIRPM,E,1,0,,A*66
2026-06-18T09:07:50.000Z $GPRMC,090750.00,A,5311.2199,N,00448.9779,E,8.0,220.1,180626,,,A*5A
2026-06-18T09:07:50.000Z $IIHDG,219.0,,,,*43
2026-06-18T09:07:50.000Z $IIMWV,224.6,T,8.8,N,A*39
2026-06-18T09:07:50.000Z $IIRPM,E,1,0,,A*66
2026-06-18T09:08:00.000Z $GPRMC,090800.00,A,5311.1889,N,00448.9584,E,8.0,217.9,180626,,,A*57
2026-06-18T09:08:00.000Z $GPGGA,090800.00,5311.1889,N,00448.9584,E,1,9,0.9,0.0,M,0.0,M,,*6B
2026-06-18T09:08:00.000Z $IIHDG,220.3,,,,*4A
2026-06-18T09:08:00.000Z $IIMWV,231.3,T,8.5,N,A*35
2026-06-18T09:08:00.000Z $IIDBT,81.2,f,24.8,M,13.5,F*23
2026-06-18T09:08:00.000Z $IIRPM,E,1,0,,A*66
2026-06-18T09:08:00.000Z $IIXDR,V,12.69,V,BATT*6F
2026-06-18T09:08:00.000Z $GPVTG,217.9,T,,M,8.0,N,14.8,K,A*35
2026-06-18T09:08:00.000Z !AIVDM,1,1,,A,B3a0sQ0tN05O4L7VNiAruRP000000,0*1E
2026-06-18T09:08:10.000Z $GPRMC,090810.00,A,5311.1781,N,00448.9395,E,8.0,219.4,180626,,,A*54
2026-06-18T09:08:10.000Z $IIHDG,218.9,,,,*4B
2026-06-18T09:08:10.000Z $IIMWV,223.7,T,10.2,N,A*0C
2026-06-18T09:08:10.000Z $IIRPM,E,1,0,,A*66
2026-06-18T09:08:20.000Z $GPRMC,090820.00,A,5311.1370,N,00448.9174,E,8.0,217.3,180626,,,A*59
2026-06-18T09:08:20.000Z $IIHDG,219.8,,,,*4B
2026-06-18T09:08:20.000Z $IIMWV,232.6,T,9.6,N,A*31
2026-06-18T09:08:20.000Z $IIRPM,E,1,0,,A*66
2026-06-18T09:08:30.000Z $GPRMC,090830.00,A,5311.1480,N,00448.8529,E,8.0,219.8,180626,,,A*58
2026-06-18T09:08:30.000Z $GPGGA,090830.00,5311.1480,N,00448.8529,E,1,12,0.9,0.0,M,0.0,M,,*51
2026-06-18T09:08:30.000Z $IIHDG,217.5,,,,*48
2026-06-18T09:08:30.000Z $IIMWV,230.7,T,10.4,N,A*08
2026-06-18T09:08:30.000Z $IIDBT,78.7,f,24.0,M,13.1,F*2C
2026-06-18T09:08:30.000Z $IIRPM,E,1,0,,A*66
2026-06-18T09:08:30.000Z $GPVTG,219.8,T,,M,8.0,N,14.8,K,A*3A
2026-06-18T09:08:30.000Z !AIVDM,1,1,,A,B3a0sQ0tN05O6aWVMsMruRP000000,0*44
2026-06-18T09:08:40.000Z $GPRMC,090840.00,A,5311.1422,N,00448.8374,E,8.0,217.6,180626,,,A*59
2026-06-18T09:08:40.000Z $IIHDG,218.1,,,,*43
2026-06-18T09:08:40.000Z $IIMWV,230.6,T,8.9,N,A*3D
2026-06-18T09:08:40.000Z $IIRPM,E,1,0,,A*66
2026-06-18T09:08:50.000Z $GPRMC,090850.00,A,5311.1198,N,00448.7979,E,8.0,217.6,180626,,,A*54
2026-06-18T09:08:50.000Z $IIHDG,216.9,,,,*45
2026-06-18T09:08:50.000Z $IIMWV,228.1,T,8.9,N,A*33
2026-06-18T09:08:50.000Z $IIRPM,E,1,0,,A*66
2026-06-18T09:09:00.000Z $GPRMC,090900.00,A,5311.0883,N,00448.7990,E,8.0,217.2,180626,,,A*51
2026-06-18T09:09:00.000Z $GPGGA,090900.00,5311.0883,N,00448.7990,E,1,9,0.9,0.0,M,0.0,M,,*66
2026-06-18T09:09:00.000Z $IIHDG,220.5,,,,*4C
2026-06-18T09:09:00.000Z $IIMWV,230.0,T,10.6,N,A*0D
2026-06-18T09:09:00.000Z $IIDBT,82.6,f,25.2,M,13.8,F*22
2026-06-18T09:09:00.000Z $IIRPM,E,1,0,,A*66
2026-06-18T09:09:00.000Z $IIXDR,V,12.62,V,BATT*64
2026-06-18T09:09:00.000Z $GPVTG,217.2,T,,M,8.0,N,14.8,K,A*3E
2026-06-18T09:09:00.000Z !AIVDM,1,1,,A,B3a0sQ0tN05O5>WVMwQruRP000000,0*00
2026-06-18T09:09:10.000Z $GPRMC,090910.00,A,5311.0828,N,00448.7932,E,8.0,219.3,180626,,,A*56
2026-06-18T09:09:10.000Z $IIHDG,216.9,,,,*45
2026-06-18T09:09:10.000Z $IIMWV,226.3,T,10.7,N,A*08
2026-06-18T09:09:10.000Z $IIRPM,E,1,0,,A*66
2026-06-18T09:09:20.000Z $GPRMC,090920.00,A,5311.0542,N,00448.7586,E,8.0,217.4,180626,,,A*5E
2026-06-18T09:09:20.000Z $IIHDG,217.3,,,,*4E
2026-06-18T09:09:20.000Z $IIMWV,224.6,T,8.6,N,A*37
2026-06-18T09:09:20.000Z $IIRPM,E,1,0,,A*66
2026-06-18T09:09:30.000Z $GPRMC,090930.00,A,5311.0356,N,00448.7279,E,8.0,217.3,180626,,,A*5C
2026-06-18T09:09:30.000Z $GPGGA,090930.00,5311.0356,N,00448.7279,E,1,11,0.9,0.0,M,0.0,M,,*53
2026-06-18T09:09:30.000Z $IIHDG,221.0,,,,*48
2026-06-18T09:09:30.000Z $IIMWV,228.1,T,10.0,N,A*03
2026-06-18T09:09:30.000Z $IIDBT,81.2,f,24.8,M,13.5,F*23
2026-06-18T09:09:30.000Z $IIRPM,E,1,0,,A*66
2026-06-18T09:09:30.000Z $GPVTG,217.3,T,,M,8.0,N,14.8,K,A*3F
2026-06-18T09:09:30.000Z !AIVDM,1,1,,A,B3a0sQ0tN05O117VMQmruRP000000,0*71
2026-06-18T09:09:40.000Z $GPRMC,090940.00,A,5311.0456,N,00448.7015,E,8.0,219.4,180626,,,A*5D
2026-06-18T09:09:40.000Z $IIHDG,218.5,,,,*47
2026-06-18T09:09:40.000Z $IIMWV,227.3,T,9.3,N,A*35
2026-06-18T09:09:40.000Z $IIRPM,E,1,0,,A*66
2026-06-18T09:09:50.000Z $GPRMC,090950.00,A,5311.0231,N,00448.6789,E,8.0,218.6,180626,,,A*5B
2026-06-18T09:09:50.000Z $IIHDG,221.1,,,,*49
2026-06-18T09:09:50.000Z $IIMWV,231.9,T,9.0,N,A*3B
2026-06-18T09:09:50.000Z $IIRPM,E,1,0,,A*66
2026-06-18T09:10:00.000Z $GPRMC,091000.00,A,5311.0003,N,00448.6526,E,8.0,217.8,180626,,,A*53
2026-06-18T09:10:00.000Z $GPGGA,091000.00,5311.0003,N,00448.6526,E,1,12,0.9,0.0,M,0.0,M,,*54
2026-06-18T09:10:00.000Z $IIHDG,216.9,,,,*45
2026-06-18T09:10:00.000Z $IIMWV,232.2,T,8.9,N,A*3B
2026-06-18T09:10:00.000Z $IIDBT,78.8,f,24.0,M,13.1,F*23
2026-06-18T09:10:00.000Z $IIRPM,E,1,0,,A*66
2026-06-18T09:10:00.000Z $IIXDR,V,12.48,V,BATT*6C
2026-06-18T09:10:00.000Z $IIMTA,18.3,C*0F
2026-06-18T09:10:00.000Z $GPVTG,217.8,T,,M,8.0,N,14.8,K,A*34
2026-06-18T09:10:00.000Z !AIVDM,1,1,,A,B3a0sQ0tN05NqtWVM@=ruRP000000,0*54
2026-06-18T09:10:10.000Z $GPRMC,091010.00,A,5310.9622,N,00448.6397,E,8.0,220.2,180626,,,A*5D
2026-06-18T09:10:10.000Z $IIHDG,219.6,,,,*45
2026-06-18T09:10:10.000Z $IIMWV,230.2,T,8.9,N,A*39
2026-06-18T09:10:10.000Z $IIRPM,E,1,0,,A*66
2026-06-18T09:10:20.000Z $GPRMC,091020.00,A,5310.9712,N,00448.6095,E,8.0,218.2,180626,,,A*56
2026-06-18T09:10:20.000Z $IIHDG,218.5,,,,*47
2026-06-18T09:10:20.000Z $IIMWV,232.9,T,8.6,N,A*3F
2026-06-18T09:10:20.000Z $IIRPM,E,1,0,,A*66
2026-06-18T09:10:30.000Z $GPRMC,091030.00,A,5310.9485,N,00448.5953,E,8.0,217.6,180626,,,A*51
2026-06-18T09:10:30.000Z $GPGGA,091030.00,5310.9485,N,00448.5953,E,1,12,0.9,0.0,M,0.0,M,,*58
2026-06-18T09:10:30.000Z $IIHDG,221.2,,,,*4A
2026-06-18T09:10:30.000Z $IIMWV,229.8,T,10.3,N,A*08
2026-06-18T09:10:30.000Z $IIDBT,84.5,f,25.8,M,14.1,F*23
2026-06-18T09:10:30.000Z $IIRPM,E,1,0,,A*66
2026-06-18T09:10:30.000Z $GPVTG,217.6,T,,M,8.0,N,14.8,K,A*3A
2026-06-18T09:10:30.000Z !AIVDM,1,1,,A,B3a0sQ0tN05NotWVLK=ruRP000000,0*40
2026-06-18T09:10:40.000Z $GPRMC,091040.00,A,5310.9076,N,00448.5605,E,8.0,218.7,180626,,,A*5C
2026-06-18T09:10:40.000Z $IIHDG,217.1,,,,*4C
2026-06-18T09:10:40.000Z $IIMWV,224.7,T,8.8,N,A*38
2026-06-18T09:10:40.000Z $IIRPM,E,1,0,,A*66
2026-06-18T09:10:50.000Z $GPRMC,091050.00,A,5310.9359,N,00448.5313,E,8.0,218.2,180626,,,A*54
2026-06-18T09:10:50.000Z $IIHDG,216.7,,,,*4B
2026-06-18T09:10:50.000Z $IIMWV,230.4,T,10.7,N,A*08
2026-06-18T09:10:50.000Z $IIRPM,E,1,0,,A*66
2026-06-18T09:11:00.000Z $GPRMC,091100.00,A,5310.8762,N,00448.5517,E,8.0,218.1,180626,,,A*5C
2026-06-18T09:11:00.000Z $GPGGA,091100.00,5310.8762,N,00448.5517,E,1,9,0.9,0.0,M,0.0,M,,*67
2026-06-18T09:11:00.000Z $IIHDG,216.2,,,,*4E
2026-06-18T09:11:00.000Z $IIMWV,233.3,T,9.0,N,A*33
2026-06-18T09:11:00.000Z $IIDBT,79.5,f,24.2,M,13.3,F*2F
2026-06-18T09:11:00.000Z $IIRPM,E,1,0,,A*66
2026-06-18T09:11:00.000Z $IIXDR,V,12.42,V,BATT*66
2026-06-18T09:11:00.000Z $GPVTG,218.1,T,,M,8.0,N,14.8,K,A*32
2026-06-18T09:11:00.000Z !AIVDM,1,1,,A,B3a0sQ0tN05NtbWVKI1ruRP000000,0*44
2026-06-18T09:11:10.000Z $GPRMC,091110.00,A,5310.8972,N,00448.4862,E,8.0,220.2,180626,,,A*54
2026-06-18T09:11:10.000Z $IIHDG,218.0,,,,*42
2026-06-18T09:11:10.000Z $IIMWV,227.6,T,10.4,N,A*0F
2026-06-18T09:11:10.000Z $IIRPM,E,1,0,,A*66
2026-06-18T09:11:20.000Z $GPRMC,091120.00,A,5310.8929,N,00448.5065,E,8.0,218.0,180626,,,A*5E
2026-06-18T09:11:20.000Z $IIHDG,217.1,,,,*4C
2026-06-18T09:11:20.000Z $IIMWV,229.1,T,10.8,N,A*0A
2026-06-18T09:11:20.000Z $IIRPM,E,1,0,,A*66
2026-06-18T09:11:30.000Z $GPRMC,091130.00,A,5310.8680,N,00448.4460,E,8.0,217.9,180626,,,A*55
2026-06-18T09:11:30.000Z $GPGGA,091130.00,5310.8680,N,00448.4460,E,1,11,0.9,0.0,M,0.0,M,,*50
2026-06-18T09:11:30.000Z $IIHDG,219.2,,,,*41
2026-06-18T09:11:30.000Z $IIMWV,223.8,T,9.7,N,A*3E
2026-06-18T09:11:30.000Z $IIDBT,80.0,f,24.4,M,13.3,F*2A
2026-06-18T09:11:30.000Z $IIRPM,E,1,0,,A*66
2026-06-18T09:11:30.000Z $GPVTG,217.9,T,,M,8.0,N,14.8,K,A*35
2026-06-18T09:11:30.000Z !AIVDM,1,1,,A,B3a0sQ0tN05NnwWVKperuRP000000,0*26
2026-06-18T09:11:40.000Z $GPRMC,091140.00,A,5310.8568,N,00448.4514,E,8.0,218.7,180626,,,A*54
2026-06-18T09:11:40.000Z $IIHDG,219.6,,,,*45
2026-06-18T09:11:40.000Z $IIMWV,229.4,T,11.0,N,A*06
2026-06-18T09:11:40.000Z $IIRPM,E,1,0,,A*66
2026-06-18T09:11:50.000Z $GPRMC,091150.00,A,5310.8119,N,00448.4183,E,8.0,219.7,180626,,,A*5C
2026-06-18T09:11:50.000Z $IIHDG,220.2,,,,*4B
2026-06-18T09:11:50.000Z $IIMWV,224.5,T,11.4,N,A*0E
2026-06-18T09:11:50.000Z $IIRPM,E,1,0,,A*66
2026-06-18T09:12:00.000Z $GPRMC,091200.00,A,5310.7963,N,00448.3924,E,8.0,218.5,180626,,,A*51
2026-06-18T09:12:00.000Z $GPGGA,091200.00,5310.7963,N,00448.3924,E,1,12,0.9,0.0,M,0.0,M,,*54
2026-06-18T09:12:00.000Z $IIHDG,219.3,,,,*40
2026-06-18T09:12:00.000Z $IIMWV,227.4,T,10.9,N,A*00
2026-06-18T09:12:00.000Z $IIDBT,85.6,f,26.1,M,14.3,F*29
2026-06-18T09:12:00.000Z $IIRPM,E,1,0,,A*66
2026-06-18T09:12:00.000Z $IIXDR,V,12.64,V,BATT*62
2026-06-18T09:12:00.000Z $GPVTG,218.5,T,,M,8.0,N,14.8,K,A*36
2026-06-18T09:12:00.000Z !AIVDM,1,1,,A,B3a0sQ0tN05NqHWVJHqruRP000000,0*2B
2026-06-18T09:12:10.000Z $GPRMC,091210.00,A,5310.7551,N,00448.3850,E,8.0,217.6,180626,,,A*53
2026-06-18T09:12:10.000Z $IIHDG,218.8,,,,*4A
2026-06-18T09:12:10.000Z $IIMWV,228.5,T,10.4,N,A*03
2026-06-18T09:12:10.000Z $IIRPM,E,1,0,,A*66
2026-06-18T09:12:20.000Z $GPRMC,091220.00,A,5310.7808,N,00448.3594,E,8.0,218.3,180626,,,A*5E
2026-06-18T09:12:20.000Z $IIHDG,220.6,,,,*4F
2026-06-18T09:12:20.000Z $IIMWV,232.5,T,9.7,N,A*33
2026-06-18T09:12:20.000Z $IIRPM,E,1,0,,A*66
2026-06-18T09:12:30.000Z $GPRMC,091230.00,A,5310.7406,N,00448.3290,E,8.0,218.4,180626,,,A*59
2026-06-18T09:12:30.000Z $GPGGA,091230.00,5310.7406,N,00448.3290,E,1,9,0.9,0.0,M,0.0,M,,*67
2026-06-18T09:12:30.000Z $IIHDG,218.4,,,,*46
2026-06-18T09:12:30.000Z $IIMWV,229.8,T,9.4,N,A*37
2026-06-18T09:12:30.000Z $IIDBT,87.4,f,26.6,M,14.6,F*2B
2026-06-18T09:12:30.000Z $IIRPM,E,1,0,,A*66
2026-06-18T09:12:30.000Z $GPVTG,218.4,T,,M,8.0,N,14.8,K,A*37
2026-06-18T09:12:30.000Z !AIVDM,1,1,,A,B3a0sQ0tN05NmiWVJ8IruRP000000,0*5E
2026-06-18T09:12:40.000Z $GPRMC,091240.00,A,5310.7384,N,00448.3347,E,8.0,219.5,180626,,,A*58
2026-06-18T09:12:40.000Z $IIHDG,217.1,,,,*4C
2026-06-18T09:12:40.000Z $IIMWV,230.4,T,9.3,N,A*34
2026-06-18T09:12:40.000Z $IIRPM,E,1,0,,A*66
2026-06-18T09:12:50.000Z $GPRMC,091250.00,A,5310.7000,N,00448.2766,E,8.0,217.3,180626,,,A*58
2026-06-18T09:12:50.000Z $IIHDG,218.8,,,,*4A
2026-06-18T09:12:50.000Z $IIMWV,224.5,T,10.6,N,A*0D
2026-06-18T09:12:50.000Z $IIRPM,E,1,0,,A*66
2026-06-18T09:13:00.000Z $GPRMC,091300.00,A,5310.6813,N,00448.2851,E,8.0,218.4,180626,,,A*54
2026-06-18T09:13:00.000Z $GPGGA,091300.00,5310.6813,N,00448.2851,E,1,9,0.9,0.0,M,0.0,M,,*6A
2026-06-18T09:13:00.000Z $IIHDG,217.2,,,,*4F
2026-06-18T09:13:00.000Z $IIMWV,228.8,T,9.0,N,A*32
2026-06-18T09:13:00.000Z $IIDBT,86.8,f,26.5,M,14.5,F*26
2026-06-18T09:13:00.000Z $IIRPM,E,1,0,,A*66
2026-06-18T09:13:00.000Z $IIXDR,V,12.43,V,BATT*67
2026-06-18T09:13:00.000Z $GPVTG,218.4,T,,M,8.0,N,14.8,K,A*37
2026-06-18T09:13:00.000Z !AIVDM,1,1,,A,B3a0sQ0tN05NhE7VILeruRP000000,0*4C
2026-06-18T09:13:10.000Z $GPRMC,091310.00,A,5310.6974,N,00448.2675,E,8.0,218.9,180626,,,A*50
2026-06-18T09:13:10.000Z $IIHDG,220.0,,,,*49
2026-06-18T09:13:10.000Z $IIMWV,223.9,T,11.2,N,A*03
2026-06-18T09:13:10.000Z $IIRPM,E,1,0,,A*66
2026-06-18T09:13:20.000Z $GPRMC,091320.00,A,5310.6517,N,00448.2353,E,8.0,218.9,180626,,,A*5B
2026-06-18T09:13:20.000Z $IIHDG,217.2,,,,*4F
2026-06-18T09:13:20.000Z $IIMWV,224.4,T,9.0,N,A*32
2026-06-18T09:13:20.000Z $IIRPM,E,1,0,,A*66
2026-06-18T09:13:30.000Z $GPRMC,091330.00,A,5310.6205,N,00448.2131,E,8.0,217.3,180626,,,A*5D
2026-06-18T09:13:30.000Z $GPGGA,091330.00,5310.6205,N,00448.2131,E,1,10,0.9,0.0,M,0.0,M,,*53
2026-06-18T09:13:30.000Z $IIHDG,220.8,,,,*41
2026-06-18T09:13:30.000Z $IIMWV,229.0,T,9.0,N,A*3B
2026-06-18T09:13:30.000Z $IIDBT,87.1,f,26.5,M,14.5,F*2E
2026-06-18T09:13:30.000Z $IIRPM,E,1,0,,A*66
2026-06-18T09:13:30.000Z $GPVTG,217.3,T,,M,8.0,N,14.8,K,A*3F
2026-06-18T09:13:30.000Z !AIVDM,1,1,,A,B3a0sQ0tN05Ne7WVHn5ruRP000000,0*20
2026-06-18T09:13:40.000Z $GPRMC,091340.00,A,5310.6416,N,00448.1913,E,8.0,218.7,180626,,,A*5E
2026-06-18T09:13:40.000Z $IIHDG,218.7,,,,*45
2026-06-18T09:13:40.000Z $IIMWV,230.9,T,11.2,N,A*01
2026-06-18T09:13:40.000Z $IIRPM,E,1,0,,A*66
2026-06-18T09:13:50.000Z $GPRMC,091350.00,A,5310.6455,N,00448.1334,E,8.0,219.6,180626,,,A*57
2026-06-18T09:13:50.000Z $IIHDG,217.9,,,,*44
2026-06-18T09:13:50.000Z $IIMWV,230.5,T,11.0,N,A*0F
2026-06-18T09:13:50.000Z $IIRPM,E,1,0,,A*66
2026-06-18T09:14:00.000Z $GPRMC,091400.00,A,5310.5950,N,00448.1256,E,8.0,220.1,180626,,,A*56
2026-06-18T09:14:00.000Z $GPGGA,091400.00,5310.5950,N,00448.1256,E,1,10,0.9,0.0,M,0.0,M,,*5E
2026-06-18T09:14:00.000Z $IIHDG,221.1,,,,*49
2026-06-18T09:14:00.000Z $IIMWV,224.8,T,10.9,N,A*0F
2026-06-18T09:14:00.000Z $IIDBT,78.6,f,24.0,M,13.1,F*2D
2026-06-18T09:14:00.000Z $IIRPM,E,1,0,,A*66
2026-06-18T09:14:00.000Z $IIXDR,V,12.53,V,BATT*66
2026-06-18T09:14:00.000Z $GPVTG,220.1,T,,M,8.0,N,14.8,K,A*39
2026-06-18T09:14:00.000Z !AIVDM,1,1,,A,B3a0sQ0tN05NiDWVHberuRP000000,0*03
2026-06-18T09:14:10.000Z $GPRMC,091410.00,A,5310.6056,N,00448.0858,E,8.0,218.5,180626,,,A*51
2026-06-18T09:14:10.000Z $IIHDG,216.7,,,,*4B
2026-06-18T09:14:10.000Z $IIMWV,225.3,T,10.2,N,A*0E
2026-06-18T09:14:10.000Z $IIRPM,E,1,0,,A*66
2026-06-18T09:14:20.000Z $GPRMC,091420.00,A,5310.5626,N,00448.0753,E,8.0,217.5,180626,,,A*5B
2026-06-18T09:14:20.000Z $IIHDG,216.9,,,,*45
2026-06-18T09:14:20.000Z $IIMWV,228.0,T,9.2,N,A*38
2026-06-18T09:14:20.000Z $IIRPM,E,1,0,,A*66
2026-06-18T09:14:30.000Z $GPRMC,091430.00,A,5310.5462,N,00448.0845,E,8.0,218.6,180626,,,A*5C
2026-06-18T09:14:30.000Z $GPGGA,091430.00,5310.5462,N,00448.0845,E,1,9,0.9,0.0,M,0.0,M,,*60
2026-06-18T09:14:30.000Z $IIHDG,217.9,,,,*44
2026-06-18T09:14:30.000Z $IIMWV,229.7,T,10.1,N,A*05
2026-06-18T09:14:30.000Z $IIDBT,84.0,f,25.6,M,14.0,F*29
2026-06-18T09:14:30.000Z $IIRPM,E,1,0,,A*66
2026-06-18T09:14:30.000Z $GPVTG,218.6,T,,M,8.0,N,14.8,K,A*35
2026-06-18T09:14:30.000Z !AIVDM,1,1,,A,B3a0sQ0tN05Ne3WVH`uruRP000000,0*6A
2026-06-18T09:14:40.000Z $GPRMC,091440.00,A,5310.5441,N,00448.0148,E,8.0,218.6,180626,,,A*5E
2026-06-18T09:14:40.000Z $IIHDG,220.1,,,,*48
2026-06-18T09:14:40.000Z $IIMWV,229.6,T,9.0,N,A*3D
2026-06-18T09:14:40.000Z $IIRPM,E,1,0,,A*66
2026-06-18T09:14:50.000Z $GPRMC,091450.00,A,5310.4955,N,00447.9961,E,8.0,218.4,180626,,,A*51
2026-06-18T09:14:50.000Z $IIHDG,217.7,,,,*4A
2026-06-18T09:14:50.000Z $IIMWV,228.3,T,10.7,N,A*06
2026-06-18T09:14:50.000Z $IIRPM,E,1,0,,A*66
2026-06-18T09:15:00.000Z $GPRMC,091500.00,A,5310.4875,N,00448.0299,E,8.0,217.4,180626,,,A*53
2026-06-18T09:15:00.000Z $GPGGA,091500.00,5310.4875,N,00448.0299,E,1,11,0.9,0.0,M,0.0,M,,*5B
2026-06-18T09:15:00.000Z $IIHDG,217.1,,,,*4C
2026-06-18T09:15:00.000Z $IIMWV,225.8,T,10.6,N,A*01
2026-06-18T09:15:00.000Z $IIDBT,82.9,f,25.3,M,13.8,F*2C
2026-06-18T09:15:00.000Z $IIRPM,E,1,0,,A*66
2026-06-18T09:15:00.000Z $IIXDR,V,12.70,V,BATT*67
2026-06-18T09:15:00.000Z $IIMTA,17.9,C*0A
2026-06-18T09:15:00.000Z $GPVTG,217.4,T,,M,8.0,N,14.8,K,A*38
2026-06-18T09:15:00.000Z !AIVDM,1,1,,A,B3a0sQ0tN05Nc<WVGP5ruRP000000,0*1C
2026-06-18T09:15:10.000Z $GPRMC,091510.00,A,5310.4803,N,00447.9683,E,8.0,217.2,180626,,,A*5C
2026-06-18T09:15:10.000Z $IIHDG,216.5,,,,*49
2026-06-18T09:15:10.000Z $IIMWV,229.8,T,10.5,N,A*0E
2026-06-18T09:15:10.000Z $IIRPM,E,1,0,,A*66
2026-06-18T09:15:20.000Z $GPRMC,091520.00,A,5310.4475,N,00447.9617,E,8.0,217.4,180626,,,A*59
2026-06-18T09:15:20.000Z $IIHDG,216.2,,,,*4E
2026-06-18T09:15:20.000Z $IIMWV,232.1,T,10.6,N,A*0E
2026-06-18T09:15:20.000Z $IIRPM,E,1,0,,A*66
2026-06-18T09:15:30.000Z $GPRMC,091530.00,A,5310.4679,N,00447.9127,E,8.0,219.4,180626,,,A*5C
2026-06-18T09:15:30.000Z $GPGGA,091530.00,5310.4679,N,00447.9127,E,1,12,0.9,0.0,M,0.0,M,,*59
2026-06-18T09:15:30.000Z $IIHDG,219.5,,,,*46
2026-06-18T09:15:30.000Z $IIMWV,228.8,T,9.4,N,A*36
2026-06-18T09:15:30.000Z $IIDBT,81.8,f,24.9,M,13.6,F*2B
2026-06-18T09:15:30.000Z $IIRPM,E,1,0,,A*66
2026-06-18T09:15:30.000Z $GPVTG,219.4,T,,M,8.0,N,14.8,K,A*36
2026-06-18T09:15:30.000Z !AIVDM,1,1,,A,B3a0sQ0tN05NcH7VGTQruRP000000,0*68
2026-06-18T09:15:40.000Z $GPRMC,091540.00,A,5310.4566,N,00447.8852,E,8.0,217.5,180626,,,A*53
2026-06-18T09:15:40.000Z $IIHDG,216.3,,,,*4F
2026-06-18T09:15:40.000Z $IIMWV,232.8,T,10.4,N,A*05
2026-06-18T09:15:40.000Z $IIRPM,E,1,0,,A*66
2026-06-18T09:15:50.000Z $GPRMC,091550.00,A,5310.4183,N,00447.8595,E,8.0,219.7,180626,,,A*57
2026-06-18T09:15:50.000Z $IIHDG,218.2,,,,*40
2026-06-18T09:15:50.000Z $IIMWV,232.0,T,10.7,N,A*0E
2026-06-18T09:15:50.000Z $IIRPM,E,1,0,,A*66
2026-06-18T09:16:00.000Z $GPRMC,091600.00,A,5310.3882,N,00447.8558,E,8.0,219.9,180626,,,A*51
2026-06-18T09:16:00.000Z $GPGGA,091600.00,5310.3882,N,00447.8558,E,1,10,0.9,0.0,M,0.0,M,,*5B
2026-06-18T09:16:00.000Z $IIHDG,217.4,,,,*49
2026-06-18T09:16:00.000Z $IIMWV,230.0,T,10.6,N,A*0D
2026-06-18T09:16:00.000Z $IIDBT,85.8,f,26.2,M,14.3,F*24
2026-06-18T09:16:00.000Z $IIRPM,E,1,0,,A*66
2026-06-18T09:16:00.000Z $IIXDR,V,12.64,V,BATT*62
2026-06-18T09:16:00.000Z $GPVTG,219.9,T,,M,8.0,N,14.8,K,A*3B
2026-06-18T09:16:00.000Z !AIVDM,1,1,,A,B3a0sQ0tN05NT7WVFT5ruRP000000,0*25
2026-06-18T09:16:10.000Z $GPRMC,091610.00,A,5310.3809,N,00447.8681,E,8.0,217.8,180626,,,A*5B
2026-06-18T09:16:10.000Z $IIHDG,217.6,,,,*4B
2026-06-18T09:16:10.000Z $IIMWV,231.5,T,8.8,N,A*3E
2026-06-18T09:16:10.000Z $IIRPM,E,1,0,,A*66
2026-06-18T09:16:20.000Z $GPRMC,091620.00,A,5310.3782,N,00447.8070,E,8.0,219.4,180626,,,A*5E
2026-06-18T09:16:20.000Z $IIHDG,216.3,,,,*4F
2026-06-18T09:16:20.000Z $IIMWV,232.9,T,10.8,N,A*08
2026-06-18T09:16:20.000Z $IIRPM,E,1,0,,A*66
2026-06-18T09:16:30.000Z $GPRMC,091630.00,A,5310.3382,N,00447.8295,E,8.0,217.9,180626,,,A*51
2026-06-18T09:16:30.000Z $GPGGA,091630.00,5310.3382,N,00447.8295,E,1,11,0.9,0.0,M,0.0,M,,*54
2026-06-18T09:16:30.000Z $IIHDG,219.2,,,,*41
2026-06-18T09:16:30.000Z $IIMWV,229.6,T,8.6,N,A*3A
2026-06-18T09:16:30.000Z $IIDBT,83.3,f,25.4,M,13.9,F*21
2026-06-18T09:16:30.000Z $IIRPM,E,1,0,,A*66
2026-06-18T09:16:30.000Z $GPVTG,217.9,T,,M,8.0,N,14.8,K,A*35
2026-06-18T09:16:30.000Z !AIVDM,1,1,,A,B3a0sQ0tN05NNs7VFsmruRP000000,0*64
2026-06-18T09:16:40.000Z $GPRMC,091640.00,A,5310.3336,N,00447.7760,E,8.0,219.7,180626,,,A*59
2026-06-18T09:16:40.000Z $IIHDG,217.5,,,,*48
2026-06-18T09:16:40.000Z $IIMWV,224.7,T,11.4,N,A*0C
2026-06-18T09:16:40.000Z $IIRPM,E,1,0,,A*66
2026-06-18T09:16:50.000Z $GPRMC,091650.00,A,5310.3442,N,00447.7621,E,8.0,218.5,180626,,,A*5B
2026-06-18T09:16:50.000Z $IIHDG,218.5,,,,*47
2026-06-18T09:16:50.000Z $IIMWV,226.7,T,9.9,N,A*3A
2026-06-18T09:16:50.000Z $IIRPM,E,1,0,,A*66
2026-06-18T09:17:00.000Z $GPRMC,091700.00,A,5310.3184,N,00447.7261,E,8.0,219.6,180626,,,A*52
2026-06-18T09:17:00.000Z $GPGGA,091700.00,5310.3184,N,00447.7261,E,1,11,0.9,0.0,M,0.0,M,,*56
2026-06-18T09:17:00.000Z $IIHDG,217.4,,,,*49
2026-06-18T09:17:00.000Z $IIMWV,228.0,T,10.1,N,A*03
2026-06-18T09:17:00.000Z $IIDBT,86.6,f,26.4,M,14.4,F*28
2026-06-18T09:17:00.000Z $IIRPM,E,1,0,,A*66
2026-06-18T09:17:00.000Z $IIXDR,V,12.45,V,BATT*61
2026-06-18T09:17:00.000Z $GPVTG,219.6,T,,M,8.0,N,14.8,K,A*34
2026-06-18T09:17:00.000Z !AIVDM,1,1,,A,B3a0sQ0tN05NS4WVF7mruRP000000,0*1A
2026-06-18T09:17:10.000Z $GPRMC,091710.00,A,5310.2982,N,00447.7359,E,8.0,217.6,180626,,,A*58
2026-06-18T09:17:10.000Z $IIHDG,217.0,,,,*4D
2026-06-18T09:17:10.000Z $IIMWV,231.2,T,9.5,N,A*35
2026-06-18T09:17:10.000Z $IIRPM,E,1,0,,A*66
2026-06-18T09:17:20.000Z $GPRMC,091720.00,A,5310.2840,N,00447.6822,E,8.0,219.2,180626,,,A*58
2026-06-18T09:17:20.000Z $IIHDG,219.8,,,,*4B
2026-06-18T09:17:20.000Z $IIMWV,228.2,T,11.1,N,A*00
2026-06-18T09:17:20.000Z $IIRPM,E,1,0,,A*66
2026-06-18T09:17:30.000Z $GPRMC,091730.00,A,5310.2757,N,00447.6966,E,8.0,217.7,180626,,,A*5A
2026-06-18T09:17:30.000Z $GPGGA,091730.00,5310.2757,N,00447.6966,E,1,11,0.9,0.0,M,0.0,M,,*51
2026-06-18T09:17:30.000Z $IIHDG,218.8,,,,*4A
2026-06-18T09:17:30.000Z $IIMWV,229.7,T,10.3,N,A*07
2026-06-18T09:17:30.000Z $IIDBT,79.3,f,24.2,M,13.2,F*28
2026-06-18T09:17:30.000Z $IIRPM,E,1,0,,A*66
2026-06-18T09:17:30.000Z $GPVTG,217.7,T,,M,8.0,N,14.8,K,A*3B
2026-06-18T09:17:30.000Z !AIVDM,1,1,,A,B3a0sQ0tN05NKa7VEjIruRP000000,0*4D
2026-06-18T09:17:40.000Z $GPRMC,091740.00,A,5310.2318,N,00447.6697,E,8.0,219.2,180626,,,A*58
2026-06-18T09:17:40.000Z $IIHDG,218.3,,,,*41
2026-06-18T09:17:40.000Z $IIMWV,226.7,T,9.5,N,A*36
2026-06-18T09:17:40.000Z $IIRPM,E,1,0,,A*66
2026-06-18T09:17:50.000Z $GPRMC,091750.00,A,5310.2257,N,00447.6174,E,8.0,217.5,180626,,,A*50
2026-06-18T09:17:50.000Z $IIHDG,220.5,,,,*4C
2026-06-18T09:17:50.000Z $IIMWV,224.9,T,11.4,N,A*02
2026-06-18T09:17:50.000Z $IIRPM,E,1,0,,A*66
2026-06-18T09:18:00.000Z $GPRMC,091800.00,A,5310.1796,N,00447.6085,E,8.0,218.4,180626,,,A*50
2026-06-18T09:18:00.000Z $GPGGA,091800.00,5310.1796,N,00447.6085,E,1,11,0.9,0.0,M,0.0,M,,*57
2026-06-18T09:18:00.000Z $IIHDG,219.5,,,,*46
2026-06-18T09:18:00.000Z $IIMWV,224.4,T,8.8,N,A*3B
2026-06-18T09:18:00.000Z $IIDBT,84.4,f,25.7,M,14.1,F*2D
2026-06-18T09:18:00.000Z $IIRPM,E,1,0,,A*66
2026-06-18T09:18:00.000Z $IIXDR,V,12.58,V,BATT*6D
2026-06-18T09:18:00.000Z $GPVTG,218.4,T,,M,8.0,N,14.8,K,A*37
2026-06-18T09:18:00.000Z !AIVDM,1,1,,A,B3a0sQ0tN05NK97VDm9ruRP000000,0*63
2026-06-18T09:18:10.000Z $GPRMC,091810.00,A,5310.1975,N,00447.5586,E,8.0,218.9,180626,,,A*5A
2026-06-18T09:18:10.000Z $IIHDG,218.4,,,,*46
2026-06-18T09:18:10.000Z $IIMWV,232.0,T,10.4,N,A*0D
2026-06-18T09:18:10.000Z $IIRPM,E,1,0,,A*66
2026-06-18T09:18:20.000Z $GPRMC,091820.00,A,5310.1372,N,00447.5271,E,8.0,218.1,180626,,,A*53
2026-06-18T09:18:20.000Z $IIHDG,221.0,,,,*48
2026-06-18T09:18:20.000Z $IIMWV,227.1,T,9.9,N,A*3D
2026-06-18T09:18:20.000Z $IIRPM,E,1,0,,A*66
2026-06-18T09:18:30.000Z $GPRMC,091830.00,A,5310.1717,N,00447.5377,E,8.0,218.7,180626,,,A*54
2026-06-18T09:18:30.000Z $GPGGA,091830.00,5310.1717,N,00447.5377,E,1,11,0.9,0.0,M,0.0,M,,*50
2026-06-18T09:18:30.000Z $IIHDG,217.1,,,,*4C
2026-06-18T09:18:30.000Z $IIMWV,224.1,T,10.0,N,A*0F
2026-06-18T09:18:30.000Z $IIDBT,79.1,f,24.1,M,13.2,F*29
2026-06-18T09:18:30.000Z $IIRPM,E,1,0,,A*66
2026-06-18T09:18:30.000Z $GPVTG,218.7,T,,M,8.0,N,14.8,K,A*34
2026-06-18T09:18:30.000Z !AIVDM,1,1,,A,B3a0sQ0tN05NI27VD?9ruRP000000,0*38
2026-06-18T09:18:40.000Z $GPRMC,091840.00,A,5310.1217,N,00447.5217,E,8.0,219.5,180626,,,A*52
2026-06-18T09:18:40.000Z $IIHDG,218.8,,,,*4A
2026-06-18T09:18:40.000Z $IIMWV,228.8,T,8.8,N,A*3B
2026-06-18T09:18:40.000Z $IIRPM,E,1,0,,A*66
2026-06-18T09:18:50.000Z $GPRMC,091850.00,A,5310.1200,N,00447.4611,E,8.0,219.6,180626,,,A*55
2026-06-18T09:18:50.000Z $IIHDG,217.3,,,,*4E
2026-06-18T09:18:50.000Z $IIMWV,231.5,T,9.2,N,A*35
2026-06-18T09:18:50.000Z $IIRPM,E,1,0,,A*66
2026-06-18T09:19:00.000Z $GPRMC,091900.00,A,5310.0888,N,00447.4439,E,8.0,219.9,180626,,,A*5D
2026-06-18T09:19:00.000Z $GPGGA,091900.00,5310.0888,N,00447.4439,E,1,10,0.9,0.0,M,0.0,M,,*57
2026-06-18T09:19:00.000Z $IIHDG,220.6,,,,*4F
2026-06-18T09:19:00.000Z $IIMWV,233.5,T,10.0,N,A*0D
2026-06-18T09:19:00.000Z $IIDBT,83.8,f,25.6,M,14.0,F*26
2026-06-18T09:19:00.000Z $IIRPM,E,1,0,,A*66
2026-06-18T09:19:00.000Z $IIXDR,V,12.49,V,BATT*6D
2026-06-18T09:19:00.000Z $GPVTG,219.9,T,,M,8.0,N,14.8,K,A*3B
2026-06-18T09:19:00.000Z !AIVDM,1,1,,A,B3a0sQ0tN05NFDWVCr5ruRP000000,0*67
2026-06-18T09:19:10.000Z $GPRMC,091910.00,A,5310.0827,N,00447.4257,E,8.0,218.6,180626,,,A*59
2026-06-18T09:19:10.000Z $IIHDG,219.8,,,,*4B
2026-06-18T09:19:10.000Z $IIMWV,229.3,T,11.3,N,A*02
2026-06-18T09:19:10.000Z $IIRPM,E,1,0,,A*66
2026-06-18T09:19:20.000Z $GPRMC,091920.00,A,5310.0904,N,00447.4522,E,8.0,219.2,180626,,,A*5A
2026-06-18T09:19:20.000Z $IIHDG,217.4,,,,*49
2026-06-18T09:19:20.000Z $IIMWV,228.2,T,8.9,N,A*30
2026-06-18T09:19:20.000Z $IIRPM,E,1,0,,A*66
2026-06-18T09:19:30.000Z $GPRMC,091930.00,A,5310.0642,N,00447.4113,E,8.0,218.2,180626,,,A*51
2026-06-18T09:19:30.000Z $GPGGA,091930.00,5310.0642,N,00447.4113,E,1,11,0.9,0.0,M,0.0,M,,*50
2026-06-18T09:19:30.000Z $IIHDG,220.6,,,,*4F
2026-06-18T09:19:30.000Z $IIMWV,228.8,T,11.3,N,A*08
2026-06-18T09:19:30.000Z $IIDBT,87.7,f,26.7,M,14.6,F*29
2026-06-18T09:19:30.000Z $IIRPM,E,1,0,,A*66
2026-06-18T09:19:30.000Z $GPVTG,218.2,T,,M,8.0,N,14.8,K,A*31
2026-06-18T09:19:30.000Z !AIVDM,1,1,,A,B3a0sQ0tN05NF@WVC>5ruRP000000,0*2F
2026-06-18T09:19:40.000Z $GPRMC,091940.00,A,5310.0184,N,00447.3517,E,8.0,218.5,180626,,,A*5B
2026-06-18T09:19:40.000Z $IIHDG,218.3,,,,*41
2026-06-18T09:19:40.000Z $IIMWV,228.5,T,9.2,N,A*3D
2026-06-18T09:19:40.000Z $IIRPM,E,1,0,,A*66
2026-06-18T09:19:50.000Z $GPRMC,091950.00,A,5310.0045,N,00447.3495,E,8.0,217.9,180626,,,A*5E
2026-06-18T09:19:50.000Z $IIHDG,217.5,,,,*48
2026-06-18T09:19:50.000Z $IIMWV,230.4,T,10.5,N,A*0A
2026-06-18T09:19:50.000Z $IIRPM,E,1,0,,A*66
2026-06-18T09:20:00.000Z $GPRMC,092000.00,A,5309.9744,N,00447.3058,E,8.0,219.3,180626,,,A*57
2026-06-18T09:20:00.000Z $GPGGA,092000.00,5309.9744,N,00447.3058,E,1,10,0.9,0.0,M,0.0,M,,*57
2026-06-18T09:20:00.000Z $IIHDG,217.5,,,,*48
2026-06-18T09:20:00.000Z $IIMWV,230.0,T,11.0,N,A*0A
2026-06-18T09:20:00.000Z $IIDBT,85.9,f,26.2,M,14.3,F*25
2026-06-18T09:20:00.000Z $IIRPM,E,1,0,,A*66
2026-06-18T09:20:00.000Z $IIXDR,V,12.55,V,BATT*60
2026-06-18T09:20:00.000Z $IIMTA,18.1,C*0D
2026-06-18T09:20:00.000Z $GPVTG,219.3,T,,M,8.0,N,14.8,K,A*31
2026-06-18T09:20:00.000Z !AIVDM,1,1,,A,B3a0sQ0tN05NAlWVBU9ruRP000000,0*62
2026-06-18T09:20:10.000Z $GPRMC,092010.00,A,5309.9558,N,00447.3086,E,8.0,218.2,180626,,,A*5A
2026-06-18T09:20:10.000Z $IIHDG,217.8,,,,*45
2026-06-18T09:20:10.000Z $IIMWV,224.0,T,10.1,N,A*0F
2026-06-18T09:20:10.000Z $IIRPM,E,1,0,,A*66
2026-06-18T09:20:20.000Z $GPRMC,092020.00,A,5309.9627,N,00447.3106,E,8.0,218.3,180626,,,A*5A
2026-06-18T09:20:20.000Z $IIHDG,221.1,,,,*49
2026-06-18T09:20:20.000Z $IIMWV,232.0,T,9.3,N,A*32
2026-06-18T09:20:20.000Z $IIRPM,E,1,0,,A*66
2026-06-18T09:20:30.000Z $GPRMC,092030.00,A,5309.9497,N,00447.2587,E,8.0,218.0,180626,,,A*5D
2026-06-18T09:20:30.000Z $GPGGA,092030.00,5309.9497,N,00447.2587,E,1,8,0.9,0.0,M,0.0,M,,*66
2026-06-18T09:20:30.000Z $IIHDG,220.7,,,,*4E
2026-06-18T09:20:30.000Z $IIMWV,232.1,T,9.2,N,A*32
2026-06-18T09:20:30.000Z $IIDBT,78.3,f,23.9,M,13.1,F*26
2026-06-18T09:20:30.000Z $IIRPM,E,1,0,,A*66
2026-06-18T09:20:30.000Z $GPVTG,218.0,T,,M,8.0,N,14.8,K,A*33
2026-06-18T09:20:30.000Z !AIVDM,1,1,,A,B3a0sQ0tN05NCtWVBceruRP000000,0*12
2026-06-18T09:20:40.000Z $GPRMC,092040.00,A,5309.9442,N,00447.2243,E,8.0,218.7,180626,,,A*5A
2026-06-18T09:20:40.000Z $IIHDG,217.2,,,,*4F
2026-06-18T09:20:40.000Z $IIMWV,227.7,T,10.6,N,A*0C
2026-06-18T09:20:40.000Z $IIRPM,E,1,0,,A*66
2026-06-18T09:20:50.000Z $GPRMC,092050.00,A,5309.9074,N,00447.2506,E,8.0,217.4,180626,,,A*50
2026-06-18T09:20:50.000Z $IIHDG,218.9,,,,*4B
2026-06-18T09:20:50.000Z $IIMWV,224.5,T,10.4,N,A*0F
2026-06-18T09:20:50.000Z $IIRPM,E,1,0,,A*66
2026-06-18T09:21:00.000Z $GPRMC,092100.00,A,5309.9002,N,00447.1972,E,8.0,219.2,180626,,,A*51
2026-06-18T09:21:00.000Z $GPGGA,092100.00,5309.9002,N,00447.1972,E,1,12,0.9,0.0,M,0.0,M,,*52
2026-06-18T09:21:00.000Z $IIHDG,219.4,,,,*47
2026-06-18T09:21:00.000Z $IIMWV,229.7,T,9.4,N,A*38
2026-06-18T09:21:00.000Z $IIDBT,83.6,f,25.5,M,13.9,F*25
2026-06-18T09:21:00.000Z $IIRPM,E,1,0,,A*66
2026-06-18T09:21:00.000Z $IIXDR,V,12.44,V,BATT*60
2026-06-18T09:21:00.000Z $GPVTG,219.2,T,,M,8.0,N,14.8,K,A*30
2026-06-18T09:21:00.000Z !AIVDM,1,1,,A,B3a0sQ0tN05NFD7VAqmruRP000000,0*5E
2026-06-18T09:21:10.000Z $GPRMC,092110.00,A,5309.8815,N,00447.2004,E,8.0,217.3,180626,,,A*5B
2026-06-18T09:21:10.000Z $IIHDG,217.7,,,,*4A
2026-06-18T09:21:10.000Z $IIMWV,229.1,T,9.7,N,A*3D
2026-06-18T09:21:10.000Z $IIRPM,E,1,0,,A*66
2026-06-18T09:21:20.000Z $GPRMC,092120.00,A,5309.8565,N,00447.1727,E,8.0,218.5,180626,,,A*5E
2026-06-18T09:21:20.000Z $IIHDG,217.6,,,,*4B
2026-06-18T09:21:20.000Z $IIMWV,232.5,T,9.6,N,A*32
2026-06-18T09:21:20.000Z $IIRPM,E,1,0,,A*66
2026-06-18T09:21:30.000Z $GPRMC,092130.00,A,5309.8654,N,00447.1577,E,8.0,219.3,180626,,,A*5E
2026-06-18T09:21:30.000Z $GPGGA,092130.00,5309.8654,N,00447.1577,E,1,8,0.9,0.0,M,0.0,M,,*67
2026-06-18T09:21:30.000Z $IIHDG,218.3,,,,*41
2026-06-18T09:21:30.000Z $IIMWV,229.6,T,9.3,N,A*3E
2026-06-18T09:21:30.000Z $IIDBT,80.1,f,24.4,M,13.4,F*2C
2026-06-18T09:21:30.000Z $IIRPM,E,1,0,,A*66
2026-06-18T09:21:30.000Z $GPVTG,219.3,T,,M,8.0,N,14.8,K,A*31
2026-06-18T09:21:30.000Z !AIVDM,1,1,,A,B3a0sQ0tN05NB97VA==ruRP000000,0*3B
2026-06-18T09:21:40.000Z $GPRMC,092140.00,A,5309.8273,N,00447.1014,E,8.0,217.3,180626,,,A*56
2026-06-18T09:21:40.000Z $IIHDG,219.7,,,,*44
2026-06-18T09:21:40.000Z $IIMWV,233.0,T,11.2,N,A*0B
2026-06-18T09:21:40.000Z $IIRPM,E,1,0,,A*66
2026-06-18T09:21:50.000Z $GPRMC,092150.00,A,5309.8128,N,00447.0895,E,8.0,219.7,180626,,,A*50
2026-06-18T09:21:50.000Z $IIHDG,219.5,,,,*46
2026-06-18T09:21:50.000Z $IIMWV,228.5,T,10.5,N,A*02
2026-06-18T09:21:50.000Z $IIRPM,E,1,0,,A*66
2026-06-18T09:22:00.000Z $GPRMC,092200.00,A,5309.7869,N,00447.0875,E,8.0,220.2,180626,,,A*54
2026-06-18T09:22:00.000Z $GPGGA,092200.00,5309.7869,N,00447.0875,E,1,12,0.9,0.0,M,0.0,M,,*5D
2026-06-18T09:22:00.000Z $IIHDG,216.9,,,,*45
2026-06-18T09:22:00.000Z $IIMWV,226.2,T,9.0,N,A*36
2026-06-18T09:22:00.000Z $IIDBT,88.2,f,26.9,M,14.7,F*2C
2026-06-18T09:22:00.000Z $IIRPM,E,1,0,,A*66
2026-06-18T09:22:00.000Z $IIXDR,V,12.63,V,BATT*65
2026-06-18T09:22:00.000Z $GPVTG,220.2,T,,M,8.0,N,14.8,K,A*3A
2026-06-18T09:22:00.000Z !AIVDM,1,1,,A,B3a0sQ0tN05N?8WV@VmruRP000000,0*1D
2026-06-18T09:22:10.000Z $GPRMC,092210.00,A,5309.7727,N,00447.0489,E,8.0,218.6,180626,,,A*50
2026-06-18T09:22:10.000Z $IIHDG,219.4,,,,*47
2026-06-18T09:22:10.000Z $IIMWV,231.1,T,9.5,N,A*36
2026-06-18T09:22:10.000Z $IIRPM,E,1,0,,A*66
2026-06-18T09:22:20.000Z $GPRMC,092220.00,A,5309.7418,N,00447.0078,E,8.0,218.1,180626,,,A*51
2026-06-18T09:22:20.000Z $IIHDG,219.6,,,,*45
2026-06-18T09:22:20.000Z $IIMWV,229.4,T,9.6,N,A*39
2026-06-18T09:22:20.000Z $IIRPM,E,1,0,,A*66
2026-06-18T09:22:30.000Z $GPRMC,092230.00,A,5309.7436,N,00446.9840,E,8.0,219.0,180626,,,A*57
2026-06-18T09:22:30.000Z $GPGGA,092230.00,5309.7436,N,00446.9840,E,1,11,0.9,0.0,M,0.0,M,,*55
2026-06-18T09:22:30.000Z $IIHDG,219.4,,,,*47
2026-06-18T09:22:30.000Z $IIMWV,226.2,T,9.9,N,A*3F
2026-06-18T09:22:30.000Z $IIDBT,87.3,f,26.6,M,14.6,F*2C
2026-06-18T09:22:30.000Z $IIRPM,E,1,0,,A*66
2026-06-18T09:22:30.000Z $GPVTG,219.0,T,,M,8.0,N,14.8,K,A*32
2026-06-18T09:22:30.000Z !AIVDM,1,1,,A,B3a0sQ0tN05N<MWV@1MruRP000000,0*2C
2026-06-18T09:22:40.000Z $GPRMC,092240.00,A,5309.7413,N,00446.9736,E,8.0,218.3,180626,,,A*5B
2026-06-18T09:22:40.000Z $IIHDG,216.9,,,,*45
2026-06-18T09:22:40.000Z $IIMWV,233.0,T,11.0,N,A*09
2026-06-18T09:22:40.000Z $IIRPM,E,1,0,,A*66
2026-06-18T09:22:50.000Z $GPRMC,092250.00,A,5309.7401,N,00446.9271,E,8.0,217.2,180626,,,A*51
2026-06-18T09:22:50.000Z $IIHDG,216.3,,,,*4F
2026-06-18T09:22:50.000Z $IIMWV,223.9,T,10.1,N,A*01
2026-06-18T09:22:50.000Z $IIRPM,E,1,0,,A*66
2026-06-18T09:23:00.000Z $GPRMC,092300.00,A,5309.6888,N,00446.9322,E,8.0,219.4,180626,,,A*56
2026-06-18T09:23:00.000Z $GPGGA,092300.00,5309.6888,N,00446.9322,E,1,11,0.9,0.0,M,0.0,M,,*50
2026-06-18T09:23:00.000Z $IIHDG,216.8,,,,*44
2026-06-18T09:23:00.000Z $IIMWV,227.9,T,9.3,N,A*3F
2026-06-18T09:23:00.000Z $IIDBT,87.4,f,26.6,M,14.6,F*2B
2026-06-18T09:23:00.000Z $IIRPM,E,1,0,,A*66
2026-06-18T09:23:00.000Z $IIXDR,V,12.47,V,BATT*63
2026-06-18T09:23:00.000Z $GPVTG,219.4,T,,M,8.0,N,14.8,K,A*36
2026-06-18T09:23:00.000Z !AIVDM,1,1,,A,B3a0sQ0tN05N=O7V?bqruRP000000,0*5F
2026-06-18T09:23:10.000Z $GPRMC,092310.00,A,5309.6723,N,00446.9025,E,8.0,218.9,180626,,,A*51
2026-06-18T09:23:10.000Z $IIHDG,219.0,,,,*43
2026-06-18T09:23:10.000Z $IIMWV,229.6,T,10.0,N,A*05
2026-06-18T09:23:10.000Z $IIRPM,E,1,0,,A*66
2026-06-18T09:23:20.000Z $GPRMC,092320.00,A,5309.6460,N,00446.8962,E,8.0,220.0,180626,,,A*5F
2026-06-18T09:23:20.000Z $IIHDG,220.5,,,,*4C
2026-06-18T09:23:20.000Z $IIMWV,226.4,T,9.1,N,A*31
2026-06-18T09:23:20.000Z $IIRPM,E,1,0,,A*66
2026-06-18T09:23:30.000Z $GPRMC,092330.00,A,5309.6690,N,00446.8673,E,8.0,219.4,180626,,,A*52
2026-06-18T09:23:30.000Z $GPGGA,092330.00,5309.6690,N,00446.8673,E,1,9,0.9,0.0,M,0.0,M,,*6D
2026-06-18T09:23:30.000Z $IIHDG,219.9,,,,*4A
2026-06-18T09:23:30.000Z $IIMWV,229.3,T,9.4,N,A*3C
2026-06-18T09:23:30.000Z $IIDBT,87.6,f,26.7,M,14.6,F*28
2026-06-18T09:23:30.000Z $IIRPM,E,1,0,,A*66
2026-06-18T09:23:30.000Z $GPVTG,219.4,T,,M,8.0,N,14.8,K,A*36
2026-06-18T09:23:30.000Z !AIVDM,1,1,,A,B3a0sQ0tN05N8;WV?=eruRP000000,0*05
2026-06-18T09:23:40.000Z $GPRMC,092340.00,A,5309.6484,N,00446.8698,E,8.0,220.0,180626,,,A*59
2026-06-18T09:23:40.000Z $IIHDG,219.1,,,,*42
2026-06-18T09:23:40.000Z $IIMWV,229.3,T,9.8,N,A*30
2026-06-18T09:23:40.000Z $IIRPM,E,1,0,,A*66
2026-06-18T09:23:50.000Z $GPRMC,092350.00,A,5309.6002,N,00446.7942,E,8.0,217.3,180626,,,A*52
2026-06-18T09:23:50.000Z $IIHDG,220.4,,,,*4D
2026-06-18T09:23:50.000Z $IIMWV,230.9,T,11.1,N,A*02
2026-06-18T09:23:50.000Z $IIRPM,E,1,0,,A*66
2026-06-18T09:24:00.000Z $GPRMC,092400.00,A,5309.5956,N,00446.8162,E,8.0,217.7,180626,,,A*5A
2026-06-18T09:24:00.000Z $GPGGA,092400.00,5309.5956,N,00446.8162,E,1,12,0.9,0.0,M,0.0,M,,*52
2026-06-18T09:24:00.000Z $IIHDG,219.7,,,,*44
2026-06-18T09:24:00.000Z $IIMWV,225.6,T,9.7,N,A*36
2026-06-18T09:24:00.000Z $IIDBT,83.6,f,25.5,M,13.9,F*25
2026-06-18T09:24:00.000Z $IIRPM,E,1,0,,A*66
2026-06-18T09:24:00.000Z $IIXDR,V,12.45,V,BATT*61
2026-06-18T09:24:00.000Z $GPVTG,217.7,T,,M,8.0,N,14.8,K,A*3B
2026-06-18T09:24:00.000Z !AIVDM,1,1,,A,B3a0sQ0tN05N4e7V?K5ruRP000000,0*11
2026-06-18T09:24:10.000Z $GPRMC,092410.00,A,5309.6026,N,00446.7781,E,8.0,219.0,180626,,,A*5B
2026-06-18T09:24:10.000Z $IIHDG,220.9,,,,*40
2026-06-18T09:24:10.000Z $IIMWV,226.3,T,11.1,N,A*0F
2026-06-18T09:24:10.000Z $IIRPM,E,1,0,,A*66
2026-06-18T09:24:20.000Z $GPRMC,092420.00,A,5309.5447,N,00446.7684,E,8.0,217.8,180626,,,A*5A
2026-06-18T09:24:20.000Z $IIHDG,218.2,,,,*40
2026-06-18T09:24:20.000Z $IIMWV,223.8,T,10.5,N,A*04
2026-06-18T09:24:20.000Z $IIRPM,E,1,0,,A*66
2026-06-18T09:24:30.000Z $GPRMC,092430.00,A,5309.5764,N,00446.7240,E,8.0,218.5,180626,,,A*57
2026-06-18T09:24:30.000Z $GPGGA,092430.00,5309.5764,N,00446.7240,E,1,8,0.9,0.0,M,0.0,M,,*69
2026-06-18T09:24:30.000Z $IIHDG,219.8,,,,*4B
2026-06-18T09:24:30.000Z $IIMWV,232.6,T,11.1,N,A*0F
2026-06-18T09:24:30.000Z $IIDBT,80.2,f,24.4,M,13.4,F*2F
2026-06-18T09:24:30.000Z $IIRPM,E,1,0,,A*66
2026-06-18T09:24:30.000Z $GPVTG,218.5,T,,M,8.0,N,14.8,K,A*36
2026-06-18T09:24:30.000Z !AIVDM,1,1,,A,B3a0sQ0tN05Mwq7V>U5ruRP000000,0*5A
2026-06-18T09:24:40.000Z $GPRMC,092440.00,A,5309.5263,N,00446.7341,E,8.0,217.9,180626,,,A*51
2026-06-18T09:24:40.000Z $IIHDG,218.6,,,,*44
2026-06-18T09:24:40.000Z $IIMWV,230.0,T,9.1,N,A*32
2026-06-18T09:24:40.000Z $IIRPM,E,1,0,,A*66
2026-06-18T09:24:50.000Z $GPRMC,092450.00,A,5309.5207,N,00446.7070,E,8.0,217.6,180626,,,A*5C
2026-06-18T09:24:50.000Z $IIHDG,218.4,,,,*46
2026-06-18T09:24:50.000Z $IIMWV,230.1,T,9.0,N,A*32
2026-06-18T09:24:50.000Z $IIRPM,E,1,0,,A*66
2026-06-18T09:25:00.000Z $GPRMC,092500.00,A,5309.4956,N,00446.6674,E,8.0,217.7,180626,,,A*54
2026-06-18T09:25:00.000Z $GPGGA,092500.00,5309.4956,N,00446.6674,E,1,11,0.9,0.0,M,0.0,M,,*5F
2026-06-18T09:25:00.000Z $IIHDG,220.1,,,,*48
2026-06-18T09:25:00.000Z $IIMWV,231.7,T,8.8,N,A*3C
2026-06-18T09:25:00.000Z $IIDBT,87.0,f,26.5,M,14.5,F*2F
2026-06-18T09:25:00.000Z $IIRPM,E,1,0,,A*66
2026-06-18T09:25:00.000Z $IIXDR,V,12.53,V,BATT*66
2026-06-18T09:25:00.000Z $IIMTA,18.2,C*0E
2026-06-18T09:25:00.000Z $GPVTG,217.7,T,,M,8.0,N,14.8,K,A*3B
2026-06-18T09:25:00.000Z !AIVDM,1,1,,A,B3a0sQ0tN05Mv>7V=jUruRP000000,0*48
2026-06-18T09:25:10.000Z $GPRMC,092510.00,A,5309.4981,N,00446.6404,E,8.0,217.5,180626,,,A*58
2026-06-18T09:25:10.000Z $IIHDG,216.5,,,,*49
2026-06-18T09:25:10.000Z $IIMWV,233.6,T,10.7,N,A*09
2026-06-18T09:25:10.000Z $IIRPM,E,1,0,,A*66
2026-06-18T09:25:20.000Z $GPRMC,092520.00,A,5309.4754,N,00446.6318,E,8.0,218.8,180626,,,A*55
2026-06-18T09:25:20.000Z $IIHDG,220.0,,,,*49
2026-06-18T09:25:20.000Z $IIMWV,226.3,T,10.9,N,A*06
2026-06-18T09:25:20.000Z $IIRPM,E,1,0,,A*66
2026-06-18T09:25:30.000Z $GPRMC,092530.00,A,5309.4247,N,00446.6117,E,8.0,218.6,180626,,,A*50
2026-06-18T09:25:30.000Z $GPGGA,092530.00,5309.4247,N,00446.6117,E,1,8,0.9,0.0,M,0.0,M,,*6D
2026-06-18T09:25:30.000Z $IIHDG,216.7,,,,*4B
2026-06-18T09:25:30.000Z $IIMWV,225.2,T,10.8,N,A*05
2026-06-18T09:25:30.000Z $IIDBT,83.0,f,25.3,M,13.8,F*24
2026-06-18T09:25:30.000Z $IIRPM,E,1,0,,A*66
2026-06-18T09:25:30.000Z $GPVTG,218.6,T,,M,8.0,N,14.8,K,A*35
2026-06-18T09:25:30.000Z !AIVDM,1,1,,A,B3a0sQ0tN05N4uWV=FAruRP000000,0*1A
2026-06-18T09:25:40.000Z $GPRMC,092540.00,A,5309.4078,N,00446.5675,E,8.0,217.3,180626,,,A*53
2026-06-18T09:25:40.000Z $IIHDG,218.8,,,,*4A
2026-06-18T09:25:40.000Z $IIMWV,230.1,T,10.8,N,A*02
2026-06-18T09:25:40.000Z $IIRPM,E,1,0,,A*66
2026-06-18T09:25:50.000Z $GPRMC,092550.00,A,5309.4045,N,00446.5479,E,8.0,217.4,180626,,,A*55
2026-06-18T09:25:50.000Z $IIHDG,217.8,,,,*45
2026-06-18T09:25:50.000Z $IIMWV,226.3,T,10.9,N,A*06
2026-06-18T09:25:50.000Z $IIRPM,E,1,0,,A*66
2026-06-18T09:26:00.000Z $GPRMC,092600.00,A,5309.4006,N,00446.5357,E,8.0,218.0,180626,,,A*54
2026-06-18T09:26:00.000Z $GPGGA,092600.00,5309.4006,N,00446.5357,E,1,9,0.9,0.0,M,0.0,M,,*6E
2026-06-18T09:26:00.000Z $IIHDG,218.2,,,,*40
2026-06-18T09:26:00.000Z $IIMWV,227.6,T,9.2,N,A*31
2026-06-18T09:26:00.000Z $IIDBT,82.8,f,25.2,M,13.8,F*2C
2026-06-18T09:26:00.000Z $IIRPM,E,1,0,,A*66
2026-06-18T09:26:00.000Z $IIXDR,V,12.42,V,BATT*66
2026-06-18T09:26:00.000Z $GPVTG,218.0,T,,M,8.0,N,14.8,K,A*33
2026-06-18T09:26:00.000Z !AIVDM,1,1,,A,B3a0sQ0tN05N1Q7V=S9ruRP000000,0*36
2026-06-18T09:26:10.000Z $GPRMC,092610.00,A,5309.3981,N,00446.5386,E,8.0,218.1,180626,,,A*59
2026-06-18T09:26:10.000Z $IIHDG,221.1,,,,*49
2026-06-18T09:26:10.000Z $IIMWV,231.0,T,10.8,N,A*02
2026-06-18T09:26:10.000Z $IIRPM,E,1,0,,A*66
2026-06-18T09:26:20.000Z $GPRMC,092620.00,A,5309.3477,N,00446.5059,E,8.0,218.9,180626,,,A*57
2026-06-18T09:26:20.000Z $IIHDG,216.8,,,,*44
2026-06-18T09:26:20.000Z $IIMWV,230.0,T,8.9,N,A*3B
2026-06-18T09:26:20.000Z $IIRPM,E,1,0,,A*66
2026-06-18T09:26:30.000Z $GPRMC,092630.00,A,5309.3375,N,00446.4948,E,8.0,218.9,180626,,,A*5B
2026-06-18T09:26:30.000Z $GPGGA,092630.00,5309.3375,N,00446.4948,E,1,10,0.9,0.0,M,0.0,M,,*50
2026-06-18T09:26:30.000Z $IIHDG,217.5,,,,*48
2026-06-18T09:26:30.000Z $IIMWV,226.7,T,9.0,N,A*33
2026-06-18T09:26:30.000Z $IIDBT,85.8,f,26.2,M,14.3,F*24
2026-06-18T09:26:30.000Z $IIRPM,E,1,0,,A*66
2026-06-18T09:26:30.000Z $GPVTG,218.9,T,,M,8.0,N,14.8,K,A*3A
2026-06-18T09:26:30.000Z !AIVDM,1,1,,A,B3a0sQ0tN05N047V<WMruRP000000,0*23
2026-06-18T09:26:40.000Z $GPRMC,092640.00,A,5309.3085,N,00446.4342,E,8.0,218.1,180626,,,A*58
2026-06-18T09:26:40.000Z $IIHDG,219.7,,,,*44
2026-06-18T09:26:40.000Z $IIMWV,224.1,T,9.5,N,A*32
2026-06-18T09:26:40.000Z $IIRPM,E,1,0,,A*66
2026-06-18T09:26:50.000Z $GPRMC,092650.00,A,5309.3237,N,00446.4199,E,8.0,218.6,180626,,,A*51
2026-06-18T09:26:50.000Z $IIHDG,220.5,,,,*4C
2026-06-18T09:26:50.000Z $IIMWV,228.4,T,9.4,N,A*3A
2026-06-18T09:26:50.000Z $IIRPM,E,1,0,,A*66
2026-06-18T09:27:00.000Z $GPRMC,092700.00,A,5309.3152,N,00446.4243,E,8.0,219.6,180626,,,A*50
2026-06-18T09:27:00.000Z $GPGGA,092700.00,5309.3152,N,00446.4243,E,1,11,0.9,0.0,M,0.0,M,,*54
2026-06-18T09:27:00.000Z $IIHDG,221.1,,,,*49
2026-06-18T09:27:00.000Z $IIMWV,232.8,T,9.4,N,A*3D
2026-06-18T09:27:00.000Z $IIDBT,88.3,f,26.9,M,14.7,F*2D
2026-06-18T09:27:00.000Z $IIRPM,E,1,0,,A*66
2026-06-18T09:27:00.000Z $IIXDR,V,12.43,V,BATT*67
2026-06-18T09:27:00.000Z $GPVTG,219.6,T,,M,8.0,N,14.8,K,A*34
2026-06-18T09:27:00.000Z !AIVDM,1,1,,A,B3a0sQ0tN05Mq9WV;sAruRP000000,0*23
2026-06-18T09:27:10.000Z $GPRMC,092710.00,A,5309.2849,N,00446.3666,E,8.0,217.4,180626,,,A*5B
2026-06-18T09:27:10.000Z $IIHDG,219.1,,,,*42
2026-06-18T09:27:10.000Z $IIMWV,231.9,T,11.4,N,A*06
2026-06-18T09:27:10.000Z $IIRPM,E,1,0,,A*66
2026-06-18T09:27:20.000Z $GPRMC,092720.00,A,5309.2526,N,00446.3611,E,8.0,219.1,180626,,,A*57
2026-06-18T09:27:20.000Z $IIHDG,219.8,,,,*4B
2026-06-18T09:27:20.000Z $IIMWV,224.1,T,10.0,N,A*0F
2026-06-18T09:27:20.000Z $IIRPM,E,1,0,,A*66
2026-06-18T09:27:30.000Z $GPRMC,092730.00,A,5309.2715,N,00446.3050,E,8.0,217.8,180626,,,A*50
2026-06-18T09:27:30.000Z $GPGGA,092730.00,5309.2715,N,00446.3050,E,1,12,0.9,0.0,M,0.0,M,,*57
2026-06-18T09:27:30.000Z $IIHDG,217.4,,,,*49
2026-06-18T09:27:30.000Z $IIMWV,230.9,T,8.7,N,A*3C
2026-06-18T09:27:30.000Z $IIDBT,84.0,f,25.6,M,14.0,F*29
2026-06-18T09:27:30.000Z $IIRPM,E,1,0,,A*66
2026-06-18T09:27:30.000Z $GPVTG,217.8,T,,M,8.0,N,14.8,K,A*34
2026-06-18T09:27:30.000Z !AIVDM,1,1,,A,B3a0sQ0tN05MtNWV;A=ruRP000000,0*1F
2026-06-18T09:27:40.000Z $GPRMC,092740.00,A,5309.2120,N,00446.3051,E,8.0,217.5,180626,,,A*5B
2026-06-18T09:27:40.000Z $IIHDG,216.3,,,,*4F
2026-06-18T09:27:40.000Z $IIMWV,230.6,T,9.3,N,A*36
2026-06-18T09:27:40.000Z $IIRPM,E,1,0,,A*66
2026-06-18T09:27:50.000Z $GPRMC,092750.00,A,5309.2383,N,00446.2799,E,8.0,218.6,180626,,,A*5F
2026-06-18T09:27:50.000Z $IIHDG,221.0,,,,*48
2026-06-18T09:27:50.000Z $IIMWV,224.9,T,9.3,N,A*3C
2026-06-18T09:27:50.000Z $IIRPM,E,1,0,,A*66
2026-06-18T09:28:00.000Z $GPRMC,092800.00,A,5309.2220,N,00446.2554,E,8.0,218.7,180626,,,A*5F
2026-06-18T09:28:00.000Z $GPGGA,092800.00,5309.2220,N,00446.2554,E,1,9,0.9,0.0,M,0.0,M,,*62
2026-06-18T09:28:00.000Z $IIHDG,219.5,,,,*46
2026-06-18T09:28:00.000Z $IIMWV,228.0,T,9.3,N,A*39
2026-06-18T09:28:00.000Z $IIDBT,83.7,f,25.5,M,14.0,F*2A
2026-06-18T09:28:00.000Z $IIRPM,E,1,0,,A*66
2026-06-18T09:28:00.000Z $IIXDR,V,12.49,V,BATT*6D
2026-06-18T09:28:00.000Z $GPVTG,218.7,T,,M,8.0,N,14.8,K,A*34
2026-06-18T09:28:00.000Z !AIVDM,1,1,,A,B3a0sQ0tN05MjiWV;55ruRP000000,0*5A
2026-06-18T09:28:10.000Z $GPRMC,092810.00,A,5309.1886,N,00446.2590,E,8.0,218.5,180626,,,A*51
2026-06-18T09:28:10.000Z $IIHDG,220.5,,,,*4C
2026-06-18T09:28:10.000Z $IIMWV,230.7,T,9.6,N,A*32
2026-06-18T09:28:10.000Z $IIRPM,E,1,0,,A*66
2026-06-18T09:28:20.000Z $GPRMC,092820.00,A,5309.1633,N,00446.2419,E,8.0,220.1,180626,,,A*5D
2026-06-18T09:28:20.000Z $IIHDG,220.0,,,,*49
2026-06-18T09:28:20.000Z $IIMWV,230.3,T,9.5,N,A*35
2026-06-18T09:28:20.000Z $IIRPM,E,1,0,,A*66
2026-06-18T09:28:30.000Z $GPRMC,092830.00,A,5309.1256,N,00446.1771,E,8.0,218.5,180626,,,A*5A
2026-06-18T09:28:30.000Z $GPGGA,092830.00,5309.1256,N,00446.1771,E,1,12,0.9,0.0,M,0.0,M,,*5F
2026-06-18T09:28:30.000Z $IIHDG,218.9,,,,*4B
2026-06-18T09:28:30.000Z $IIMWV,229.9,T,9.8,N,A*3A
2026-06-18T09:28:30.000Z $IIDBT,79.8,f,24.3,M,13.3,F*23
2026-06-18T09:28:30.000Z $IIRPM,E,1,0,,A*66
2026-06-18T09:28:30.000Z $GPVTG,218.5,T,,M,8.0,N,14.8,K,A*36
2026-06-18T09:28:30.000Z !AIVDM,1,1,,A,B3a0sQ0tN05Mmn7V:aIruRP000000,0*13
2026-06-18T09:28:40.000Z $GPRMC,092840.00,A,5309.1571,N,00446.1835,E,8.0,219.1,180626,,,A*55
2026-06-18T09:28:40.000Z $IIHDG,218.8,,,,*4A
2026-06-18T09:28:40.000Z $IIMWV,224.2,T,10.4,N,A*08
2026-06-18T09:28:40.000Z $IIRPM,E,1,0,,A*66
2026-06-18T09:28:50.000Z $GPRMC,092850.00,A,5309.1156,N,00446.1507,E,8.0,217.4,180626,,,A*52
2026-06-18T09:28:50.000Z $IIHDG,220.1,,,,*48
2026-06-18T09:28:50.000Z $IIMWV,232.4,T,9.7,N,A*32
2026-06-18T09:28:50.000Z $IIRPM,E,1,0,,A*66
2026-06-18T09:29:00.000Z $GPRMC,092900.00,A,5309.1203,N,00446.1104,E,8.0,219.6,180626,,,A*5E
2026-06-18T09:29:00.000Z $GPGGA,092900.00,5309.1203,N,00446.1104,E,1,11,0.9,0.0,M,0.0,M,,*5A
2026-06-18T09:29:00.000Z $IIHDG,217.5,,,,*48
2026-06-18T09:29:00.000Z $IIMWV,223.9,T,11.0,N,A*01
2026-06-18T09:29:00.000Z $IIDBT,83.3,f,25.4,M,13.9,F*21
2026-06-18T09:29:00.000Z $IIRPM,E,1,0,,A*66
2026-06-18T09:29:00.000Z $IIXDR,V,12.45,V,BATT*61
2026-06-18T09:29:00.000Z $GPVTG,219.6,T,,M,8.0,N,14.8,K,A*34
2026-06-18T09:29:00.000Z !AIVDM,1,1,,A,B3a0sQ0tN05Mjn7V:i5ruRP000000,0*60
2026-06-18T09:29:10.000Z $GPRMC,092910.00,A,5309.0960,N,00446.0970,E,8.0,218.8,180626,,,A*55
2026-06-18T09:29:10.000Z $IIHDG,216.4,,,,*48
2026-06-18T09:29:10.000Z $IIMWV,226.5,T,10.5,N,A*0C
2026-06-18T09:29:10.000Z $IIRPM,E,1,0,,A*66
2026-06-18T09:29:20.000Z $GPRMC,092920.00,A,5309.0793,N,00446.0852,E,8.0,217.6,180626,,,A*54
2026-06-18T09:29:20.000Z $IIHDG,216.5,,,,*49
2026-06-18T09:29:20.000Z $IIMWV,231.0,T,10.3,N,A*09
2026-06-18T09:29:20.000Z $IIRPM,E,1,0,,A*66
2026-06-18T09:29:30.000Z $GPRMC,092930.00,A,5309.0232,N,00446.0587,E,8.0,219.7,180626,,,A*51
2026-06-18T09:29:30.000Z $GPGGA,092930.00,5309.0232,N,00446.0587,E,1,12,0.9,0.0,M,0.0,M,,*57
2026-06-18T09:29:30.000Z $IIHDG,219.5,,,,*46
2026-06-18T09:29:30.000Z $IIMWV,229.8,T,9.4,N,A*37
2026-06-18T09:29:30.000Z $IIDBT,82.9,f,25.3,M,13.8,F*2C
2026-06-18T09:29:30.000Z $IIRPM,E,1,0,,A*66
2026-06-18T09:29:30.000Z $GPVTG,219.7,T,,M,8.0,N,14.8,K,A*35
2026-06-18T09:29:30.000Z !AIVDM,1,1,,A,B3a0sQ0tN05MgwWV9`5ruRP000000,0*1E
2026-06-18T09:29:40.000Z $GPRMC,092940.00,A,5309.0158,N,00446.0406,E,8.0,220.0,180626,,,A*5C
2026-06-18T09:29:40.000Z $IIHDG,218.7,,,,*45
2026-06-18T09:29:40.000Z $IIMWV,225.8,T,9.6,N,A*39
2026-06-18T09:29:40.000Z $IIRPM,E,1,0,,A*66
2026-06-18T09:29:50.000Z $GPRMC,092950.00,A,5308.9976,N,00446.0138,E,8.0,220.1,180626,,,A*58
2026-06-18T09:29:50.000Z $IIHDG,220.5,,,,*4C
2026-06-18T09:29:50.000Z $IIMWV,228.6,T,10.3,N,A*07
2026-06-18T09:29:50.000Z $IIRPM,E,1,0,,A*66
2026-06-18T09:30:00.000Z $GPRMC,093000.00,A,5308.9748,N,00445.9923,E,8.0,220.1,180626,,,A*5E
2026-06-18T09:30:00.000Z $GPGGA,093000.00,5308.9748,N,00445.9923,E,1,8,0.9,0.0,M,0.0,M,,*6F
2026-06-18T09:30:00.000Z $IIHDG,218.5,,,,*47
2026-06-18T09:30:00.000Z $IIMWV,231.7,T,10.5,N,A*08
2026-06-18T09:30:00.000Z $IIDBT,87.1,f,26.5,M,14.5,F*2E
2026-06-18T09:30:00.000Z $IIRPM,E,1,0,,A*66
2026-06-18T09:30:00.000Z $IIXDR,V,12.53,V,BATT*66
2026-06-18T09:30:00.000Z $IIMTA,18.5,C*09
2026-06-18T09:30:00.000Z $GPVTG,220.1,T,,M,8.0,N,14.8,K,A*39
2026-06-18T09:30:00.000Z !AIVDM,1,1,,A,B3a0sQ0tN05MdG7V9<QruRP000000,0*75
2026-06-18T09:30:10.000Z $GPRMC,093010.00,A,5308.9973,N,00446.0038,E,8.0,217.5,180626,,,A*50
2026-06-18T09:30:10.000Z $IIHDG,217.1,,,,*4C
2026-06-18T09:30:10.000Z $IIMWV,229.7,T,11.0,N,A*05
2026-06-18T09:30:10.000Z $IIRPM,E,1,0,,A*66
2026-06-18T09:30:20.000Z $GPRMC,093020.00,A,5308.9740,N,00445.9840,E,8.0,217.3,180626,,,A*56
2026-06-18T09:30:20.000Z $IIHDG,216.5,,,,*49
2026-06-18T09:30:20.000Z $IIMWV,227.4,T,10.3,N,A*0A
2026-06-18T09:30:20.000Z $IIRPM,E,1,0,,A*66
2026-06-18T09:30:30.000Z $GPRMC,093030.00,A,5308.9313,N,00445.9041,E,8.0,220.1,180626,,,A*5A
2026-06-18T09:30:30.000Z $GPGGA,093030.00,5308.9313,N,00445.9041,E,1,8,0.9,0.0,M,0.0,M,,*6B
2026-06-18T09:30:30.000Z $IIHDG,220.7,,,,*4E
2026-06-18T09:30:30.000Z $IIMWV,230.2,T,10.4,N,A*0D
2026-06-18T09:30:30.000Z $IIDBT,81.9,f,24.9,M,13.6,F*2A
2026-06-18T09:30:30.000Z $IIRPM,E,1,0,,A*66
2026-06-18T09:30:30.000Z $GPVTG,220.1,T,,M,8.0,N,14.8,K,A*39
2026-06-18T09:30:30.000Z !AIVDM,1,1,,A,B3a0sQ0tN05MaF7V8C9ruRP000000,0*67
2026-06-18T09:30:40.000Z $GPRMC,093040.00,A,5308.9602,N,00445.9409,E,8.0,218.8,180626,,,A*52
2026-06-18T09:30:40.000Z $IIHDG,217.7,,,,*4A
2026-06-18T09:30:40.000Z $IIMWV,232.0,T,10.6,N,A*0F
2026-06-18T09:30:40.000Z $IIRPM,E,1,0,,A*66
2026-06-18T09:30:50.000Z $GPRMC,093050.00,A,5308.9352,N,00445.8973,E,8.0,219.3,180626,,,A*58
2026-06-18T09:30:50.000Z $IIHDG,221.1,,,,*49
2026-06-18T09:30:50.000Z $IIMWV,227.2,T,8.6,N,A*30
2026-06-18T09:30:50.000Z $IIRPM,E,1,0,,A*66
2026-06-18T09:31:00.000Z $GPRMC,093100.00,A,5308.8910,N,00445.8424,E,8.0,218.3,180626,,,A*5F
2026-06-18T09:31:00.000Z $GPGGA,093100.00,5308.8910,N,00445.8424,E,1,11,0.9,0.0,M,0.0,M,,*5F
2026-06-18T09:31:00.000Z $IIHDG,217.9,,,,*44
2026-06-18T09:31:00.000Z $IIMWV,228.5,T,8.7,N,A*39
2026-06-18T09:31:00.000Z $IIDBT,83.4,f,25.4,M,13.9,F*26
2026-06-18T09:31:00.000Z $IIRPM,E,1,0,,A*66
2026-06-18T09:31:00.000Z $IIXDR,V,12.48,V,BATT*6C
2026-06-18T09:31:00.000Z $GPVTG,218.3,T,,M,8.0,N,14.8,K,A*30
2026-06-18T09:31:00.000Z !AIVDM,1,1,,A,B3a0sQ0tN05MaOWV8=UruRP000000,0*1C
2026-06-18T09:31:10.000Z $GPRMC,093110.00,A,5308.9067,N,00445.8395,E,8.0,218.6,180626,,,A*5E
2026-06-18T09:31:10.000Z $IIHDG,217.7,,,,*4A
2026-06-18T09:31:10.000Z $IIMWV,229.5,T,9.7,N,A*39
2026-06-18T09:31:10.000Z $IIRPM,E,1,0,,A*66
2026-06-18T09:31:20.000Z $GPRMC,093120.00,A,5308.8787,N,00445.8301,E,8.0,219.9,180626,,,A*56
2026-06-18T09:31:20.000Z $IIHDG,220.0,,,,*49
2026-06-18T09:31:20.000Z $IIMWV,230.8,T,11.2,N,A*00
2026-06-18T09:31:20.000Z $IIRPM,E,1,0,,A*66
2026-06-18T09:31:30.000Z $GPRMC,093130.00,A,5308.8514,N,00445.7957,E,8.0,218.6,180626,,,A*57
2026-06-18T09:31:30.000Z $GPGGA,093130.00,5308.8514,N,00445.7957,E,1,10,0.9,0.0,M,0.0,M,,*53
2026-06-18T09:31:30.000Z $IIHDG,220.7,,,,*4E
2026-06-18T09:31:30.000Z $IIMWV,230.6,T,9.5,N,A*30
2026-06-18T09:31:30.000Z $IIDBT,87.1,f,26.5,M,14.5,F*2E
2026-06-18T09:31:30.000Z $IIRPM,E,1,0,,A*66
2026-06-18T09:31:30.000Z $GPVTG,218.6,T,,M,8.0,N,14.8,K,A*35
2026-06-18T09:31:30.000Z !AIVDM,1,1,,A,B3a0sQ0tN05Md=WV7jQruRP000000,0*37
2026-06-18T09:31:40.000Z $GPRMC,093140.00,A,5308.8396,N,00445.7610,E,8.0,218.0,180626,,,A*56
2026-06-18T09:31:40.000Z $IIHDG,219.5,,,,*46
2026-06-18T09:31:40.000Z $IIMWV,227.0,T,11.1,N,A*0D
2026-06-18T09:31:40.000Z $IIRPM,E,1,0,,A*66
2026-06-18T09:31:50.000Z $GPRMC,093150.00,A,5308.7929,N,00445.7650,E,8.0,217.8,180626,,,A*55
2026-06-18T09:31:50.000Z $IIHDG,219.7,,,,*44
2026-06-18T09:31:50.000Z $IIMWV,230.8,T,11.2,N,A*00
2026-06-18T09:31:50.000Z $IIRPM,E,1,0,,A*66
2026-06-18T09:32:00.000Z $GPRMC,093200.00,A,5308.8035,N,00445.7284,E,8.0,220.1,180626,,,A*58
2026-06-18T09:32:00.000Z $GPGGA,093200.00,5308.8035,N,00445.7284,E,1,12,0.9,0.0,M,0.0,M,,*52
2026-06-18T09:32:00.000Z $IIHDG,218.0,,,,*42
2026-06-18T09:32:00.000Z $IIMWV,229.4,T,10.0,N,A*07
2026-06-18T09:32:00.000Z $IIDBT,86.4,f,26.3,M,14.4,F*2D
2026-06-18T09:32:00.000Z $IIRPM,E,1,0,,A*66
2026-06-18T09:32:00.000Z $IIXDR,V,12.57,V,BATT*62
2026-06-18T09:32:00.000Z $GPVTG,220.1,T,,M,8.0,N,14.8,K,A*39
2026-06-18T09:32:00.000Z !AIVDM,1,1,,A,B3a0sQ0tN05Mc5WV6o5ruRP000000,0*58
2026-06-18T09:32:10.000Z $GPRMC,093210.00,A,5308.8010,N,00445.6863,E,8.0,218.9,180626,,,A*5F
2026-06-18T09:32:10.000Z $IIHDG,218.1,,,,*43
2026-06-18T09:32:10.000Z $IIMWV,231.7,T,10.0,N,A*0D
2026-06-18T09:32:10.000Z $IIRPM,E,1,0,,A*66
2026-06-18T09:32:20.000Z $GPRMC,093220.00,A,5308.7843,N,00445.6927,E,8.0,217.6,180626,,,A*5C
2026-06-18T09:32:20.000Z $IIHDG,219.8,,,,*4B
2026-06-18T09:32:20.000Z $IIMWV,231.2,T,10.4,N,A*0C
2026-06-18T09:32:20.000Z $IIRPM,E,1,0,,A*66
2026-06-18T09:32:30.000Z $GPRMC,093230.00,A,5308.7413,N,00445.6382,E,8.0,219.3,180626,,,A*5A
2026-06-18T09:32:30.000Z $GPGGA,093230.00,5308.7413,N,00445.6382,E,1,12,0.9,0.0,M,0.0,M,,*58
2026-06-18T09:32:30.000Z $IIHDG,220.6,,,,*4F
2026-06-18T09:32:30.000Z $IIMWV,232.4,T,9.0,N,A*35
2026-06-18T09:32:30.000Z $IIDBT,80.3,f,24.5,M,13.4,F*2F
2026-06-18T09:32:30.000Z $IIRPM,E,1,0,,A*66
2026-06-18T09:32:30.000Z $GPVTG,219.3,T,,M,8.0,N,14.8,K,A*31
2026-06-18T09:32:30.000Z !AIVDM,1,1,,A,B3a0sQ0tN05MU1WV6quruRP000000,0*34
2026-06-18T09:32:40.000Z $GPRMC,093240.00,A,5308.7442,N,00445.6589,E,8.0,217.7,180626,,,A*5E
2026-06-18T09:32:40.000Z $IIHDG,218.1,,,,*43
2026-06-18T09:32:40.000Z $IIMWV,226.1,T,8.9,N,A*3D
2026-06-18T09:32:40.000Z $IIRPM,E,1,0,,A*66
2026-06-18T09:32:50.000Z $GPRMC,093250.00,A,5308.7359,N,00445.5979,E,8.0,217.3,180626,,,A*56
2026-06-18T09:32:50.000Z $IIHDG,216.3,,,,*4F
2026-06-18T09:32:50.000Z $IIMWV,233.0,T,11.0,N,A*09
2026-06-18T09:32:50.000Z $IIRPM,E,1,0,,A*66
2026-06-18T09:33:00.000Z $GPRMC,093300.00,A,5308.7056,N,00445.6276,E,8.0,217.9,180626,,,A*53
2026-06-18T09:33:00.000Z $GPGGA,093300.00,5308.7056,N,00445.6276,E,1,9,0.9,0.0,M,0.0,M,,*6F
2026-06-18T09:33:00.000Z $IIHDG,219.8,,,,*4B
2026-06-18T09:33:00.000Z $IIMWV,227.0,T,8.9,N,A*3D
2026-06-18T09:33:00.000Z $IIDBT,81.7,f,24.9,M,13.6,F*24
2026-06-18T09:33:00.000Z $IIRPM,E,1,0,,A*66
2026-06-18T09:33:00.000Z $IIXDR,V,12.65,V,BATT*63
2026-06-18T09:33:00.000Z $GPVTG,217.9,T,,M,8.0,N,14.8,K,A*35
2026-06-18T09:33:00.000Z !AIVDM,1,1,,A,B3a0sQ0tN05MS0WV6EQruRP000000,0*23
2026-06-18T09:33:10.000Z $GPRMC,093310.00,A,5308.7066,N,00445.5696,E,8.0,219.6,180626,,,A*59
2026-06-18T09:33:10.000Z $IIHDG,218.4,,,,*46
2026-06-18T09:33:10.000Z $IIMWV,227.7,T,10.9,N,A*03
2026-06-18T09:33:10.000Z $IIRPM,E,1,0,,A*66
2026-06-18T09:33:20.000Z $GPRMC,093320.00,A,5308.6734,N,00445.5503,E,8.0,217.6,180626,,,A*5A
2026-06-18T09:33:20.000Z $IIHDG,217.7,,,,*4A
2026-06-18T09:33:20.000Z $IIMWV,226.0,T,8.7,N,A*32
2026-06-18T09:33:20.000Z $IIRPM,E,1,0,,A*66
2026-06-18T09:33:30.000Z $GPRMC,093330.00,A,5308.6516,N,00445.5299,E,8.0,218.8,180626,,,A*5C
2026-06-18T09:33:30.000Z $GPGGA,093330.00,5308.6516,N,00445.5299,E,1,10,0.9,0.0,M,0.0,M,,*56
2026-06-18T09:33:30.000Z $IIHDG,221.0,,,,*48
2026-06-18T09:33:30.000Z $IIMWV,225.6,T,10.5,N,A*0C
2026-06-18T09:33:30.000Z $IIDBT,80.7,f,24.6,M,13.5,F*29
2026-06-18T09:33:30.000Z $IIRPM,E,1,0,,A*66
2026-06-18T09:33:30.000Z $GPVTG,218.8,T,,M,8.0,N,14.8,K,A*3B
2026-06-18T09:33:30.000Z !AIVDM,1,1,,A,B3a0sQ0tN05MT1WV5nMruRP000000,0*11
2026-06-18T09:33:40.000Z $GPRMC,093340.00,A,5308.6339,N,00445.4937,E,8.0,219.7,180626,,,A*50
2026-06-18T09:33:40.000Z $IIHDG,221.0,,,,*48
2026-06-18T09:33:40.000Z $IIMWV,228.6,T,9.8,N,A*34
2026-06-18T09:33:40.000Z $IIRPM,E,1,0,,A*66
2026-06-18T09:33:50.000Z $GPRMC,093350.00,A,5308.6090,N,00445.4822,E,8.0,219.6,180626,,,A*55
2026-06-18T09:33:50.000Z $IIHDG,220.2,,,,*4B
2026-06-18T09:33:50.000Z $IIMWV,230.8,T,9.8,N,A*33
2026-06-18T09:33:50.000Z $IIRPM,E,1,0,,A*66
2026-06-18T09:34:00.000Z $GPRMC,093400.00,A,5308.6114,N,00445.4485,E,8.0,219.0,180626,,,A*5D
2026-06-18T09:34:00.000Z $GPGGA,093400.00,5308.6114,N,00445.4485,E,1,11,0.9,0.0,M,0.0,M,,*5F
2026-06-18T09:34:00.000Z $IIHDG,221.1,,,,*49
2026-06-18T09:34:00.000Z $IIMWV,224.1,T,8.9,N,A*3F
2026-06-18T09:34:00.000Z $IIDBT,88.6,f,27.0,M,14.8,F*2F
2026-06-18T09:34:00.000Z $IIRPM,E,1,0,,A*66
2026-06-18T09:34:00.000Z $IIXDR,V,12.52,V,BATT*67
2026-06-18T09:34:00.000Z $GPVTG,219.0,T,,M,8.0,N,14.8,K,A*32
2026-06-18T09:34:00.000Z !AIVDM,1,1,,A,B3a0sQ0tN05MKtWV5g=ruRP000000,0*32
2026-06-18T09:34:10.000Z $GPRMC,093410.00,A,5308.5556,N,00445.4500,E,8.0,218.1,180626,,,A*51
2026-06-18T09:34:10.000Z $IIHDG,217.1,,,,*4C
2026-06-18T09:34:10.000Z $IIMWV,223.8,T,9.2,N,A*3B
2026-06-18T09:34:10.000Z $IIRPM,E,1,0,,A*66
2026-06-18T09:34:20.000Z $GPRMC,093420.00,A,5308.5631,N,00445.4386,E,8.0,217.9,180626,,,A*5F
2026-06-18T09:34:20.000Z $IIHDG,217.0,,,,*4D
2026-06-18T09:34:20.000Z $IIMWV,227.5,T,11.5,N,A*0C
2026-06-18T09:34:20.000Z $IIRPM,E,1,0,,A*66
2026-06-18T09:34:30.000Z $GPRMC,093430.00,A,5308.5772,N,00445.3895,E,8.0,218.1,180626,,,A*51
2026-06-18T09:34:30.000Z $GPGGA,093430.00,5308.5772,N,00445.3895,E,1,9,0.9,0.0,M,0.0,M,,*6A
2026-06-18T09:34:30.000Z $IIHDG,219.6,,,,*45
2026-06-18T09:34:30.000Z $IIMWV,231.1,T,10.4,N,A*0F
2026-06-18T09:34:30.000Z $IIDBT,87.9,f,26.8,M,14.7,F*29
2026-06-18T09:34:30.000Z $IIRPM,E,1,0,,A*66
2026-06-18T09:34:30.000Z $GPVTG,218.1,T,,M,8.0,N,14.8,K,A*32
2026-06-18T09:34:30.000Z !AIVDM,1,1,,A,B3a0sQ0tN05MKIWV4P9ruRP000000,0*3D
2026-06-18T09:34:40.000Z $GPRMC,093440.00,A,5308.5193,N,00445.3641,E,8.0,218.9,180626,,,A*50
2026-06-18T09:34:40.000Z $IIHDG,218.7,,,,*45
2026-06-18T09:34:40.000Z $IIMWV,233.3,T,8.7,N,A*35
2026-06-18T09:34:40.000Z $IIRPM,E,1,0,,A*66
2026-06-18T09:34:50.000Z $GPRMC,093450.00,A,5308.5337,N,00445.3820,E,8.0,219.3,180626,,,A*5F
2026-06-18T09:34:50.000Z $IIHDG,220.3,,,,*4A
2026-06-18T09:34:50.000Z $IIMWV,229.5,T,11.2,N,A*05
2026-06-18T09:34:50.000Z $IIRPM,E,1,0,,A*66
2026-06-18T09:35:00.000Z $GPRMC,093500.00,A,5308.4706,N,00445.3404,E,8.0,220.2,180626,,,A*5D
2026-06-18T09:35:00.000Z $GPGGA,093500.00,5308.4706,N,00445.3404,E,1,12,0.9,0.0,M,0.0,M,,*54
2026-06-18T09:35:00.000Z $IIHDG,218.2,,,,*40
2026-06-18T09:35:00.000Z $IIMWV,224.8,T,10.5,N,A*03
2026-06-18T09:35:00.000Z $IIDBT,83.2,f,25.4,M,13.9,F*20
2026-06-18T09:35:00.000Z $IIRPM,E,1,0,,A*66
2026-06-18T09:35:00.000Z $IIXDR,V,12.46,V,BATT*62
2026-06-18T09:35:00.000Z $IIMTA,17.6,C*05
2026-06-18T09:35:00.000Z $GPVTG,220.2,T,,M,8.0,N,14.8,K,A*3A
2026-06-18T09:35:00.000Z !AIVDM,1,1,,A,B3a0sQ0tN05MIJ7V4iiruRP000000,0*35
2026-06-18T09:35:10.000Z $GPRMC,093510.00,A,5308.4682,N,00445.3072,E,8.0,220.1,180626,,,A*57
2026-06-18T09:35:10.000Z $IIHDG,218.8,,,,*4A
2026-06-18T09:35:10.000Z $IIMWV,232.7,T,8.8,N,A*3F
2026-06-18T09:35:10.000Z $IIRPM,E,1,0,,A*66
2026-06-18T09:35:20.000Z $GPRMC,093520.00,A,5308.4905,N,00445.2699,E,8.0,218.8,180626,,,A*54
2026-06-18T09:35:20.000Z $IIHDG,216.9,,,,*45
2026-06-18T09:35:20.000Z $IIMWV,229.5,T,9.6,N,A*38
2026-06-18T09:35:20.000Z $IIRPM,E,1,0,,A*66
2026-06-18T09:35:30.000Z $GPRMC,093530.00,A,5308.4418,N,00445.2844,E,8.0,220.1,180626,,,A*58
2026-06-18T09:35:30.000Z $GPGGA,093530.00,5308.4418,N,00445.2844,E,1,9,0.9,0.0,M,0.0,M,,*68
2026-06-18T09:35:30.000Z $IIHDG,218.2,,,,*40
2026-06-18T09:35:30.000Z $IIMWV,229.8,T,8.6,N,A*34
2026-06-18T09:35:30.000Z $IIDBT,88.6,f,27.0,M,14.8,F*2F
2026-06-18T09:35:30.000Z $IIRPM,E,1,0,,A*66
2026-06-18T09:35:30.000Z $GPVTG,220.1,T,,M,8.0,N,14.8,K,A*39
2026-06-18T09:35:30.000Z !AIVDM,1,1,,A,B3a0sQ0tN05MHIWV4LUruRP000000,0*4E
2026-06-18T09:35:40.000Z $GPRMC,093540.00,A,5308.4550,N,00445.2644,E,8.0,218.5,180626,,,A*53
2026-06-18T09:35:40.000Z $IIHDG,219.0,,,,*43
2026-06-18T09:35:40.000Z $IIMWV,225.6,T,9.3,N,A*32
2026-06-18T09:35:40.000Z $IIRPM,E,1,0,,A*66
2026-06-18T09:35:50.000Z $GPRMC,093550.00,A,5308.4030,N,00445.2314,E,8.0,217.4,180626,,,A*5F
2026-06-18T09:35:50.000Z $IIHDG,217.7,,,,*4A
2026-06-18T09:35:50.000Z $IIMWV,226.8,T,11.3,N,A*06
2026-06-18T09:35:50.000Z $IIRPM,E,1,0,,A*66
2026-06-18T09:36:00.000Z $GPRMC,093600.00,A,5308.3726,N,00445.1958,E,8.0,217.4,180626,,,A*5F
2026-06-18T09:36:00.000Z $GPGGA,093600.00,5308.3726,N,00445.1958,E,1,9,0.9,0.0,M,0.0,M,,*6E
2026-06-18T09:36:00.000Z $IIHDG,218.7,,,,*45
2026-06-18T09:36:00.000Z $IIMWV,233.6,T,9.4,N,A*32
2026-06-18T09:36:00.000Z $IIDBT,84.4,f,25.7,M,14.1,F*2D
2026-06-18T09:36:00.000Z $IIRPM,E,1,0,,A*66
2026-06-18T09:36:00.000Z $IIXDR,V,12.52,V,BATT*67
2026-06-18T09:36:00.000Z $GPVTG,217.4,T,,M,8.0,N,14.8,K,A*38
2026-06-18T09:36:00.000Z !AIVDM,1,1,,A,B3a0sQ0tN05MJg7V3>1ruRP000000,0*13
2026-06-18T09:36:10.000Z $GPRMC,093610.00,A,5308.4035,N,00445.1805,E,8.0,218.2,180626,,,A*5C
2026-06-18T09:36:10.000Z $IIHDG,220.3,,,,*4A
2026-06-18T09:36:10.000Z $IIMWV,227.1,T,10.3,N,A*0F
2026-06-18T09:36:10.000Z $IIRPM,E,1,0,,A*66
2026-06-18T09:36:20.000Z $GPRMC,093620.00,A,5308.3668,N,00445.1569,E,8.0,218.1,180626,,,A*52
2026-06-18T09:36:20.000Z $IIHDG,220.3,,,,*4A
2026-06-18T09:36:20.000Z $IIMWV,228.2,T,8.9,N,A*30
2026-06-18T09:36:20.000Z $IIRPM,E,1,0,,A*66
2026-06-18T09:36:30.000Z $GPRMC,093630.00,A,5308.3226,N,00445.1107,E,8.0,219.2,180626,,,A*53
2026-06-18T09:36:30.000Z $GPGGA,093630.00,5308.3226,N,00445.1107,E,1,11,0.9,0.0,M,0.0,M,,*53
2026-06-18T09:36:30.000Z $IIHDG,220.9,,,,*40
2026-06-18T09:36:30.000Z $IIMWV,230.1,T,9.2,N,A*30
2026-06-18T09:36:30.000Z $IIDBT,83.2,f,25.4,M,13.9,F*20
2026-06-18T09:36:30.000Z $IIRPM,E,1,0,,A*66
2026-06-18T09:36:30.000Z $GPVTG,219.2,T,,M,8.0,N,14.8,K,A*30
2026-06-18T09:36:30.000Z !AIVDM,1,1,,A,B3a0sQ0tN05MEiWV2hEruRP000000,0*51
2026-06-18T09:36:40.000Z $GPRMC,093640.00,A,5308.3444,N,00445.0953,E,8.0,217.5,180626,,,A*57
2026-06-18T09:36:40.000Z $IIHDG,219.0,,,,*43
2026-06-18T09:36:40.000Z $IIMWV,226.9,T,10.1,N,A*04
2026-06-18T09:36:40.000Z $IIRPM,E,1,0,,A*66
2026-06-18T09:36:50.000Z $GPRMC,093650.00,A,5308.3130,N,00445.1002,E,8.0,218.9,180626,,,A*5F
2026-06-18T09:36:50.000Z $IIHDG,220.1,,,,*48
2026-06-18T09:36:50.000Z $IIMWV,229.3,T,10.6,N,A*06
2026-06-18T09:36:50.000Z $IIRPM,E,1,0,,A*66
2026-06-18T09:37:00.000Z $GPRMC,093700.00,A,5308.2945,N,00445.0457,E,8.0,219.9,180626,,,A*54
2026-06-18T09:37:00.000Z $GPGGA,093700.00,5308.2945,N,00445.0457,E,1,12,0.9,0.0,M,0.0,M,,*5C
2026-06-18T09:37:00.000Z $IIHDG,216.9,,,,*45
2026-06-18T09:37:00.000Z $IIMWV,232.4,T,8.9,N,A*3D
2026-06-18T09:37:00.000Z $IIDBT,88.6,f,27.0,M,14.8,F*2F
2026-06-18T09:37:00.000Z $IIRPM,E,1,0,,A*66
2026-06-18T09:37:00.000Z $IIXDR,V,12.45,V,BATT*61
2026-06-18T09:37:00.000Z $GPVTG,219.9,T,,M,8.0,N,14.8,K,A*3B
2026-06-18T09:37:00.000Z !AIVDM,1,1,,A,B3a0sQ0tN05MC<7V30AruRP000000,0*3F
2026-06-18T09:37:10.000Z $GPRMC,093710.00,A,5308.2588,N,00445.0166,E,8.0,219.2,180626,,,A*54
2026-06-18T09:37:10.000Z $IIHDG,219.1,,,,*42
2026-06-18T09:37:10.000Z $IIMWV,226.5,T,10.5,N,A*0C
2026-06-18T09:37:10.000Z $IIRPM,E,1,0,,A*66
2026-06-18T09:37:20.000Z $GPRMC,093720.00,A,5308.2494,N,00445.0290,E,8.0,218.2,180626,,,A*50
2026-06-18T09:37:20.000Z $IIHDG,217.6,,,,*4B
2026-06-18T09:37:20.000Z $IIMWV,231.0,T,10.5,N,A*0F
2026-06-18T09:37:20.000Z $IIRPM,E,1,0,,A*66
2026-06-18T09:37:30.000Z $GPRMC,093730.00,A,5308.2584,N,00445.0113,E,8.0,219.6,180626,,,A*5C
2026-06-18T09:37:30.000Z $GPGGA,093730.00,5308.2584,N,00445.0113,E,1,10,0.9,0.0,M,0.0,M,,*59
2026-06-18T09:37:30.000Z $IIHDG,217.2,,,,*4F
2026-06-18T09:37:30.000Z $IIMWV,228.9,T,11.1,N,A*0B
2026-06-18T09:37:30.000Z $IIDBT,85.0,f,25.9,M,14.2,F*25
2026-06-18T09:37:30.000Z $IIRPM,E,1,0,,A*66
2026-06-18T09:37:30.000Z $GPVTG,219.6,T,,M,8.0,N,14.8,K,A*34
2026-06-18T09:37:30.000Z !AIVDM,1,1,,A,B3a0sQ0tN05MDJ7V1biruRP000000,0*36
2026-06-18T09:37:40.000Z $GPRMC,093740.00,A,5308.2515,N,00444.9734,E,8.0,218.9,180626,,,A*56
2026-06-18T09:37:40.000Z $IIHDG,218.4,,,,*46
2026-06-18T09:37:40.000Z $IIMWV,231.3,T,10.2,N,A*0B
2026-06-18T09:37:40.000Z $IIRPM,E,1,0,,A*66
2026-06-18T09:37:50.000Z $GPRMC,093750.00,A,5308.2372,N,00444.9802,E,8.0,217.6,180626,,,A*5A
2026-06-18T09:37:50.000Z $IIHDG,217.2,,,,*4F
2026-06-18T09:37:50.000Z $IIMWV,230.5,T,9.4,N,A*32
2026-06-18T09:37:50.000Z $IIRPM,E,1,0,,A*66
2026-06-18T09:38:00.000Z $GPRMC,093800.00,A,5308.1787,N,00444.9328,E,8.0,218.2,180626,,,A*55
2026-06-18T09:38:00.000Z $GPGGA,093800.00,5308.1787,N,00444.9328,E,1,11,0.9,0.0,M,0.0,M,,*54
2026-06-18T09:38:00.000Z $IIHDG,220.4,,,,*4D
2026-06-18T09:38:00.000Z $IIMWV,231.9,T,9.1,N,A*3A
2026-06-18T09:38:00.000Z $IIDBT,80.6,f,24.6,M,13.4,F*29
2026-06-18T09:38:00.000Z $IIRPM,E,1,0,,A*66
2026-06-18T09:38:00.000Z $IIXDR,V,12.66,V,BATT*60
2026-06-18T09:38:00.000Z $GPVTG,218.2,T,,M,8.0,N,14.8,K,A*31
2026-06-18T09:38:00.000Z !AIVDM,1,1,,A,B3a0sQ0tN05MAmWV1AMruRP000000,0*73
2026-06-18T09:38:10.000Z $GPRMC,093810.00,A,5308.2005,N,00444.9234,E,8.0,220.0,180626,,,A*5F
2026-06-18T09:38:10.000Z $IIHDG,217.2,,,,*4F
2026-06-18T09:38:10.000Z $IIMWV,231.4,T,10.4,N,A*0A
2026-06-18T09:38:10.000Z $IIRPM,E,1,0,,A*66
2026-06-18T09:38:20.000Z $GPRMC,093820.00,A,5308.1779,N,00444.8838,E,8.0,218.5,180626,,,A*5A
2026-06-18T09:38:20.000Z $IIHDG,217.2,,,,*4F
2026-06-18T09:38:20.000Z $IIMWV,225.7,T,9.7,N,A*37
2026-06-18T09:38:20.000Z $IIRPM,E,1,0,,A*66
2026-06-18T09:38:30.000Z $GPRMC,093830.00,A,5308.1446,N,00444.8422,E,8.0,218.9,180626,,,A*5F
2026-06-18T09:38:30.000Z $GPGGA,093830.00,5308.1446,N,00444.8422,E,1,8,0.9,0.0,M,0.0,M,,*6D
2026-06-18T09:38:30.000Z $IIHDG,219.4,,,,*47
2026-06-18T09:38:30.000Z $IIMWV,225.5,T,10.5,N,A*0F
2026-06-18T09:38:30.000Z $IIDBT,83.0,f,25.3,M,13.8,F*24
2026-06-18T09:38:30.000Z $IIRPM,E,1,0,,A*66
2026-06-18T09:38:30.000Z $GPVTG,218.9,T,,M,8.0,N,14.8,K,A*3A
2026-06-18T09:38:30.000Z !AIVDM,1,1,,A,B3a0sQ0tN05M@R7V0V1ruRP000000,0*47
2026-06-18T09:38:40.000Z $GPRMC,093840.00,A,5308.1108,N,00444.8410,E,8.0,217.7,180626,,,A*57
2026-06-18T09:38:40.000Z $IIHDG,219.6,,,,*45
2026-06-18T09:38:40.000Z $IIMWV,226.1,T,8.9,N,A*3D
2026-06-18T09:38:40.000Z $IIRPM,E,1,0,,A*66
2026-06-18T09:38:50.000Z $GPRMC,093850.00,A,5308.1055,N,00444.8342,E,8.0,219.8,180626,,,A*5E
2026-06-18T09:38:50.000Z $IIHDG,219.7,,,,*44
2026-06-18T09:38:50.000Z $IIMWV,228.9,T,8.9,N,A*3B
2026-06-18T09:38:50.000Z $IIRPM,E,1,0,,A*66
2026-06-18T09:39:00.000Z $GPRMC,093900.00,A,5308.1227,N,00444.7810,E,8.0,219.7,180626,,,A*51
2026-06-18T09:39:00.000Z $GPGGA,093900.00,5308.1227,N,00444.7810,E,1,12,0.9,0.0,M,0.0,M,,*57
2026-06-18T09:39:00.000Z $IIHDG,219.5,,,,*46
2026-06-18T09:39:00.000Z $IIMWV,228.1,T,9.8,N,A*33
2026-06-18T09:39:00.000Z $IIDBT,86.9,f,26.5,M,14.5,F*27
2026-06-18T09:39:00.000Z $IIRPM,E,1,0,,A*66
2026-06-18T09:39:00.000Z $IIXDR,V,12.42,V,BATT*66
2026-06-18T09:39:00.000Z $GPVTG,219.7,T,,M,8.0,N,14.8,K,A*35
2026-06-18T09:39:00.000Z !AIVDM,1,1,,A,B3a0sQ0tN05M>GWV01iruRP000000,0*73
2026-06-18T09:39:10.000Z $GPRMC,093910.00,A,5308.0983,N,00444.7536,E,8.0,218.6,180626,,,A*5D
2026-06-18T09:39:10.000Z $IIHDG,219.4,,,,*47
2026-06-18T09:39:10.000Z $IIMWV,228.3,T,11.4,N,A*04
2026-06-18T09:39:10.000Z $IIRPM,E,1,0,,A*66
2026-06-18T09:39:20.000Z $GPRMC,093920.00,A,5308.0635,N,00444.7370,E,8.0,220.1,180626,,,A*54
2026-06-18T09:39:20.000Z $IIHDG,219.5,,,,*46
2026-06-18T09:39:20.000Z $IIMWV,230.7,T,10.0,N,A*0C
2026-06-18T09:39:20.000Z $IIRPM,E,1,0,,A*66
2026-06-18T09:39:30.000Z $GPRMC,093930.00,A,5308.0663,N,00444.7103,E,8.0,217.2,180626,,,A*57
2026-06-18T09:39:30.000Z $GPGGA,093930.00,5308.0663,N,00444.7103,E,1,10,0.9,0.0,M,0.0,M,,*58
2026-06-18T09:39:30.000Z $IIHDG,219.6,,,,*45
2026-06-18T09:39:30.000Z $IIMWV,228.8,T,11.1,N,A*0A
2026-06-18T09:39:30.000Z $IIDBT,89.1,f,27.2,M,14.9,F*2A
2026-06-18T09:39:30.000Z $IIRPM,E,1,0,,A*66
2026-06-18T09:39:30.000Z $GPVTG,217.2,T,,M,8.0,N,14.8,K,A*3E
2026-06-18T09:39:30.000Z !AIVDM,1,1,,A,B3a0sQ0tN05M7o7UwqAruRP000000,0*1E
2026-06-18T09:39:40.000Z $GPRMC,093940.00,A,5308.0486,N,00444.7371,E,8.0,217.9,180626,,,A*55
2026-06-18T09:39:40.000Z $IIHDG,218.2,,,,*40
2026-06-18T09:39:40.000Z $IIMWV,225.0,T,9.5,N,A*32
2026-06-18T09:39:40.000Z $IIRPM,E,1,0,,A*66
2026-06-18T09:39:50.000Z $GPRMC,093950.00,A,5308.0005,N,00444.7153,E,8.0,217.6,180626,,,A*56
2026-06-18T09:39:50.000Z $IIHDG,219.5,,,,*46
2026-06-18T09:39:50.000Z $IIMWV,232.9,T,9.3,N,A*3B
2026-06-18T09:39:50.000Z $IIRPM,E,1,0,,A*66
2026-06-18T09:40:00.000Z $GPRMC,094000.00,A,5307.9943,N,00444.6420,E,8.0,218.5,180626,,,A*5C
2026-06-18T09:40:00.000Z $GPGGA,094000.00,5307.9943,N,00444.6420,E,1,12,0.9,0.0,M,0.0,M,,*59
2026-06-18T09:40:00.000Z $IIHDG,220.7,,,,*4E
2026-06-18T09:40:00.000Z $IIMWV,224.0,T,10.3,N,A*0D
2026-06-18T09:40:00.000Z $IIDBT,81.1,f,24.7,M,13.5,F*2F
2026-06-18T09:40:00.000Z $IIRPM,E,1,0,,A*66
2026-06-18T09:40:00.000Z $IIXDR,V,12.65,V,BATT*63
2026-06-18T09:40:00.000Z $IIMTA,18.6,C*0A
2026-06-18T09:40:00.000Z $GPVTG,218.5,T,,M,8.0,N,14.8,K,A*36
2026-06-18T09:40:00.000Z !AIVDM,1,1,,A,B3a0sQ0tN05M4:WUw2MruRP000000,0*67
2026-06-18T09:40:10.000Z $GPRMC,094010.00,A,5307.9977,N,00444.6335,E,8.0,219.1,180626,,,A*5C
2026-06-18T09:40:10.000Z $IIHDG,220.2,,,,*4B
2026-06-18T09:40:10.000Z $IIMWV,230.4,T,8.5,N,A*33
2026-06-18T09:40:10.000Z $IIRPM,E,1,0,,A*66
2026-06-18T09:40:20.000Z $GPRMC,094020.00,A,5307.9962,N,00444.6313,E,8.0,220.0,180626,,,A*54
2026-06-18T09:40:20.000Z $IIHDG,219.8,,,,*4B
2026-06-18T09:40:20.000Z $IIMWV,231.5,T,10.3,N,A*0C
2026-06-18T09:40:20.000Z $IIRPM,E,1,0,,A*66
2026-06-18T09:40:30.000Z $GPRMC,094030.00,A,5307.9285,N,00444.6217,E,8.0,217.8,180626,,,A*5E
2026-06-18T09:40:30.000Z $GPGGA,094030.00,5307.9285,N,00444.6217,E,1,8,0.9,0.0,M,0.0,M,,*62
2026-06-18T09:40:30.000Z $IIHDG,220.9,,,,*40
2026-06-18T09:40:30.000Z $IIMWV,229.6,T,10.1,N,A*04
2026-06-18T09:40:30.000Z $IIDBT,83.0,f,25.3,M,13.8,F*24
2026-06-18T09:40:30.000Z $IIRPM,E,1,0,,A*66
2026-06-18T09:40:30.000Z $GPVTG,217.8,T,,M,8.0,N,14.8,K,A*34
2026-06-18T09:40:30.000Z !AIVDM,1,1,,A,B3a0sQ0tN05M4?WUwUmruRP000000,0*25
2026-06-18T09:40:40.000Z $GPRMC,094040.00,A,5307.9590,N,00444.5929,E,8.0,218.6,180626,,,A*5E
2026-06-18T09:40:40.000Z $IIHDG,218.5,,,,*47
2026-06-18T09:40:40.000Z $IIMWV,229.4,T,11.5,N,A*03
2026-06-18T09:40:40.000Z $IIRPM,E,1,0,,A*66
2026-06-18T09:40:50.000Z $GPRMC,094050.00,A,5307.8953,N,00444.5465,E,8.0,218.5,180626,,,A*5B
2026-06-18T09:40:50.000Z $IIHDG,221.1,,,,*49
2026-06-18T09:40:50.000Z $IIMWV,232.4,T,9.3,N,A*36
2026-06-18T09:40:50.000Z $IIRPM,E,1,0,,A*66
2026-06-18T09:41:00.000Z $GPRMC,094100.00,A,5307.9273,N,00444.5489,E,8.0,219.4,180626,,,A*55
2026-06-18T09:41:00.000Z $GPGGA,094100.00,5307.9273,N,00444.5489,E,1,9,0.9,0.0,M,0.0,M,,*6A
2026-06-18T09:41:00.000Z $IIHDG,219.8,,,,*4B
2026-06-18T09:41:00.000Z $IIMWV,230.6,T,10.3,N,A*0E
2026-06-18T09:41:00.000Z $IIDBT,86.8,f,26.4,M,14.5,F*27
2026-06-18T09:41:00.000Z $IIRPM,E,1,0,,A*66
2026-06-18T09:41:00.000Z $IIXDR,V,12.42,V,BATT*66
2026-06-18T09:41:00.000Z $GPVTG,219.4,T,,M,8.0,N,14.8,K,A*36
2026-06-18T09:41:00.000Z !AIVDM,1,1,,A,B3a0sQ0tN05M4QWUvB=ruRP000000,0*0D
2026-06-18T09:41:10.000Z $GPRMC,094110.00,A,5307.8729,N,00444.4945,E,8.0,219.6,180626,,,A*51
2026-06-18T09:41:10.000Z $IIHDG,220.8,,,,*41
2026-06-18T09:41:10.000Z $IIMWV,225.6,T,10.5,N,A*0C
2026-06-18T09:41:10.000Z $IIRPM,E,1,0,,A*66
2026-06-18T09:41:20.000Z $GPRMC,094120.00,A,5307.8459,N,00444.4682,E,8.0,218.3,180626,,,A*56
2026-06-18T09:41:20.000Z $IIHDG,217.2,,,,*4F
2026-06-18T09:41:20.000Z $IIMWV,228.9,T,11.0,N,A*0A
2026-06-18T09:41:20.000Z $IIRPM,E,1,0,,A*66
2026-06-18T09:41:30.000Z $GPRMC,094130.00,A,5307.8484,N,00444.4880,E,8.0,217.5,180626,,,A*52
2026-06-18T09:41:30.000Z $GPGGA,094130.00,5307.8484,N,00444.4880,E,1,11,0.9,0.0,M,0.0,M,,*5B
2026-06-18T09:41:30.000Z $IIHDG,217.2,,,,*4F
2026-06-18T09:41:30.000Z $IIMWV,227.1,T,9.6,N,A*32
2026-06-18T09:41:30.000Z $IIDBT,85.3,f,26.0,M,14.2,F*2C
2026-06-18T09:41:30.000Z $IIRPM,E,1,0,,A*66
2026-06-18T09:41:30.000Z $GPVTG,217.5,T,,M,8.0,N,14.8,K,A*39
2026-06-18T09:41:30.000Z !AIVDM,1,1,,A,B3a0sQ0tN05LwFWUvNaruRP000000,0*08
2026-06-18T09:41:40.000Z $GPRMC,094140.00,A,5307.8391,N,00444.4271,E,8.0,219.9,180626,,,A*50
2026-06-18T09:41:40.000Z $IIHDG,217.9,,,,*44
2026-06-18T09:41:40.000Z $IIMWV,223.9,T,9.7,N,A*3F
2026-06-18T09:41:40.000Z $IIRPM,E,1,0,,A*66
2026-06-18T09:41:50.000Z $GPRMC,094150.00,A,5307.7913,N,00444.4138,E,8.0,218.6,180626,,,A*5E
2026-06-18T09:41:50.000Z $IIHDG,220.2,,,,*4B
2026-06-18T09:41:50.000Z $IIMWV,227.2,T,10.1,N,A*0E
2026-06-18T09:41:50.000Z $IIRPM,E,1,0,,A*66
2026-06-18T09:42:00.000Z $GPRMC,094200.00,A,5307.8186,N,00444.4034,E,8.0,219.7,180626,,,A*5E
2026-06-18T09:42:00.000Z $GPGGA,094200.00,5307.8186,N,00444.4034,E,1,9,0.9,0.0,M,0.0,M,,*62
2026-06-18T09:42:00.000Z $IIHDG,220.9,,,,*40
2026-06-18T09:42:00.000Z $IIMWV,224.1,T,10.6,N,A*09
2026-06-18T09:42:00.000Z $IIDBT,82.3,f,25.1,M,13.7,F*2B
2026-06-18T09:42:00.000Z $IIRPM,E,1,0,,A*66
2026-06-18T09:42:00.000Z $IIXDR,V,12.64,V,BATT*62
2026-06-18T09:42:00.000Z $GPVTG,219.7,T,,M,8.0,N,14.8,K,A*35
2026-06-18T09:42:00.000Z !AIVDM,1,1,,A,B3a0sQ0tN05M3LWUu25ruRP000000,0*6C
2026-06-18T09:42:10.000Z $GPRMC,094210.00,A,5307.7851,N,00444.3915,E,8.0,219.2,180626,,,A*5B
2026-06-18T09:42:10.000Z $IIHDG,218.1,,,,*43
2026-06-18T09:42:10.000Z $IIMWV,224.6,T,11.4,N,A*0D
2026-06-18T09:42:10.000Z $IIRPM,E,1,0,,A*66
2026-06-18T09:42:20.000Z $GPRMC,094220.00,A,5307.7549,N,00444.3428,E,8.0,217.5,180626,,,A*56
2026-06-18T09:42:20.000Z $IIHDG,220.1,,,,*48
2026-06-18T09:42:20.000Z $IIMWV,230.4,T,10.3,N,A*0C
2026-06-18T09:42:20.000Z $IIRPM,E,1,0,,A*66
2026-06-18T09:42:30.000Z $GPRMC,094230.00,A,5307.7740,N,00444.3211,E,8.0,217.7,180626,,,A*52
2026-06-18T09:42:30.000Z $GPGGA,094230.00,5307.7740,N,00444.3211,E,1,8,0.9,0.0,M,0.0,M,,*61
2026-06-18T09:42:30.000Z $IIHDG,217.4,,,,*49
2026-06-18T09:42:30.000Z $IIMWV,225.8,T,9.3,N,A*3C
2026-06-18T09:42:30.000Z $IIDBT,88.5,f,27.0,M,14.8,F*2C
2026-06-18T09:42:30.000Z $IIRPM,E,1,0,,A*66
2026-06-18T09:42:30.000Z $GPVTG,217.7,T,,M,8.0,N,14.8,K,A*3B
2026-06-18T09:42:30.000Z !AIVDM,1,1,,A,B3a0sQ0tN05LqdWUtQuruRP000000,0*25
2026-06-18T09:42:40.000Z $GPRMC,094240.00,A,5307.7516,N,00444.3214,E,8.0,219.3,180626,,,A*5B
2026-06-18T09:42:40.000Z $IIHDG,220.4,,,,*4D
2026-06-18T09:42:40.000Z $IIMWV,228.4,T,9.3,N,A*3D
2026-06-18T09:42:40.000Z $IIRPM,E,1,0,,A*66
2026-06-18T09:42:50.000Z $GPRMC,094250.00,A,5307.7273,N,00444.2895,E,8.0,219.1,180626,,,A*5E
2026-06-18T09:42:50.000Z $IIHDG,216.7,,,,*4B
2026-06-18T09:42:50.000Z $IIMWV,231.7,T,9.6,N,A*33
2026-06-18T09:42:50.000Z $IIRPM,E,1,0,,A*66
2026-06-18T09:43:00.000Z $GPRMC,094300.00,A,5307.7041,N,00444.2647,E,8.0,217.5,180626,,,A*52
2026-06-18T09:43:00.000Z $GPGGA,094300.00,5307.7041,N,00444.2647,E,1,11,0.9,0.0,M,0.0,M,,*5B
2026-06-18T09:43:00.000Z $IIHDG,219.9,,,,*4A
2026-06-18T09:43:00.000Z $IIMWV,228.9,T,10.0,N,A*0B
2026-06-18T09:43:00.000Z $IIDBT,89.5,f,27.3,M,14.9,F*2F
2026-06-18T09:43:00.000Z $IIRPM,E,1,0,,A*66
2026-06-18T09:43:00.000Z $IIXDR,V,12.47,V,BATT*63
2026-06-18T09:43:00.000Z $GPVTG,217.5,T,,M,8.0,N,14.8,K,A*39
2026-06-18T09:43:00.000Z !AIVDM,1,1,,A,B3a0sQ0tN05LtrWUtfuruRP000000,0*01
2026-06-18T09:43:10.000Z $GPRMC,094310.00,A,5307.6589,N,00444.2510,E,8.0,217.4,180626,,,A*53
2026-06-18T09:43:10.000Z $IIHDG,220.3,,,,*4A
2026-06-18T09:43:10.000Z $IIMWV,225.9,T,10.6,N,A*00
2026-06-18T09:43:10.000Z $IIRPM,E,1,0,,A*66
2026-06-18T09:43:20.000Z $GPRMC,094320.00,A,5307.6639,N,00444.2254,E,8.0,217.6,180626,,,A*5D
2026-06-18T09:43:20.000Z $IIHDG,219.2,,,,*41
2026-06-18T09:43:20.000Z $IIMWV,224.4,T,10.7,N,A*0D
2026-06-18T09:43:20.000Z $IIRPM,E,1,0,,A*66
2026-06-18T09:43:30.000Z $GPRMC,094330.00,A,5307.6789,N,00444.1707,E,8.0,218.3,180626,,,A*5C
2026-06-18T09:43:30.000Z $GPGGA,094330.00,5307.6789,N,00444.1707,E,1,8,0.9,0.0,M,0.0,M,,*64
2026-06-18T09:43:30.000Z $IIHDG,218.5,,,,*47
2026-06-18T09:43:30.000Z $IIMWV,226.0,T,8.7,N,A*32
2026-06-18T09:43:30.000Z $IIDBT,83.4,f,25.4,M,13.9,F*26
2026-06-18T09:43:30.000Z $IIRPM,E,1,0,,A*66
2026-06-18T09:43:30.000Z $GPVTG,218.3,T,,M,8.0,N,14.8,K,A*30
2026-06-18T09:43:30.000Z !AIVDM,1,1,,A,B3a0sQ0tN05LmT7Ut;1ruRP000000,0*47
2026-06-18T09:43:40.000Z $GPRMC,094340.00,A,5307.6499,N,00444.1482,E,8.0,218.3,180626,,,A*57
2026-06-18T09:43:40.000Z $IIHDG,218.7,,,,*45
2026-06-18T09:43:40.000Z $IIMWV,232.6,T,11.0,N,A*0E
2026-06-18T09:43:40.000Z $IIRPM,E,1,0,,A*66
2026-06-18T09:43:50.000Z $GPRMC,094350.00,A,5307.6116,N,00444.1285,E,8.0,219.3,180626,,,A*54
2026-06-18T09:43:50.000Z $IIHDG,218.3,,,,*41
2026-06-18T09:43:50.000Z $IIMWV,229.1,T,11.1,N,A*02
2026-06-18T09:43:50.000Z $IIRPM,E,1,0,,A*66
2026-06-18T09:44:00.000Z $GPRMC,094400.00,A,5307.5852,N,00444.1327,E,8.0,219.5,180626,,,A*53
2026-06-18T09:44:00.000Z $GPGGA,094400.00,5307.5852,N,00444.1327,E,1,10,0.9,0.0,M,0.0,M,,*55
2026-06-18T09:44:00.000Z $IIHDG,218.1,,,,*43
2026-06-18T09:44:00.000Z $IIMWV,223.8,T,10.9,N,A*08
2026-06-18T09:44:00.000Z $IIDBT,83.7,f,25.5,M,13.9,F*24
2026-06-18T09:44:00.000Z $IIRPM,E,1,0,,A*66
2026-06-18T09:44:00.000Z $IIXDR,V,12.46,V,BATT*62
2026-06-18T09:44:00.000Z $GPVTG,219.5,T,,M,8.0,N,14.8,K,A*37
2026-06-18T09:44:00.000Z !AIVDM,1,1,,A,B3a0sQ0tN05LkaWUseMruRP000000,0*31
2026-06-18T09:44:10.000Z $GPRMC,094410.00,A,5307.6039,N,00444.1230,E,8.0,217.9,180626,,,A*51
2026-06-18T09:44:10.000Z $IIHDG,217.2,,,,*4F
2026-06-18T09:44:10.000Z $IIMWV,224.3,T,9.6,N,A*33
2026-06-18T09:44:10.000Z $IIRPM,E,1,0,,A*66
2026-06-18T09:44:20.000Z $GPRMC,094420.00,A,5307.5841,N,00444.0739,E,8.0,219.7,180626,,,A*5B
2026-06-18T09:44:20.000Z $IIHDG,217.1,,,,*4C
2026-06-18T09:44:20.000Z $IIMWV,233.6,T,10.0,N,A*0E
2026-06-18T09:44:20.000Z $IIRPM,E,1,0,,A*66
2026-06-18T09:44:30.000Z $GPRMC,094430.00,A,5307.5680,N,00444.0766,E,8.0,220.1,180626,,,A*5F
2026-06-18T09:44:30.000Z $GPGGA,094430.00,5307.5680,N,00444.0766,E,1,12,0.9,0.0,M,0.0,M,,*55
2026-06-18T09:44:30.000Z $IIHDG,219.0,,,,*43
2026-06-18T09:44:30.000Z $IIMWV,231.3,T,8.7,N,A*37
2026-06-18T09:44:30.000Z $IIDBT,81.2,f,24.8,M,13.5,F*23
2026-06-18T09:44:30.000Z $IIRPM,E,1,0,,A*66
2026-06-18T09:44:30.000Z $GPVTG,220.1,T,,M,8.0,N,14.8,K,A*39
2026-06-18T09:44:30.000Z !AIVDM,1,1,,A,B3a0sQ0tN05LiU7UrpMruRP000000,0*73
2026-06-18T09:44:40.000Z $GPRMC,094440.00,A,5307.5373,N,00444.0496,E,8.0,218.0,180626,,,A*57
2026-06-18T09:44:40.000Z $IIHDG,219.2,,,,*41
2026-06-18T09:44:40.000Z $IIMWV,232.6,T,11.3,N,A*0D
2026-06-18T09:44:40.000Z $IIRPM,E,1,0,,A*66
2026-06-18T09:44:50.000Z $GPRMC,094450.00,A,5307.5145,N,00443.9949,E,8.0,218.1,180626,,,A*51
2026-06-18T09:44:50.000Z $IIHDG,218.9,,,,*4B
2026-06-18T09:44:50.000Z $IIMWV,229.7,T,10.8,N,A*0C
2026-06-18T09:44:50.000Z $IIRPM,E,1,0,,A*66
2026-06-18T09:45:00.000Z $GPRMC,094500.00,A,5307.5168,N,00444.0019,E,8.0,217.8,180626,,,A*5E
2026-06-18T09:45:00.000Z $GPGGA,094500.00,5307.5168,N,00444.0019,E,1,10,0.9,0.0,M,0.0,M,,*5B
2026-06-18T09:45:00.000Z $IIHDG,217.2,,,,*4F
2026-06-18T09:45:00.000Z $IIMWV,225.9,T,8.8,N,A*37
2026-06-18T09:45:00.000Z $IIDBT,80.0,f,24.4,M,13.3,F*2A
2026-06-18T09:45:00.000Z $IIRPM,E,1,0,,A*66
2026-06-18T09:45:00.000Z $IIXDR,V,12.61,V,BATT*67
2026-06-18T09:45:00.000Z $IIMTA,17.8,C*0B
2026-06-18T09:45:00.000Z $GPVTG,217.8,T,,M,8.0,N,14.8,K,A*34
2026-06-18T09:45:00.000Z !AIVDM,1,1,,A,B3a0sQ0tN05Lnr7UrkuruRP000000,0*70
2026-06-18T09:45:10.000Z $GPRMC,094510.00,A,5307.5131,N,00443.9719,E,8.0,219.1,180626,,,A*5D
2026-06-18T09:45:10.000Z $IIHDG,217.8,,,,*45
2026-06-18T09:45:10.000Z $IIMWV,225.5,T,8.9,N,A*3A
2026-06-18T09:45:10.000Z $IIRPM,E,1,0,,A*66
2026-06-18T09:45:20.000Z $GPRMC,094520.00,A,5307.4690,N,00443.9422,E,8.0,217.4,180626,,,A*53
2026-06-18T09:45:20.000Z $IIHDG,219.9,,,,*4A
2026-06-18T09:45:20.000Z $IIMWV,226.7,T,11.2,N,A*08
2026-06-18T09:45:20.000Z $IIRPM,E,1,0,,A*66
2026-06-18T09:45:30.000Z $GPRMC,094530.00,A,5307.4387,N,00443.9536,E,8.0,218.1,180626,,,A*5F
2026-06-18T09:45:30.000Z $GPGGA,094530.00,5307.4387,N,00443.9536,E,1,8,0.9,0.0,M,0.0,M,,*65
2026-06-18T09:45:30.000Z $IIHDG,219.5,,,,*46
2026-06-18T09:45:30.000Z $IIMWV,224.7,T,8.6,N,A*36
2026-06-18T09:45:30.000Z $IIDBT,86.6,f,26.4,M,14.4,F*28
2026-06-18T09:45:30.000Z $IIRPM,E,1,0,,A*66
2026-06-18T09:45:30.000Z $GPVTG,218.1,T,,M,8.0,N,14.8,K,A*32
2026-06-18T09:45:30.000Z !AIVDM,1,1,,A,B3a0sQ0tN05LfcWUql9ruRP000000,0*41
2026-06-18T09:45:40.000Z $GPRMC,094540.00,A,5307.4048,N,00443.9317,E,8.0,218.4,180626,,,A*58
2026-06-18T09:45:40.000Z $IIHDG,217.9,,,,*44
2026-06-18T09:45:40.000Z $IIMWV,225.5,T,10.4,N,A*0E
2026-06-18T09:45:40.000Z $IIRPM,E,1,0,,A*66
2026-06-18T09:45:50.000Z $GPRMC,094550.00,A,5307.3891,N,00443.8669,E,8.0,218.7,180626,,,A*5C
2026-06-18T09:45:50.000Z $IIHDG,217.6,,,,*4B
2026-06-18T09:45:50.000Z $IIMWV,228.2,T,10.2,N,A*02
2026-06-18T09:45:50.000Z $IIRPM,E,1,0,,A*66
2026-06-18T09:46:00.000Z $GPRMC,094600.00,A,5307.4292,N,00443.8376,E,8.0,219.6,180626,,,A*5F
2026-06-18T09:46:00.000Z $GPGGA,094600.00,5307.4292,N,00443.8376,E,1,8,0.9,0.0,M,0.0,M,,*63
2026-06-18T09:46:00.000Z $IIHDG,217.5,,,,*48
2026-06-18T09:46:00.000Z $IIMWV,229.4,T,11.2,N,A*04
2026-06-18T09:46:00.000Z $IIDBT,82.3,f,25.1,M,13.7,F*2B
2026-06-18T09:46:00.000Z $IIRPM,E,1,0,,A*66
2026-06-18T09:46:00.000Z $IIXDR,V,12.58,V,BATT*6D
2026-06-18T09:46:00.000Z $GPVTG,219.6,T,,M,8.0,N,14.8,K,A*34
2026-06-18T09:46:00.000Z !AIVDM,1,1,,A,B3a0sQ0tN05Leu7Uq@UruRP000000,0*74
2026-06-18T09:46:10.000Z $GPRMC,094610.00,A,5307.3883,N,00443.8731,E,8.0,217.8,180626,,,A*54
2026-06-18T09:46:10.000Z $IIHDG,217.7,,,,*4A
2026-06-18T09:46:10.000Z $IIMWV,228.3,T,10.2,N,A*03
2026-06-18T09:46:10.000Z $IIRPM,E,1,0,,A*66
2026-06-18T09:46:20.000Z $GPRMC,094620.00,A,5307.3817,N,00443.8280,E,8.0,218.9,180626,,,A*5B
2026-06-18T09:46:20.000Z $IIHDG,218.1,,,,*43
2026-06-18T09:46:20.000Z $IIMWV,227.3,T,10.5,N,A*0B
2026-06-18T09:46:20.000Z $IIRPM,E,1,0,,A*66
2026-06-18T09:46:30.000Z $GPRMC,094630.00,A,5307.3253,N,00443.7890,E,8.0,217.8,180626,,,A*5A
2026-06-18T09:46:30.000Z $GPGGA,094630.00,5307.3253,N,00443.7890,E,1,11,0.9,0.0,M,0.0,M,,*5E
2026-06-18T09:46:30.000Z $IIHDG,220.9,,,,*40
2026-06-18T09:46:30.000Z $IIMWV,226.0,T,8.9,N,A*3C
2026-06-18T09:46:30.000Z $IIDBT,81.1,f,24.7,M,13.5,F*2F
2026-06-18T09:46:30.000Z $IIRPM,E,1,0,,A*66
2026-06-18T09:46:30.000Z $GPVTG,217.8,T,,M,8.0,N,14.8,K,A*34
2026-06-18T09:46:30.000Z !AIVDM,1,1,,A,B3a0sQ0tN05LecWUpoiruRP000000,0*10
2026-06-18T09:46:40.000Z $GPRMC,094640.00,A,5307.3283,N,00443.7628,E,8.0,218.6,180626,,,A*5C
2026-06-18T09:46:40.000Z $IIHDG,220.2,,,,*4B
2026-06-18T09:46:40.000Z $IIMWV,223.9,T,10.7,N,A*07
2026-06-18T09:46:40.000Z $IIRPM,E,1,0,,A*66
2026-06-18T09:46:50.000Z $GPRMC,094650.00,A,5307.2958,N,00443.7693,E,8.0,219.7,180626,,,A*51
2026-06-18T09:46:50.000Z $IIHDG,220.1,,,,*48
2026-06-18T09:46:50.000Z $IIMWV,231.1,T,9.7,N,A*34
2026-06-18T09:46:50.000Z $IIRPM,E,1,0,,A*66
2026-06-18T09:47:00.000Z $GPRMC,094700.00,A,5307.3286,N,00443.7208,E,8.0,219.2,180626,,,A*5F
2026-06-18T09:47:00.000Z $GPGGA,094700.00,5307.3286,N,00443.7208,E,1,12,0.9,0.0,M,0.0,M,,*5C
2026-06-18T09:47:00.000Z $IIHDG,216.9,,,,*45
2026-06-18T09:47:00.000Z $IIMWV,224.0,T,9.5,N,A*33
2026-06-18T09:47:00.000Z $IIDBT,88.1,f,26.9,M,14.7,F*2F
2026-06-18T09:47:00.000Z $IIRPM,E,1,0,,A*66
2026-06-18T09:47:00.000Z $IIXDR,V,12.43,V,BATT*67
2026-06-18T09:47:00.000Z $GPVTG,219.2,T,,M,8.0,N,14.8,K,A*30
2026-06-18T09:47:00.000Z !AIVDM,1,1,,A,B3a0sQ0tN05L`@7UpJaruRP000000,0*7B
2026-06-18T09:47:10.000Z $GPRMC,094710.00,A,5307.2608,N,00443.6813,E,8.0,218.0,180626,,,A*5F
2026-06-18T09:47:10.000Z $IIHDG,218.8,,,,*4A
2026-06-18T09:47:10.000Z $IIMWV,224.4,T,9.8,N,A*3A
2026-06-18T09:47:10.000Z $IIRPM,E,1,0,,A*66
2026-06-18T09:47:20.000Z $GPRMC,094720.00,A,5307.2655,N,00443.7054,E,8.0,219.9,180626,,,A*56
2026-06-18T09:47:20.000Z $IIHDG,218.2,,,,*40
2026-06-18T09:47:20.000Z $IIMWV,229.6,T,11.1,N,A*05
2026-06-18T09:47:20.000Z $IIRPM,E,1,0,,A*66
2026-06-18T09:47:30.000Z $GPRMC,094730.00,A,5307.2710,N,00443.6714,E,8.0,219.4,180626,,,A*58
2026-06-18T09:47:30.000Z $GPGGA,094730.00,5307.2710,N,00443.6714,E,1,9,0.9,0.0,M,0.0,M,,*67
2026-06-18T09:47:30.000Z $IIHDG,219.2,,,,*41
2026-06-18T09:47:30.000Z $IIMWV,224.2,T,9.1,N,A*35
2026-06-18T09:47:30.000Z $IIDBT,85.1,f,25.9,M,14.2,F*24
2026-06-18T09:47:30.000Z $IIRPM,E,1,0,,A*66
2026-06-18T09:47:30.000Z $GPVTG,219.4,T,,M,8.0,N,14.8,K,A*36
2026-06-18T09:47:30.000Z !AIVDM,1,1,,A,B3a0sQ0tN05Ld;7Up=MruRP000000,0*5F
2026-06-18T09:47:40.000Z $GPRMC,094740.00,A,5307.2512,N,00443.6673,E,8.0,217.8,180626,,,A*5D
2026-06-18T09:47:40.000Z $IIHDG,219.1,,,,*42
2026-06-18T09:47:40.000Z $IIMWV,230.8,T,9.7,N,A*3C
2026-06-18T09:47:40.000Z $IIRPM,E,1,0,,A*66
2026-06-18T09:47:50.000Z $GPRMC,094750.00,A,5307.2184,N,00443.6412,E,8.0,219.3,180626,,,A*57
2026-06-18T09:47:50.000Z $IIHDG,218.0,,,,*42
2026-06-18T09:47:50.000Z $IIMWV,233.6,T,8.7,N,A*30
2026-06-18T09:47:50.000Z $IIRPM,E,1,0,,A*66
2026-06-18T09:48:00.000Z $GPRMC,094800.00,A,5307.1718,N,00443.5840,E,8.0,218.0,180626,,,A*57
2026-06-18T09:48:00.000Z $GPGGA,094800.00,5307.1718,N,00443.5840,E,1,12,0.9,0.0,M,0.0,M,,*57
2026-06-18T09:48:00.000Z $IIHDG,220.9,,,,*40
2026-06-18T09:48:00.000Z $IIMWV,228.7,T,9.7,N,A*3A
2026-06-18T09:48:00.000Z $IIDBT,81.7,f,24.9,M,13.6,F*24
2026-06-18T09:48:00.000Z $IIRPM,E,1,0,,A*66
2026-06-18T09:48:00.000Z $IIXDR,V,12.60,V,BATT*66
2026-06-18T09:48:00.000Z $GPVTG,218.0,T,,M,8.0,N,14.8,K,A*33
2026-06-18T09:48:00.000Z !AIVDM,1,1,,A,B3a0sQ0tN05La4WUp4mruRP000000,0*1C
2026-06-18T09:48:10.000Z $GPRMC,094810.00,A,5307.1762,N,00443.5867,E,8.0,219.4,180626,,,A*5B
2026-06-18T09:48:10.000Z $IIHDG,218.6,,,,*44
2026-06-18T09:48:10.000Z $IIMWV,231.5,T,9.4,N,A*33
2026-06-18T09:48:10.000Z $IIRPM,E,1,0,,A*66
2026-06-18T09:48:20.000Z $GPRMC,094820.00,A,5307.1723,N,00443.5268,E,8.0,219.3,180626,,,A*5F
2026-06-18T09:48:20.000Z $IIHDG,217.6,,,,*4B
2026-06-18T09:48:20.000Z $IIMWV,224.1,T,10.2,N,A*0D
2026-06-18T09:48:20.000Z $IIRPM,E,1,0,,A*66
2026-06-18T09:48:30.000Z $GPRMC,094830.00,A,5307.1239,N,00443.5290,E,8.0,219.9,180626,,,A*5D
2026-06-18T09:48:30.000Z $GPGGA,094830.00,5307.1239,N,00443.5290,E,1,12,0.9,0.0,M,0.0,M,,*55
2026-06-18T09:48:30.000Z $IIHDG,220.8,,,,*41
2026-06-18T09:48:30.000Z $IIMWV,225.4,T,10.4,N,A*0F
2026-06-18T09:48:30.000Z $IIDBT,81.5,f,24.8,M,13.6,F*27
2026-06-18T09:48:30.000Z $IIRPM,E,1,0,,A*66
2026-06-18T09:48:30.000Z $GPVTG,219.9,T,,M,8.0,N,14.8,K,A*3B
2026-06-18T09:48:30.000Z !AIVDM,1,1,,A,B3a0sQ0tN05Lc07UnearuRP000000,0*39
2026-06-18T09:48:40.000Z $GPRMC,094840.00,A,5307.1333,N,00443.5382,E,8.0,219.0,180626,,,A*5A
2026-06-18T09:48:40.000Z $IIHDG,221.1,,,,*49
2026-06-18T09:48:40.000Z $IIMWV,229.4,T,8.9,N,A*37
2026-06-18T09:48:40.000Z $IIRPM,E,1,0,,A*66
2026-06-18T09:48:50.000Z $GPRMC,094850.00,A,5307.1052,N,00443.4599,E,8.0,219.2,180626,,,A*50
2026-06-18T09:48:50.000Z $IIHDG,217.1,,,,*4C
2026-06-18T09:48:50.000Z $IIMWV,228.6,T,10.0,N,A*04
2026-06-18T09:48:50.000Z $IIRPM,E,1,0,,A*66
2026-06-18T09:49:00.000Z $GPRMC,094900.00,A,5307.1088,N,00443.4815,E,8.0,220.2,180626,,,A*50
2026-06-18T09:49:00.000Z $GPGGA,094900.00,5307.1088,N,00443.4815,E,1,10,0.9,0.0,M,0.0,M,,*5B
2026-06-18T09:49:00.000Z $IIHDG,218.6,,,,*44
2026-06-18T09:49:00.000Z $IIMWV,229.9,T,9.2,N,A*30
2026-06-18T09:49:00.000Z $IIDBT,81.5,f,24.8,M,13.6,F*27
2026-06-18T09:49:00.000Z $IIRPM,E,1,0,,A*66
2026-06-18T09:49:00.000Z $IIXDR,V,12.45,V,BATT*61
2026-06-18T09:49:00.000Z $GPVTG,220.2,T,,M,8.0,N,14.8,K,A*3A
2026-06-18T09:49:00.000Z !AIVDM,1,1,,A,B3a0sQ0tN05LRt7UnneruRP000000,0*43
2026-06-18T09:49:10.000Z $GPRMC,094910.00,A,5307.0967,N,00443.4522,E,8.0,218.4,180626,,,A*5C
2026-06-18T09:49:10.000Z $IIHDG,221.1,,,,*49
2026-06-18T09:49:10.000Z $IIMWV,228.2,T,10.5,N,A*05
2026-06-18T09:49:10.000Z $IIRPM,E,1,0,,A*66
2026-06-18T09:49:20.000Z $GPRMC,094920.00,A,5307.0576,N,00443.3959,E,8.0,219.8,180626,,,A*59
2026-06-18T09:49:20.000Z $IIHDG,219.3,,,,*40
2026-06-18T09:49:20.000Z $IIMWV,228.6,T,9.4,N,A*38
2026-06-18T09:49:20.000Z $IIRPM,E,1,0,,A*66
2026-06-18T09:49:30.000Z $GPRMC,094930.00,A,5307.0461,N,00443.4058,E,8.0,217.9,180626,,,A*5F
2026-06-18T09:49:30.000Z $GPGGA,094930.00,5307.0461,N,00443.4058,E,1,10,0.9,0.0,M,0.0,M,,*5B
2026-06-18T09:49:30.000Z $IIHDG,218.8,,,,*4A
2026-06-18T09:49:30.000Z $IIMWV,225.8,T,9.3,N,A*3C
2026-06-18T09:49:30.000Z $IIDBT,87.4,f,26.6,M,14.6,F*2B
2026-06-18T09:49:30.000Z $IIRPM,E,1,0,,A*66
2026-06-18T09:49:30.000Z $GPVTG,217.9,T,,M,8.0,N,14.8,K,A*35
2026-06-18T09:49:30.000Z !AIVDM,1,1,,A,B3a0sQ0tN05LTcWUn9AruRP000000,0*41
2026-06-18T09:49:40.000Z $GPRMC,094940.00,A,5307.0360,N,00443.3664,E,8.0,218.4,180626,,,A*52
2026-06-18T09:49:40.000Z $IIHDG,220.9,,,,*40
2026-06-18T09:49:40.000Z $IIMWV,232.0,T,9.9,N,A*38
2026-06-18T09:49:40.000Z $IIRPM,E,1,0,,A*66
2026-06-18T09:49:50.000Z $GPRMC,094950.00,A,5307.0256,N,00443.3645,E,8.0,217.6,180626,,,A*59
2026-06-18T09:49:50.000Z $IIHDG,218.3,,,,*41
2026-06-18T09:49:50.000Z $IIMWV,224.2,T,10.5,N,A*09
2026-06-18T09:49:50.000Z $IIRPM,E,1,0,,A*66
2026-06-18T09:50:00.000Z $GPRMC,095000.00,A,5307.0162,N,00443.3558,E,8.0,218.9,180626,,,A*5F
2026-06-18T09:50:00.000Z $GPGGA,095000.00,5307.0162,N,00443.3558,E,1,9,0.9,0.0,M,0.0,M,,*6C
2026-06-18T09:50:00.000Z $IIHDG,219.8,,,,*4B
2026-06-18T09:50:00.000Z $IIMWV,230.7,T,10.7,N,A*0B
2026-06-18T09:50:00.000Z $IIDBT,80.7,f,24.6,M,13.5,F*29
2026-06-18T09:50:00.000Z $IIRPM,E,1,0,,A*66
2026-06-18T09:50:00.000Z $IIXDR,V,12.45,V,BATT*61
2026-06-18T09:50:00.000Z $IIMTA,18.2,C*0E
2026-06-18T09:50:00.000Z $GPVTG,218.9,T,,M,8.0,N,14.8,K,A*3A
2026-06-18T09:50:00.000Z !AIVDM,1,1,,A,B3a0sQ0tN05LS17UmVaruRP000000,0*38
2026-06-18T09:50:10.000Z $GPRMC,095010.00,A,5306.9609,N,00443.3220,E,8.0,220.0,180626,,,A*56
2026-06-18T09:50:10.000Z $IIHDG,217.9,,,,*44
2026-06-18T09:50:10.000Z $IIMWV,224.0,T,9.0,N,A*36
2026-06-18T09:50:10.000Z $IIRPM,E,1,0,,A*66
2026-06-18T09:50:20.000Z $GPRMC,095020.00,A,5306.9958,N,00443.2927,E,8.0,218.8,180626,,,A*50
2026-06-18T09:50:20.000Z $IIHDG,216.8,,,,*44
2026-06-18T09:50:20.000Z $IIMWV,226.4,T,8.8,N,A*39
2026-06-18T09:50:20.000Z $IIRPM,E,1,0,,A*66
2026-06-18T09:50:30.000Z $GPRMC,095030.00,A,5306.9490,N,00443.2760,E,8.0,217.6,180626,,,A*54
2026-06-18T09:50:30.000Z $GPGGA,095030.00,5306.9490,N,00443.2760,E,1,10,0.9,0.0,M,0.0,M,,*5F
2026-06-18T09:50:30.000Z $IIHDG,216.5,,,,*49
2026-06-18T09:50:30.000Z $IIMWV,229.7,T,11.3,N,A*06
2026-06-18T09:50:30.000Z $IIDBT,87.6,f,26.7,M,14.6,F*28
2026-06-18T09:50:30.000Z $IIRPM,E,1,0,,A*66
2026-06-18T09:50:30.000Z $GPVTG,217.6,T,,M,8.0,N,14.8,K,A*3A
2026-06-18T09:50:30.000Z !AIVDM,1,1,,A,B3a0sQ0tN05LL`WUm8mruRP000000,0*74
2026-06-18T09:50:40.000Z $GPRMC,095040.00,A,5306.9266,N,00443.2590,E,8.0,218.9,180626,,,A*51
2026-06-18T09:50:40.000Z $IIHDG,216.8,,,,*44
2026-06-18T09:50:40.000Z $IIMWV,226.7,T,10.2,N,A*09
2026-06-18T09:50:40.000Z $IIRPM,E,1,0,,A*66
2026-06-18T09:50:50.000Z $GPRMC,095050.00,A,5306.9092,N,00443.2449,E,8.0,219.2,180626,,,A*56
2026-06-18T09:50:50.000Z $IIHDG,217.4,,,,*49
2026-06-18T09:50:50.000Z $IIMWV,232.0,T,9.2,N,A*33
2026-06-18T09:50:50.000Z $IIRPM,E,1,0,,A*66
2026-06-18T09:51:00.000Z $GPRMC,095100.00,A,5306.8945,N,00443.1868,E,8.0,217.7,180626,,,A*57
2026-06-18T09:51:00.000Z $GPGGA,095100.00,5306.8945,N,00443.1868,E,1,12,0.9,0.0,M,0.0,M,,*5F
2026-06-18T09:51:00.000Z $IIHDG,220.5,,,,*4C
2026-06-18T09:51:00.000Z $IIMWV,231.9,T,8.7,N,A*3D
2026-06-18T09:51:00.000Z $IIDBT,84.0,f,25.6,M,14.0,F*29
2026-06-18T09:51:00.000Z $IIRPM,E,1,0,,A*66
2026-06-18T09:51:00.000Z $IIXDR,V,12.45,V,BATT*61
2026-06-18T09:51:00.000Z $GPVTG,217.7,T,,M,8.0,N,14.8,K,A*3B
2026-06-18T09:51:00.000Z !AIVDM,1,1,,A,B3a0sQ0tN05LOTWUlderuRP000000,0*16
2026-06-18T09:51:10.000Z $GPRMC,095110.00,A,5306.8847,N,00443.1817,E,8.0,219.2,180626,,,A*56
2026-06-18T09:51:10.000Z $IIHDG,218.0,,,,*42
2026-06-18T09:51:10.000Z $IIMWV,230.5,T,9.8,N,A*3E
2026-06-18T09:51:10.000Z $IIRPM,E,1,0,,A*66
2026-06-18T09:51:20.000Z $GPRMC,095120.00,A,5306.8967,N,00443.1488,E,8.0,218.5,180626,,,A*5A
2026-06-18T09:51:20.000Z $IIHDG,218.6,,,,*44
2026-06-18T09:51:20.000Z $IIMWV,230.6,T,10.2,N,A*0F
2026-06-18T09:51:20.000Z $IIRPM,E,1,0,,A*66
2026-06-18T09:51:30.000Z $GPRMC,095130.00,A,5306.8272,N,00443.1315,E,8.0,219.3,180626,,,A*50
2026-06-18T09:51:30.000Z $GPGGA,095130.00,5306.8272,N,00443.1315,E,1,11,0.9,0.0,M,0.0,M,,*51
2026-06-18T09:51:30.000Z $IIHDG,216.3,,,,*4F
2026-06-18T09:51:30.000Z $IIMWV,224.2,T,9.8,N,A*3C
2026-06-18T09:51:30.000Z $IIDBT,81.2,f,24.7,M,13.5,F*2C
2026-06-18T09:51:30.000Z $IIRPM,E,1,0,,A*66
2026-06-18T09:51:30.000Z $GPVTG,219.3,T,,M,8.0,N,14.8,K,A*31
2026-06-18T09:51:30.000Z !AIVDM,1,1,,A,B3a0sQ0tN05LKI7Ul95ruRP000000,0*62
2026-06-18T09:51:40.000Z $GPRMC,095140.00,A,5306.8242,N,00443.1410,E,8.0,218.4,180626,,,A*50
2026-06-18T09:51:40.000Z $IIHDG,217.9,,,,*44
2026-06-18T09:51:40.000Z $IIMWV,228.2,T,10.9,N,A*09
2026-06-18T09:51:40.000Z $IIRPM,E,1,0,,A*66
2026-06-18T09:51:50.000Z $GPRMC,095150.00,A,5306.7903,N,00443.0744,E,8.0,217.6,180626,,,A*5E
2026-06-18T09:51:50.000Z $IIHDG,220.5,,,,*4C
2026-06-18T09:51:50.000Z $IIMWV,227.7,T,9.1,N,A*33
2026-06-18T09:51:50.000Z $IIRPM,E,1,0,,A*66
2026-06-18T09:52:00.000Z $GPRMC,095200.00,A,5306.8284,N,00443.0519,E,8.0,218.3,180626,,,A*53
2026-06-18T09:52:00.000Z $GPGGA,095200.00,5306.8284,N,00443.0519,E,1,8,0.9,0.0,M,0.0,M,,*6B
2026-06-18T09:52:00.000Z $IIHDG,217.7,,,,*4A
2026-06-18T09:52:00.000Z $IIMWV,228.0,T,10.2,N,A*00
2026-06-18T09:52:00.000Z $IIDBT,85.8,f,26.1,M,14.3,F*27
2026-06-18T09:52:00.000Z $IIRPM,E,1,0,,A*66
2026-06-18T09:52:00.000Z $IIXDR,V,12.64,V,BATT*62
2026-06-18T09:52:00.000Z $GPVTG,218.3,T,,M,8.0,N,14.8,K,A*30
2026-06-18T09:52:00.000Z !AIVDM,1,1,,A,B3a0sQ0tN05LEmWUkb1ruRP000000,0*70
2026-06-18T09:52:10.000Z $GPRMC,095210.00,A,5306.7964,N,00443.0452,E,8.0,218.3,180626,,,A*56
2026-06-18T09:52:10.000Z $IIHDG,219.4,,,,*47
2026-06-18T09:52:10.000Z $IIMWV,227.5,T,9.5,N,A*35
2026-06-18T09:52:10.000Z $IIRPM,E,1,0,,A*66
2026-06-18T09:52:20.000Z $GPRMC,095220.00,A,5306.7896,N,00443.0328,E,8.0,217.8,180626,,,A*57
2026-06-18T09:52:20.000Z $IIHDG,220.5,,,,*4C
2026-06-18T09:52:20.000Z $IIMWV,230.1,T,10.7,N,A*0D
2026-06-18T09:52:20.000Z $IIRPM,E,1,0,,A*66
2026-06-18T09:52:30.000Z $GPRMC,095230.00,A,5306.7381,N,00442.9802,E,8.0,217.5,180626,,,A*5D
2026-06-18T09:52:30.000Z $GPGGA,095230.00,5306.7381,N,00442.9802,E,1,8,0.9,0.0,M,0.0,M,,*6C
2026-06-18T09:52:30.000Z $IIHDG,218.2,,,,*40
2026-06-18T09:52:30.000Z $IIMWV,228.8,T,9.2,N,A*30
2026-06-18T09:52:30.000Z $IIDBT,88.3,f,26.9,M,14.7,F*2D
2026-06-18T09:52:30.000Z $IIRPM,E,1,0,,A*66
2026-06-18T09:52:30.000Z $GPVTG,217.5,T,,M,8.0,N,14.8,K,A*39
2026-06-18T09:52:30.000Z !AIVDM,1,1,,A,B3a0sQ0tN05LFuWUkVmruRP000000,0*03
2026-06-18T09:52:40.000Z $GPRMC,095240.00,A,5306.7225,N,00442.9568,E,8.0,219.0,180626,,,A*5F
2026-06-18T09:52:40.000Z $IIHDG,216.4,,,,*48
2026-06-18T09:52:40.000Z $IIMWV,231.1,T,9.2,N,A*31
2026-06-18T09:52:40.000Z $IIRPM,E,1,0,,A*66
2026-06-18T09:52:50.000Z $GPRMC,095250.00,A,5306.6948,N,00442.9389,E,8.0,218.7,180626,,,A*50
2026-06-18T09:52:50.000Z $IIHDG,216.6,,,,*4A
2026-06-18T09:52:50.000Z $IIMWV,229.2,T,8.6,N,A*3E
2026-06-18T09:52:50.000Z $IIRPM,E,1,0,,A*66
2026-06-18T09:53:00.000Z $GPRMC,095300.00,A,5306.6889,N,00442.9208,E,8.0,218.7,180626,,,A*50
2026-06-18T09:53:00.000Z $GPGGA,095300.00,5306.6889,N,00442.9208,E,1,9,0.9,0.0,M,0.0,M,,*6D
2026-06-18T09:53:00.000Z $IIHDG,218.4,,,,*46
2026-06-18T09:53:00.000Z $IIMWV,224.5,T,9.8,N,A*3B
2026-06-18T09:53:00.000Z $IIDBT,86.9,f,26.5,M,14.5,F*27
2026-06-18T09:53:00.000Z $IIRPM,E,1,0,,A*66
2026-06-18T09:53:00.000Z $IIXDR,V,12.53,V,BATT*66
2026-06-18T09:53:00.000Z $GPVTG,218.7,T,,M,8.0,N,14.8,K,A*34
2026-06-18T09:53:00.000Z !AIVDM,1,1,,A,B3a0sQ0tN05LDQ7Uk0EruRP000000,0*0B
2026-06-18T09:53:10.000Z $GPRMC,095310.00,A,5306.6766,N,00442.9193,E,8.0,219.4,180626,,,A*5C
2026-06-18T09:53:10.000Z $IIHDG,218.3,,,,*41
2026-06-18T09:53:10.000Z $IIMWV,226.9,T,11.4,N,A*00
2026-06-18T09:53:10.000Z $IIRPM,E,1,0,,A*66
2026-06-18T09:53:20.000Z $GPRMC,095320.00,A,5306.6934,N,00442.8782,E,8.0,217.7,180626,,,A*5C
2026-06-18T09:53:20.000Z $IIHDG,217.8,,,,*45
2026-06-18T09:53:20.000Z $IIMWV,233.1,T,10.1,N,A*08
2026-06-18T09:53:20.000Z $IIRPM,E,1,0,,A*66
2026-06-18T09:53:30.000Z $GPRMC,095330.00,A,5306.6333,N,00442.8594,E,8.0,219.8,180626,,,A*54
2026-06-18T09:53:30.000Z $GPGGA,095330.00,5306.6333,N,00442.8594,E,1,11,0.9,0.0,M,0.0,M,,*5E
2026-06-18T09:53:30.000Z $IIHDG,220.4,,,,*4D
2026-06-18T09:53:30.000Z $IIMWV,232.6,T,10.5,N,A*0A
2026-06-18T09:53:30.000Z $IIDBT,84.3,f,25.7,M,14.0,F*2B
2026-06-18T09:53:30.000Z $IIRPM,E,1,0,,A*66
2026-06-18T09:53:30.000Z $GPVTG,219.8,T,,M,8.0,N,14.8,K,A*3A
2026-06-18T09:53:30.000Z !AIVDM,1,1,,A,B3a0sQ0tN05LA@WUisUruRP000000,0*2E
2026-06-18T09:53:40.000Z $GPRMC,095340.00,A,5306.6114,N,00442.8263,E,8.0,218.8,180626,,,A*5A
2026-06-18T09:53:40.000Z $IIHDG,220.4,,,,*4D
2026-06-18T09:53:40.000Z $IIMWV,231.3,T,10.6,N,A*0F
2026-06-18T09:53:40.000Z $IIRPM,E,1,0,,A*66
2026-06-18T09:53:50.000Z $GPRMC,095350.00,A,5306.6025,N,00442.8097,E,8.0,218.3,180626,,,A*5A
2026-06-18T09:53:50.000Z $IIHDG,217.1,,,,*4C
2026-06-18T09:53:50.000Z $IIMWV,230.0,T,10.7,N,A*0C
2026-06-18T09:53:50.000Z $IIRPM,E,1,0,,A*66
2026-06-18T09:54:00.000Z $GPRMC,095400.00,A,5306.5755,N,00442.7723,E,8.0,219.5,180626,,,A*5B
2026-06-18T09:54:00.000Z $GPGGA,095400.00,5306.5755,N,00442.7723,E,1,11,0.9,0.0,M,0.0,M,,*5C
2026-06-18T09:54:00.000Z $IIHDG,219.2,,,,*41
2026-06-18T09:54:00.000Z $IIMWV,229.3,T,10.1,N,A*01
2026-06-18T09:54:00.000Z $IIDBT,86.7,f,26.4,M,14.4,F*29
2026-06-18T09:54:00.000Z $IIRPM,E,1,0,,A*66
2026-06-18T09:54:00.000Z $IIXDR,V,12.58,V,BATT*6D
2026-06-18T09:54:00.000Z $GPVTG,219.5,T,,M,8.0,N,14.8,K,A*37
2026-06-18T09:54:00.000Z !AIVDM,1,1,,A,B3a0sQ0tN05L@5WUidAruRP000000,0*59
2026-06-18T09:54:10.000Z $GPRMC,095410.00,A,5306.6043,N,00442.7824,E,8.0,219.5,180626,,,A*51
2026-06-18T09:54:10.000Z $IIHDG,220.3,,,,*4A
2026-06-18T09:54:10.000Z $IIMWV,233.2,T,9.1,N,A*33
2026-06-18T09:54:10.000Z $IIRPM,E,1,0,,A*66
2026-06-18T09:54:20.000Z $GPRMC,095420.00,A,5306.5688,N,00442.7259,E,8.0,219.5,180626,,,A*50
2026-06-18T09:54:20.000Z $IIHDG,220.3,,,,*4A
2026-06-18T09:54:20.000Z $IIMWV,225.8,T,10.8,N,A*0F
2026-06-18T09:54:20.000Z $IIRPM,E,1,0,,A*66
2026-06-18T09:54:30.000Z $GPRMC,095430.00,A,5306.5625,N,00442.7155,E,8.0,220.1,180626,,,A*57
2026-06-18T09:54:30.000Z $GPGGA,095430.00,5306.5625,N,00442.7155,E,1,8,0.9,0.0,M,0.0,M,,*66
2026-06-18T09:54:30.000Z $IIHDG,217.3,,,,*4E
2026-06-18T09:54:30.000Z $IIMWV,233.6,T,11.5,N,A*0A
2026-06-18T09:54:30.000Z $IIDBT,80.8,f,24.6,M,13.5,F*26
2026-06-18T09:54:30.000Z $IIRPM,E,1,0,,A*66
2026-06-18T09:54:30.000Z $GPVTG,220.1,T,,M,8.0,N,14.8,K,A*39
2026-06-18T09:54:30.000Z !AIVDM,1,1,,A,B3a0sQ0tN05L@6WUiN9ruRP000000,0*08
2026-06-18T09:54:40.000Z $GPRMC,095440.00,A,5306.5200,N,00442.7191,E,8.0,219.1,180626,,,A*51
2026-06-18T09:54:40.000Z $IIHDG,218.2,,,,*40
2026-06-18T09:54:40.000Z $IIMWV,231.6,T,8.8,N,A*3D
2026-06-18T09:54:40.000Z $IIRPM,E,1,0,,A*66
2026-06-18T09:54:50.000Z $GPRMC,095450.00,A,5306.5115,N,00442.6774,E,8.0,217.6,180626,,,A*52
2026-06-18T09:54:50.000Z $IIHDG,220.3,,,,*4A
2026-06-18T09:54:50.000Z $IIMWV,228.5,T,11.2,N,A*04
2026-06-18T09:54:50.000Z $IIRPM,E,1,0,,A*66
2026-06-18T09:55:00.000Z $GPRMC,095500.00,A,5306.4735,N,00442.6840,E,8.0,218.8,180626,,,A*5A
2026-06-18T09:55:00.000Z $GPGGA,095500.00,5306.4735,N,00442.6840,E,1,9,0.9,0.0,M,0.0,M,,*68
2026-06-18T09:55:00.000Z $IIHDG,220.7,,,,*4E
2026-06-18T09:55:00.000Z $IIMWV,225.0,T,10.8,N,A*07
2026-06-18T09:55:00.000Z $IIDBT,85.3,f,26.0,M,14.2,F*2C
2026-06-18T09:55:00.000Z $IIRPM,E,1,0,,A*66
2026-06-18T09:55:00.000Z $IIXDR,V,12.47,V,BATT*63
2026-06-18T09:55:00.000Z $IIMTA,18.5,C*09
2026-06-18T09:55:00.000Z $GPVTG,218.8,T,,M,8.0,N,14.8,K,A*3B
2026-06-18T09:55:00.000Z !AIVDM,1,1,,A,B3a0sQ0tN05L?c7UhFIruRP000000,0*3B
2026-06-18T09:55:10.000Z $GPRMC,095510.00,A,5306.4623,N,00442.6472,E,8.0,217.7,180626,,,A*50
2026-06-18T09:55:10.000Z $IIHDG,219.4,,,,*47
2026-06-18T09:55:10.000Z $IIMWV,228.3,T,10.0,N,A*01
2026-06-18T09:55:10.000Z $IIRPM,E,1,0,,A*66
2026-06-18T09:55:20.000Z $GPRMC,095520.00,A,5306.4763,N,00442.6073,E,8.0,219.1,180626,,,A*5B
2026-06-18T09:55:20.000Z $IIHDG,216.8,,,,*44
2026-06-18T09:55:20.000Z $IIMWV,227.8,T,10.3,N,A*06
2026-06-18T09:55:20.000Z $IIRPM,E,1,0,,A*66
2026-06-18T09:55:30.000Z $GPRMC,095530.00,A,5306.4688,N,00442.5777,E,8.0,219.9,180626,,,A*56
2026-06-18T09:55:30.000Z $GPGGA,095530.00,5306.4688,N,00442.5777,E,1,10,0.9,0.0,M,0.0,M,,*5C
2026-06-18T09:55:30.000Z $IIHDG,216.3,,,,*4F
2026-06-18T09:55:30.000Z $IIMWV,224.9,T,9.2,N,A*3D
2026-06-18T09:55:30.000Z $IIDBT,89.9,f,27.4,M,15.0,F*2C
2026-06-18T09:55:30.000Z $IIRPM,E,1,0,,A*66
2026-06-18T09:55:30.000Z $GPVTG,219.9,T,,M,8.0,N,14.8,K,A*3B
2026-06-18T09:55:30.000Z !AIVDM,1,1,,A,B3a0sQ0tN05L=p7UhU9ruRP000000,0*49
2026-06-18T09:55:40.000Z $GPRMC,095540.00,A,5306.4421,N,00442.6004,E,8.0,219.5,180626,,,A*5C
2026-06-18T09:55:40.000Z $IIHDG,220.2,,,,*4B
2026-06-18T09:55:40.000Z $IIMWV,224.8,T,11.3,N,A*04
2026-06-18T09:55:40.000Z $IIRPM,E,1,0,,A*66
2026-06-18T09:55:50.000Z $GPRMC,095550.00,A,5306.4277,N,00442.5749,E,8.0,218.0,180626,,,A*51
2026-06-18T09:55:50.000Z $IIHDG,218.4,,,,*46
2026-06-18T09:55:50.000Z $IIMWV,226.2,T,11.5,N,A*0A
2026-06-18T09:55:50.000Z $IIRPM,E,1,0,,A*66
2026-06-18T09:56:00.000Z $GPRMC,095600.00,A,5306.3902,N,00442.5456,E,8.0,217.3,180626,,,A*58
2026-06-18T09:56:00.000Z $GPGGA,095600.00,5306.3902,N,00442.5456,E,1,10,0.9,0.0,M,0.0,M,,*56
2026-06-18T09:56:00.000Z $IIHDG,216.5,,,,*49
2026-06-18T09:56:00.000Z $IIMWV,226.1,T,9.4,N,A*31
2026-06-18T09:56:00.000Z $IIDBT,83.8,f,25.5,M,14.0,F*25
2026-06-18T09:56:00.000Z $IIRPM,E,1,0,,A*66
2026-06-18T09:56:00.000Z $IIXDR,V,12.63,V,BATT*65
2026-06-18T09:56:00.000Z $GPVTG,217.3,T,,M,8.0,N,14.8,K,A*3F
2026-06-18T09:56:00.000Z !AIVDM,1,1,,A,B3a0sQ0tN05L9`WUgHaruRP000000,0*77
2026-06-18T09:56:10.000Z $GPRMC,095610.00,A,5306.3823,N,00442.5068,E,8.0,217.8,180626,,,A*59
2026-06-18T09:56:10.000Z $IIHDG,219.1,,,,*42
2026-06-18T09:56:10.000Z $IIMWV,224.9,T,10.0,N,A*07
2026-06-18T09:56:10.000Z $IIRPM,E,1,0,,A*66
2026-06-18T09:56:20.000Z $GPRMC,095620.00,A,5306.3768,N,00442.5145,E,8.0,219.3,180626,,,A*51
2026-06-18T09:56:20.000Z $IIHDG,221.0,,,,*48
2026-06-18T09:56:20.000Z $IIMWV,233.3,T,10.7,N,A*0C
2026-06-18T09:56:20.000Z $IIRPM,E,1,0,,A*66
2026-06-18T09:56:30.000Z $GPRMC,095630.00,A,5306.3349,N,00442.4624,E,8.0,219.5,180626,,,A*50
2026-06-18T09:56:30.000Z $GPGGA,095630.00,5306.3349,N,00442.4624,E,1,10,0.9,0.0,M,0.0,M,,*56
2026-06-18T09:56:30.000Z $IIHDG,221.0,,,,*48
2026-06-18T09:56:30.000Z $IIMWV,230.3,T,8.9,N,A*38
2026-06-18T09:56:30.000Z $IIDBT,82.0,f,25.0,M,13.7,F*29
2026-06-18T09:56:30.000Z $IIRPM,E,1,0,,A*66
2026-06-18T09:56:30.000Z $GPVTG,219.5,T,,M,8.0,N,14.8,K,A*37
2026-06-18T09:56:30.000Z !AIVDM,1,1,,A,B3a0sQ0tN05L2bWUgTQruRP000000,0*52
2026-06-18T09:56:40.000Z $GPRMC,095640.00,A,5306.3130,N,00442.4300,E,8.0,219.1,180626,,,A*5C
2026-06-18T09:56:40.000Z $IIHDG,219.4,,,,*47
2026-06-18T09:56:40.000Z $IIMWV,231.8,T,8.9,N,A*32
2026-06-18T09:56:40.000Z $IIRPM,E,1,0,,A*66
2026-06-18T09:56:50.000Z $GPRMC,095650.00,A,5306.3076,N,00442.3957,E,8.0,219.4,180626,,,A*54
2026-06-18T09:56:50.000Z $IIHDG,220.4,,,,*4D
2026-06-18T09:56:50.000Z $IIMWV,229.3,T,9.4,N,A*3C
2026-06-18T09:56:50.000Z $IIRPM,E,1,0,,A*66
2026-06-18T09:57:00.000Z $GPRMC,095700.00,A,5306.2766,N,00442.3751,E,8.0,218.5,180626,,,A*5F
2026-06-18T09:57:00.000Z $GPGGA,095700.00,5306.2766,N,00442.3751,E,1,9,0.9,0.0,M,0.0,M,,*60
2026-06-18T09:57:00.000Z $IIHDG,217.9,,,,*44
2026-06-18T09:57:00.000Z $IIMWV,227.8,T,11.3,N,A*07
2026-06-18T09:57:00.000Z $IIDBT,89.4,f,27.2,M,14.9,F*2F
2026-06-18T09:57:00.000Z $IIRPM,E,1,0,,A*66
2026-06-18T09:57:00.000Z $IIXDR,V,12.60,V,BATT*66
2026-06-18T09:57:00.000Z $GPVTG,218.5,T,,M,8.0,N,14.8,K,A*36
2026-06-18T09:57:00.000Z !AIVDM,1,1,,A,B3a0sQ0tN05L6=WUfrEruRP000000,0*3A
2026-06-18T09:57:10.000Z $GPRMC,095710.00,A,5306.2829,N,00442.3783,E,8.0,218.3,180626,,,A*53
2026-06-18T09:57:10.000Z $IIHDG,219.8,,,,*4B
2026-06-18T09:57:10.000Z $IIMWV,224.7,T,9.1,N,A*30
2026-06-18T09:57:10.000Z $IIRPM,E,1,0,,A*66
2026-06-18T09:57:20.000Z $GPRMC,095720.00,A,5306.2786,N,00442.3581,E,8.0,219.2,180626,,,A*5A
2026-06-18T09:57:20.000Z $IIHDG,219.5,,,,*46
2026-06-18T09:57:20.000Z $IIMWV,227.2,T,9.3,N,A*34
2026-06-18T09:57:20.000Z $IIRPM,E,1,0,,A*66
2026-06-18T09:57:30.000Z $GPRMC,095730.00,A,5306.2222,N,00442.3458,E,8.0,219.1,180626,,,A*56
2026-06-18T09:57:30.000Z $GPGGA,095730.00,5306.2222,N,00442.3458,E,1,9,0.9,0.0,M,0.0,M,,*6C
2026-06-18T09:57:30.000Z $IIHDG,217.5,,,,*48
2026-06-18T09:57:30.000Z $IIMWV,230.8,T,8.8,N,A*32
2026-06-18T09:57:30.000Z $IIDBT,89.6,f,27.3,M,14.9,F*2C
2026-06-18T09:57:30.000Z $IIRPM,E,1,0,,A*66
2026-06-18T09:57:30.000Z $GPVTG,219.1,T,,M,8.0,N,14.8,K,A*33
2026-06-18T09:57:30.000Z !AIVDM,1,1,,A,B3a0sQ0tN05L1kWUfi=ruRP000000,0*08
2026-06-18T09:57:40.000Z $GPRMC,095740.00,A,5306.2310,N,00442.3155,E,8.0,218.2,180626,,,A*5B
2026-06-18T09:57:40.000Z $IIHDG,218.0,,,,*42
2026-06-18T09:57:40.000Z $IIMWV,227.5,T,11.0,N,A*09
2026-06-18T09:57:40.000Z $IIRPM,E,1,0,,A*66
2026-06-18T09:57:50.000Z $GPRMC,095750.00,A,5306.2204,N,00442.2794,E,8.0,219.4,180626,,,A*53
2026-06-18T09:57:50.000Z $IIHDG,216.8,,,,*44
2026-06-18T09:57:50.000Z $IIMWV,231.8,T,10.4,N,A*06
2026-06-18T09:57:50.000Z $IIRPM,E,1,0,,A*66
2026-06-18T09:58:00.000Z $GPRMC,095800.00,A,5306.1979,N,00442.2809,E,8.0,217.3,180626,,,A*59
2026-06-18T09:58:00.000Z $GPGGA,095800.00,5306.1979,N,00442.2809,E,1,8,0.9,0.0,M,0.0,M,,*6E
2026-06-18T09:58:00.000Z $IIHDG,220.5,,,,*4C
2026-06-18T09:58:00.000Z $IIMWV,232.5,T,10.8,N,A*04
2026-06-18T09:58:00.000Z $IIDBT,81.7,f,24.9,M,13.6,F*24
2026-06-18T09:58:00.000Z $IIRPM,E,1,0,,A*66
2026-06-18T09:58:00.000Z $IIXDR,V,12.52,V,BATT*67
2026-06-18T09:58:00.000Z $GPVTG,217.3,T,,M,8.0,N,14.8,K,A*3F
2026-06-18T09:58:00.000Z !AIVDM,1,1,,A,B3a0sQ0tN05L5g7Uf4aruRP000000,0*61
2026-06-18T09:58:10.000Z $GPRMC,095810.00,A,5306.1893,N,00442.2505,E,8.0,219.7,180626,,,A*56
2026-06-18T09:58:10.000Z $IIHDG,217.2,,,,*4F
2026-06-18T09:58:10.000Z $IIMWV,225.1,T,8.6,N,A*31
2026-06-18T09:58:10.000Z $IIRPM,E,1,0,,A*66
2026-06-18T09:58:20.000Z $GPRMC,095820.00,A,5306.1875,N,00442.2186,E,8.0,218.9,180626,,,A*5D
2026-06-18T09:58:20.000Z $IIHDG,218.8,,,,*4A
2026-06-18T09:58:20.000Z $IIMWV,227.4,T,9.8,N,A*39
2026-06-18T09:58:20.000Z $IIRPM,E,1,0,,A*66
2026-06-18T09:58:30.000Z $GPRMC,095830.00,A,5306.1621,N,00442.1994,E,8.0,217.3,180626,,,A*5E
2026-06-18T09:58:30.000Z $GPGGA,095830.00,5306.1621,N,00442.1994,E,1,8,0.9,0.0,M,0.0,M,,*69
2026-06-18T09:58:30.000Z $IIHDG,217.5,,,,*48
2026-06-18T09:58:30.000Z $IIMWV,230.3,T,10.2,N,A*0A
2026-06-18T09:58:30.000Z $IIDBT,84.4,f,25.7,M,14.1,F*2D
2026-06-18T09:58:30.000Z $IIRPM,E,1,0,,A*66
2026-06-18T09:58:30.000Z $GPVTG,217.3,T,,M,8.0,N,14.8,K,A*3F
2026-06-18T09:58:30.000Z !AIVDM,1,1,,A,B3a0sQ0tN05KwjWUe8=ruRP000000,0*1A
2026-06-18T09:58:40.000Z $GPRMC,095840.00,A,5306.1244,N,00442.2065,E,8.0,217.3,180626,,,A*5A
2026-06-18T09:58:40.000Z $IIHDG,217.3,,,,*4E
2026-06-18T09:58:40.000Z $IIMWV,233.2,T,10.8,N,A*02
2026-06-18T09:58:40.000Z $IIRPM,E,1,0,,A*66
2026-06-18T09:58:50.000Z $GPRMC,095850.00,A,5306.0910,N,00442.1750,E,8.0,218.9,180626,,,A*57
2026-06-18T09:58:50.000Z $IIHDG,219.8,,,,*4B
2026-06-18T09:58:50.000Z $IIMWV,225.3,T,9.5,N,A*31
2026-06-18T09:58:50.000Z $IIRPM,E,1,0,,A*66
2026-06-18T09:59:00.000Z $GPRMC,095900.00,A,5306.0721,N,00442.1568,E,8.0,217.9,180626,,,A*59
2026-06-18T09:59:00.000Z $GPGGA,095900.00,5306.0721,N,00442.1568,E,1,11,0.9,0.0,M,0.0,M,,*5C
2026-06-18T09:59:00.000Z $IIHDG,220.4,,,,*4D
2026-06-18T09:59:00.000Z $IIMWV,227.9,T,10.2,N,A*06
2026-06-18T09:59:00.000Z $IIDBT,85.3,f,26.0,M,14.2,F*2C
2026-06-18T09:59:00.000Z $IIRPM,E,1,0,,A*66
2026-06-18T09:59:00.000Z $IIXDR,V,12.57,V,BATT*62
2026-06-18T09:59:00.000Z $GPVTG,217.9,T,,M,8.0,N,14.8,K,A*35
2026-06-18T09:59:00.000Z !AIVDM,1,1,,A,B3a0sQ0tN05Kr17UdhqruRP000000,0*39
2026-06-18T09:59:10.000Z $GPRMC,095910.00,A,5306.0675,N,00442.1331,E,8.0,217.4,180626,,,A*5F
2026-06-18T09:59:10.000Z $IIHDG,217.8,,,,*45
2026-06-18T09:59:10.000Z $IIMWV,224.2,T,10.9,N,A*05
2026-06-18T09:59:10.000Z $IIRPM,E,1,0,,A*66
2026-06-18T09:59:20.000Z $GPRMC,095920.00,A,5306.0637,N,00442.1039,E,8.0,219.6,180626,,,A*5D
2026-06-18T09:59:20.000Z $IIHDG,217.5,,,,*48
2026-06-18T09:59:20.000Z $IIMWV,224.4,T,9.7,N,A*35
2026-06-18T09:59:20.000Z $IIRPM,E,1,0,,A*66
2026-06-18T09:59:30.000Z $GPRMC,095930.00,A,5306.0264,N,00442.0624,E,8.0,217.8,180626,,,A*55
2026-06-18T09:59:30.000Z $GPGGA,095930.00,5306.0264,N,00442.0624,E,1,10,0.9,0.0,M,0.0,M,,*50
2026-06-18T09:59:30.000Z $IIHDG,216.9,,,,*45
2026-06-18T09:59:30.000Z $IIMWV,226.3,T,10.0,N,A*0F
2026-06-18T09:59:30.000Z $IIDBT,87.1,f,26.5,M,14.5,F*2E
2026-06-18T09:59:30.000Z $IIRPM,E,1,0,,A*66
2026-06-18T09:59:30.000Z $GPVTG,217.8,T,,M,8.0,N,14.8,K,A*34
2026-06-18T09:59:30.000Z !AIVDM,1,1,,A,B3a0sQ0tN05KrLWUdhAruRP000000,0*14
2026-06-18T09:59:40.000Z $GPRMC,095940.00,A,5306.0472,N,00442.0180,E,8.0,217.8,180626,,,A*5A
2026-06-18T09:59:40.000Z $IIHDG,216.7,,,,*4B
2026-06-18T09:59:40.000Z $IIMWV,229.2,T,9.5,N,A*3C
2026-06-18T09:59:40.000Z $IIRPM,E,1,0,,A*66
2026-06-18T09:59:50.000Z $GPRMC,095950.00,A,5306.0014,N,00442.0117,E,8.0,219.4,180626,,,A*53
2026-06-18T09:59:50.000Z $IIHDG,220.5,,,,*4C
2026-06-18T09:59:50.000Z $IIMWV,227.9,T,10.2,N,A*06
2026-06-18T09:59:50.000Z $IIRPM,E,1,0,,A*66
2026-06-18T10:00:00.000Z $GPRMC,100000.00,A,5305.9729,N,00441.9800,E,8.0,218.4,180626,,,A*55
2026-06-18T10:00:00.000Z $GPGGA,100000.00,5305.9729,N,00441.9800,E,1,8,0.9,0.0,M,0.0,M,,*6A
2026-06-18T10:00:00.000Z $IIHDG,217.6,,,,*4B
2026-06-18T10:00:00.000Z $IIMWV,239.3,T,15.3,N,A*07
2026-06-18T10:00:00.000Z $IIDBT,85.9,f,26.2,M,14.3,F*25
2026-06-18T10:00:00.000Z $IIRPM,E,1,0,,A*66
2026-06-18T10:00:00.000Z $IIXDR,V,12.65,V,BATT*63
2026-06-18T10:00:00.000Z $IIMTA,18.5,C*09
2026-06-18T10:00:00.000Z $GPVTG,218.4,T,,M,8.0,N,14.8,K,A*37
2026-06-18T10:00:00.000Z !AIVDM,1,1,,A,B3a0sQ0tN05KnOWUcKeruRP000000,0*0B
2026-06-18T10:00:10.000Z $GPRMC,100010.00,A,5305.9876,N,00441.9717,E,7.1,197.6,180626,,,A*50
2026-06-18T10:00:10.000Z $IIHDG,198.8,,,,*41
2026-06-18T10:00:10.000Z $IIMWV,220.3,T,14.2,N,A*0F
2026-06-18T10:00:10.000Z $IIRPM,E,1,0,,A*66
2026-06-18T10:00:20.000Z $GPRMC,100020.00,A,5305.9535,N,00441.9567,E,6.4,196.9,180626,,,A*56
2026-06-18T10:00:20.000Z $IIHDG,199.2,,,,*4A
2026-06-18T10:00:20.000Z $IIMWV,212.6,T,15.2,N,A*0A
2026-06-18T10:00:20.000Z $IIRPM,E,1,0,,A*66
2026-06-18T10:00:30.000Z $GPRMC,100030.00,A,5305.9408,N,00441.9799,E,6.7,196.4,180626,,,A*55
2026-06-18T10:00:30.000Z $GPGGA,100030.00,5305.9408,N,00441.9799,E,1,10,0.9,0.0,M,0.0,M,,*5F
2026-06-18T10:00:30.000Z $IIHDG,195.4,,,,*40
2026-06-18T10:00:30.000Z $IIMWV,216.8,T,15.3,N,A*01
2026-06-18T10:00:30.000Z $IIDBT,85.0,f,25.9,M,14.2,F*25
2026-06-18T10:00:30.000Z $IIRPM,E,1,0,,A*66
2026-06-18T10:00:30.000Z $GPVTG,196.4,T,,M,6.7,N,12.5,K,A*30
2026-06-18T10:00:40.000Z $GPRMC,100040.00,A,5305.9177,N,00441.9956,E,7.1,197.5,180626,,,A*55
2026-06-18T10:00:40.000Z $IIHDG,194.9,,,,*4C
2026-06-18T10:00:40.000Z $IIMWV,212.2,T,12.9,N,A*02
2026-06-18T10:00:40.000Z $IIRPM,E,1,0,,A*66
2026-06-18T10:00:50.000Z $GPRMC,100050.00,A,5305.9089,N,00441.9429,E,7.0,197.6,180626,,,A*53
2026-06-18T10:00:50.000Z $IIHDG,196.7,,,,*40
2026-06-18T10:00:50.000Z $IIMWV,213.3,T,13.0,N,A*0A
2026-06-18T10:00:50.000Z $IIRPM,E,1,0,,A*66
2026-06-18T10:01:00.000Z $GPRMC,100100.00,A,5305.9109,N,00441.9340,E,6.6,196.4,180626,,,A*52
2026-06-18T10:01:00.000Z $GPGGA,100100.00,5305.9109,N,00441.9340,E,1,11,0.9,0.0,M,0.0,M,,*58
2026-06-18T10:01:00.000Z $IIHDG,197.2,,,,*44
2026-06-18T10:01:00.000Z $IIMWV,215.6,T,12.9,N,A*01
2026-06-18T10:01:00.000Z $IIDBT,89.6,f,27.3,M,14.9,F*2C
2026-06-18T10:01:00.000Z $IIRPM,E,1,0,,A*66
2026-06-18T10:01:00.000Z $IIXDR,V,12.58,V,BATT*6D
2026-06-18T10:01:00.000Z $GPVTG,196.4,T,,M,6.6,N,12.2,K,A*36
2026-06-18T10:01:10.000Z $GPRMC,100110.00,A,5305.8719,N,00441.9347,E,6.5,197.7,180626,,,A*53
2026-06-18T10:01:10.000Z $IIHDG,194.8,,,,*4D
2026-06-18T10:01:10.000Z $IIMWV,214.5,T,14.3,N,A*0F
2026-06-18T10:01:10.000Z $IIRPM,E,1,0,,A*66
2026-06-18T10:01:20.000Z $GPRMC,100120.00,A,5305.8768,N,00441.9087,E,6.6,197.2,180626,,,A*5F
2026-06-18T10:01:20.000Z $IIHDG,198.8,,,,*41
2026-06-18T10:01:20.000Z $IIMWV,216.0,T,14.1,N,A*0A
2026-06-18T10:01:20.000Z $IIRPM,E,1,0,,A*66
2026-06-18T10:01:30.000Z $GPRMC,100130.00,A,5305.8298,N,00441.9528,E,7.1,197.1,180626,,,A*51
2026-06-18T10:01:30.000Z $GPGGA,100130.00,5305.8298,N,00441.9528,E,1,11,0.9,0.0,M,0.0,M,,*59
2026-06-18T10:01:30.000Z $IIHDG,195.2,,,,*46
2026-06-18T10:01:30.000Z $IIMWV,220.6,T,13.3,N,A*0C
2026-06-18T10:01:30.000Z $IIDBT,85.5,f,26.1,M,14.2,F*2B
2026-06-18T10:01:30.000Z $IIRPM,E,1,0,,A*66
2026-06-18T10:01:30.000Z $GPVTG,197.1,T,,M,7.1,N,13.2,K,A*35
2026-06-18T10:01:40.000Z $GPRMC,100140.00,A,5305.8265,N,00441.8868,E,7.1,196.1,180626,,,A*5D
2026-06-18T10:01:40.000Z $IIHDG,195.7,,,,*43
2026-06-18T10:01:40.000Z $IIMWV,217.8,T,13.5,N,A*00
2026-06-18T10:01:40.000Z $IIRPM,E,1,0,,A*66
2026-06-18T10:01:50.000Z $GPRMC,100150.00,A,5305.7928,N,00441.8975,E,6.8,196.4,180626,,,A*51
2026-06-18T10:01:50.000Z $IIHDG,196.5,,,,*42
2026-06-18T10:01:50.000Z $IIMWV,214.2,T,14.5,N,A*0E
2026-06-18T10:01:50.000Z $IIRPM,E,1,0,,A*66
2026-06-18T10:02:00.000Z $GPRMC,100200.00,A,5305.7898,N,00441.9299,E,6.9,197.2,180626,,,A*53
2026-06-18T10:02:00.000Z $GPGGA,100200.00,5305.7898,N,00441.9299,E,1,8,0.9,0.0,M,0.0,M,,*69
2026-06-18T10:02:00.000Z $IIHDG,195.3,,,,*47
2026-06-18T10:02:00.000Z $IIMWV,212.6,T,14.8,N,A*01
2026-06-18T10:02:00.000Z $IIDBT,86.0,f,26.2,M,14.3,F*2F
2026-06-18T10:02:00.000Z $IIRPM,E,1,0,,A*66
2026-06-18T10:02:00.000Z $IIXDR,V,12.48,V,BATT*6C
2026-06-18T10:02:00.000Z $GPVTG,197.2,T,,M,6.9,N,12.9,K,A*35
2026-06-18T10:02:10.000Z $GPRMC,100210.00,A,5305.7977,N,00441.8733,E,6.6,195.5,180626,,,A*5C
2026-06-18T10:02:10.000Z $IIHDG,194.8,,,,*4D
2026-06-18T10:02:10.000Z $IIMWV,219.3,T,14.8,N,A*0F
2026-06-18T10:02:10.000Z $IIRPM,E,1,0,,A*66
2026-06-18T10:02:20.000Z $GPRMC,100220.00,A,5305.7726,N,00441.8612,E,6.7,197.6,180626,,,A*57
2026-06-18T10:02:20.000Z $IIHDG,195.2,,,,*46
2026-06-18T10:02:20.000Z $IIMWV,214.7,T,14.7,N,A*09
2026-06-18T10:02:20.000Z $IIRPM,E,1,0,,A*66
2026-06-18T10:02:30.000Z $GPRMC,100230.00,A,5305.7346,N,00441.8982,E,6.4,197.1,180626,,,A*56
2026-06-18T10:02:30.000Z $GPGGA,100230.00,5305.7346,N,00441.8982,E,1,10,0.9,0.0,M,0.0,M,,*5B
2026-06-18T10:02:30.000Z $IIHDG,198.1,,,,*48
2026-06-18T10:02:30.000Z $IIMWV,213.0,T,14.8,N,A*06
2026-06-18T10:02:30.000Z $IIDBT,85.7,f,26.1,M,14.3,F*28
2026-06-18T10:02:30.000Z $IIRPM,E,1,0,,A*66
2026-06-18T10:02:30.000Z $GPVTG,197.1,T,,M,6.4,N,11.8,K,A*39
2026-06-18T10:02:40.000Z $GPRMC,100240.00,A,5305.7519,N,00441.8367,E,6.4,197.5,180626,,,A*58
2026-06-18T10:02:40.000Z $IIHDG,198.0,,,,*49
2026-06-18T10:02:40.000Z $IIMWV,217.5,T,15.0,N,A*0E
2026-06-18T10:02:40.000Z $IIRPM,E,1,0,,A*66
2026-06-18T10:02:50.000Z $GPRMC,100250.00,A,5305.7346,N,00441.8852,E,6.9,195.5,180626,,,A*57
2026-06-18T10:02:50.000Z $IIHDG,197.2,,,,*44
2026-06-18T10:02:50.000Z $IIMWV,215.7,T,12.8,N,A*01
2026-06-18T10:02:50.000Z $IIRPM,E,1,0,,A*66
2026-06-18T10:03:00.000Z $GPRMC,100300.00,A,5305.6842,N,00441.8538,E,6.8,196.6,180626,,,A*5D
2026-06-18T10:03:00.000Z $GPGGA,100300.00,5305.6842,N,00441.8538,E,1,8,0.9,0.0,M,0.0,M,,*63
2026-06-18T10:03:00.000Z $IIHDG,194.4,,,,*41
2026-06-18T10:03:00.000Z $IIMWV,219.8,T,15.4,N,A*09
2026-06-18T10:03:00.000Z $IIDBT,87.0,f,26.5,M,14.5,F*2F
2026-06-18T10:03:00.000Z $IIRPM,E,1,0,,A*66
2026-06-18T10:03:00.000Z $IIXDR,V,12.61,V,BATT*67
2026-06-18T10:03:00.000Z $GPVTG,196.6,T,,M,6.8,N,12.7,K,A*3F
2026-06-18T10:03:10.000Z $GPRMC,100310.00,A,5305.7029,N,00441.8626,E,6.9,197.2,180626,,,A*50
2026-06-18T10:03:10.000Z $IIHDG,195.3,,,,*47
2026-06-18T10:03:10.000Z $IIMWV,214.9,T,15.1,N,A*00
2026-06-18T10:03:10.000Z $IIRPM,E,1,0,,A*66
2026-06-18T10:03:20.000Z $GPRMC,100320.00,A,5305.6864,N,00441.8340,E,6.9,198.2,180626,,,A*59
2026-06-18T10:03:20.000Z $IIHDG,195.8,,,,*4C
2026-06-18T10:03:20.000Z $IIMWV,215.7,T,14.9,N,A*06
2026-06-18T10:03:20.000Z $IIRPM,E,1,0,,A*66
2026-06-18T10:03:30.000Z $GPRMC,100330.00,A,5305.6604,N,00441.8331,E,6.6,195.8,180626,,,A*5E
2026-06-18T10:03:30.000Z $GPGGA,100330.00,5305.6604,N,00441.8331,E,1,11,0.9,0.0,M,0.0,M,,*5B
2026-06-18T10:03:30.000Z $IIHDG,195.5,,,,*41
2026-06-18T10:03:30.000Z $IIMWV,217.2,T,14.3,N,A*0B
2026-06-18T10:03:30.000Z $IIDBT,87.6,f,26.7,M,14.6,F*28
2026-06-18T10:03:30.000Z $IIRPM,E,1,0,,A*66
2026-06-18T10:03:30.000Z $GPVTG,195.8,T,,M,6.6,N,12.2,K,A*39
2026-06-18T10:03:40.000Z $GPRMC,100340.00,A,5305.6473,N,00441.8233,E,6.6,195.9,180626,,,A*59
2026-06-18T10:03:40.000Z $IIHDG,196.7,,,,*40
2026-06-18T10:03:40.000Z $IIMWV,213.3,T,14.5,N,A*08
2026-06-18T10:03:40.000Z $IIRPM,E,1,0,,A*66
2026-06-18T10:03:50.000Z $GPRMC,100350.00,A,5305.6139,N,00441.7850,E,6.8,196.3,180626,,,A*54
2026-06-18T10:03:50.000Z $IIHDG,198.1,,,,*48
2026-06-18T10:03:50.000Z $IIMWV,213.7,T,12.9,N,A*06
2026-06-18T10:03:50.000Z $IIRPM,E,1,0,,A*66
2026-06-18T10:04:00.000Z $GPRMC,100400.00,A,5305.6016,N,00441.8094,E,6.5,198.2,180626,,,A*57
2026-06-18T10:04:00.000Z $GPGGA,100400.00,5305.6016,N,00441.8094,E,1,9,0.9,0.0,M,0.0,M,,*6F
2026-06-18T10:04:00.000Z $IIHDG,198.0,,,,*49
2026-06-18T10:04:00.000Z $IIMWV,215.1,T,14.8,N,A*01
2026-06-18T10:04:00.000Z $IIDBT,86.9,f,26.5,M,14.5,F*27
2026-06-18T10:04:00.000Z $IIRPM,E,1,0,,A*66
2026-06-18T10:04:00.000Z $IIXDR,V,12.52,V,BATT*67
2026-06-18T10:04:00.000Z $GPVTG,198.2,T,,M,6.5,N,12.0,K,A*3F
2026-06-18T10:04:10.000Z $GPRMC,100410.00,A,5305.5733,N,00441.7722,E,7.1,196.9,180626,,,A*50
2026-06-18T10:04:10.000Z $IIHDG,197.9,,,,*4F
2026-06-18T10:04:10.000Z $IIMWV,220.3,T,13.5,N,A*0F
2026-06-18T10:04:10.000Z $IIRPM,E,1,0,,A*66
2026-06-18T10:04:20.000Z $GPRMC,100420.00,A,5305.5873,N,00441.7796,E,6.5,197.5,180626,,,A*5F
2026-06-18T10:04:20.000Z $IIHDG,198.6,,,,*4F
2026-06-18T10:04:20.000Z $IIMWV,212.4,T,13.5,N,A*09
2026-06-18T10:04:20.000Z $IIRPM,E,1,0,,A*66
2026-06-18T10:04:30.000Z $GPRMC,100430.00,A,5305.5784,N,00441.7723,E,6.8,196.6,180626,,,A*58
2026-06-18T10:04:30.000Z $GPGGA,100430.00,5305.5784,N,00441.7723,E,1,9,0.9,0.0,M,0.0,M,,*67
2026-06-18T10:04:30.000Z $IIHDG,195.1,,,,*45
2026-06-18T10:04:30.000Z $IIMWV,215.9,T,14.7,N,A*06
2026-06-18T10:04:30.000Z $IIDBT,86.5,f,26.4,M,14.4,F*2B
2026-06-18T10:04:30.000Z $IIRPM,E,1,0,,A*66
2026-06-18T10:04:30.000Z $GPVTG,196.6,T,,M,6.8,N,12.6,K,A*3E
2026-06-18T10:04:40.000Z $GPRMC,100440.00,A,5305.5118,N,00441.7930,E,6.4,197.6,180626,,,A*5D
2026-06-18T10:04:40.000Z $IIHDG,197.1,,,,*47
2026-06-18T10:04:40.000Z $IIMWV,214.4,T,14.8,N,A*05
2026-06-18T10:04:40.000Z $IIRPM,E,1,0,,A*66
2026-06-18T10:04:50.000Z $GPRMC,100450.00,A,5305.5102,N,00441.7424,E,7.0,195.5,180626,,,A*5B
2026-06-18T10:04:50.000Z $IIHDG,195.9,,,,*4D
2026-06-18T10:04:50.000Z $IIMWV,220.7,T,15.2,N,A*0A
2026-06-18T10:04:50.000Z $IIRPM,E,1,0,,A*66
2026-06-18T10:05:00.000Z $GPRMC,100500.00,A,5305.4946,N,00441.7357,E,6.5,196.9,180626,,,A*5E
2026-06-18T10:05:00.000Z $GPGGA,100500.00,5305.4946,N,00441.7357,E,1,11,0.9,0.0,M,0.0,M,,*5A
2026-06-18T10:05:00.000Z $IIHDG,197.8,,,,*4E
2026-06-18T10:05:00.000Z $IIMWV,218.3,T,14.5,N,A*03
2026-06-18T10:05:00.000Z $IIDBT,80.6,f,24.6,M,13.4,F*29
2026-06-18T10:05:00.000Z $IIRPM,E,1,0,,A*66
2026-06-18T10:05:00.000Z $IIXDR,V,12.64,V,BATT*62
2026-06-18T10:05:00.000Z $IIMTA,18.9,C*05
2026-06-18T10:05:00.000Z $GPVTG,196.9,T,,M,6.5,N,12.0,K,A*3A
2026-06-18T10:05:10.000Z $GPRMC,100510.00,A,5305.4590,N,00441.7641,E,6.6,197.0,180626,,,A*51
2026-06-18T10:05:10.000Z $IIHDG,195.4,,,,*40
2026-06-18T10:05:10.000Z $IIMWV,219.6,T,15.5,N,A*06
2026-06-18T10:05:10.000Z $IIRPM,E,1,0,,A*66
2026-06-18T10:05:20.000Z $GPRMC,100520.00,A,5305.4417,N,00441.7624,E,6.8,195.6,180626,,,A*55
2026-06-18T10:05:20.000Z $IIHDG,194.3,,,,*46
2026-06-18T10:05:20.000Z $IIMWV,215.9,T,14.2,N,A*03
2026-06-18T10:05:20.000Z $IIRPM,E,1,0,,A*66
2026-06-18T10:05:30.000Z $GPRMC,100530.00,A,5305.4524,N,00441.7246,E,6.5,197.5,180626,,,A*59
2026-06-18T10:05:30.000Z $GPGGA,100530.00,5305.4524,N,00441.7246,E,1,9,0.9,0.0,M,0.0,M,,*69
2026-06-18T10:05:30.000Z $IIHDG,195.9,,,,*4D
2026-06-18T10:05:30.000Z $IIMWV,221.2,T,12.6,N,A*0D
2026-06-18T10:05:30.000Z $IIDBT,86.5,f,26.4,M,14.4,F*2B
2026-06-18T10:05:30.000Z $IIRPM,E,1,0,,A*66
2026-06-18T10:05:30.000Z $GPVTG,197.5,T,,M,6.5,N,12.1,K,A*36
2026-06-18T10:05:40.000Z $GPRMC,100540.00,A,5305.4567,N,00441.6995,E,6.4,196.8,180626,,,A*50
2026-06-18T10:05:40.000Z $IIHDG,199.2,,,,*4A
2026-06-18T10:05:40.000Z $IIMWV,216.8,T,14.8,N,A*0B
2026-06-18T10:05:40.000Z $IIRPM,E,1,0,,A*66
2026-06-18T10:05:50.000Z $GPRMC,100550.00,A,5305.4058,N,00441.7068,E,6.7,197.4,180626,,,A*5C
2026-06-18T10:05:50.000Z $IIHDG,195.4,,,,*40
2026-06-18T10:05:50.000Z $IIMWV,212.9,T,13.6,N,A*07
2026-06-18T10:05:50.000Z $IIRPM,E,1,0,,A*66
2026-06-18T10:06:00.000Z $GPRMC,100600.00,A,5305.4162,N,00441.6877,E,6.5,197.2,180626,,,A*51
2026-06-18T10:06:00.000Z $GPGGA,100600.00,5305.4162,N,00441.6877,E,1,12,0.9,0.0,M,0.0,M,,*5C
2026-06-18T10:06:00.000Z $IIHDG,198.3,,,,*4A
2026-06-18T10:06:00.000Z $IIMWV,213.6,T,14.8,N,A*00
2026-06-18T10:06:00.000Z $IIDBT,88.1,f,26.8,M,14.7,F*2E
2026-06-18T10:06:00.000Z $IIRPM,E,1,0,,A*66
2026-06-18T10:06:00.000Z $IIXDR,V,12.68,V,BATT*6E
2026-06-18T10:06:00.000Z $GPVTG,197.2,T,,M,6.5,N,12.0,K,A*30
2026-06-18T10:06:10.000Z $GPRMC,100610.00,A,5305.4007,N,00441.6974,E,6.5,198.1,180626,,,A*5C
2026-06-18T10:06:10.000Z $IIHDG,195.1,,,,*45
2026-06-18T10:06:10.000Z $IIMWV,214.0,T,14.5,N,A*0C
2026-06-18T10:06:10.000Z $IIRPM,E,1,0,,A*66
2026-06-18T10:06:20.000Z $GPRMC,100620.00,A,5305.3602,N,00441.6976,E,6.8,196.6,180626,,,A*5D
2026-06-18T10:06:20.000Z $IIHDG,196.2,,,,*45
2026-06-18T10:06:20.000Z $IIMWV,215.4,T,14.8,N,A*04
2026-06-18T10:06:20.000Z $IIRPM,E,1,0,,A*66
2026-06-18T10:06:30.000Z $GPRMC,100630.00,A,5305.3649,N,00441.6828,E,6.7,196.2,180626,,,A*52
2026-06-18T10:06:30.000Z $GPGGA,100630.00,5305.3649,N,00441.6828,E,1,11,0.9,0.0,M,0.0,M,,*5F
2026-06-18T10:06:30.000Z $IIHDG,198.6,,,,*4F
2026-06-18T10:06:30.000Z $IIMWV,216.7,T,14.9,N,A*05
2026-06-18T10:06:30.000Z $IIDBT,81.6,f,24.9,M,13.6,F*25
2026-06-18T10:06:30.000Z $IIRPM,E,1,0,,A*66
2026-06-18T10:06:30.000Z $GPVTG,196.2,T,,M,6.7,N,12.5,K,A*36
2026-06-18T10:06:40.000Z $GPRMC,100640.00,A,5305.3472,N,00441.6874,E,6.4,197.3,180626,,,A*55
2026-06-18T10:06:40.000Z $IIHDG,195.2,,,,*46
2026-06-18T10:06:40.000Z $IIMWV,221.3,T,15.0,N,A*0D
2026-06-18T10:06:40.000Z $IIRPM,E,1,0,,A*66
2026-06-18T10:06:50.000Z $GPRMC,100650.00,A,5305.2878,N,00441.6757,E,6.7,195.5,180626,,,A*5A
2026-06-18T10:06:50.000Z $IIHDG,195.2,,,,*46
2026-06-18T10:06:50.000Z $IIMWV,213.3,T,12.8,N,A*03
2026-06-18T10:06:50.000Z $IIRPM,E,1,0,,A*66
2026-06-18T10:07:00.000Z $GPRMC,100700.00,A,5305.3027,N,00441.6485,E,6.5,196.7,180626,,,A*52
2026-06-18T10:07:00.000Z $GPGGA,100700.00,5305.3027,N,00441.6485,E,1,9,0.9,0.0,M,0.0,M,,*61
2026-06-18T10:07:00.000Z $IIHDG,197.0,,,,*46
2026-06-18T10:07:00.000Z $IIMWV,215.6,T,13.2,N,A*0B
2026-06-18T10:07:00.000Z $IIDBT,81.8,f,24.9,M,13.6,F*2B
2026-06-18T10:07:00.000Z $IIRPM,E,1,0,,A*66
2026-06-18T10:07:00.000Z $IIXDR,V,12.52,V,BATT*67
2026-06-18T10:07:00.000Z $GPVTG,196.7,T,,M,6.5,N,12.0,K,A*34
2026-06-18T10:07:10.000Z $GPRMC,100710.00,A,5305.2771,N,00441.6644,E,6.5,197.3,180626,,,A*5C
2026-06-18T10:07:10.000Z $IIHDG,197.8,,,,*4E
2026-06-18T10:07:10.000Z $IIMWV,213.5,T,15.5,N,A*0F
2026-06-18T10:07:10.000Z $IIRPM,E,1,0,,A*66
2026-06-18T10:07:20.000Z $GPRMC,100720.00,A,5305.2615,N,00441.6594,E,6.9,197.0,180626,,,A*5D
2026-06-18T10:07:20.000Z $IIHDG,195.2,,,,*46
2026-06-18T10:07:20.000Z $IIMWV,211.8,T,13.1,N,A*02
2026-06-18T10:07:20.000Z $IIRPM,E,1,0,,A*66
2026-06-18T10:07:30.000Z $GPRMC,100730.00,A,5305.2365,N,00441.5986,E,6.5,196.3,180626,,,A*5C
2026-06-18T10:07:30.000Z $GPGGA,100730.00,5305.2365,N,00441.5986,E,1,10,0.9,0.0,M,0.0,M,,*53
2026-06-18T10:07:30.000Z $IIHDG,194.3,,,,*46
2026-06-18T10:07:30.000Z $IIMWV,221.0,T,13.5,N,A*0D
2026-06-18T10:07:30.000Z $IIDBT,81.4,f,24.8,M,13.6,F*26
2026-06-18T10:07:30.000Z $IIRPM,E,1,0,,A*66
2026-06-18T10:07:30.000Z $GPVTG,196.3,T,,M,6.5,N,12.0,K,A*30
2026-06-18T10:07:40.000Z $GPRMC,100740.00,A,5305.2107,N,00441.6138,E,6.8,196.4,180626,,,A*59
2026-06-18T10:07:40.000Z $IIHDG,198.5,,,,*4C
2026-06-18T10:07:40.000Z $IIMWV,214.1,T,14.1,N,A*09
2026-06-18T10:07:40.000Z $IIRPM,E,1,0,,A*66
2026-06-18T10:07:50.000Z $GPRMC,100750.00,A,5305.2108,N,00441.6081,E,6.5,196.7,180626,,,A*5A
2026-06-18T10:07:50.000Z $IIHDG,195.2,,,,*46
2026-06-18T10:07:50.000Z $IIMWV,217.1,T,13.3,N,A*0F
2026-06-18T10:07:50.000Z $IIRPM,E,1,0,,A*66
2026-06-18T10:08:00.000Z $GPRMC,100800.00,A,5305.1808,N,00441.5733,E,6.7,197.6,180626,,,A*55
2026-06-18T10:08:00.000Z $GPGGA,100800.00,5305.1808,N,00441.5733,E,1,10,0.9,0.0,M,0.0,M,,*5C
2026-06-18T10:08:00.000Z $IIHDG,198.0,,,,*49
2026-06-18T10:08:00.000Z $IIMWV,216.1,T,13.6,N,A*0B
2026-06-18T10:08:00.000Z $IIDBT,82.8,f,25.2,M,13.8,F*2C
2026-06-18T10:08:00.000Z $IIRPM,E,1,0,,A*66
2026-06-18T10:08:00.000Z $IIXDR,V,12.64,V,BATT*62
2026-06-18T10:08:00.000Z $GPVTG,197.6,T,,M,6.7,N,12.4,K,A*32
2026-06-18T10:08:10.000Z $GPRMC,100810.00,A,5305.1668,N,00441.6098,E,7.1,197.7,180626,,,A*5F
2026-06-18T10:08:10.000Z $IIHDG,194.4,,,,*41
2026-06-18T10:08:10.000Z $IIMWV,220.7,T,12.5,N,A*0A
2026-06-18T10:08:10.000Z $IIRPM,E,1,0,,A*66
2026-06-18T10:08:20.000Z $GPRMC,100820.00,A,5305.1839,N,00441.5790,E,7.0,196.7,180626,,,A*5A
2026-06-18T10:08:20.000Z $IIHDG,199.0,,,,*48
2026-06-18T10:08:20.000Z $IIMWV,216.3,T,14.8,N,A*00
2026-06-18T10:08:20.000Z $IIRPM,E,1,0,,A*66
2026-06-18T10:08:30.000Z $GPRMC,100830.00,A,5305.1333,N,00441.5803,E,7.0,198.2,180626,,,A*54
2026-06-18T10:08:30.000Z $GPGGA,100830.00,5305.1333,N,00441.5803,E,1,12,0.9,0.0,M,0.0,M,,*52
2026-06-18T10:08:30.000Z $IIHDG,197.6,,,,*40
2026-06-18T10:08:30.000Z $IIMWV,215.5,T,15.0,N,A*0C
2026-06-18T10:08:30.000Z $IIDBT,88.1,f,26.9,M,14.7,F*2F
2026-06-18T10:08:30.000Z $IIRPM,E,1,0,,A*66
2026-06-18T10:08:30.000Z $GPVTG,198.2,T,,M,7.0,N,12.9,K,A*32
2026-06-18T10:08:40.000Z $GPRMC,100840.00,A,5305.1508,N,00441.5402,E,6.9,195.3,180626,,,A*54
2026-06-18T10:08:40.000Z $IIHDG,198.1,,,,*48
2026-06-18T10:08:40.000Z $IIMWV,217.7,T,15.2,N,A*0E
2026-06-18T10:08:40.000Z $IIRPM,E,1,0,,A*66
2026-06-18T10:08:50.000Z $GPRMC,100850.00,A,5305.1101,N,00441.5431,E,6.7,197.4,180626,,,A*53
2026-06-18T10:08:50.000Z $IIHDG,199.3,,,,*4B
2026-06-18T10:08:50.000Z $IIMWV,220.1,T,14.5,N,A*0A
2026-06-18T10:08:50.000Z $IIRPM,E,1,0,,A*66
2026-06-18T10:09:00.000Z $GPRMC,100900.00,A,5305.0844,N,00441.5696,E,6.8,196.6,180626,,,A*5D
2026-06-18T10:09:00.000Z $GPGGA,100900.00,5305.0844,N,00441.5696,E,1,11,0.9,0.0,M,0.0,M,,*5B
2026-06-18T10:09:00.000Z $IIHDG,199.0,,,,*48
2026-06-18T10:09:00.000Z $IIMWV,215.6,T,15.5,N,A*0A
2026-06-18T10:09:00.000Z $IIDBT,88.3,f,26.9,M,14.7,F*2D
2026-06-18T10:09:00.000Z $IIRPM,E,1,0,,A*66
2026-06-18T10:09:00.000Z $IIXDR,V,12.63,V,BATT*65
2026-06-18T10:09:00.000Z $GPVTG,196.6,T,,M,6.8,N,12.6,K,A*3E
2026-06-18T10:09:10.000Z $GPRMC,100910.00,A,5305.0717,N,00441.5514,E,6.9,196.6,180626,,,A*5D
2026-06-18T10:09:10.000Z $IIHDG,197.2,,,,*44
2026-06-18T10:09:10.000Z $IIMWV,217.1,T,14.4,N,A*0F
2026-06-18T10:09:10.000Z $IIRPM,E,1,0,,A*66
2026-06-18T10:09:20.000Z $GPRMC,100920.00,A,5305.0904,N,00441.5212,E,6.4,196.5,180626,,,A*5D
2026-06-18T10:09:20.000Z $IIHDG,197.7,,,,*41
2026-06-18T10:09:20.000Z $IIMWV,213.8,T,13.8,N,A*09
2026-06-18T10:09:20.000Z $IIRPM,E,1,0,,A*66
2026-06-18T10:09:30.000Z $GPRMC,100930.00,A,5305.0524,N,00441.5153,E,7.1,196.3,180626,,,A*56
2026-06-18T10:09:30.000Z $GPGGA,100930.00,5305.0524,N,00441.5153,E,1,8,0.9,0.0,M,0.0,M,,*65
2026-06-18T10:09:30.000Z $IIHDG,198.9,,,,*40
2026-06-18T10:09:30.000Z $IIMWV,219.9,T,13.7,N,A*0D
2026-06-18T10:09:30.000Z $IIDBT,82.5,f,25.1,M,13.8,F*22
2026-06-18T10:09:30.000Z $IIRPM,E,1,0,,A*66
2026-06-18T10:09:30.000Z $GPVTG,196.3,T,,M,7.1,N,13.1,K,A*35
2026-06-18T10:09:40.000Z $GPRMC,100940.00,A,5305.0183,N,00441.5289,E,6.6,196.1,180626,,,A*58
2026-06-18T10:09:40.000Z $IIHDG,197.9,,,,*4F
2026-06-18T10:09:40.000Z $IIMWV,221.0,T,12.7,N,A*0E
2026-06-18T10:09:40.000Z $IIRPM,E,1,0,,A*66
2026-06-18T10:09:50.000Z $GPRMC,100950.00,A,5305.0237,N,00441.5007,E,6.8,196.9,180626,,,A*57
2026-06-18T10:09:50.000Z $IIHDG,198.0,,,,*49
2026-06-18T10:09:50.000Z $IIMWV,219.9,T,12.9,N,A*02
2026-06-18T10:09:50.000Z $IIRPM,E,1,0,,A*66
2026-06-18T10:10:00.000Z $GPRMC,101000.00,A,5304.9746,N,00441.5003,E,7.0,196.6,180626,,,A*53
2026-06-18T10:10:00.000Z $GPGGA,101000.00,5304.9746,N,00441.5003,E,1,10,0.9,0.0,M,0.0,M,,*5D
2026-06-18T10:10:00.000Z $IIHDG,197.1,,,,*47
2026-06-18T10:10:00.000Z $IIMWV,218.3,T,12.8,N,A*08
2026-06-18T10:10:00.000Z $IIDBT,82.6,f,25.2,M,13.8,F*22
2026-06-18T10:10:00.000Z $IIRPM,E,1,0,,A*66
2026-06-18T10:10:00.000Z $IIXDR,V,12.49,V,BATT*6D
2026-06-18T10:10:00.000Z $IIMTA,18.4,C*08
2026-06-18T10:10:00.000Z $GPVTG,196.6,T,,M,7.0,N,13.0,K,A*30
2026-06-18T10:10:10.000Z $GPRMC,101010.00,A,5304.9828,N,00441.5053,E,6.9,196.6,180626,,,A*58
2026-06-18T10:10:10.000Z $IIHDG,194.8,,,,*4D
2026-06-18T10:10:10.000Z $IIMWV,212.5,T,13.4,N,A*09
2026-06-18T10:10:10.000Z $IIRPM,E,1,0,,A*66
2026-06-18T10:10:20.000Z $GPRMC,101020.00,A,5304.9899,N,00441.4678,E,6.5,195.3,180626,,,A*55
2026-06-18T10:10:20.000Z $IIHDG,195.4,,,,*40
2026-06-18T10:10:20.000Z $IIMWV,212.6,T,15.2,N,A*0A
2026-06-18T10:10:20.000Z $IIRPM,E,1,0,,A*66
2026-06-18T10:10:30.000Z $GPRMC,101030.00,A,5304.9593,N,00441.4558,E,6.9,196.9,180626,,,A*57
2026-06-18T10:10:30.000Z $GPGGA,101030.00,5304.9593,N,00441.4558,E,1,12,0.9,0.0,M,0.0,M,,*5C
2026-06-18T10:10:30.000Z $IIHDG,197.0,,,,*46
2026-06-18T10:10:30.000Z $IIMWV,214.4,T,15.5,N,A*09
2026-06-18T10:10:30.000Z $IIDBT,84.4,f,25.7,M,14.1,F*2D
2026-06-18T10:10:30.000Z $IIRPM,E,1,0,,A*66
2026-06-18T10:10:30.000Z $GPVTG,196.9,T,,M,6.9,N,12.8,K,A*3E
2026-06-18T10:10:40.000Z $GPRMC,101040.00,A,5304.9178,N,00441.4588,E,6.5,195.6,180626,,,A*5C
2026-06-18T10:10:40.000Z $IIHDG,196.6,,,,*41
2026-06-18T10:10:40.000Z $IIMWV,219.9,T,15.4,N,A*08
2026-06-18T10:10:40.000Z $IIRPM,E,1,0,,A*66
2026-06-18T10:10:50.000Z $GPRMC,101050.00,A,5304.9316,N,00441.4524,E,6.7,196.1,180626,,,A*57
2026-06-18T10:10:50.000Z $IIHDG,194.6,,,,*43
2026-06-18T10:10:50.000Z $IIMWV,213.9,T,13.5,N,A*05
2026-06-18T10:10:50.000Z $IIRPM,E,1,0,,A*66
2026-06-18T10:11:00.000Z $GPRMC,101100.00,A,5304.8833,N,00441.4423,E,6.5,195.3,180626,,,A*5B
2026-06-18T10:11:00.000Z $GPGGA,101100.00,5304.8833,N,00441.4423,E,1,10,0.9,0.0,M,0.0,M,,*57
2026-06-18T10:11:00.000Z $IIHDG,194.7,,,,*42
2026-06-18T10:11:00.000Z $IIMWV,218.3,T,12.5,N,A*05
2026-06-18T10:11:00.000Z $IIDBT,81.1,f,24.7,M,13.5,F*2F
2026-06-18T10:11:00.000Z $IIRPM,E,1,0,,A*66
2026-06-18T10:11:00.000Z $IIXDR,V,12.40,V,BATT*64
2026-06-18T10:11:00.000Z $GPVTG,195.3,T,,M,6.5,N,12.0,K,A*33
2026-06-18T10:11:10.000Z $GPRMC,101110.00,A,5304.8547,N,00441.4144,E,7.1,195.4,180626,,,A*52
2026-06-18T10:11:10.000Z $IIHDG,197.4,,,,*42
2026-06-18T10:11:10.000Z $IIMWV,215.6,T,13.9,N,A*00
2026-06-18T10:11:10.000Z $IIRPM,E,1,0,,A*66
2026-06-18T10:11:20.000Z $GPRMC,101120.00,A,5304.8423,N,00441.4600,E,6.6,197.7,180626,,,A*52
2026-06-18T10:11:20.000Z $IIHDG,197.9,,,,*4F
2026-06-18T10:11:20.000Z $IIMWV,221.6,T,13.3,N,A*0D
2026-06-18T10:11:20.000Z $IIRPM,E,1,0,,A*66
2026-06-18T10:11:30.000Z $GPRMC,101130.00,A,5304.8680,N,00441.4537,E,6.9,196.6,180626,,,A*50
2026-06-18T10:11:30.000Z $GPGGA,101130.00,5304.8680,N,00441.4537,E,1,9,0.9,0.0,M,0.0,M,,*6E
2026-06-18T10:11:30.000Z $IIHDG,195.8,,,,*4C
2026-06-18T10:11:30.000Z $IIMWV,218.0,T,15.0,N,A*04
2026-06-18T10:11:30.000Z $IIDBT,82.3,f,25.1,M,13.7,F*2B
2026-06-18T10:11:30.000Z $IIRPM,E,1,0,,A*66
2026-06-18T10:11:30.000Z $GPVTG,196.6,T,,M,6.9,N,12.8,K,A*31
2026-06-18T10:11:40.000Z $GPRMC,101140.00,A,5304.8057,N,00441.4300,E,6.4,197.9,180626,,,A*5A
2026-06-18T10:11:40.000Z $IIHDG,198.6,,,,*4F
2026-06-18T10:11:40.000Z $IIMWV,221.4,T,13.5,N,A*09
2026-06-18T10:11:40.000Z $IIRPM,E,1,0,,A*66
2026-06-18T10:11:50.000Z $GPRMC,101150.00,A,5304.8088,N,00441.4325,E,7.1,198.1,180626,,,A*5D
2026-06-18T10:11:50.000Z $IIHDG,197.4,,,,*42
2026-06-18T10:11:50.000Z $IIMWV,216.0,T,12.7,N,A*0A
2026-06-18T10:11:50.000Z $IIRPM,E,1,0,,A*66
2026-06-18T10:12:00.000Z $GPRMC,101200.00,A,5304.7843,N,00441.3709,E,6.7,197.5,180626,,,A*5A
2026-06-18T10:12:00.000Z $GPGGA,101200.00,5304.7843,N,00441.3709,E,1,12,0.9,0.0,M,0.0,M,,*52
2026-06-18T10:12:00.000Z $IIHDG,198.7,,,,*4E
2026-06-18T10:12:00.000Z $IIMWV,221.7,T,13.8,N,A*07
2026-06-18T10:12:00.000Z $IIDBT,87.1,f,26.6,M,14.5,F*2D
2026-06-18T10:12:00.000Z $IIRPM,E,1,0,,A*66
2026-06-18T10:12:00.000Z $IIXDR,V,12.46,V,BATT*62
2026-06-18T10:12:00.000Z $GPVTG,197.5,T,,M,6.7,N,12.5,K,A*30
2026-06-18T10:12:10.000Z $GPRMC,101210.00,A,5304.8106,N,00441.3853,E,6.7,198.0,180626,,,A*56
2026-06-18T10:12:10.000Z $IIHDG,194.6,,,,*43
2026-06-18T10:12:10.000Z $IIMWV,218.6,T,14.2,N,A*01
2026-06-18T10:12:10.000Z $IIRPM,E,1,0,,A*66
2026-06-18T10:12:20.000Z $GPRMC,101220.00,A,5304.7372,N,00441.3685,E,6.5,197.3,180626,,,A*50
2026-06-18T10:12:20.000Z $IIHDG,196.7,,,,*40
2026-06-18T10:12:20.000Z $IIMWV,220.1,T,12.8,N,A*01
2026-06-18T10:12:20.000Z $IIRPM,E,1,0,,A*66
2026-06-18T10:12:30.000Z $GPRMC,101230.00,A,5304.7437,N,00441.3998,E,6.6,198.1,180626,,,A*5A
2026-06-18T10:12:30.000Z $GPGGA,101230.00,5304.7437,N,00441.3998,E,1,9,0.9,0.0,M,0.0,M,,*62
2026-06-18T10:12:30.000Z $IIHDG,199.1,,,,*49
2026-06-18T10:12:30.000Z $IIMWV,215.3,T,15.4,N,A*0E
2026-06-18T10:12:30.000Z $IIDBT,85.0,f,25.9,M,14.2,F*25
2026-06-18T10:12:30.000Z $IIRPM,E,1,0,,A*66
2026-06-18T10:12:30.000Z $GPVTG,198.1,T,,M,6.6,N,12.3,K,A*3C
2026-06-18T10:12:40.000Z $GPRMC,101240.00,A,5304.7078,N,00441.3756,E,6.8,197.5,180626,,,A*5B
2026-06-18T10:12:40.000Z $IIHDG,197.5,,,,*43
2026-06-18T10:12:40.000Z $IIMWV,215.5,T,15.0,N,A*0C
2026-06-18T10:12:40.000Z $IIRPM,E,1,0,,A*66
2026-06-18T10:12:50.000Z $GPRMC,101250.00,A,5304.6992,N,00441.3873,E,6.3,195.5,180626,,,A*57
2026-06-18T10:12:50.000Z $IIHDG,196.6,,,,*41
2026-06-18T10:12:50.000Z $IIMWV,218.6,T,14.4,N,A*07
2026-06-18T10:12:50.000Z $IIRPM,E,1,0,,A*66
2026-06-18T10:13:00.000Z $GPRMC,101300.00,A,5304.6849,N,00441.3751,E,6.5,197.6,180626,,,A*5C
2026-06-18T10:13:00.000Z $GPGGA,101300.00,5304.6849,N,00441.3751,E,1,8,0.9,0.0,M,0.0,M,,*6E
2026-06-18T10:13:00.000Z $IIHDG,195.0,,,,*44
2026-06-18T10:13:00.000Z $IIMWV,213.7,T,15.3,N,A*0B
2026-06-18T10:13:00.000Z $IIDBT,86.3,f,26.3,M,14.4,F*2A
2026-06-18T10:13:00.000Z $IIRPM,E,1,0,,A*66
2026-06-18T10:13:00.000Z $IIXDR,V,12.45,V,BATT*61
2026-06-18T10:13:00.000Z $GPVTG,197.6,T,,M,6.5,N,12.1,K,A*35
2026-06-18T10:13:10.000Z $GPRMC,101310.00,A,5304.7068,N,00441.3375,E,6.4,195.5,180626,,,A*55
2026-06-18T10:13:10.000Z $IIHDG,199.0,,,,*48
2026-06-18T10:13:10.000Z $IIMWV,220.8,T,13.9,N,A*08
2026-06-18T10:13:10.000Z $IIRPM,E,1,0,,A*66
2026-06-18T10:13:20.000Z $GPRMC,101320.00,A,5304.6775,N,00441.3430,E,6.6,196.5,180626,,,A*5B
2026-06-18T10:13:20.000Z $IIHDG,199.2,,,,*4A
2026-06-18T10:13:20.000Z $IIMWV,219.2,T,14.1,N,A*07
2026-06-18T10:13:20.000Z $IIRPM,E,1,0,,A*66
2026-06-18T10:13:30.000Z $GPRMC,101330.00,A,5304.6796,N,00441.3182,E,6.6,196.5,180626,,,A*5B
2026-06-18T10:13:30.000Z $GPGGA,101330.00,5304.6796,N,00441.3182,E,1,10,0.9,0.0,M,0.0,M,,*51
2026-06-18T10:13:30.000Z $IIHDG,195.2,,,,*46
2026-06-18T10:13:30.000Z $IIMWV,219.3,T,15.3,N,A*05
2026-06-18T10:13:30.000Z $IIDBT,85.1,f,25.9,M,14.2,F*24
2026-06-18T10:13:30.000Z $IIRPM,E,1,0,,A*66
2026-06-18T10:13:30.000Z $GPVTG,196.5,T,,M,6.6,N,12.2,K,A*37
2026-06-18T10:13:40.000Z $GPRMC,101340.00,A,5304.6069,N,00441.3122,E,6.9,197.1,180626,,,A*5B
2026-06-18T10:13:40.000Z $IIHDG,198.8,,,,*41
2026-06-18T10:13:40.000Z $IIMWV,218.0,T,14.0,N,A*05
2026-06-18T10:13:40.000Z $IIRPM,E,1,0,,A*66
2026-06-18T10:13:50.000Z $GPRMC,101350.00,A,5304.6432,N,00441.3046,E,6.5,196.9,180626,,,A*56
2026-06-18T10:13:50.000Z $IIHDG,196.1,,,,*46
2026-06-18T10:13:50.000Z $IIMWV,214.1,T,13.9,N,A*06
2026-06-18T10:13:50.000Z $IIRPM,E,1,0,,A*66
2026-06-18T10:14:00.000Z $GPRMC,101400.00,A,5304.5732,N,00441.3241,E,7.1,195.7,180626,,,A*59
2026-06-18T10:14:00.000Z $GPGGA,101400.00,5304.5732,N,00441.3241,E,1,9,0.9,0.0,M,0.0,M,,*6C
2026-06-18T10:14:00.000Z $IIHDG,197.5,,,,*43
2026-06-18T10:14:00.000Z $IIMWV,218.7,T,14.2,N,A*00
2026-06-18T10:14:00.000Z $IIDBT,87.1,f,26.5,M,14.5,F*2E
2026-06-18T10:14:00.000Z $IIRPM,E,1,0,,A*66
2026-06-18T10:14:00.000Z $IIXDR,V,12.61,V,BATT*67
2026-06-18T10:14:00.000Z $GPVTG,195.7,T,,M,7.1,N,13.1,K,A*32
2026-06-18T10:14:10.000Z $GPRMC,101410.00,A,5304.5683,N,00441.2792,E,6.3,195.8,180626,,,A*55
2026-06-18T10:14:10.000Z $IIHDG,199.0,,,,*48
2026-06-18T10:14:10.000Z $IIMWV,218.3,T,14.3,N,A*05
2026-06-18T10:14:10.000Z $IIRPM,E,1,0,,A*66
2026-06-18T10:14:20.000Z $GPRMC,101420.00,A,5304.5623,N,00441.2829,E,6.8,197.0,180626,,,A*52
2026-06-18T10:14:20.000Z $IIHDG,194.9,,,,*4C
2026-06-18T10:14:20.000Z $IIMWV,215.3,T,14.6,N,A*0D
2026-06-18T10:14:20.000Z $IIRPM,E,1,0,,A*66
2026-06-18T10:14:30.000Z $GPRMC,101430.00,A,5304.5610,N,00441.3049,E,6.4,197.7,180626,,,A*57
2026-06-18T10:14:30.000Z $GPGGA,101430.00,5304.5610,N,00441.3049,E,1,10,0.9,0.0,M,0.0,M,,*5C
2026-06-18T10:14:30.000Z $IIHDG,198.9,,,,*40
2026-06-18T10:14:30.000Z $IIMWV,215.3,T,14.1,N,A*0A
2026-06-18T10:14:30.000Z $IIDBT,90.1,f,27.5,M,15.0,F*2D
2026-06-18T10:14:30.000Z $IIRPM,E,1,0,,A*66
2026-06-18T10:14:30.000Z $GPVTG,197.7,T,,M,6.4,N,11.9,K,A*3E
2026-06-18T10:14:40.000Z $GPRMC,101440.00,A,5304.5280,N,00441.2444,E,6.7,196.3,180626,,,A*53
2026-06-18T10:14:40.000Z $IIHDG,194.3,,,,*46
2026-06-18T10:14:40.000Z $IIMWV,218.7,T,13.3,N,A*06
2026-06-18T10:14:40.000Z $IIRPM,E,1,0,,A*66
2026-06-18T10:14:50.000Z $GPRMC,101450.00,A,5304.5058,N,00441.2417,E,6.3,195.4,180626,,,A*53
2026-06-18T10:14:50.000Z $IIHDG,195.9,,,,*4D
2026-06-18T10:14:50.000Z $IIMWV,217.2,T,13.6,N,A*09
2026-06-18T10:14:50.000Z $IIRPM,E,1,0,,A*66
2026-06-18T10:15:00.000Z $GPRMC,101500.00,A,5304.4809,N,00441.2448,E,6.7,196.8,180626,,,A*5B
2026-06-18T10:15:00.000Z $GPGGA,101500.00,5304.4809,N,00441.2448,E,1,11,0.9,0.0,M,0.0,M,,*5C
2026-06-18T10:15:00.000Z $IIHDG,195.4,,,,*40
2026-06-18T10:15:00.000Z $IIMWV,217.8,T,13.0,N,A*05
2026-06-18T10:15:00.000Z $IIDBT,89.7,f,27.4,M,15.0,F*22
2026-06-18T10:15:00.000Z $IIRPM,E,1,0,,A*66
2026-06-18T10:15:00.000Z $IIXDR,V,12.68,V,BATT*6E
2026-06-18T10:15:00.000Z $IIMTA,18.4,C*08
2026-06-18T10:15:00.000Z $GPVTG,196.8,T,,M,6.7,N,12.4,K,A*3D
2026-06-18T10:15:10.000Z $GPRMC,101510.00,A,5304.4996,N,00441.2694,E,6.9,197.4,180626,,,A*5D
2026-06-18T10:15:10.000Z $IIHDG,196.0,,,,*47
2026-06-18T10:15:10.000Z $IIMWV,219.1,T,14.2,N,A*07
2026-06-18T10:15:10.000Z $IIRPM,E,1,0,,A*66
2026-06-18T10:15:20.000Z $GPRMC,101520.00,A,5304.4374,N,00441.2536,E,6.9,197.9,180626,,,A*5E
2026-06-18T10:15:20.000Z $IIHDG,196.7,,,,*40
2026-06-18T10:15:20.000Z $IIMWV,216.3,T,13.0,N,A*0F
2026-06-18T10:15:20.000Z $IIRPM,E,1,0,,A*66
2026-06-18T10:15:30.000Z $GPRMC,101530.00,A,5304.4470,N,00441.2499,E,6.4,195.6,180626,,,A*58
2026-06-18T10:15:30.000Z $GPGGA,101530.00,5304.4470,N,00441.2499,E,1,12,0.9,0.0,M,0.0,M,,*52
2026-06-18T10:15:30.000Z $IIHDG,195.2,,,,*46
2026-06-18T10:15:30.000Z $IIMWV,212.5,T,14.7,N,A*0D
2026-06-18T10:15:30.000Z $IIDBT,87.8,f,26.8,M,14.6,F*29
2026-06-18T10:15:30.000Z $IIRPM,E,1,0,,A*66
2026-06-18T10:15:30.000Z $GPVTG,195.6,T,,M,6.4,N,11.8,K,A*3C
2026-06-18T10:15:40.000Z $GPRMC,101540.00,A,5304.4618,N,00441.2413,E,6.5,197.7,180626,,,A*53
2026-06-18T10:15:40.000Z $IIHDG,199.0,,,,*48
2026-06-18T10:15:40.000Z $IIMWV,217.5,T,15.1,N,A*0F
2026-06-18T10:15:40.000Z $IIRPM,E,1,0,,A*66
2026-06-18T10:15:50.000Z $GPRMC,101550.00,A,5304.3906,N,00441.1962,E,7.0,196.2,180626,,,A*5D
2026-06-18T10:15:50.000Z $IIHDG,195.7,,,,*43
2026-06-18T10:15:50.000Z $IIMWV,212.4,T,14.2,N,A*09
2026-06-18T10:15:50.000Z $IIRPM,E,1,0,,A*66
2026-06-18T10:16:00.000Z $GPRMC,101600.00,A,5304.4235,N,00441.2230,E,6.4,196.3,180626,,,A*5C
2026-06-18T10:16:00.000Z $GPGGA,101600.00,5304.4235,N,00441.2230,E,1,9,0.9,0.0,M,0.0,M,,*6A
2026-06-18T10:16:00.000Z $IIHDG,198.0,,,,*49
2026-06-18T10:16:00.000Z $IIMWV,213.8,T,15.1,N,A*06
2026-06-18T10:16:00.000Z $IIDBT,87.9,f,26.8,M,14.6,F*28
2026-06-18T10:16:00.000Z $IIRPM,E,1,0,,A*66
2026-06-18T10:16:00.000Z $IIXDR,V,12.65,V,BATT*63
2026-06-18T10:16:00.000Z $GPVTG,196.3,T,,M,6.4,N,11.8,K,A*3A
2026-06-18T10:16:10.000Z $GPRMC,101610.00,A,5304.3831,N,00441.1679,E,6.3,196.4,180626,,,A*5E
2026-06-18T10:16:10.000Z $IIHDG,194.7,,,,*42
2026-06-18T10:16:10.000Z $IIMWV,218.5,T,12.6,N,A*00
2026-06-18T10:16:10.000Z $IIRPM,E,1,0,,A*66
2026-06-18T10:16:20.000Z $GPRMC,101620.00,A,5304.3637,N,00441.1714,E,7.0,197.3,180626,,,A*5B
2026-06-18T10:16:20.000Z $IIHDG,197.9,,,,*4F
2026-06-18T10:16:20.000Z $IIMWV,219.4,T,15.4,N,A*05
2026-06-18T10:16:20.000Z $IIRPM,E,1,0,,A*66
2026-06-18T10:16:30.000Z $GPRMC,101630.00,A,5304.3594,N,00441.1965,E,6.6,197.9,180626,,,A*55
2026-06-18T10:16:30.000Z $GPGGA,101630.00,5304.3594,N,00441.1965,E,1,12,0.9,0.0,M,0.0,M,,*50
2026-06-18T10:16:30.000Z $IIHDG,198.0,,,,*49
2026-06-18T10:16:30.000Z $IIMWV,218.4,T,13.0,N,A*06
2026-06-18T10:16:30.000Z $IIDBT,83.4,f,25.4,M,13.9,F*26
2026-06-18T10:16:30.000Z $IIRPM,E,1,0,,A*66
2026-06-18T10:16:30.000Z $GPVTG,197.9,T,,M,6.6,N,12.3,K,A*3B
2026-06-18T10:16:40.000Z $GPRMC,101640.00,A,5304.3359,N,00441.1434,E,6.7,197.5,180626,,,A*51
2026-06-18T10:16:40.000Z $IIHDG,198.5,,,,*4C
2026-06-18T10:16:40.000Z $IIMWV,219.9,T,13.6,N,A*0C
2026-06-18T10:16:40.000Z $IIRPM,E,1,0,,A*66
2026-06-18T10:16:50.000Z $GPRMC,101650.00,A,5304.3462,N,00441.1716,E,6.6,197.8,180626,,,A*50
2026-06-18T10:16:50.000Z $IIHDG,197.0,,,,*46
2026-06-18T10:16:50.000Z $IIMWV,214.6,T,15.2,N,A*0C
2026-06-18T10:16:50.000Z $IIRPM,E,1,0,,A*66
2026-06-18T10:17:00.000Z $GPRMC,101700.00,A,5304.3248,N,00441.1501,E,7.0,197.3,180626,,,A*52
2026-06-18T10:17:00.000Z $GPGGA,101700.00,5304.3248,N,00441.1501,E,1,10,0.9,0.0,M,0.0,M,,*58
2026-06-18T10:17:00.000Z $IIHDG,196.5,,,,*42
2026-06-18T10:17:00.000Z $IIMWV,221.5,T,14.2,N,A*08
2026-06-18T10:17:00.000Z $IIDBT,87.0,f,26.5,M,14.5,F*2F
2026-06-18T10:17:00.000Z $IIRPM,E,1,0,,A*66
2026-06-18T10:17:00.000Z $IIXDR,V,12.57,V,BATT*62
2026-06-18T10:17:00.000Z $GPVTG,197.3,T,,M,7.0,N,12.9,K,A*3C
2026-06-18T10:17:10.000Z $GPRMC,101710.00,A,5304.2989,N,00441.1154,E,6.5,198.3,180626,,,A*5B
2026-06-18T10:17:10.000Z $IIHDG,197.4,,,,*42
2026-06-18T10:17:10.000Z $IIMWV,219.2,T,14.7,N,A*01
2026-06-18T10:17:10.000Z $IIRPM,E,1,0,,A*66
2026-06-18T10:17:20.000Z $GPRMC,101720.00,A,5304.2848,N,00441.1181,E,7.1,198.0,180626,,,A*5A
2026-06-18T10:17:20.000Z $IIHDG,194.4,,,,*41
2026-06-18T10:17:20.000Z $IIMWV,213.7,T,13.1,N,A*0F
2026-06-18T10:17:20.000Z $IIRPM,E,1,0,,A*66
2026-06-18T10:17:30.000Z $GPRMC,101730.00,A,5304.2629,N,00441.1504,E,7.0,198.3,180626,,,A*59
2026-06-18T10:17:30.000Z $GPGGA,101730.00,5304.2629,N,00441.1504,E,1,9,0.9,0.0,M,0.0,M,,*64
2026-06-18T10:17:30.000Z $IIHDG,196.4,,,,*43
2026-06-18T10:17:30.000Z $IIMWV,213.0,T,13.3,N,A*0A
2026-06-18T10:17:30.000Z $IIDBT,83.6,f,25.5,M,13.9,F*25
2026-06-18T10:17:30.000Z $IIRPM,E,1,0,,A*66
2026-06-18T10:17:30.000Z $GPVTG,198.3,T,,M,7.0,N,12.9,K,A*33
2026-06-18T10:17:40.000Z $GPRMC,101740.00,A,5304.2293,N,00441.1040,E,6.5,198.3,180626,,,A*5A
2026-06-18T10:17:40.000Z $IIHDG,196.4,,,,*43
2026-06-18T10:17:40.000Z $IIMWV,220.1,T,13.5,N,A*0D
2026-06-18T10:17:40.000Z $IIRPM,E,1,0,,A*66
2026-06-18T10:17:50.000Z $GPRMC,101750.00,A,5304.2019,N,00441.0876,E,6.8,196.5,180626,,,A*52
2026-06-18T10:17:50.000Z $IIHDG,196.7,,,,*40
2026-06-18T10:17:50.000Z $IIMWV,212.3,T,15.4,N,A*09
2026-06-18T10:17:50.000Z $IIRPM,E,1,0,,A*66
2026-06-18T10:18:00.000Z $GPRMC,101800.00,A,5304.1813,N,00441.1226,E,6.6,196.6,180626,,,A*5A
2026-06-18T10:18:00.000Z $GPGGA,101800.00,5304.1813,N,00441.1226,E,1,8,0.9,0.0,M,0.0,M,,*6A
2026-06-18T10:18:00.000Z $IIHDG,198.9,,,,*40
2026-06-18T10:18:00.000Z $IIMWV,215.4,T,15.0,N,A*0D
2026-06-18T10:18:00.000Z $IIDBT,82.5,f,25.2,M,13.8,F*21
2026-06-18T10:18:00.000Z $IIRPM,E,1,0,,A*66
2026-06-18T10:18:00.000Z $IIXDR,V,12.51,V,BATT*64
2026-06-18T10:18:00.000Z $GPVTG,196.6,T,,M,6.6,N,12.3,K,A*35
2026-06-18T10:18:10.000Z $GPRMC,101810.00,A,5304.1678,N,00441.0785,E,7.1,197.7,180626,,,A*53
2026-06-18T10:18:10.000Z $IIHDG,195.6,,,,*42
2026-06-18T10:18:10.000Z $IIMWV,216.2,T,12.7,N,A*08
2026-06-18T10:18:10.000Z $IIRPM,E,1,0,,A*66
2026-06-18T10:18:20.000Z $GPRMC,101820.00,A,5304.1775,N,00441.1049,E,6.8,195.5,180626,,,A*52
2026-06-18T10:18:20.000Z $IIHDG,199.1,,,,*49
2026-06-18T10:18:20.000Z $IIMWV,220.3,T,14.0,N,A*0D
2026-06-18T10:18:20.000Z $IIRPM,E,1,0,,A*66
2026-06-18T10:18:30.000Z $GPRMC,101830.00,A,5304.1636,N,00441.0468,E,6.5,197.7,180626,,,A*5E
2026-06-18T10:18:30.000Z $GPGGA,101830.00,5304.1636,N,00441.0468,E,1,12,0.9,0.0,M,0.0,M,,*56
2026-06-18T10:18:30.000Z $IIHDG,197.0,,,,*46
2026-06-18T10:18:30.000Z $IIMWV,219.4,T,14.1,N,A*01
2026-06-18T10:18:30.000Z $IIDBT,83.2,f,25.4,M,13.9,F*20
2026-06-18T10:18:30.000Z $IIRPM,E,1,0,,A*66
2026-06-18T10:18:30.000Z $GPVTG,197.7,T,,M,6.5,N,12.0,K,A*35
2026-06-18T10:18:40.000Z $GPRMC,101840.00,A,5304.1575,N,00441.0664,E,6.6,196.0,180626,,,A*56
2026-06-18T10:18:40.000Z $IIHDG,194.5,,,,*40
2026-06-18T10:18:40.000Z $IIMWV,215.9,T,13.9,N,A*0F
2026-06-18T10:18:40.000Z $IIRPM,E,1,0,,A*66
2026-06-18T10:18:50.000Z $GPRMC,101850.00,A,5304.0878,N,00441.0558,E,6.3,195.9,180626,,,A*55
2026-06-18T10:18:50.000Z $IIHDG,198.6,,,,*4F
2026-06-18T10:18:50.000Z $IIMWV,213.0,T,13.2,N,A*0B
2026-06-18T10:18:50.000Z $IIRPM,E,1,0,,A*66
2026-06-18T10:19:00.000Z $GPRMC,101900.00,A,5304.0887,N,00441.0644,E,6.8,197.7,180626,,,A*58
2026-06-18T10:19:00.000Z $GPGGA,101900.00,5304.0887,N,00441.0644,E,1,12,0.9,0.0,M,0.0,M,,*5D
2026-06-18T10:19:00.000Z $IIHDG,198.0,,,,*49
2026-06-18T10:19:00.000Z $IIMWV,217.8,T,13.7,N,A*02
2026-06-18T10:19:00.000Z $IIDBT,88.2,f,26.9,M,14.7,F*2C
2026-06-18T10:19:00.000Z $IIRPM,E,1,0,,A*66
2026-06-18T10:19:00.000Z $IIXDR,V,12.68,V,BATT*6E
2026-06-18T10:19:00.000Z $GPVTG,197.7,T,,M,6.8,N,12.6,K,A*3E
2026-06-18T10:19:10.000Z $GPRMC,101910.00,A,5304.1117,N,00441.0435,E,6.7,196.7,180626,,,A*52
2026-06-18T10:19:10.000Z $IIHDG,194.8,,,,*4D
2026-06-18T10:19:10.000Z $IIMWV,214.0,T,13.7,N,A*09
2026-06-18T10:19:10.000Z $IIRPM,E,1,0,,A*66
2026-06-18T10:19:20.000Z $GPRMC,101920.00,A,5304.0738,N,00441.0082,E,6.4,198.0,180626,,,A*59
2026-06-18T10:19:20.000Z $IIHDG,194.8,,,,*4D
2026-06-18T10:19:20.000Z $IIMWV,218.3,T,13.7,N,A*06
2026-06-18T10:19:20.000Z $IIRPM,E,1,0,,A*66
2026-06-18T10:19:30.000Z $GPRMC,101930.00,A,5304.0314,N,00441.0275,E,7.0,195.5,180626,,,A*55
2026-06-18T10:19:30.000Z $GPGGA,101930.00,5304.0314,N,00441.0275,E,1,9,0.9,0.0,M,0.0,M,,*63
2026-06-18T10:19:30.000Z $IIHDG,199.1,,,,*49
2026-06-18T10:19:30.000Z $IIMWV,220.0,T,15.1,N,A*0E
2026-06-18T10:19:30.000Z $IIDBT,82.6,f,25.2,M,13.8,F*22
2026-06-18T10:19:30.000Z $IIRPM,E,1,0,,A*66
2026-06-18T10:19:30.000Z $GPVTG,195.5,T,,M,7.0,N,13.0,K,A*30
2026-06-18T10:19:40.000Z $GPRMC,101940.00,A,5304.0122,N,00441.0294,E,7.1,195.8,180626,,,A*56
2026-06-18T10:19:40.000Z $IIHDG,195.4,,,,*40
2026-06-18T10:19:40.000Z $IIMWV,217.3,T,15.3,N,A*0B
2026-06-18T10:19:40.000Z $IIRPM,E,1,0,,A*66
2026-06-18T10:19:50.000Z $GPRMC,101950.00,A,5304.0025,N,00441.0155,E,7.0,195.9,180626,,,A*5F
2026-06-18T10:19:50.000Z $IIHDG,199.0,,,,*48
2026-06-18T10:19:50.000Z $IIMWV,221.0,T,12.8,N,A*01
2026-06-18T10:19:50.000Z $IIRPM,E,1,0,,A*66
2026-06-18T10:20:00.000Z $GPRMC,102000.00,A,5303.9713,N,00441.0031,E,6.9,195.4,180626,,,A*5A
2026-06-18T10:20:00.000Z $GPGGA,102000.00,5303.9713,N,00441.0031,E,1,8,0.9,0.0,M,0.0,M,,*64
2026-06-18T10:20:00.000Z $IIHDG,195.9,,,,*4D
2026-06-18T10:20:00.000Z $IIMWV,220.1,T,14.6,N,A*09
2026-06-18T10:20:00.000Z $IIDBT,85.1,f,25.9,M,14.2,F*24
2026-06-18T10:20:00.000Z $IIRPM,E,1,0,,A*66
2026-06-18T10:20:00.000Z $IIXDR,V,12.51,V,BATT*64
2026-06-18T10:20:00.000Z $IIMTA,18.8,C*04
2026-06-18T10:20:00.000Z $GPVTG,195.4,T,,M,6.9,N,12.8,K,A*30
2026-06-18T10:20:10.000Z $GPRMC,102010.00,A,5303.9810,N,00440.9698,E,7.0,198.1,180626,,,A*5A
2026-06-18T10:20:10.000Z $IIHDG,195.0,,,,*44
2026-06-18T10:20:10.000Z $IIMWV,220.5,T,12.9,N,A*04
2026-06-18T10:20:10.000Z $IIRPM,E,1,0,,A*66
2026-06-18T10:20:20.000Z $GPRMC,102020.00,A,5303.9427,N,00440.9912,E,6.3,197.0,180626,,,A*50
2026-06-18T10:20:20.000Z $IIHDG,195.3,,,,*47
2026-06-18T10:20:20.000Z $IIMWV,220.9,T,13.6,N,A*06
2026-06-18T10:20:20.000Z $IIRPM,E,1,0,,A*66
2026-06-18T10:20:30.000Z $GPRMC,102030.00,A,5303.9678,N,00440.9485,E,6.5,196.8,180626,,,A*55
2026-06-18T10:20:30.000Z $GPGGA,102030.00,5303.9678,N,00440.9485,E,1,12,0.9,0.0,M,0.0,M,,*53
2026-06-18T10:20:30.000Z $IIHDG,195.3,,,,*47
2026-06-18T10:20:30.000Z $IIMWV,219.6,T,15.4,N,A*07
2026-06-18T10:20:30.000Z $IIDBT,86.1,f,26.2,M,14.4,F*29
2026-06-18T10:20:30.000Z $IIRPM,E,1,0,,A*66
2026-06-18T10:20:30.000Z $GPVTG,196.8,T,,M,6.5,N,12.1,K,A*3A
2026-06-18T10:20:40.000Z $GPRMC,102040.00,A,5303.9584,N,00440.9567,E,6.4,196.1,180626,,,A*57
2026-06-18T10:20:40.000Z $IIHDG,195.7,,,,*43
2026-06-18T10:20:40.000Z $IIMWV,212.9,T,12.9,N,A*09
2026-06-18T10:20:40.000Z $IIRPM,E,1,0,,A*66
2026-06-18T10:20:50.000Z $GPRMC,102050.00,A,5303.9400,N,00440.9456,E,6.4,196.4,180626,,,A*5D
2026-06-18T10:20:50.000Z $IIHDG,195.6,,,,*42
2026-06-18T10:20:50.000Z $IIMWV,218.3,T,13.5,N,A*04
2026-06-18T10:20:50.000Z $IIRPM,E,1,0,,A*66
2026-06-18T10:21:00.000Z $GPRMC,102100.00,A,5303.8907,N,00440.9246,E,6.4,196.6,180626,,,A*57
2026-06-18T10:21:00.000Z $GPGGA,102100.00,5303.8907,N,00440.9246,E,1,8,0.9,0.0,M,0.0,M,,*65
2026-06-18T10:21:00.000Z $IIHDG,198.5,,,,*4C
2026-06-18T10:21:00.000Z $IIMWV,218.0,T,14.6,N,A*03
2026-06-18T10:21:00.000Z $IIDBT,80.4,f,24.5,M,13.4,F*28
2026-06-18T10:21:00.000Z $IIRPM,E,1,0,,A*66
2026-06-18T10:21:00.000Z $IIXDR,V,12.44,V,BATT*60
2026-06-18T10:21:00.000Z $GPVTG,196.6,T,,M,6.4,N,11.9,K,A*3E
2026-06-18T10:21:10.000Z $GPRMC,102110.00,A,5303.8940,N,00440.9233,E,6.9,196.2,180626,,,A*5E
2026-06-18T10:21:10.000Z $IIHDG,196.6,,,,*41
2026-06-18T10:21:10.000Z $IIMWV,216.9,T,14.0,N,A*02
2026-06-18T10:21:10.000Z $IIRPM,E,1,0,,A*66
2026-06-18T10:21:20.000Z $GPRMC,102120.00,A,5303.8766,N,00440.9034,E,6.6,198.0,180626,,,A*51
2026-06-18T10:21:20.000Z $IIHDG,195.1,,,,*45
2026-06-18T10:21:20.000Z $IIMWV,212.4,T,13.1,N,A*0D
2026-06-18T10:21:20.000Z $IIRPM,E,1,0,,A*66
2026-06-18T10:21:30.000Z $GPRMC,102130.00,A,5303.8569,N,00440.8975,E,6.7,196.4,180626,,,A*5B
2026-06-18T10:21:30.000Z $GPGGA,102130.00,5303.8569,N,00440.8975,E,1,11,0.9,0.0,M,0.0,M,,*50
2026-06-18T10:21:30.000Z $IIHDG,196.3,,,,*44
2026-06-18T10:21:30.000Z $IIMWV,212.0,T,15.2,N,A*0C
2026-06-18T10:21:30.000Z $IIDBT,86.0,f,26.2,M,14.3,F*2F
2026-06-18T10:21:30.000Z $IIRPM,E,1,0,,A*66
2026-06-18T10:21:30.000Z $GPVTG,196.4,T,,M,6.7,N,12.3,K,A*36
2026-06-18T10:21:40.000Z $GPRMC,102140.00,A,5303.8051,N,00440.9201,E,6.5,196.2,180626,,,A*5F
2026-06-18T10:21:40.000Z $IIHDG,196.6,,,,*41
2026-06-18T10:21:40.000Z $IIMWV,212.4,T,12.5,N,A*08
2026-06-18T10:21:40.000Z $IIRPM,E,1,0,,A*66
2026-06-18T10:21:50.000Z $GPRMC,102150.00,A,5303.7986,N,00440.9028,E,6.6,196.2,180626,,,A*58
2026-06-18T10:21:50.000Z $IIHDG,196.1,,,,*46
2026-06-18T10:21:50.000Z $IIMWV,212.3,T,13.6,N,A*0D
2026-06-18T10:21:50.000Z $IIRPM,E,1,0,,A*66
2026-06-18T10:22:00.000Z $GPRMC,102200.00,A,5303.8035,N,00440.9298,E,6.5,196.1,180626,,,A*59
2026-06-18T10:22:00.000Z $GPGGA,102200.00,5303.8035,N,00440.9298,E,1,8,0.9,0.0,M,0.0,M,,*6D
2026-06-18T10:22:00.000Z $IIHDG,196.9,,,,*4E
2026-06-18T10:22:00.000Z $IIMWV,217.6,T,14.3,N,A*0F
2026-06-18T10:22:00.000Z $IIDBT,85.1,f,25.9,M,14.2,F*24
2026-06-18T10:22:00.000Z $IIRPM,E,1,0,,A*66
2026-06-18T10:22:00.000Z $IIXDR,V,12.44,V,BATT*60
2026-06-18T10:22:00.000Z $GPVTG,196.1,T,,M,6.5,N,12.0,K,A*32
2026-06-18T10:22:10.000Z $GPRMC,102210.00,A,5303.7567,N,00440.8868,E,6.4,196.5,180626,,,A*54
2026-06-18T10:22:10.000Z $IIHDG,198.8,,,,*41
2026-06-18T10:22:10.000Z $IIMWV,212.1,T,15.4,N,A*0B
2026-06-18T10:22:10.000Z $IIRPM,E,1,0,,A*66
2026-06-18T10:22:20.000Z $GPRMC,102220.00,A,5303.7415,N,00440.8621,E,6.3,196.0,180626,,,A*52
2026-06-18T10:22:20.000Z $IIHDG,196.3,,,,*44
2026-06-18T10:22:20.000Z $IIMWV,217.1,T,14.9,N,A*02
2026-06-18T10:22:20.000Z $IIRPM,E,1,0,,A*66
2026-06-18T10:22:30.000Z $GPRMC,102230.00,A,5303.7337,N,00440.8840,E,7.0,195.6,180626,,,A*5A
2026-06-18T10:22:30.000Z $GPGGA,102230.00,5303.7337,N,00440.8840,E,1,10,0.9,0.0,M,0.0,M,,*57
2026-06-18T10:22:30.000Z $IIHDG,194.9,,,,*4C
2026-06-18T10:22:30.000Z $IIMWV,212.8,T,12.8,N,A*09
2026-06-18T10:22:30.000Z $IIDBT,86.0,f,26.2,M,14.3,F*2F
2026-06-18T10:22:30.000Z $IIRPM,E,1,0,,A*66
2026-06-18T10:22:30.000Z $GPVTG,195.6,T,,M,7.0,N,13.0,K,A*33
2026-06-18T10:22:40.000Z $GPRMC,102240.00,A,5303.7381,N,00440.8764,E,7.0,196.0,180626,,,A*5C
2026-06-18T10:22:40.000Z $IIHDG,198.9,,,,*40
2026-06-18T10:22:40.000Z $IIMWV,218.0,T,12.9,N,A*0A
2026-06-18T10:22:40.000Z $IIRPM,E,1,0,,A*66
2026-06-18T10:22:50.000Z $GPRMC,102250.00,A,5303.7244,N,00440.8397,E,6.5,196.6,180626,,,A*5F
2026-06-18T10:22:50.000Z $IIHDG,199.0,,,,*48
2026-06-18T10:22:50.000Z $IIMWV,214.8,T,14.9,N,A*08
2026-06-18T10:22:50.000Z $IIRPM,E,1,0,,A*66
2026-06-18T10:23:00.000Z $GPRMC,102300.00,A,5303.6744,N,00440.8490,E,6.7,197.1,180626,,,A*5B
2026-06-18T10:23:00.000Z $GPGGA,102300.00,5303.6744,N,00440.8490,E,1,9,0.9,0.0,M,0.0,M,,*6D
2026-06-18T10:23:00.000Z $IIHDG,198.5,,,,*4C
2026-06-18T10:23:00.000Z $IIMWV,221.0,T,15.5,N,A*0B
2026-06-18T10:23:00.000Z $IIDBT,83.2,f,25.3,M,13.9,F*27
2026-06-18T10:23:00.000Z $IIRPM,E,1,0,,A*66
2026-06-18T10:23:00.000Z $IIXDR,V,12.56,V,BATT*63
2026-06-18T10:23:00.000Z $GPVTG,197.1,T,,M,6.7,N,12.4,K,A*35
2026-06-18T10:23:10.000Z $GPRMC,102310.00,A,5303.6874,N,00440.8588,E,7.1,195.7,180626,,,A*5D
2026-06-18T10:23:10.000Z $IIHDG,197.6,,,,*40
2026-06-18T10:23:10.000Z $IIMWV,221.2,T,14.2,N,A*0F
2026-06-18T10:23:10.000Z $IIRPM,E,1,0,,A*66
2026-06-18T10:23:20.000Z $GPRMC,102320.00,A,5303.6627,N,00440.8633,E,7.0,197.7,180626,,,A*56
2026-06-18T10:23:20.000Z $IIHDG,196.6,,,,*41
2026-06-18T10:23:20.000Z $IIMWV,219.7,T,14.2,N,A*01
2026-06-18T10:23:20.000Z $IIRPM,E,1,0,,A*66
2026-06-18T10:23:30.000Z $GPRMC,102330.00,A,5303.6523,N,00440.7961,E,6.8,196.0,180626,,,A*58
2026-06-18T10:23:30.000Z $GPGGA,102330.00,5303.6523,N,00440.7961,E,1,9,0.9,0.0,M,0.0,M,,*61
2026-06-18T10:23:30.000Z $IIHDG,195.7,,,,*43
2026-06-18T10:23:30.000Z $IIMWV,219.6,T,13.2,N,A*07
2026-06-18T10:23:30.000Z $IIDBT,84.2,f,25.7,M,14.0,F*2A
2026-06-18T10:23:30.000Z $IIRPM,E,1,0,,A*66
2026-06-18T10:23:30.000Z $GPVTG,196.0,T,,M,6.8,N,12.5,K,A*3B
2026-06-18T10:23:40.000Z $GPRMC,102340.00,A,5303.6449,N,00440.7881,E,6.6,197.3,180626,,,A*51
2026-06-18T10:23:40.000Z $IIHDG,197.3,,,,*45
2026-06-18T10:23:40.000Z $IIMWV,213.5,T,15.4,N,A*0E
2026-06-18T10:23:40.000Z $IIRPM,E,1,0,,A*66
2026-06-18T10:23:50.000Z $GPRMC,102350.00,A,5303.6384,N,00440.7909,E,6.9,196.4,180626,,,A*5E
2026-06-18T10:23:50.000Z $IIHDG,197.6,,,,*40
2026-06-18T10:23:50.000Z $IIMWV,218.1,T,14.1,N,A*05
2026-06-18T10:23:50.000Z $IIRPM,E,1,0,,A*66
2026-06-18T10:24:00.000Z $GPRMC,102400.00,A,5303.6214,N,00440.8287,E,6.4,195.5,180626,,,A*59
2026-06-18T10:24:00.000Z $GPGGA,102400.00,5303.6214,N,00440.8287,E,1,9,0.9,0.0,M,0.0,M,,*6A
2026-06-18T10:24:00.000Z $IIHDG,195.0,,,,*44
2026-06-18T10:24:00.000Z $IIMWV,212.1,T,14.9,N,A*07
2026-06-18T10:24:00.000Z $IIDBT,89.5,f,27.3,M,14.9,F*2F
2026-06-18T10:24:00.000Z $IIRPM,E,1,0,,A*66
2026-06-18T10:24:00.000Z $IIXDR,V,12.58,V,BATT*6D
2026-06-18T10:24:00.000Z $GPVTG,195.5,T,,M,6.4,N,11.8,K,A*3F
2026-06-18T10:24:10.000Z $GPRMC,102410.00,A,5303.5904,N,00440.7969,E,6.6,197.7,180626,,,A*57
2026-06-18T10:24:10.000Z $IIHDG,195.3,,,,*47
2026-06-18T10:24:10.000Z $IIMWV,221.0,T,13.0,N,A*08
2026-06-18T10:24:10.000Z $IIRPM,E,1,0,,A*66
2026-06-18T10:24:20.000Z $GPRMC,102420.00,A,5303.5789,N,00440.8073,E,6.7,197.3,180626,,,A*57
2026-06-18T10:24:20.000Z $IIHDG,196.3,,,,*44
2026-06-18T10:24:20.000Z $IIMWV,214.0,T,14.4,N,A*0D
2026-06-18T10:24:20.000Z $IIRPM,E,1,0,,A*66
2026-06-18T10:24:30.000Z $GPRMC,102430.00,A,5303.5236,N,00440.7849,E,6.5,195.6,180626,,,A*5C
2026-06-18T10:24:30.000Z $GPGGA,102430.00,5303.5236,N,00440.7849,E,1,9,0.9,0.0,M,0.0,M,,*6D
2026-06-18T10:24:30.000Z $IIHDG,198.8,,,,*41
2026-06-18T10:24:30.000Z $IIMWV,213.9,T,12.9,N,A*08
2026-06-18T10:24:30.000Z $IIDBT,80.5,f,24.5,M,13.4,F*29
2026-06-18T10:24:30.000Z $IIRPM,E,1,0,,A*66
2026-06-18T10:24:30.000Z $GPVTG,195.6,T,,M,6.5,N,12.1,K,A*37
2026-06-18T10:24:40.000Z $GPRMC,102440.00,A,5303.5495,N,00440.7452,E,6.7,196.7,180626,,,A*52
2026-06-18T10:24:40.000Z $IIHDG,196.6,,,,*41
2026-06-18T10:24:40.000Z $IIMWV,215.4,T,12.7,N,A*0D
2026-06-18T10:24:40.000Z $IIRPM,E,1,0,,A*66
2026-06-18T10:24:50.000Z $GPRMC,102450.00,A,5303.5315,N,00440.7331,E,6.3,197.2,180626,,,A*5E
2026-06-18T10:24:50.000Z $IIHDG,198.8,,,,*41
2026-06-18T10:24:50.000Z $IIMWV,215.9,T,15.2,N,A*02
2026-06-18T10:24:50.000Z $IIRPM,E,1,0,,A*66
2026-06-18T10:25:00.000Z $GPRMC,102500.00,A,5303.4841,N,00440.7769,E,6.5,196.2,180626,,,A*5F
2026-06-18T10:25:00.000Z $GPGGA,102500.00,5303.4841,N,00440.7769,E,1,12,0.9,0.0,M,0.0,M,,*53
2026-06-18T10:25:00.000Z $IIHDG,195.2,,,,*46
2026-06-18T10:25:00.000Z $IIMWV,214.3,T,14.5,N,A*0F
2026-06-18T10:25:00.000Z $IIDBT,84.6,f,25.8,M,14.1,F*20
2026-06-18T10:25:00.000Z $IIRPM,E,1,0,,A*66
2026-06-18T10:25:00.000Z $IIXDR,V,12.49,V,BATT*6D
2026-06-18T10:25:00.000Z $IIMTA,18.7,C*0B
2026-06-18T10:25:00.000Z $GPVTG,196.2,T,,M,6.5,N,12.1,K,A*30
2026-06-18T10:25:10.000Z $GPRMC,102510.00,A,5303.4975,N,00440.7540,E,6.9,197.6,180626,,,A*58
2026-06-18T10:25:10.000Z $IIHDG,197.8,,,,*4E
2026-06-18T10:25:10.000Z $IIMWV,219.9,T,13.8,N,A*02
2026-06-18T10:25:10.000Z $IIRPM,E,1,0,,A*66
2026-06-18T10:25:20.000Z $GPRMC,102520.00,A,5303.4723,N,00440.7333,E,7.0,196.0,180626,,,A*5B
2026-06-18T10:25:20.000Z $IIHDG,197.4,,,,*42
2026-06-18T10:25:20.000Z $IIMWV,219.6,T,15.5,N,A*06
2026-06-18T10:25:20.000Z $IIRPM,E,1,0,,A*66
2026-06-18T10:25:30.000Z $GPRMC,102530.00,A,5303.4275,N,00440.7435,E,6.4,196.6,180626,,,A*5E
2026-06-18T10:25:30.000Z $GPGGA,102530.00,5303.4275,N,00440.7435,E,1,10,0.9,0.0,M,0.0,M,,*55
2026-06-18T10:25:30.000Z $IIHDG,198.9,,,,*40
2026-06-18T10:25:30.000Z $IIMWV,220.8,T,12.8,N,A*08
2026-06-18T10:25:30.000Z $IIDBT,85.2,f,26.0,M,14.2,F*2D
2026-06-18T10:25:30.000Z $IIRPM,E,1,0,,A*66
2026-06-18T10:25:30.000Z $GPVTG,196.6,T,,M,6.4,N,11.9,K,A*3E
2026-06-18T10:25:40.000Z $GPRMC,102540.00,A,5303.4035,N,00440.7289,E,6.8,197.3,180626,,,A*56
2026-06-18T10:25:40.000Z $IIHDG,195.4,,,,*40
2026-06-18T10:25:40.000Z $IIMWV,211.8,T,12.7,N,A*05
2026-06-18T10:25:40.000Z $IIRPM,E,1,0,,A*66
2026-06-18T10:25:50.000Z $GPRMC,102550.00,A,5303.4305,N,00440.6840,E,6.8,198.0,180626,,,A*55
2026-06-18T10:25:50.000Z $IIHDG,198.0,,,,*49
2026-06-18T10:25:50.000Z $IIMWV,214.8,T,14.4,N,A*05
2026-06-18T10:25:50.000Z $IIRPM,E,1,0,,A*66
2026-06-18T10:26:00.000Z $GPRMC,102600.00,A,5303.4057,N,00440.7049,E,6.8,197.2,180626,,,A*5A
2026-06-18T10:26:00.000Z $GPGGA,102600.00,5303.4057,N,00440.7049,E,1,10,0.9,0.0,M,0.0,M,,*58
2026-06-18T10:26:00.000Z $IIHDG,195.5,,,,*41
2026-06-18T10:26:00.000Z $IIMWV,217.9,T,13.1,N,A*05
2026-06-18T10:26:00.000Z $IIDBT,89.0,f,27.1,M,14.8,F*29
2026-06-18T10:26:00.000Z $IIRPM,E,1,0,,A*66
2026-06-18T10:26:00.000Z $IIXDR,V,12.64,V,BATT*62
2026-06-18T10:26:00.000Z $GPVTG,197.2,T,,M,6.8,N,12.7,K,A*3A
2026-06-18T10:26:10.000Z $GPRMC,102610.00,A,5303.3930,N,00440.6943,E,6.4,196.7,180626,,,A*5E
2026-06-18T10:26:10.000Z $IIHDG,196.0,,,,*47
2026-06-18T10:26:10.000Z $IIMWV,218.0,T,14.4,N,A*01
2026-06-18T10:26:10.000Z $IIRPM,E,1,0,,A*66
2026-06-18T10:26:20.000Z $GPRMC,102620.00,A,5303.3766,N,00440.6556,E,6.7,196.7,180626,,,A*5B
2026-06-18T10:26:20.000Z $IIHDG,195.2,,,,*46
2026-06-18T10:26:20.000Z $IIMWV,214.9,T,15.3,N,A*02
2026-06-18T10:26:20.000Z $IIRPM,E,1,0,,A*66
2026-06-18T10:26:30.000Z $GPRMC,102630.00,A,5303.3512,N,00440.6475,E,6.8,196.8,180626,,,A*5B
2026-06-18T10:26:30.000Z $GPGGA,102630.00,5303.3512,N,00440.6475,E,1,9,0.9,0.0,M,0.0,M,,*6A
2026-06-18T10:26:30.000Z $IIHDG,198.6,,,,*4F
2026-06-18T10:26:30.000Z $IIMWV,219.9,T,14.0,N,A*0D
2026-06-18T10:26:30.000Z $IIDBT,82.1,f,25.0,M,13.7,F*28
2026-06-18T10:26:30.000Z $IIRPM,E,1,0,,A*66
2026-06-18T10:26:30.000Z $GPVTG,196.8,T,,M,6.8,N,12.6,K,A*30
2026-06-18T10:26:40.000Z $GPRMC,102640.00,A,5303.3249,N,00440.6746,E,6.4,196.0,180626,,,A*52
2026-06-18T10:26:40.000Z $IIHDG,195.9,,,,*4D
2026-06-18T10:26:40.000Z $IIMWV,215.0,T,13.8,N,A*07
2026-06-18T10:26:40.000Z $IIRPM,E,1,0,,A*66
2026-06-18T10:26:50.000Z $GPRMC,102650.00,A,5303.3347,N,00440.6694,E,7.0,197.2,180626,,,A*54
2026-06-18T10:26:50.000Z $IIHDG,198.1,,,,*48
2026-06-18T10:26:50.000Z $IIMWV,220.0,T,13.3,N,A*0A
2026-06-18T10:26:50.000Z $IIRPM,E,1,0,,A*66
2026-06-18T10:27:00.000Z $GPRMC,102700.00,A,5303.2955,N,00440.6675,E,6.4,197.8,180626,,,A*58
2026-06-18T10:27:00.000Z $GPGGA,102700.00,5303.2955,N,00440.6675,E,1,9,0.9,0.0,M,0.0,M,,*64
2026-06-18T10:27:00.000Z $IIHDG,195.8,,,,*4C
2026-06-18T10:27:00.000Z $IIMWV,220.2,T,12.9,N,A*03
2026-06-18T10:27:00.000Z $IIDBT,88.6,f,27.0,M,14.8,F*2F
2026-06-18T10:27:00.000Z $IIRPM,E,1,0,,A*66
2026-06-18T10:27:00.000Z $IIXDR,V,12.49,V,BATT*6D
2026-06-18T10:27:00.000Z $GPVTG,197.8,T,,M,6.4,N,11.9,K,A*31
2026-06-18T10:27:10.000Z $GPRMC,102710.00,A,5303.2574,N,00440.6401,E,6.7,197.5,180626,,,A*59
2026-06-18T10:27:10.000Z $IIHDG,197.4,,,,*42
2026-06-18T10:27:10.000Z $IIMWV,215.4,T,13.9,N,A*02
2026-06-18T10:27:10.000Z $IIRPM,E,1,0,,A*66
2026-06-18T10:27:20.000Z $GPRMC,102720.00,A,5303.2947,N,00440.6449,E,6.4,197.6,180626,,,A*5A
2026-06-18T10:27:20.000Z $IIHDG,196.6,,,,*41
2026-06-18T10:27:20.000Z $IIMWV,221.4,T,15.1,N,A*0B
2026-06-18T10:27:20.000Z $IIRPM,E,1,0,,A*66
2026-06-18T10:27:30.000Z $GPRMC,102730.00,A,5303.2766,N,00440.5951,E,6.8,197.7,180626,,,A*5C
2026-06-18T10:27:30.000Z $GPGGA,102730.00,5303.2766,N,00440.5951,E,1,10,0.9,0.0,M,0.0,M,,*5B
2026-06-18T10:27:30.000Z $IIHDG,194.7,,,,*42
2026-06-18T10:27:30.000Z $IIMWV,216.3,T,14.0,N,A*08
2026-06-18T10:27:30.000Z $IIDBT,86.8,f,26.5,M,14.5,F*26
2026-06-18T10:27:30.000Z $IIRPM,E,1,0,,A*66
2026-06-18T10:27:30.000Z $GPVTG,197.7,T,,M,6.8,N,12.6,K,A*3E
2026-06-18T10:27:40.000Z $GPRMC,102740.00,A,5303.2301,N,00440.6110,E,6.6,196.8,180626,,,A*50
2026-06-18T10:27:40.000Z $IIHDG,199.0,,,,*48
2026-06-18T10:27:40.000Z $IIMWV,218.2,T,14.9,N,A*0E
2026-06-18T10:27:40.000Z $IIRPM,E,1,0,,A*66
2026-06-18T10:27:50.000Z $GPRMC,102750.00,A,5303.2217,N,00440.6186,E,6.7,198.1,180626,,,A*5E
2026-06-18T10:27:50.000Z $IIHDG,196.3,,,,*44
2026-06-18T10:27:50.000Z $IIMWV,220.4,T,14.0,N,A*0A
2026-06-18T10:27:50.000Z $IIRPM,E,1,0,,A*66
2026-06-18T10:28:00.000Z $GPRMC,102800.00,A,5303.1833,N,00440.6169,E,6.7,197.5,180626,,,A*51
2026-06-18T10:28:00.000Z $GPGGA,102800.00,5303.1833,N,00440.6169,E,1,8,0.9,0.0,M,0.0,M,,*62
2026-06-18T10:28:00.000Z $IIHDG,198.9,,,,*40
2026-06-18T10:28:00.000Z $IIMWV,212.6,T,14.8,N,A*01
2026-06-18T10:28:00.000Z $IIDBT,82.8,f,25.2,M,13.8,F*2C
2026-06-18T10:28:00.000Z $IIRPM,E,1,0,,A*66
2026-06-18T10:28:00.000Z $IIXDR,V,12.43,V,BATT*67
2026-06-18T10:28:00.000Z $GPVTG,197.5,T,,M,6.7,N,12.4,K,A*31
2026-06-18T10:28:10.000Z $GPRMC,102810.00,A,5303.1650,N,00440.5851,E,6.7,198.2,180626,,,A*52
2026-06-18T10:28:10.000Z $IIHDG,194.8,,,,*4D
2026-06-18T10:28:10.000Z $IIMWV,216.0,T,14.9,N,A*02
2026-06-18T10:28:10.000Z $IIRPM,E,1,0,,A*66
2026-06-18T10:28:20.000Z $GPRMC,102820.00,A,5303.1903,N,00440.5879,E,6.7,196.1,180626,,,A*5F
2026-06-18T10:28:20.000Z $IIHDG,197.4,,,,*42
2026-06-18T10:28:20.000Z $IIMWV,215.0,T,14.5,N,A*0D
2026-06-18T10:28:20.000Z $IIRPM,E,1,0,,A*66
2026-06-18T10:28:30.000Z $GPRMC,102830.00,A,5303.1257,N,00440.6038,E,6.6,197.2,180626,,,A*59
2026-06-18T10:28:30.000Z $GPGGA,102830.00,5303.1257,N,00440.6038,E,1,9,0.9,0.0,M,0.0,M,,*6D
2026-06-18T10:28:30.000Z $IIHDG,194.7,,,,*42
2026-06-18T10:28:30.000Z $IIMWV,215.1,T,13.1,N,A*0F
2026-06-18T10:28:30.000Z $IIDBT,87.6,f,26.7,M,14.6,F*28
2026-06-18T10:28:30.000Z $IIRPM,E,1,0,,A*66
2026-06-18T10:28:30.000Z $GPVTG,197.2,T,,M,6.6,N,12.3,K,A*30
2026-06-18T10:28:40.000Z $GPRMC,102840.00,A,5303.1433,N,00440.5804,E,6.6,196.2,180626,,,A*5F
2026-06-18T10:28:40.000Z $IIHDG,195.0,,,,*44
2026-06-18T10:28:40.000Z $IIMWV,215.0,T,13.4,N,A*0B
2026-06-18T10:28:40.000Z $IIRPM,E,1,0,,A*66
2026-06-18T10:28:50.000Z $GPRMC,102850.00,A,5303.0882,N,00440.5662,E,6.6,196.2,180626,,,A*57
2026-06-18T10:28:50.000Z $IIHDG,194.9,,,,*4C
2026-06-18T10:28:50.000Z $IIMWV,216.9,T,13.5,N,A*00
2026-06-18T10:28:50.000Z $IIRPM,E,1,0,,A*66
2026-06-18T10:29:00.000Z $GPRMC,102900.00,A,5303.0784,N,00440.5434,E,6.7,198.0,180626,,,A*56
2026-06-18T10:29:00.000Z $GPGGA,102900.00,5303.0784,N,00440.5434,E,1,10,0.9,0.0,M,0.0,M,,*56
2026-06-18T10:29:00.000Z $IIHDG,196.1,,,,*46
2026-06-18T10:29:00.000Z $IIMWV,212.4,T,12.6,N,A*0B
2026-06-18T10:29:00.000Z $IIDBT,86.6,f,26.4,M,14.4,F*28
2026-06-18T10:29:00.000Z $IIRPM,E,1,0,,A*66
2026-06-18T10:29:00.000Z $IIXDR,V,12.69,V,BATT*6F
2026-06-18T10:29:00.000Z $GPVTG,198.0,T,,M,6.7,N,12.4,K,A*3B
2026-06-18T10:29:10.000Z $GPRMC,102910.00,A,5303.0919,N,00440.5581,E,6.5,196.3,180626,,,A*5D
2026-06-18T10:29:10.000Z $IIHDG,195.8,,,,*4C
2026-06-18T10:29:10.000Z $IIMWV,212.9,T,13.6,N,A*07
2026-06-18T10:29:10.000Z $IIRPM,E,1,0,,A*66
2026-06-18T10:29:20.000Z $GPRMC,102920.00,A,5303.0740,N,00440.5306,E,6.9,197.9,180626,,,A*52
2026-06-18T10:29:20.000Z $IIHDG,199.0,,,,*48
2026-06-18T10:29:20.000Z $IIMWV,220.1,T,12.7,N,A*0E
2026-06-18T10:29:20.000Z $IIRPM,E,1,0,,A*66
2026-06-18T10:29:30.000Z $GPRMC,102930.00,A,5303.0496,N,00440.5484,E,6.4,196.4,180626,,,A*57
2026-06-18T10:29:30.000Z $GPGGA,102930.00,5303.0496,N,00440.5484,E,1,11,0.9,0.0,M,0.0,M,,*5F
2026-06-18T10:29:30.000Z $IIHDG,199.2,,,,*4A
2026-06-18T10:29:30.000Z $IIMWV,217.5,T,15.0,N,A*0E
2026-06-18T10:29:30.000Z $IIDBT,80.2,f,24.4,M,13.4,F*2F
2026-06-18T10:29:30.000Z $IIRPM,E,1,0,,A*66
2026-06-18T10:29:30.000Z $GPVTG,196.4,T,,M,6.4,N,11.9,K,A*3C
2026-06-18T10:29:40.000Z $GPRMC,102940.00,A,5303.0334,N,00440.5002,E,6.4,197.3,180626,,,A*53
2026-06-18T10:29:40.000Z $IIHDG,194.9,,,,*4C
2026-06-18T10:29:40.000Z $IIMWV,212.6,T,14.3,N,A*0A
2026-06-18T10:29:40.000Z $IIRPM,E,1,0,,A*66
2026-06-18T10:29:50.000Z $GPRMC,102950.00,A,5303.0355,N,00440.5154,E,6.7,195.9,180626,,,A*5C
2026-06-18T10:29:50.000Z $IIHDG,198.3,,,,*4A
2026-06-18T10:29:50.000Z $IIMWV,212.0,T,14.3,N,A*0C
2026-06-18T10:29:50.000Z $IIRPM,E,1,0,,A*66
2026-06-18T10:30:00.000Z $GPRMC,103000.00,A,5303.0125,N,00440.4937,E,7.0,196.8,180626,,,A*5C
2026-06-18T10:30:00.000Z $GPGGA,103000.00,5303.0125,N,00440.4937,E,1,11,0.9,0.0,M,0.0,M,,*5D
2026-06-18T10:30:00.000Z $IIHDG,196.2,,,,*45
2026-06-18T10:30:00.000Z $IIMWV,214.4,T,12.7,N,A*0C
2026-06-18T10:30:00.000Z $IIDBT,87.3,f,26.6,M,14.6,F*2C
2026-06-18T10:30:00.000Z $IIRPM,E,1,0,,A*66
2026-06-18T10:30:00.000Z $IIXDR,V,12.54,V,BATT*61
2026-06-18T10:30:00.000Z $IIMTA,18.6,C*0A
2026-06-18T10:30:00.000Z $GPVTG,196.8,T,,M,7.0,N,12.9,K,A*36
2026-06-18T10:30:10.000Z $GPRMC,103010.00,A,5302.9731,N,00440.4635,E,6.4,198.1,180626,,,A*59
2026-06-18T10:30:10.000Z $IIHDG,195.6,,,,*42
2026-06-18T10:30:10.000Z $IIMWV,218.9,T,13.4,N,A*0F
2026-06-18T10:30:10.000Z $IIRPM,E,1,0,,A*66
2026-06-18T10:30:20.000Z $GPRMC,103020.00,A,5302.9811,N,00440.4944,E,6.6,197.7,180626,,,A*55
2026-06-18T10:30:20.000Z $IIHDG,195.3,,,,*47
2026-06-18T10:30:20.000Z $IIMWV,218.7,T,14.6,N,A*04
2026-06-18T10:30:20.000Z $IIRPM,E,1,0,,A*66
2026-06-18T10:30:30.000Z $GPRMC,103030.00,A,5302.9439,N,00440.4573,E,6.7,195.9,180626,,,A*57
2026-06-18T10:30:30.000Z $GPGGA,103030.00,5302.9439,N,00440.4573,E,1,10,0.9,0.0,M,0.0,M,,*53
2026-06-18T10:30:30.000Z $IIHDG,197.6,,,,*40
2026-06-18T10:30:30.000Z $IIMWV,215.8,T,15.4,N,A*05
2026-06-18T10:30:30.000Z $IIDBT,89.4,f,27.3,M,14.9,F*2E
2026-06-18T10:30:30.000Z $IIRPM,E,1,0,,A*66
2026-06-18T10:30:30.000Z $GPVTG,195.9,T,,M,6.7,N,12.4,K,A*3F
2026-06-18T10:30:40.000Z $GPRMC,103040.00,A,5302.9598,N,00440.4418,E,6.8,196.4,180626,,,A*57
2026-06-18T10:30:40.000Z $IIHDG,196.9,,,,*4E
2026-06-18T10:30:40.000Z $IIMWV,212.3,T,14.4,N,A*08
2026-06-18T10:30:40.000Z $IIRPM,E,1,0,,A*66
2026-06-18T10:30:50.000Z $GPRMC,103050.00,A,5302.9099,N,00440.4404,E,6.7,195.5,180626,,,A*52
2026-06-18T10:30:50.000Z $IIHDG,197.7,,,,*41
2026-06-18T10:30:50.000Z $IIMWV,219.2,T,13.3,N,A*02
2026-06-18T10:30:50.000Z $IIRPM,E,1,0,,A*66
2026-06-18T10:31:00.000Z $GPRMC,103100.00,A,5302.9290,N,00440.4225,E,6.6,196.9,180626,,,A*56
2026-06-18T10:31:00.000Z $GPGGA,103100.00,5302.9290,N,00440.4225,E,1,10,0.9,0.0,M,0.0,M,,*50
2026-06-18T10:31:00.000Z $IIHDG,196.9,,,,*4E
2026-06-18T10:31:00.000Z $IIMWV,219.8,T,13.3,N,A*08
2026-06-18T10:31:00.000Z $IIDBT,86.6,f,26.4,M,14.4,F*28
2026-06-18T10:31:00.000Z $IIRPM,E,1,0,,A*66
2026-06-18T10:31:00.000Z $IIXDR,V,12.49,V,BATT*6D
2026-06-18T10:31:00.000Z $GPVTG,196.9,T,,M,6.6,N,12.2,K,A*3B
2026-06-18T10:31:10.000Z $GPRMC,103110.00,A,5302.8651,N,00440.4448,E,6.7,197.6,180626,,,A*5D
2026-06-18T10:31:10.000Z $IIHDG,197.8,,,,*4E
2026-06-18T10:31:10.000Z $IIMWV,213.9,T,13.5,N,A*05
2026-06-18T10:31:10.000Z $IIRPM,E,1,0,,A*66
2026-06-18T10:31:20.000Z $GPRMC,103120.00,A,5302.8764,N,00440.4202,E,6.6,198.2,180626,,,A*5B
2026-06-18T10:31:20.000Z $IIHDG,195.1,,,,*45
2026-06-18T10:31:20.000Z $IIMWV,214.5,T,15.4,N,A*09
2026-06-18T10:31:20.000Z $IIRPM,E,1,0,,A*66
2026-06-18T10:31:30.000Z $GPRMC,103130.00,A,5302.8372,N,00440.4152,E,6.9,196.8,180626,,,A*54
2026-06-18T10:31:30.000Z $GPGGA,103130.00,5302.8372,N,00440.4152,E,1,11,0.9,0.0,M,0.0,M,,*5D
2026-06-18T10:31:30.000Z $IIHDG,198.4,,,,*4D
2026-06-18T10:31:30.000Z $IIMWV,215.5,T,13.1,N,A*0B
2026-06-18T10:31:30.000Z $IIDBT,88.1,f,26.9,M,14.7,F*2F
2026-06-18T10:31:30.000Z $IIRPM,E,1,0,,A*66
2026-06-18T10:31:30.000Z $GPVTG,196.8,T,,M,6.9,N,12.8,K,A*3F
2026-06-18T10:31:40.000Z $GPRMC,103140.00,A,5302.8476,N,00440.4462,E,6.8,196.4,180626,,,A*5B
2026-06-18T10:31:40.000Z $IIHDG,195.5,,,,*41
2026-06-18T10:31:40.000Z $IIMWV,217.3,T,14.0,N,A*09
2026-06-18T10:31:40.000Z $IIRPM,E,1,0,,A*66
2026-06-18T10:31:50.000Z $GPRMC,103150.00,A,5302.8365,N,00440.4334,E,6.5,196.5,180626,,,A*57
2026-06-18T10:31:50.000Z $IIHDG,194.9,,,,*4C
2026-06-18T10:31:50.000Z $IIMWV,213.9,T,15.3,N,A*05
2026-06-18T10:31:50.000Z $IIRPM,E,1,0,,A*66
2026-06-18T10:32:00.000Z $GPRMC,103200.00,A,5302.8026,N,00440.4138,E,7.1,198.1,180626,,,A*54
2026-06-18T10:32:00.000Z $GPGGA,103200.00,5302.8026,N,00440.4138,E,1,10,0.9,0.0,M,0.0,M,,*52
2026-06-18T10:32:00.000Z $IIHDG,194.6,,,,*43
2026-06-18T10:32:00.000Z $IIMWV,219.6,T,13.6,N,A*03
2026-06-18T10:32:00.000Z $IIDBT,87.7,f,26.7,M,14.6,F*29
2026-06-18T10:32:00.000Z $IIRPM,E,1,0,,A*66
2026-06-18T10:32:00.000Z $IIXDR,V,12.61,V,BATT*67
2026-06-18T10:32:00.000Z $GPVTG,198.1,T,,M,7.1,N,13.1,K,A*39
2026-06-18T10:32:10.000Z $GPRMC,103210.00,A,5302.8036,N,00440.3631,E,7.0,195.7,180626,,,A*57
2026-06-18T10:32:10.000Z $IIHDG,196.4,,,,*43
2026-06-18T10:32:10.000Z $IIMWV,218.7,T,15.2,N,A*01
2026-06-18T10:32:10.000Z $IIRPM,E,1,0,,A*66
2026-06-18T10:32:20.000Z $GPRMC,103220.00,A,5302.7662,N,00440.4117,E,7.1,196.4,180626,,,A*59
2026-06-18T10:32:20.000Z $IIHDG,199.2,,,,*4A
2026-06-18T10:32:20.000Z $IIMWV,217.4,T,14.1,N,A*0F
2026-06-18T10:32:20.000Z $IIRPM,E,1,0,,A*66
2026-06-18T10:32:30.000Z $GPRMC,103230.00,A,5302.7436,N,00440.3972,E,6.9,195.7,180626,,,A*5E
2026-06-18T10:32:30.000Z $GPGGA,103230.00,5302.7436,N,00440.3972,E,1,9,0.9,0.0,M,0.0,M,,*62
2026-06-18T10:32:30.000Z $IIHDG,196.0,,,,*47
2026-06-18T10:32:30.000Z $IIMWV,213.4,T,14.2,N,A*08
2026-06-18T10:32:30.000Z $IIDBT,88.3,f,26.9,M,14.7,F*2D
2026-06-18T10:32:30.000Z $IIRPM,E,1,0,,A*66
2026-06-18T10:32:30.000Z $GPVTG,195.7,T,,M,6.9,N,12.8,K,A*33
2026-06-18T10:32:40.000Z $GPRMC,103240.00,A,5302.7303,N,00440.3385,E,6.6,197.8,180626,,,A*58
2026-06-18T10:32:40.000Z $IIHDG,194.5,,,,*40
2026-06-18T10:32:40.000Z $IIMWV,216.0,T,15.3,N,A*09
2026-06-18T10:32:40.000Z $IIRPM,E,1,0,,A*66
2026-06-18T10:32:50.000Z $GPRMC,103250.00,A,5302.6885,N,00440.3405,E,6.8,195.4,180626,,,A*52
2026-06-18T10:32:50.000Z $IIHDG,197.7,,,,*41
2026-06-18T10:32:50.000Z $IIMWV,217.1,T,14.8,N,A*03
2026-06-18T10:32:50.000Z $IIRPM,E,1,0,,A*66
2026-06-18T10:33:00.000Z $GPRMC,103300.00,A,5302.6879,N,00440.3600,E,6.9,195.5,180626,,,A*52
2026-06-18T10:33:00.000Z $GPGGA,103300.00,5302.6879,N,00440.3600,E,1,11,0.9,0.0,M,0.0,M,,*55
2026-06-18T10:33:00.000Z $IIHDG,198.2,,,,*4B
2026-06-18T10:33:00.000Z $IIMWV,212.2,T,15.3,N,A*0F
2026-06-18T10:33:00.000Z $IIDBT,84.2,f,25.7,M,14.0,F*2A
2026-06-18T10:33:00.000Z $IIRPM,E,1,0,,A*66
2026-06-18T10:33:00.000Z $IIXDR,V,12.57,V,BATT*62
2026-06-18T10:33:00.000Z $GPVTG,195.5,T,,M,6.9,N,12.8,K,A*31
2026-06-18T10:33:10.000Z $GPRMC,103310.00,A,5302.7111,N,00440.3687,E,7.0,196.0,180626,,,A*54
2026-06-18T10:33:10.000Z $IIHDG,195.1,,,,*45
2026-06-18T10:33:10.000Z $IIMWV,218.5,T,13.8,N,A*0F
2026-06-18T10:33:10.000Z $IIRPM,E,1,0,,A*66
2026-06-18T10:33:20.000Z $GPRMC,103320.00,A,5302.6681,N,00440.3449,E,7.1,196.8,180626,,,A*51
2026-06-18T10:33:20.000Z $IIHDG,195.1,,,,*45
2026-06-18T10:33:20.000Z $IIMWV,218.2,T,15.1,N,A*07
2026-06-18T10:33:20.000Z $IIRPM,E,1,0,,A*66
2026-06-18T10:33:30.000Z $GPRMC,103330.00,A,5302.6645,N,00440.3435,E,6.8,196.7,180626,,,A*54
2026-06-18T10:33:30.000Z $GPGGA,103330.00,5302.6645,N,00440.3435,E,1,11,0.9,0.0,M,0.0,M,,*53
2026-06-18T10:33:30.000Z $IIHDG,198.0,,,,*49
2026-06-18T10:33:30.000Z $IIMWV,220.5,T,12.9,N,A*04
2026-06-18T10:33:30.000Z $IIDBT,81.8,f,24.9,M,13.6,F*2B
2026-06-18T10:33:30.000Z $IIRPM,E,1,0,,A*66
2026-06-18T10:33:30.000Z $GPVTG,196.7,T,,M,6.8,N,12.6,K,A*3F
2026-06-18T10:33:40.000Z $GPRMC,103340.00,A,5302.6094,N,00440.3415,E,6.8,196.8,180626,,,A*54
2026-06-18T10:33:40.000Z $IIHDG,195.1,,,,*45
2026-06-18T10:33:40.000Z $IIMWV,212.9,T,14.5,N,A*03
2026-06-18T10:33:40.000Z $IIRPM,E,1,0,,A*66
2026-06-18T10:33:50.000Z $GPRMC,103350.00,A,5302.6198,N,00440.3274,E,7.0,195.9,180626,,,A*52
2026-06-18T10:33:50.000Z $IIHDG,196.1,,,,*46
2026-06-18T10:33:50.000Z $IIMWV,212.6,T,14.4,N,A*0D
2026-06-18T10:33:50.000Z $IIRPM,E,1,0,,A*66
2026-06-18T10:34:00.000Z $GPRMC,103400.00,A,5302.6123,N,00440.2724,E,6.8,198.2,180626,,,A*5E
2026-06-18T10:34:00.000Z $GPGGA,103400.00,5302.6123,N,00440.2724,E,1,10,0.9,0.0,M,0.0,M,,*53
2026-06-18T10:34:00.000Z $IIHDG,195.2,,,,*46
2026-06-18T10:34:00.000Z $IIMWV,216.1,T,14.0,N,A*0A
2026-06-18T10:34:00.000Z $IIDBT,81.1,f,24.7,M,13.5,F*2F
2026-06-18T10:34:00.000Z $IIRPM,E,1,0,,A*66
2026-06-18T10:34:00.000Z $IIXDR,V,12.54,V,BATT*61
2026-06-18T10:34:00.000Z $GPVTG,198.2,T,,M,6.8,N,12.5,K,A*37
2026-06-18T10:34:10.000Z $GPRMC,103410.00,A,5302.5857,N,00440.2838,E,6.8,197.0,180626,,,A*59
2026-06-18T10:34:10.000Z $IIHDG,197.9,,,,*4F
2026-06-18T10:34:10.000Z $IIMWV,216.5,T,13.5,N,A*0C
2026-06-18T10:34:10.000Z $IIRPM,E,1,0,,A*66
2026-06-18T10:34:20.000Z $GPRMC,103420.00,A,5302.5491,N,00440.2971,E,6.8,196.9,180626,,,A*58
2026-06-18T10:34:20.000Z $IIHDG,198.3,,,,*4A
2026-06-18T10:34:20.000Z $IIMWV,218.6,T,12.6,N,A*03
2026-06-18T10:34:20.000Z $IIRPM,E,1,0,,A*66
2026-06-18T10:34:30.000Z $GPRMC,103430.00,A,5302.5267,N,00440.2787,E,6.4,195.9,180626,,,A*5E
2026-06-18T10:34:30.000Z $GPGGA,103430.00,5302.5267,N,00440.2787,E,1,9,0.9,0.0,M,0.0,M,,*61
2026-06-18T10:34:30.000Z $IIHDG,195.1,,,,*45
2026-06-18T10:34:30.000Z $IIMWV,220.8,T,13.1,N,A*00
2026-06-18T10:34:30.000Z $IIDBT,81.8,f,24.9,M,13.6,F*2B
2026-06-18T10:34:30.000Z $IIRPM,E,1,0,,A*66
2026-06-18T10:34:30.000Z $GPVTG,195.9,T,,M,6.4,N,11.9,K,A*32
2026-06-18T10:34:40.000Z $GPRMC,103440.00,A,5302.5223,N,00440.2796,E,6.3,198.1,180626,,,A*5B
2026-06-18T10:34:40.000Z $IIHDG,197.9,,,,*4F
2026-06-18T10:34:40.000Z $IIMWV,218.4,T,13.9,N,A*0F
2026-06-18T10:34:40.000Z $IIRPM,E,1,0,,A*66
2026-06-18T10:34:50.000Z $GPRMC,103450.00,A,5302.5094,N,00440.2819,E,6.5,195.6,180626,,,A*50
2026-06-18T10:34:50.000Z $IIHDG,196.3,,,,*44
2026-06-18T10:34:50.000Z $IIMWV,219.8,T,15.5,N,A*08
2026-06-18T10:34:50.000Z $IIRPM,E,1,0,,A*66
2026-06-18T10:35:00.000Z $GPRMC,103500.00,A,5302.4859,N,00440.2396,E,6.6,195.8,180626,,,A*5D
2026-06-18T10:35:00.000Z $GPGGA,103500.00,5302.4859,N,00440.2396,E,1,12,0.9,0.0,M,0.0,M,,*5B
2026-06-18T10:35:00.000Z $IIHDG,195.6,,,,*42
2026-06-18T10:35:00.000Z $IIMWV,218.5,T,14.9,N,A*09
2026-06-18T10:35:00.000Z $IIDBT,82.4,f,25.1,M,13.7,F*2C
2026-06-18T10:35:00.000Z $IIRPM,E,1,0,,A*66
2026-06-18T10:35:00.000Z $IIXDR,V,12.69,V,BATT*6F
2026-06-18T10:35:00.000Z $IIMTA,19.0,C*0D
2026-06-18T10:35:00.000Z $GPVTG,195.8,T,,M,6.6,N,12.2,K,A*39
2026-06-18T10:35:10.000Z $GPRMC,103510.00,A,5302.4629,N,00440.2269,E,7.1,195.6,180626,,,A*5C
2026-06-18T10:35:10.000Z $IIHDG,196.8,,,,*4F
2026-06-18T10:35:10.000Z $IIMWV,217.5,T,14.6,N,A*09
2026-06-18T10:35:10.000Z $IIRPM,E,1,0,,A*66
2026-06-18T10:35:20.000Z $GPRMC,103520.00,A,5302.4803,N,00440.2433,E,6.4,197.5,180626,,,A*55
2026-06-18T10:35:20.000Z $IIHDG,194.7,,,,*42
2026-06-18T10:35:20.000Z $IIMWV,217.7,T,15.5,N,A*09
2026-06-18T10:35:20.000Z $IIRPM,E,1,0,,A*66
2026-06-18T10:35:30.000Z $GPRMC,103530.00,A,5302.4677,N,00440.2250,E,7.0,197.2,180626,,,A*58
2026-06-18T10:35:30.000Z $GPGGA,103530.00,5302.4677,N,00440.2250,E,1,12,0.9,0.0,M,0.0,M,,*51
2026-06-18T10:35:30.000Z $IIHDG,194.4,,,,*41
2026-06-18T10:35:30.000Z $IIMWV,220.5,T,13.9,N,A*05
2026-06-18T10:35:30.000Z $IIDBT,80.3,f,24.5,M,13.4,F*2F
2026-06-18T10:35:30.000Z $IIRPM,E,1,0,,A*66
2026-06-18T10:35:30.000Z $GPVTG,197.2,T,,M,7.0,N,12.9,K,A*3D
2026-06-18T10:35:40.000Z $GPRMC,103540.00,A,5302.4080,N,00440.2356,E,6.4,198.1,180626,,,A*5F
2026-06-18T10:35:40.000Z $IIHDG,194.4,,,,*41
2026-06-18T10:35:40.000Z $IIMWV,221.2,T,13.5,N,A*0F
2026-06-18T10:35:40.000Z $IIRPM,E,1,0,,A*66
2026-06-18T10:35:50.000Z $GPRMC,103550.00,A,5302.3918,N,00440.1809,E,6.4,198.0,180626,,,A*52
2026-06-18T10:35:50.000Z $IIHDG,195.6,,,,*42
2026-06-18T10:35:50.000Z $IIMWV,215.0,T,14.7,N,A*0F
2026-06-18T10:35:50.000Z $IIRPM,E,1,0,,A*66
2026-06-18T10:36:00.000Z $GPRMC,103600.00,A,5302.4227,N,00440.2290,E,6.4,195.9,180626,,,A*59
2026-06-18T10:36:00.000Z $GPGGA,103600.00,5302.4227,N,00440.2290,E,1,12,0.9,0.0,M,0.0,M,,*5C
2026-06-18T10:36:00.000Z $IIHDG,196.3,,,,*44
2026-06-18T10:36:00.000Z $IIMWV,221.6,T,13.6,N,A*08
2026-06-18T10:36:00.000Z $IIDBT,83.5,f,25.4,M,13.9,F*27
2026-06-18T10:36:00.000Z $IIRPM,E,1,0,,A*66
2026-06-18T10:36:00.000Z $IIXDR,V,12.51,V,BATT*64
2026-06-18T10:36:00.000Z $GPVTG,195.9,T,,M,6.4,N,11.8,K,A*33
2026-06-18T10:36:10.000Z $GPRMC,103610.00,A,5302.4076,N,00440.1640,E,6.6,197.7,180626,,,A*5A
2026-06-18T10:36:10.000Z $IIHDG,197.6,,,,*40
2026-06-18T10:36:10.000Z $IIMWV,213.1,T,15.5,N,A*0B
2026-06-18T10:36:10.000Z $IIRPM,E,1,0,,A*66
2026-06-18T10:36:20.000Z $GPRMC,103620.00,A,5302.3403,N,00440.2064,E,6.9,196.6,180626,,,A*54
2026-06-18T10:36:20.000Z $IIHDG,194.8,,,,*4D
2026-06-18T10:36:20.000Z $IIMWV,218.5,T,14.4,N,A*04
2026-06-18T10:36:20.000Z $IIRPM,E,1,0,,A*66
2026-06-18T10:36:30.000Z $GPRMC,103630.00,A,5302.3350,N,00440.1859,E,6.7,196.3,180626,,,A*5A
2026-06-18T10:36:30.000Z $GPGGA,103630.00,5302.3350,N,00440.1859,E,1,12,0.9,0.0,M,0.0,M,,*55
2026-06-18T10:36:30.000Z $IIHDG,197.8,,,,*4E
2026-06-18T10:36:30.000Z $IIMWV,215.4,T,13.8,N,A*03
2026-06-18T10:36:30.000Z $IIDBT,87.3,f,26.6,M,14.6,F*2C
2026-06-18T10:36:30.000Z $IIRPM,E,1,0,,A*66
2026-06-18T10:36:30.000Z $GPVTG,196.3,T,,M,6.7,N,12.5,K,A*37
2026-06-18T10:36:40.000Z $GPRMC,103640.00,A,5302.3494,N,00440.1928,E,7.1,195.6,180626,,,A*54
2026-06-18T10:36:40.000Z $IIHDG,198.7,,,,*4E
2026-06-18T10:36:40.000Z $IIMWV,213.2,T,15.2,N,A*0F
2026-06-18T10:36:40.000Z $IIRPM,E,1,0,,A*66
2026-06-18T10:36:50.000Z $GPRMC,103650.00,A,5302.3461,N,00440.1401,E,6.7,197.6,180626,,,A*5C
2026-06-18T10:36:50.000Z $IIHDG,195.7,,,,*43
2026-06-18T10:36:50.000Z $IIMWV,221.6,T,13.2,N,A*0C
2026-06-18T10:36:50.000Z $IIRPM,E,1,0,,A*66
2026-06-18T10:37:00.000Z $GPRMC,103700.00,A,5302.3017,N,00440.1506,E,6.8,196.5,180626,,,A*56
2026-06-18T10:37:00.000Z $GPGGA,103700.00,5302.3017,N,00440.1506,E,1,11,0.9,0.0,M,0.0,M,,*53
2026-06-18T10:37:00.000Z $IIHDG,196.2,,,,*45
2026-06-18T10:37:00.000Z $IIMWV,213.8,T,13.6,N,A*07
2026-06-18T10:37:00.000Z $IIDBT,82.0,f,25.0,M,13.7,F*29
2026-06-18T10:37:00.000Z $IIRPM,E,1,0,,A*66
2026-06-18T10:37:00.000Z $IIXDR,V,12.58,V,BATT*6D
2026-06-18T10:37:00.000Z $GPVTG,196.5,T,,M,6.8,N,12.5,K,A*3E
2026-06-18T10:37:10.000Z $GPRMC,103710.00,A,5302.2658,N,00440.1305,E,7.0,197.8,180626,,,A*5B
2026-06-18T10:37:10.000Z $IIHDG,196.6,,,,*41
2026-06-18T10:37:10.000Z $IIMWV,217.6,T,14.9,N,A*05
2026-06-18T10:37:10.000Z $IIRPM,E,1,0,,A*66
2026-06-18T10:37:20.000Z $GPRMC,103720.00,A,5302.2539,N,00440.1511,E,6.8,195.6,180626,,,A*5A
2026-06-18T10:37:20.000Z $IIHDG,198.4,,,,*4D
2026-06-18T10:37:20.000Z $IIMWV,216.1,T,12.6,N,A*0A
2026-06-18T10:37:20.000Z $IIRPM,E,1,0,,A*66
2026-06-18T10:37:30.000Z $GPRMC,103730.00,A,5302.2506,N,00440.1385,E,6.4,196.4,180626,,,A*51
2026-06-18T10:37:30.000Z $GPGGA,103730.00,5302.2506,N,00440.1385,E,1,11,0.9,0.0,M,0.0,M,,*59
2026-06-18T10:37:30.000Z $IIHDG,196.1,,,,*46
2026-06-18T10:37:30.000Z $IIMWV,214.2,T,14.7,N,A*0C
2026-06-18T10:37:30.000Z $IIDBT,82.8,f,25.2,M,13.8,F*2C
2026-06-18T10:37:30.000Z $IIRPM,E,1,0,,A*66
2026-06-18T10:37:30.000Z $GPVTG,196.4,T,,M,6.4,N,11.8,K,A*3D
2026-06-18T10:37:40.000Z $GPRMC,103740.00,A,5302.2084,N,00440.1457,E,6.8,196.4,180626,,,A*5D
2026-06-18T10:37:40.000Z $IIHDG,198.1,,,,*48
2026-06-18T10:37:40.000Z $IIMWV,220.1,T,13.3,N,A*0B
2026-06-18T10:37:40.000Z $IIRPM,E,1,0,,A*66
2026-06-18T10:37:50.000Z $GPRMC,103750.00,A,5302.2206,N,00440.0943,E,6.4,197.8,180626,,,A*5C
2026-06-18T10:37:50.000Z $IIHDG,197.5,,,,*43
2026-06-18T10:37:50.000Z $IIMWV,212.9,T,13.4,N,A*05
2026-06-18T10:37:50.000Z $IIRPM,E,1,0,,A*66
2026-06-18T10:38:00.000Z $GPRMC,103800.00,A,5302.2199,N,00440.0704,E,6.5,196.9,180626,,,A*5F
2026-06-18T10:38:00.000Z $GPGGA,103800.00,5302.2199,N,00440.0704,E,1,10,0.9,0.0,M,0.0,M,,*5A
2026-06-18T10:38:00.000Z $IIHDG,195.4,,,,*40
2026-06-18T10:38:00.000Z $IIMWV,216.0,T,15.5,N,A*0F
2026-06-18T10:38:00.000Z $IIDBT,88.0,f,26.8,M,14.7,F*2F
2026-06-18T10:38:00.000Z $IIRPM,E,1,0,,A*66
2026-06-18T10:38:00.000Z $IIXDR,V,12.50,V,BATT*65
2026-06-18T10:38:00.000Z $GPVTG,196.9,T,,M,6.5,N,12.0,K,A*3A
2026-06-18T10:38:10.000Z $GPRMC,103810.00,A,5302.1895,N,00440.1152,E,6.7,198.1,180626,,,A*58
2026-06-18T10:38:10.000Z $IIHDG,196.8,,,,*4F
2026-06-18T10:38:10.000Z $IIMWV,219.9,T,12.8,N,A*03
2026-06-18T10:38:10.000Z $IIRPM,E,1,0,,A*66
2026-06-18T10:38:20.000Z $GPRMC,103820.00,A,5302.1480,N,00440.0598,E,6.4,197.9,180626,,,A*54
2026-06-18T10:38:20.000Z $IIHDG,195.5,,,,*41
2026-06-18T10:38:20.000Z $IIMWV,216.5,T,12.8,N,A*00
2026-06-18T10:38:20.000Z $IIRPM,E,1,0,,A*66
2026-06-18T10:38:30.000Z $GPRMC,103830.00,A,5302.1435,N,00440.0559,E,6.4,197.5,180626,,,A*5A
2026-06-18T10:38:30.000Z $GPGGA,103830.00,5302.1435,N,00440.0559,E,1,11,0.9,0.0,M,0.0,M,,*52
2026-06-18T10:38:30.000Z $IIHDG,196.2,,,,*45
2026-06-18T10:38:30.000Z $IIMWV,216.0,T,14.9,N,A*02
2026-06-18T10:38:30.000Z $IIDBT,86.5,f,26.4,M,14.4,F*2B
2026-06-18T10:38:30.000Z $IIRPM,E,1,0,,A*66
2026-06-18T10:38:30.000Z $GPVTG,197.5,T,,M,6.4,N,11.8,K,A*3D
2026-06-18T10:38:40.000Z $GPRMC,103840.00,A,5302.1452,N,00440.0899,E,6.8,197.6,180626,,,A*52
2026-06-18T10:38:40.000Z $IIHDG,198.4,,,,*4D
2026-06-18T10:38:40.000Z $IIMWV,216.4,T,14.2,N,A*0D
2026-06-18T10:38:40.000Z $IIRPM,E,1,0,,A*66
2026-06-18T10:38:50.000Z $GPRMC,103850.00,A,5302.1089,N,00440.0365,E,7.0,198.0,180626,,,A*59
2026-06-18T10:38:50.000Z $IIHDG,198.5,,,,*4C
2026-06-18T10:38:50.000Z $IIMWV,214.8,T,15.0,N,A*00
2026-06-18T10:38:50.000Z $IIRPM,E,1,0,,A*66
2026-06-18T10:39:00.000Z $GPRMC,103900.00,A,5302.0999,N,00440.0600,E,7.0,195.5,180626,,,A*5A
2026-06-18T10:39:00.000Z $GPGGA,103900.00,5302.0999,N,00440.0600,E,1,9,0.9,0.0,M,0.0,M,,*6C
2026-06-18T10:39:00.000Z $IIHDG,198.4,,,,*4D
2026-06-18T10:39:00.000Z $IIMWV,215.2,T,13.0,N,A*0D
2026-06-18T10:39:00.000Z $IIDBT,85.5,f,26.1,M,14.3,F*2A
2026-06-18T10:39:00.000Z $IIRPM,E,1,0,,A*66
2026-06-18T10:39:00.000Z $IIXDR,V,12.42,V,BATT*66
2026-06-18T10:39:00.000Z $GPVTG,195.5,T,,M,7.0,N,13.0,K,A*30
2026-06-18T10:39:10.000Z $GPRMC,103910.00,A,5302.0712,N,00440.0539,E,6.4,197.3,180626,,,A*5E
2026-06-18T10:39:10.000Z $IIHDG,198.8,,,,*41
2026-06-18T10:39:10.000Z $IIMWV,219.0,T,15.2,N,A*07
2026-06-18T10:39:10.000Z $IIRPM,E,1,0,,A*66
2026-06-18T10:39:20.000Z $GPRMC,103920.00,A,5302.0395,N,00440.0159,E,6.5,195.8,180626,,,A*5C
2026-06-18T10:39:20.000Z $IIHDG,198.8,,,,*41
2026-06-18T10:39:20.000Z $IIMWV,217.2,T,13.9,N,A*06
2026-06-18T10:39:20.000Z $IIRPM,E,1,0,,A*66
2026-06-18T10:39:30.000Z $GPRMC,103930.00,A,5302.0328,N,00440.0264,E,6.5,196.0,180626,,,A*5D
2026-06-18T10:39:30.000Z $GPGGA,103930.00,5302.0328,N,00440.0264,E,1,8,0.9,0.0,M,0.0,M,,*68
2026-06-18T10:39:30.000Z $IIHDG,197.6,,,,*40
2026-06-18T10:39:30.000Z $IIMWV,218.2,T,14.1,N,A*06
2026-06-18T10:39:30.000Z $IIDBT,88.1,f,26.9,M,14.7,F*2F
2026-06-18T10:39:30.000Z $IIRPM,E,1,0,,A*66
2026-06-18T10:39:30.000Z $GPVTG,196.0,T,,M,6.5,N,12.1,K,A*32
2026-06-18T10:39:40.000Z $GPRMC,103940.00,A,5302.0219,N,00439.9934,E,6.3,196.9,180626,,,A*5F
2026-06-18T10:39:40.000Z $IIHDG,196.2,,,,*45
2026-06-18T10:39:40.000Z $IIMWV,216.9,T,15.0,N,A*03
2026-06-18T10:39:40.000Z $IIRPM,E,1,0,,A*66
2026-06-18T10:39:50.000Z $GPRMC,103950.00,A,5301.9993,N,00439.9932,E,7.0,196.3,180626,,,A*53
2026-06-18T10:39:50.000Z $IIHDG,197.0,,,,*46
2026-06-18T10:39:50.000Z $IIMWV,216.9,T,14.7,N,A*05
2026-06-18T10:39:50.000Z $IIRPM,E,1,0,,A*66
2026-06-18T10:40:00.000Z $GPRMC,104000.00,A,5302.0278,N,00439.9843,E,6.6,195.8,180626,,,A*54
2026-06-18T10:40:00.000Z $GPGGA,104000.00,5302.0278,N,00439.9843,E,1,9,0.9,0.0,M,0.0,M,,*68
2026-06-18T10:40:00.000Z $IIHDG,195.4,,,,*40
2026-06-18T10:40:00.000Z $IIMWV,221.4,T,14.7,N,A*0C
2026-06-18T10:40:00.000Z $IIDBT,81.2,f,24.7,M,13.5,F*2C
2026-06-18T10:40:00.000Z $IIRPM,E,1,0,,A*66
2026-06-18T10:40:00.000Z $IIXDR,V,12.68,V,BATT*6E
2026-06-18T10:40:00.000Z $IIMTA,18.7,C*0B
2026-06-18T10:40:00.000Z $GPVTG,195.8,T,,M,6.6,N,12.2,K,A*39
2026-06-18T10:40:10.000Z $GPRMC,104010.00,A,5301.9878,N,00439.9721,E,6.7,196.3,180626,,,A*57
2026-06-18T10:40:10.000Z $IIHDG,194.7,,,,*42
2026-06-18T10:40:10.000Z $IIMWV,220.2,T,13.4,N,A*0F
2026-06-18T10:40:10.000Z $IIRPM,E,1,0,,A*66
2026-06-18T10:40:20.000Z $GPRMC,104020.00,A,5301.9836,N,00439.9975,E,6.4,195.5,180626,,,A*57
2026-06-18T10:40:20.000Z $IIHDG,196.3,,,,*44
2026-06-18T10:40:20.000Z $IIMWV,218.1,T,12.9,N,A*0B
2026-06-18T10:40:20.000Z $IIRPM,E,1,0,,A*66
2026-06-18T10:40:30.000Z $GPRMC,104030.00,A,5301.9422,N,00439.9467,E,6.9,196.9,180626,,,A*53
2026-06-18T10:40:30.000Z $GPGGA,104030.00,5301.9422,N,00439.9467,E,1,8,0.9,0.0,M,0.0,M,,*63
2026-06-18T10:40:30.000Z $IIHDG,198.0,,,,*49
2026-06-18T10:40:30.000Z $IIMWV,213.4,T,13.7,N,A*0A
2026-06-18T10:40:30.000Z $IIDBT,82.5,f,25.1,M,13.7,F*2D
2026-06-18T10:40:30.000Z $IIRPM,E,1,0,,A*66
2026-06-18T10:40:30.000Z $GPVTG,196.9,T,,M,6.9,N,12.7,K,A*31
2026-06-18T10:40:40.000Z $GPRMC,104040.00,A,5301.9419,N,00439.9914,E,7.1,196.7,180626,,,A*52
2026-06-18T10:40:40.000Z $IIHDG,196.2,,,,*45
2026-06-18T10:40:40.000Z $IIMWV,214.8,T,14.4,N,A*05
2026-06-18T10:40:40.000Z $IIRPM,E,1,0,,A*66
2026-06-18T10:40:50.000Z $GPRMC,104050.00,A,5301.9419,N,00439.9429,E,6.9,196.0,180626,,,A*5E
2026-06-18T10:40:50.000Z $IIHDG,199.1,,,,*49
2026-06-18T10:40:50.000Z $IIMWV,213.3,T,13.0,N,A*0A
2026-06-18T10:40:50.000Z $IIRPM,E,1,0,,A*66
2026-06-18T10:41:00.000Z $GPRMC,104100.00,A,5301.8904,N,00439.9557,E,7.0,197.2,180626,,,A*59
2026-06-18T10:41:00.000Z $GPGGA,104100.00,5301.8904,N,00439.9557,E,1,10,0.9,0.0,M,0.0,M,,*52
2026-06-18T10:41:00.000Z $IIHDG,198.9,,,,*40
2026-06-18T10:41:00.000Z $IIMWV,215.3,T,13.2,N,A*0E
2026-06-18T10:41:00.000Z $IIDBT,84.8,f,25.8,M,14.1,F*2E
2026-06-18T10:41:00.000Z $IIRPM,E,1,0,,A*66
2026-06-18T10:41:00.000Z $IIXDR,V,12.52,V,BATT*67
2026-06-18T10:41:00.000Z $GPVTG,197.2,T,,M,7.0,N,12.9,K,A*3D
2026-06-18T10:41:10.000Z $GPRMC,104110.00,A,5301.8643,N,00439.9339,E,6.6,195.5,180626,,,A*58
2026-06-18T10:41:10.000Z $IIHDG,199.2,,,,*4A
2026-06-18T10:41:10.000Z $IIMWV,215.0,T,13.5,N,A*0A
2026-06-18T10:41:10.000Z $IIRPM,E,1,0,,A*66
2026-06-18T10:41:20.000Z $GPRMC,104120.00,A,5301.8415,N,00439.9200,E,6.9,197.0,180626,,,A*59
2026-06-18T10:41:20.000Z $IIHDG,195.9,,,,*4D
2026-06-18T10:41:20.000Z $IIMWV,218.0,T,14.7,N,A*02
2026-06-18T10:41:20.000Z $IIRPM,E,1,0,,A*66
2026-06-18T10:41:30.000Z $GPRMC,104130.00,A,5301.8604,N,00439.9349,E,6.8,197.7,180626,,,A*50
2026-06-18T10:41:30.000Z $GPGGA,104130.00,5301.8604,N,00439.9349,E,1,8,0.9,0.0,M,0.0,M,,*6E
2026-06-18T10:41:30.000Z $IIHDG,199.1,,,,*49
2026-06-18T10:41:30.000Z $IIMWV,220.0,T,12.8,N,A*00
2026-06-18T10:41:30.000Z $IIDBT,80.6,f,24.6,M,13.4,F*29
2026-06-18T10:41:30.000Z $IIRPM,E,1,0,,A*66
2026-06-18T10:41:30.000Z $GPVTG,197.7,T,,M,6.8,N,12.5,K,A*3D
2026-06-18T10:41:40.000Z $GPRMC,104140.00,A,5301.8589,N,00439.9073,E,6.9,196.3,180626,,,A*5F
2026-06-18T10:41:40.000Z $IIHDG,195.1,,,,*45
2026-06-18T10:41:40.000Z $IIMWV,215.6,T,12.9,N,A*01
2026-06-18T10:41:40.000Z $IIRPM,E,1,0,,A*66
2026-06-18T10:41:50.000Z $GPRMC,104150.00,A,5301.8332,N,00439.9124,E,6.4,196.7,180626,,,A*52
2026-06-18T10:41:50.000Z $IIHDG,197.6,,,,*40
2026-06-18T10:41:50.000Z $IIMWV,214.8,T,14.6,N,A*07
2026-06-18T10:41:50.000Z $IIRPM,E,1,0,,A*66
2026-06-18T10:42:00.000Z $GPRMC,104200.00,A,5301.7740,N,00439.8947,E,6.7,197.4,180626,,,A*57
2026-06-18T10:42:00.000Z $GPGGA,104200.00,5301.7740,N,00439.8947,E,1,11,0.9,0.0,M,0.0,M,,*5D
2026-06-18T10:42:00.000Z $IIHDG,195.4,,,,*40
2026-06-18T10:42:00.000Z $IIMWV,221.4,T,12.6,N,A*0B
2026-06-18T10:42:00.000Z $IIDBT,85.5,f,26.1,M,14.3,F*2A
2026-06-18T10:42:00.000Z $IIRPM,E,1,0,,A*66
2026-06-18T10:42:00.000Z $IIXDR,V,12.61,V,BATT*67
2026-06-18T10:42:00.000Z $GPVTG,197.4,T,,M,6.7,N,12.5,K,A*31
2026-06-18T10:42:10.000Z $GPRMC,104210.00,A,5301.7914,N,00439.8767,E,7.0,196.3,180626,,,A*55
2026-06-18T10:42:10.000Z $IIHDG,194.6,,,,*43
2026-06-18T10:42:10.000Z $IIMWV,218.7,T,14.0,N,A*02
2026-06-18T10:42:10.000Z $IIRPM,E,1,0,,A*66
2026-06-18T10:42:20.000Z $GPRMC,104220.00,A,5301.7697,N,00439.8710,E,6.9,197.4,180626,,,A*5C
2026-06-18T10:42:20.000Z $IIHDG,197.2,,,,*44
2026-06-18T10:42:20.000Z $IIMWV,213.1,T,15.5,N,A*0B
2026-06-18T10:42:20.000Z $IIRPM,E,1,0,,A*66
2026-06-18T10:42:30.000Z $GPRMC,104230.00,A,5301.7250,N,00439.9010,E,6.9,195.6,180626,,,A*54
2026-06-18T10:42:30.000Z $GPGGA,104230.00,5301.7250,N,00439.9010,E,1,8,0.9,0.0,M,0.0,M,,*68
2026-06-18T10:42:30.000Z $IIHDG,195.0,,,,*44
2026-06-18T10:42:30.000Z $IIMWV,212.4,T,15.4,N,A*0E
2026-06-18T10:42:30.000Z $IIDBT,85.6,f,26.1,M,14.3,F*29
2026-06-18T10:42:30.000Z $IIRPM,E,1,0,,A*66
2026-06-18T10:42:30.000Z $GPVTG,195.6,T,,M,6.9,N,12.7,K,A*3D
2026-06-18T10:42:40.000Z $GPRMC,104240.00,A,5301.7528,N,00439.8497,E,6.6,195.4,180626,,,A*5C
2026-06-18T10:42:40.000Z $IIHDG,194.8,,,,*4D
2026-06-18T10:42:40.000Z $IIMWV,212.6,T,13.7,N,A*09
2026-06-18T10:42:40.000Z $IIRPM,E,1,0,,A*66
2026-06-18T10:42:50.000Z $GPRMC,104250.00,A,5301.7113,N,00439.8669,E,6.5,196.2,180626,,,A*54
2026-06-18T10:42:50.000Z $IIHDG,197.4,,,,*42
2026-06-18T10:42:50.000Z $IIMWV,214.8,T,12.9,N,A*0E
2026-06-18T10:42:50.000Z $IIRPM,E,1,0,,A*66
2026-06-18T10:43:00.000Z $GPRMC,104300.00,A,5301.7050,N,00439.8379,E,7.1,195.6,180626,,,A*50
2026-06-18T10:43:00.000Z $GPGGA,104300.00,5301.7050,N,00439.8379,E,1,8,0.9,0.0,M,0.0,M,,*65
2026-06-18T10:43:00.000Z $IIHDG,198.9,,,,*40
2026-06-18T10:43:00.000Z $IIMWV,219.2,T,14.0,N,A*06
2026-06-18T10:43:00.000Z $IIDBT,81.3,f,24.8,M,13.6,F*21
2026-06-18T10:43:00.000Z $IIRPM,E,1,0,,A*66
2026-06-18T10:43:00.000Z $IIXDR,V,12.68,V,BATT*6E
2026-06-18T10:43:00.000Z $GPVTG,195.6,T,,M,7.1,N,13.1,K,A*33
2026-06-18T10:43:10.000Z $GPRMC,104310.00,A,5301.6978,N,00439.8320,E,6.5,197.2,180626,,,A*5C
2026-06-18T10:43:10.000Z $IIHDG,194.7,,,,*42
2026-06-18T10:43:10.000Z $IIMWV,215.6,T,13.6,N,A*0F
2026-06-18T10:43:10.000Z $IIRPM,E,1,0,,A*66
2026-06-18T10:43:20.000Z $GPRMC,104320.00,A,5301.6954,N,00439.8611,E,7.1,198.1,180626,,,A*5F
2026-06-18T10:43:20.000Z $IIHDG,196.3,,,,*44
2026-06-18T10:43:20.000Z $IIMWV,213.3,T,12.7,N,A*0C
2026-06-18T10:43:20.000Z $IIRPM,E,1,0,,A*66
2026-06-18T10:43:30.000Z $GPRMC,104330.00,A,5301.6502,N,00439.8012,E,6.7,197.0,180626,,,A*5D
2026-06-18T10:43:30.000Z $GPGGA,104330.00,5301.6502,N,00439.8012,E,1,11,0.9,0.0,M,0.0,M,,*53
2026-06-18T10:43:30.000Z $IIHDG,199.1,,,,*49
2026-06-18T10:43:30.000Z $IIMWV,217.8,T,14.3,N,A*01
2026-06-18T10:43:30.000Z $IIDBT,85.4,f,26.0,M,14.2,F*2B
2026-06-18T10:43:30.000Z $IIRPM,E,1,0,,A*66
2026-06-18T10:43:30.000Z $GPVTG,197.0,T,,M,6.7,N,12.4,K,A*34
2026-06-18T10:43:40.000Z $GPRMC,104340.00,A,5301.6547,N,00439.8222,E,6.8,195.4,180626,,,A*53
2026-06-18T10:43:40.000Z $IIHDG,197.3,,,,*45
2026-06-18T10:43:40.000Z $IIMWV,212.5,T,13.1,N,A*0C
2026-06-18T10:43:40.000Z $IIRPM,E,1,0,,A*66
2026-06-18T10:43:50.000Z $GPRMC,104350.00,A,5301.6449,N,00439.7919,E,6.6,197.9,180626,,,A*50
2026-06-18T10:43:50.000Z $IIHDG,198.2,,,,*4B
2026-06-18T10:43:50.000Z $IIMWV,221.0,T,13.0,N,A*08
2026-06-18T10:43:50.000Z $IIRPM,E,1,0,,A*66
2026-06-18T10:44:00.000Z $GPRMC,104400.00,A,5301.5935,N,00439.7708,E,6.4,196.6,180626,,,A*55
2026-06-18T10:44:00.000Z $GPGGA,104400.00,5301.5935,N,00439.7708,E,1,8,0.9,0.0,M,0.0,M,,*67
2026-06-18T10:44:00.000Z $IIHDG,197.2,,,,*44
2026-06-18T10:44:00.000Z $IIMWV,221.5,T,14.3,N,A*09
2026-06-18T10:44:00.000Z $IIDBT,84.9,f,25.9,M,14.2,F*2D
2026-06-18T10:44:00.000Z $IIRPM,E,1,0,,A*66
2026-06-18T10:44:00.000Z $IIXDR,V,12.68,V,BATT*6E
2026-06-18T10:44:00.000Z $GPVTG,196.6,T,,M,6.4,N,11.9,K,A*3E
2026-06-18T10:44:10.000Z $GPRMC,104410.00,A,5301.5715,N,00439.7705,E,6.9,195.9,180626,,,A*54
2026-06-18T10:44:10.000Z $IIHDG,197.3,,,,*45
2026-06-18T10:44:10.000Z $IIMWV,221.4,T,14.5,N,A*0E
2026-06-18T10:44:10.000Z $IIRPM,E,1,0,,A*66
2026-06-18T10:44:20.000Z $GPRMC,104420.00,A,5301.5451,N,00439.7899,E,6.4,196.6,180626,,,A*5F
2026-06-18T10:44:20.000Z $IIHDG,196.8,,,,*4F
2026-06-18T10:44:20.000Z $IIMWV,212.2,T,14.7,N,A*0A
2026-06-18T10:44:20.000Z $IIRPM,E,1,0,,A*66
2026-06-18T10:44:30.000Z $GPRMC,104430.00,A,5301.5305,N,00439.7632,E,6.4,196.8,180626,,,A*59
2026-06-18T10:44:30.000Z $GPGGA,104430.00,5301.5305,N,00439.7632,E,1,11,0.9,0.0,M,0.0,M,,*5D
2026-06-18T10:44:30.000Z $IIHDG,195.5,,,,*41
2026-06-18T10:44:30.000Z $IIMWV,213.2,T,13.8,N,A*03
2026-06-18T10:44:30.000Z $IIDBT,89.0,f,27.1,M,14.8,F*29
2026-06-18T10:44:30.000Z $IIRPM,E,1,0,,A*66
2026-06-18T10:44:30.000Z $GPVTG,196.8,T,,M,6.4,N,11.8,K,A*31
2026-06-18T10:44:40.000Z $GPRMC,104440.00,A,5301.5145,N,00439.7830,E,6.8,195.9,180626,,,A*5A
2026-06-18T10:44:40.000Z $IIHDG,197.1,,,,*47
2026-06-18T10:44:40.000Z $IIMWV,217.8,T,12.9,N,A*0D
2026-06-18T10:44:40.000Z $IIRPM,E,1,0,,A*66
2026-06-18T10:44:50.000Z $GPRMC,104450.00,A,5301.5179,N,00439.7559,E,6.4,196.8,180626,,,A*58
2026-06-18T10:44:50.000Z $IIHDG,196.0,,,,*47
2026-06-18T10:44:50.000Z $IIMWV,221.4,T,13.3,N,A*0F
2026-06-18T10:44:50.000Z $IIRPM,E,1,0,,A*66
2026-06-18T10:45:00.000Z $GPRMC,104500.00,A,5301.4981,N,00439.7459,E,7.0,195.6,180626,,,A*5B
2026-06-18T10:45:00.000Z $GPGGA,104500.00,5301.4981,N,00439.7459,E,1,9,0.9,0.0,M,0.0,M,,*6E
2026-06-18T10:45:00.000Z $IIHDG,198.4,,,,*4D
2026-06-18T10:45:00.000Z $IIMWV,218.5,T,12.6,N,A*00
2026-06-18T10:45:00.000Z $IIDBT,80.9,f,24.6,M,13.5,F*27
2026-06-18T10:45:00.000Z $IIRPM,E,1,0,,A*66
2026-06-18T10:45:00.000Z $IIXDR,V,12.61,V,BATT*67
2026-06-18T10:45:00.000Z $IIMTA,18.4,C*08
2026-06-18T10:45:00.000Z $GPVTG,195.6,T,,M,7.0,N,12.9,K,A*3B
2026-06-18T10:45:10.000Z $GPRMC,104510.00,A,5301.4546,N,00439.7347,E,6.8,196.0,180626,,,A*59
2026-06-18T10:45:10.000Z $IIHDG,197.8,,,,*4E
2026-06-18T10:45:10.000Z $IIMWV,215.8,T,12.7,N,A*01
2026-06-18T10:45:10.000Z $IIRPM,E,1,0,,A*66
2026-06-18T10:45:20.000Z $GPRMC,104520.00,A,5301.4385,N,00439.7289,E,7.0,197.6,180626,,,A*5E
2026-06-18T10:45:20.000Z $IIHDG,196.0,,,,*47
2026-06-18T10:45:20.000Z $IIMWV,217.5,T,14.6,N,A*09
2026-06-18T10:45:20.000Z $IIRPM,E,1,0,,A*66
2026-06-18T10:45:30.000Z $GPRMC,104530.00,A,5301.4658,N,00439.7160,E,6.3,197.6,180626,,,A*5C
2026-06-18T10:45:30.000Z $GPGGA,104530.00,5301.4658,N,00439.7160,E,1,11,0.9,0.0,M,0.0,M,,*50
2026-06-18T10:45:30.000Z $IIHDG,197.7,,,,*41
2026-06-18T10:45:30.000Z $IIMWV,220.2,T,14.4,N,A*08
2026-06-18T10:45:30.000Z $IIDBT,83.4,f,25.4,M,13.9,F*26
2026-06-18T10:45:30.000Z $IIRPM,E,1,0,,A*66
2026-06-18T10:45:30.000Z $GPVTG,197.6,T,,M,6.3,N,11.7,K,A*36
2026-06-18T10:45:40.000Z $GPRMC,104540.00,A,5301.4087,N,00439.7344,E,7.0,196.1,180626,,,A*5F
2026-06-18T10:45:40.000Z $IIHDG,197.7,,,,*41
2026-06-18T10:45:40.000Z $IIMWV,217.0,T,13.1,N,A*0C
2026-06-18T10:45:40.000Z $IIRPM,E,1,0,,A*66
2026-06-18T10:45:50.000Z $GPRMC,104550.00,A,5301.4034,N,00439.7238,E,7.1,196.2,180626,,,A*5E
2026-06-18T10:45:50.000Z $IIHDG,194.9,,,,*4C
2026-06-18T10:45:50.000Z $IIMWV,216.2,T,13.6,N,A*08
2026-06-18T10:45:50.000Z $IIRPM,E,1,0,,A*66
2026-06-18T10:46:00.000Z $GPRMC,104600.00,A,5301.4190,N,00439.6901,E,6.9,197.9,180626,,,A*54
2026-06-18T10:46:00.000Z $GPGGA,104600.00,5301.4190,N,00439.6901,E,1,11,0.9,0.0,M,0.0,M,,*5D
2026-06-18T10:46:00.000Z $IIHDG,197.3,,,,*45
2026-06-18T10:46:00.000Z $IIMWV,215.9,T,12.6,N,A*01
2026-06-18T10:46:00.000Z $IIDBT,87.7,f,26.7,M,14.6,F*29
2026-06-18T10:46:00.000Z $IIRPM,E,1,0,,A*66
2026-06-18T10:46:00.000Z $IIXDR,V,12.58,V,BATT*6D
2026-06-18T10:46:00.000Z $GPVTG,197.9,T,,M,6.9,N,12.8,K,A*3F
2026-06-18T10:46:10.000Z $GPRMC,104610.00,A,5301.3921,N,00439.6752,E,6.8,197.9,180626,,,A*59
2026-06-18T10:46:10.000Z $IIHDG,196.8,,,,*4F
2026-06-18T10:46:10.000Z $IIMWV,220.0,T,15.2,N,A*0D
2026-06-18T10:46:10.000Z $IIRPM,E,1,0,,A*66
2026-06-18T10:46:20.000Z $GPRMC,104620.00,A,5301.3443,N,00439.6661,E,6.5,195.5,180626,,,A*51
2026-06-18T10:46:20.000Z $IIHDG,197.5,,,,*43
2026-06-18T10:46:20.000Z $IIMWV,218.0,T,14.6,N,A*03
2026-06-18T10:46:20.000Z $IIRPM,E,1,0,,A*66
2026-06-18T10:46:30.000Z $GPRMC,104630.00,A,5301.3573,N,00439.6968,E,6.9,197.4,180626,,,A*5B
2026-06-18T10:46:30.000Z $GPGGA,104630.00,5301.3573,N,00439.6968,E,1,8,0.9,0.0,M,0.0,M,,*67
2026-06-18T10:46:30.000Z $IIHDG,196.3,,,,*44
2026-06-18T10:46:30.000Z $IIMWV,216.6,T,14.5,N,A*08
2026-06-18T10:46:30.000Z $IIDBT,81.1,f,24.7,M,13.5,F*2F
2026-06-18T10:46:30.000Z $IIRPM,E,1,0,,A*66
2026-06-18T10:46:30.000Z $GPVTG,197.4,T,,M,6.9,N,12.7,K,A*3D
2026-06-18T10:46:40.000Z $GPRMC,104640.00,A,5301.3332,N,00439.6626,E,6.4,197.0,180626,,,A*53
2026-06-18T10:46:40.000Z $IIHDG,197.9,,,,*4F
2026-06-18T10:46:40.000Z $IIMWV,216.5,T,15.1,N,A*0E
2026-06-18T10:46:40.000Z $IIRPM,E,1,0,,A*66
2026-06-18T10:46:50.000Z $GPRMC,104650.00,A,5301.3124,N,00439.6638,E,6.9,196.5,180626,,,A*51
2026-06-18T10:46:50.000Z $IIHDG,197.6,,,,*40
2026-06-18T10:46:50.000Z $IIMWV,212.5,T,13.6,N,A*0B
2026-06-18T10:46:50.000Z $IIRPM,E,1,0,,A*66
2026-06-18T10:47:00.000Z $GPRMC,104700.00,A,5301.3167,N,00439.6255,E,6.7,196.6,180626,,,A*50
2026-06-18T10:47:00.000Z $GPGGA,104700.00,5301.3167,N,00439.6255,E,1,9,0.9,0.0,M,0.0,M,,*60
2026-06-18T10:47:00.000Z $IIHDG,199.2,,,,*4A
2026-06-18T10:47:00.000Z $IIMWV,216.8,T,15.4,N,A*06
2026-06-18T10:47:00.000Z $IIDBT,85.1,f,25.9,M,14.2,F*24
2026-06-18T10:47:00.000Z $IIRPM,E,1,0,,A*66
2026-06-18T10:47:00.000Z $IIXDR,V,12.40,V,BATT*64
2026-06-18T10:47:00.000Z $GPVTG,196.6,T,,M,6.7,N,12.5,K,A*32
2026-06-18T10:47:10.000Z $GPRMC,104710.00,A,5301.2943,N,00439.6527,E,6.3,196.1,180626,,,A*5F
2026-06-18T10:47:10.000Z $IIHDG,197.2,,,,*44
2026-06-18T10:47:10.000Z $IIMWV,220.7,T,13.6,N,A*08
2026-06-18T10:47:10.000Z $IIRPM,E,1,0,,A*66
2026-06-18T10:47:20.000Z $GPRMC,104720.00,A,5301.2680,N,00439.6095,E,6.9,196.1,180626,,,A*5A
2026-06-18T10:47:20.000Z $IIHDG,194.9,,,,*4C
2026-06-18T10:47:20.000Z $IIMWV,216.4,T,15.1,N,A*0F
2026-06-18T10:47:20.000Z $IIRPM,E,1,0,,A*66
2026-06-18T10:47:30.000Z $GPRMC,104730.00,A,5301.2505,N,00439.6408,E,6.4,195.8,180626,,,A*52
2026-06-18T10:47:30.000Z $GPGGA,104730.00,5301.2505,N,00439.6408,E,1,11,0.9,0.0,M,0.0,M,,*55
2026-06-18T10:47:30.000Z $IIHDG,196.2,,,,*45
2026-06-18T10:47:30.000Z $IIMWV,220.9,T,15.4,N,A*02
2026-06-18T10:47:30.000Z $IIDBT,83.1,f,25.3,M,13.8,F*25
2026-06-18T10:47:30.000Z $IIRPM,E,1,0,,A*66
2026-06-18T10:47:30.000Z $GPVTG,195.8,T,,M,6.4,N,11.8,K,A*32
2026-06-18T10:47:40.000Z $GPRMC,104740.00,A,5301.2226,N,00439.6136,E,6.3,197.8,180626,,,A*5E
2026-06-18T10:47:40.000Z $IIHDG,196.6,,,,*41
2026-06-18T10:47:40.000Z $IIMWV,215.2,T,15.1,N,A*0A
2026-06-18T10:47:40.000Z $IIRPM,E,1,0,,A*66
2026-06-18T10:47:50.000Z $GPRMC,104750.00,A,5301.2183,N,00439.5816,E,6.6,198.2,180626,,,A*5B
2026-06-18T10:47:50.000Z $IIHDG,198.7,,,,*4E
2026-06-18T10:47:50.000Z $IIMWV,219.6,T,14.4,N,A*06
2026-06-18T10:47:50.000Z $IIRPM,E,1,0,,A*66
2026-06-18T10:48:00.000Z $GPRMC,104800.00,A,5301.2226,N,00439.5727,E,6.9,195.5,180626,,,A*55
2026-06-18T10:48:00.000Z $GPGGA,104800.00,5301.2226,N,00439.5727,E,1,11,0.9,0.0,M,0.0,M,,*52
2026-06-18T10:48:00.000Z $IIHDG,198.8,,,,*41
2026-06-18T10:48:00.000Z $IIMWV,214.9,T,14.3,N,A*03
2026-06-18T10:48:00.000Z $IIDBT,80.4,f,24.5,M,13.4,F*28
2026-06-18T10:48:00.000Z $IIRPM,E,1,0,,A*66
2026-06-18T10:48:00.000Z $IIXDR,V,12.47,V,BATT*63
2026-06-18T10:48:00.000Z $GPVTG,195.5,T,,M,6.9,N,12.8,K,A*31
2026-06-18T10:48:10.000Z $GPRMC,104810.00,A,5301.1665,N,00439.6174,E,6.8,198.0,180626,,,A*5E
2026-06-18T10:48:10.000Z $IIHDG,199.0,,,,*48
2026-06-18T10:48:10.000Z $IIMWV,215.7,T,12.8,N,A*01
2026-06-18T10:48:10.000Z $IIRPM,E,1,0,,A*66
2026-06-18T10:48:20.000Z $GPRMC,104820.00,A,5301.1871,N,00439.5946,E,7.0,197.6,180626,,,A*5C
2026-06-18T10:48:20.000Z $IIHDG,194.8,,,,*4D
2026-06-18T10:48:20.000Z $IIMWV,220.6,T,14.7,N,A*0F
2026-06-18T10:48:20.000Z $IIRPM,E,1,0,,A*66
2026-06-18T10:48:30.000Z $GPRMC,104830.00,A,5301.1756,N,00439.5588,E,6.4,197.8,180626,,,A*52
2026-06-18T10:48:30.000Z $GPGGA,104830.00,5301.1756,N,00439.5588,E,1,11,0.9,0.0,M,0.0,M,,*57
2026-06-18T10:48:30.000Z $IIHDG,195.0,,,,*44
2026-06-18T10:48:30.000Z $IIMWV,220.3,T,14.8,N,A*05
2026-06-18T10:48:30.000Z $IIDBT,87.6,f,26.7,M,14.6,F*28
2026-06-18T10:48:30.000Z $IIRPM,E,1,0,,A*66
2026-06-18T10:48:30.000Z $GPVTG,197.8,T,,M,6.4,N,11.8,K,A*30
2026-06-18T10:48:40.000Z $GPRMC,104840.00,A,5301.1310,N,00439.5933,E,6.8,197.5,180626,,,A*5E
2026-06-18T10:48:40.000Z $IIHDG,195.9,,,,*4D
2026-06-18T10:48:40.000Z $IIMWV,214.2,T,15.3,N,A*09
2026-06-18T10:48:40.000Z $IIRPM,E,1,0,,A*66
2026-06-18T10:48:50.000Z $GPRMC,104850.00,A,5301.1264,N,00439.5303,E,7.0,195.7,180626,,,A*5D
2026-06-18T10:48:50.000Z $IIHDG,197.6,,,,*40
2026-06-18T10:48:50.000Z $IIMWV,220.8,T,13.4,N,A*05
2026-06-18T10:48:50.000Z $IIRPM,E,1,0,,A*66
2026-06-18T10:49:00.000Z $GPRMC,104900.00,A,5301.1068,N,00439.5276,E,6.9,197.0,180626,,,A*59
2026-06-18T10:49:00.000Z $GPGGA,104900.00,5301.1068,N,00439.5276,E,1,12,0.9,0.0,M,0.0,M,,*5A
2026-06-18T10:49:00.000Z $IIHDG,198.2,,,,*4B
2026-06-18T10:49:00.000Z $IIMWV,213.2,T,15.5,N,A*08
2026-06-18T10:49:00.000Z $IIDBT,87.1,f,26.5,M,14.5,F*2E
2026-06-18T10:49:00.000Z $IIRPM,E,1,0,,A*66
2026-06-18T10:49:00.000Z $IIXDR,V,12.61,V,BATT*67
2026-06-18T10:49:00.000Z $GPVTG,197.0,T,,M,6.9,N,12.7,K,A*39
2026-06-18T10:49:10.000Z $GPRMC,104910.00,A,5301.0867,N,00439.5134,E,6.6,197.3,180626,,,A*57
2026-06-18T10:49:10.000Z $IIHDG,195.7,,,,*43
2026-06-18T10:49:10.000Z $IIMWV,216.0,T,15.5,N,A*0F
2026-06-18T10:49:10.000Z $IIRPM,E,1,0,,A*66
2026-06-18T10:49:20.000Z $GPRMC,104920.00,A,5301.0649,N,00439.5116,E,6.9,198.0,180626,,,A*55
2026-06-18T10:49:20.000Z $IIHDG,197.2,,,,*44
2026-06-18T10:49:20.000Z $IIMWV,213.6,T,13.1,N,A*0E
2026-06-18T10:49:20.000Z $IIRPM,E,1,0,,A*66
2026-06-18T10:49:30.000Z $GPRMC,104930.00,A,5301.0497,N,00439.5272,E,7.0,196.6,180626,,,A*54
2026-06-18T10:49:30.000Z $GPGGA,104930.00,5301.0497,N,00439.5272,E,1,12,0.9,0.0,M,0.0,M,,*58
2026-06-18T10:49:30.000Z $IIHDG,197.1,,,,*47
2026-06-18T10:49:30.000Z $IIMWV,216.1,T,12.5,N,A*09
2026-06-18T10:49:30.000Z $IIDBT,80.8,f,24.6,M,13.5,F*26
2026-06-18T10:49:30.000Z $IIRPM,E,1,0,,A*66
2026-06-18T10:49:30.000Z $GPVTG,196.6,T,,M,7.0,N,12.9,K,A*38
2026-06-18T10:49:40.000Z $GPRMC,104940.00,A,5301.0175,N,00439.5415,E,6.8,196.8,180626,,,A*5A
2026-06-18T10:49:40.000Z $IIHDG,196.7,,,,*40
2026-06-18T10:49:40.000Z $IIMWV,212.3,T,12.5,N,A*0F
2026-06-18T10:49:40.000Z $IIRPM,E,1,0,,A*66
2026-06-18T10:49:50.000Z $GPRMC,104950.00,A,5300.9875,N,00439.5216,E,6.9,196.6,180626,,,A*50
2026-06-18T10:49:50.000Z $IIHDG,198.5,,,,*4C
2026-06-18T10:49:50.000Z $IIMWV,220.7,T,15.4,N,A*0C
2026-06-18T10:49:50.000Z $IIRPM,E,1,0,,A*66
2026-06-18T10:50:00.000Z $GPRMC,105000.00,A,5300.9722,N,00439.5078,E,6.6,197.3,180626,,,A*51
2026-06-18T10:50:00.000Z $GPGGA,105000.00,5300.9722,N,00439.5078,E,1,9,0.9,0.0,M,0.0,M,,*64
2026-06-18T10:50:00.000Z $IIHDG,196.5,,,,*42
2026-06-18T10:50:00.000Z $IIMWV,214.6,T,12.9,N,A*00
2026-06-18T10:50:00.000Z $IIDBT,85.6,f,26.1,M,14.3,F*29
2026-06-18T10:50:00.000Z $IIRPM,E,1,0,,A*66
2026-06-18T10:50:00.000Z $IIXDR,V,12.45,V,BATT*61
2026-06-18T10:50:00.000Z $IIMTA,18.3,C*0F
2026-06-18T10:50:00.000Z $GPVTG,197.3,T,,M,6.6,N,12.2,K,A*30
2026-06-18T10:50:10.000Z $GPRMC,105010.00,A,5300.9796,N,00439.4919,E,6.4,195.9,180626,,,A*5A
2026-06-18T10:50:10.000Z $IIHDG,198.6,,,,*4F
2026-06-18T10:50:10.000Z $IIMWV,214.9,T,14.8,N,A*08
2026-06-18T10:50:10.000Z $IIRPM,E,1,0,,A*66
2026-06-18T10:50:20.000Z $GPRMC,105020.00,A,5300.9573,N,00439.4626,E,6.4,197.1,180626,,,A*59
2026-06-18T10:50:20.000Z $IIHDG,195.3,,,,*47
2026-06-18T10:50:20.000Z $IIMWV,221.2,T,14.9,N,A*04
2026-06-18T10:50:20.000Z $IIRPM,E,1,0,,A*66
2026-06-18T10:50:30.000Z $GPRMC,105030.00,A,5300.9359,N,00439.4914,E,6.7,196.2,180626,,,A*59
2026-06-18T10:50:30.000Z $GPGGA,105030.00,5300.9359,N,00439.4914,E,1,9,0.9,0.0,M,0.0,M,,*6D
2026-06-18T10:50:30.000Z $IIHDG,197.8,,,,*4E
2026-06-18T10:50:30.000Z $IIMWV,219.0,T,15.0,N,A*05
2026-06-18T10:50:30.000Z $IIDBT,86.0,f,26.2,M,14.3,F*2F
2026-06-18T10:50:30.000Z $IIRPM,E,1,0,,A*66
2026-06-18T10:50:30.000Z $GPVTG,196.2,T,,M,6.7,N,12.4,K,A*37
2026-06-18T10:50:40.000Z $GPRMC,105040.00,A,5300.9311,N,00439.4443,E,7.1,197.7,180626,,,A*5E
2026-06-18T10:50:40.000Z $IIHDG,195.1,,,,*45
2026-06-18T10:50:40.000Z $IIMWV,217.7,T,14.8,N,A*05
2026-06-18T10:50:40.000Z $IIRPM,E,1,0,,A*66
2026-06-18T10:50:50.000Z $GPRMC,105050.00,A,5300.9388,N,00439.4395,E,6.9,195.6,180626,,,A*59
2026-06-18T10:50:50.000Z $IIHDG,195.5,,,,*41
2026-06-18T10:50:50.000Z $IIMWV,221.7,T,14.9,N,A*01
2026-06-18T10:50:50.000Z $IIRPM,E,1,0,,A*66
2026-06-18T10:51:00.000Z $GPRMC,105100.00,A,5300.8710,N,00439.4354,E,6.9,198.1,180626,,,A*5E
2026-06-18T10:51:00.000Z $GPGGA,105100.00,5300.8710,N,00439.4354,E,1,10,0.9,0.0,M,0.0,M,,*51
2026-06-18T10:51:00.000Z $IIHDG,198.2,,,,*4B
2026-06-18T10:51:00.000Z $IIMWV,214.5,T,13.2,N,A*09
2026-06-18T10:51:00.000Z $IIDBT,81.5,f,24.8,M,13.6,F*27
2026-06-18T10:51:00.000Z $IIRPM,E,1,0,,A*66
2026-06-18T10:51:00.000Z $IIXDR,V,12.41,V,BATT*65
2026-06-18T10:51:00.000Z $GPVTG,198.1,T,,M,6.9,N,12.7,K,A*37
2026-06-18T10:51:10.000Z $GPRMC,105110.00,A,5300.8695,N,00439.4534,E,6.7,196.7,180626,,,A*55
2026-06-18T10:51:10.000Z $IIHDG,199.1,,,,*49
2026-06-18T10:51:10.000Z $IIMWV,221.1,T,14.5,N,A*0B
2026-06-18T10:51:10.000Z $IIRPM,E,1,0,,A*66
2026-06-18T10:51:20.000Z $GPRMC,105120.00,A,5300.8538,N,00439.4452,E,6.6,196.6,180626,,,A*53
2026-06-18T10:51:20.000Z $IIHDG,196.9,,,,*4E
2026-06-18T10:51:20.000Z $IIMWV,213.8,T,15.4,N,A*03
2026-06-18T10:51:20.000Z $IIRPM,E,1,0,,A*66
2026-06-18T10:51:30.000Z $GPRMC,105130.00,A,5300.8262,N,00439.4473,E,6.5,197.5,180626,,,A*58
2026-06-18T10:51:30.000Z $GPGGA,105130.00,5300.8262,N,00439.4473,E,1,10,0.9,0.0,M,0.0,M,,*50
2026-06-18T10:51:30.000Z $IIHDG,197.3,,,,*45
2026-06-18T10:51:30.000Z $IIMWV,212.0,T,14.2,N,A*0D
2026-06-18T10:51:30.000Z $IIDBT,85.5,f,26.1,M,14.3,F*2A
2026-06-18T10:51:30.000Z $IIRPM,E,1,0,,A*66
2026-06-18T10:51:30.000Z $GPVTG,197.5,T,,M,6.5,N,12.0,K,A*37
2026-06-18T10:51:40.000Z $GPRMC,105140.00,A,5300.8399,N,00439.4402,E,6.9,195.3,180626,,,A*54
2026-06-18T10:51:40.000Z $IIHDG,198.6,,,,*4F
2026-06-18T10:51:40.000Z $IIMWV,221.1,T,12.5,N,A*0D
2026-06-18T10:51:40.000Z $IIRPM,E,1,0,,A*66
2026-06-18T10:51:50.000Z $GPRMC,105150.00,A,5300.8294,N,00439.4311,E,6.7,196.9,180626,,,A*5B
2026-06-18T10:51:50.000Z $IIHDG,197.5,,,,*43
2026-06-18T10:51:50.000Z $IIMWV,217.6,T,12.6,N,A*0C
2026-06-18T10:51:50.000Z $IIRPM,E,1,0,,A*66
2026-06-18T10:52:00.000Z $GPRMC,105200.00,A,5300.8211,N,00439.4168,E,6.6,198.0,180626,,,A*5A
2026-06-18T10:52:00.000Z $GPGGA,105200.00,5300.8211,N,00439.4168,E,1,12,0.9,0.0,M,0.0,M,,*59
2026-06-18T10:52:00.000Z $IIHDG,196.8,,,,*4F
2026-06-18T10:52:00.000Z $IIMWV,212.9,T,14.9,N,A*0F
2026-06-18T10:52:00.000Z $IIDBT,82.6,f,25.2,M,13.8,F*22
2026-06-18T10:52:00.000Z $IIRPM,E,1,0,,A*66
2026-06-18T10:52:00.000Z $IIXDR,V,12.57,V,BATT*62
2026-06-18T10:52:00.000Z $GPVTG,198.0,T,,M,6.6,N,12.2,K,A*3C
2026-06-18T10:52:10.000Z $GPRMC,105210.00,A,5300.7968,N,00439.3808,E,6.7,196.3,180626,,,A*55
2026-06-18T10:52:10.000Z $IIHDG,195.5,,,,*41
2026-06-18T10:52:10.000Z $IIMWV,215.3,T,13.5,N,A*09
2026-06-18T10:52:10.000Z $IIRPM,E,1,0,,A*66
2026-06-18T10:52:20.000Z $GPRMC,105220.00,A,5300.7548,N,00439.3550,E,6.9,196.7,180626,,,A*52
2026-06-18T10:52:20.000Z $IIHDG,194.3,,,,*46
2026-06-18T10:52:20.000Z $IIMWV,212.5,T,14.0,N,A*0A
2026-06-18T10:52:20.000Z $IIRPM,E,1,0,,A*66
2026-06-18T10:52:30.000Z $GPRMC,105230.00,A,5300.7713,N,00439.3546,E,7.0,196.5,180626,,,A*52
2026-06-18T10:52:30.000Z $GPGGA,105230.00,5300.7713,N,00439.3546,E,1,8,0.9,0.0,M,0.0,M,,*66
2026-06-18T10:52:30.000Z $IIHDG,196.0,,,,*47
2026-06-18T10:52:30.000Z $IIMWV,214.7,T,14.4,N,A*0A
2026-06-18T10:52:30.000Z $IIDBT,87.2,f,26.6,M,14.5,F*2E
2026-06-18T10:52:30.000Z $IIRPM,E,1,0,,A*66
2026-06-18T10:52:30.000Z $GPVTG,196.5,T,,M,7.0,N,12.9,K,A*3B
2026-06-18T10:52:40.000Z $GPRMC,105240.00,A,5300.7527,N,00439.3644,E,6.8,195.7,180626,,,A*59
2026-06-18T10:52:40.000Z $IIHDG,197.7,,,,*41
2026-06-18T10:52:40.000Z $IIMWV,216.0,T,13.4,N,A*08
2026-06-18T10:52:40.000Z $IIRPM,E,1,0,,A*66
2026-06-18T10:52:50.000Z $GPRMC,105250.00,A,5300.7102,N,00439.3748,E,6.3,196.0,180626,,,A*59
2026-06-18T10:52:50.000Z $IIHDG,197.8,,,,*4E
2026-06-18T10:52:50.000Z $IIMWV,213.2,T,13.9,N,A*02
2026-06-18T10:52:50.000Z $IIRPM,E,1,0,,A*66
2026-06-18T10:53:00.000Z $GPRMC,105300.00,A,5300.7199,N,00439.3647,E,7.0,198.0,180626,,,A*5D
2026-06-18T10:53:00.000Z $GPGGA,105300.00,5300.7199,N,00439.3647,E,1,11,0.9,0.0,M,0.0,M,,*5A
2026-06-18T10:53:00.000Z $IIHDG,194.6,,,,*43
2026-06-18T10:53:00.000Z $IIMWV,221.2,T,14.2,N,A*0F
2026-06-18T10:53:00.000Z $IIDBT,81.7,f,24.9,M,13.6,F*24
2026-06-18T10:53:00.000Z $IIRPM,E,1,0,,A*66
2026-06-18T10:53:00.000Z $IIXDR,V,12.68,V,BATT*6E
2026-06-18T10:53:00.000Z $GPVTG,198.0,T,,M,7.0,N,13.0,K,A*38
2026-06-18T10:53:10.000Z $GPRMC,105310.00,A,5300.6988,N,00439.3678,E,6.8,195.4,180626,,,A*59
2026-06-18T10:53:10.000Z $IIHDG,196.4,,,,*43
2026-06-18T10:53:10.000Z $IIMWV,216.1,T,15.3,N,A*08
2026-06-18T10:53:10.000Z $IIRPM,E,1,0,,A*66
2026-06-18T10:53:20.000Z $GPRMC,105320.00,A,5300.6880,N,00439.3214,E,7.0,196.7,180626,,,A*54
2026-06-18T10:53:20.000Z $IIHDG,196.6,,,,*41
2026-06-18T10:53:20.000Z $IIMWV,218.5,T,13.9,N,A*0E
2026-06-18T10:53:20.000Z $IIRPM,E,1,0,,A*66
2026-06-18T10:53:30.000Z $GPRMC,105330.00,A,5300.6418,N,00439.3508,E,7.1,197.0,180626,,,A*55
2026-06-18T10:53:30.000Z $GPGGA,105330.00,5300.6418,N,00439.3508,E,1,11,0.9,0.0,M,0.0,M,,*5C
2026-06-18T10:53:30.000Z $IIHDG,195.7,,,,*43
2026-06-18T10:53:30.000Z $IIMWV,213.3,T,12.9,N,A*02
2026-06-18T10:53:30.000Z $IIDBT,82.7,f,25.2,M,13.8,F*23
2026-06-18T10:53:30.000Z $IIRPM,E,1,0,,A*66
2026-06-18T10:53:30.000Z $GPVTG,197.0,T,,M,7.1,N,13.1,K,A*37
2026-06-18T10:53:40.000Z $GPRMC,105340.00,A,5300.6319,N,00439.3104,E,6.8,197.2,180626,,,A*56
2026-06-18T10:53:40.000Z $IIHDG,194.3,,,,*46
2026-06-18T10:53:40.000Z $IIMWV,215.0,T,14.9,N,A*01
2026-06-18T10:53:40.000Z $IIRPM,E,1,0,,A*66
2026-06-18T10:53:50.000Z $GPRMC,105350.00,A,5300.6256,N,00439.3239,E,6.8,196.2,180626,,,A*51
2026-06-18T10:53:50.000Z $IIHDG,195.7,,,,*43
2026-06-18T10:53:50.000Z $IIMWV,219.0,T,14.0,N,A*04
2026-06-18T10:53:50.000Z $IIRPM,E,1,0,,A*66
2026-06-18T10:54:00.000Z $GPRMC,105400.00,A,5300.5877,N,00439.2843,E,7.1,196.1,180626,,,A*54
2026-06-18T10:54:00.000Z $GPGGA,105400.00,5300.5877,N,00439.2843,E,1,11,0.9,0.0,M,0.0,M,,*5D
2026-06-18T10:54:00.000Z $IIHDG,198.3,,,,*4A
2026-06-18T10:54:00.000Z $IIMWV,214.6,T,13.0,N,A*08
2026-06-18T10:54:00.000Z $IIDBT,82.1,f,25.0,M,13.7,F*28
2026-06-18T10:54:00.000Z $IIRPM,E,1,0,,A*66
2026-06-18T10:54:00.000Z $IIXDR,V,12.52,V,BATT*67
2026-06-18T10:54:00.000Z $GPVTG,196.1,T,,M,7.1,N,13.1,K,A*37
2026-06-18T10:54:10.000Z $GPRMC,105410.00,A,5300.5691,N,00439.3208,E,6.6,196.5,180626,,,A*55
2026-06-18T10:54:10.000Z $IIHDG,196.5,,,,*42
2026-06-18T10:54:10.000Z $IIMWV,220.5,T,14.5,N,A*0E
2026-06-18T10:54:10.000Z $IIRPM,E,1,0,,A*66
2026-06-18T10:54:20.000Z $GPRMC,105420.00,A,5300.5949,N,00439.2745,E,6.6,197.0,180626,,,A*55
2026-06-18T10:54:20.000Z $IIHDG,196.9,,,,*4E
2026-06-18T10:54:20.000Z $IIMWV,221.3,T,13.6,N,A*0D
2026-06-18T10:54:20.000Z $IIRPM,E,1,0,,A*66
2026-06-18T10:54:30.000Z $GPRMC,105430.00,A,5300.5540,N,00439.2614,E,6.7,196.7,180626,,,A*53
2026-06-18T10:54:30.000Z $GPGGA,105430.00,5300.5540,N,00439.2614,E,1,12,0.9,0.0,M,0.0,M,,*58
2026-06-18T10:54:30.000Z $IIHDG,197.9,,,,*4F
2026-06-18T10:54:30.000Z $IIMWV,216.9,T,15.3,N,A*00
2026-06-18T10:54:30.000Z $IIDBT,82.1,f,25.0,M,13.7,F*28
2026-06-18T10:54:30.000Z $IIRPM,E,1,0,,A*66
2026-06-18T10:54:30.000Z $GPVTG,196.7,T,,M,6.7,N,12.4,K,A*32
2026-06-18T10:54:40.000Z $GPRMC,105440.00,A,5300.5524,N,00439.2722,E,7.1,196.0,180626,,,A*52
2026-06-18T10:54:40.000Z $IIHDG,197.5,,,,*43
2026-06-18T10:54:40.000Z $IIMWV,217.3,T,13.9,N,A*07
2026-06-18T10:54:40.000Z $IIRPM,E,1,0,,A*66
2026-06-18T10:54:50.000Z $GPRMC,105450.00,A,5300.5241,N,00439.2520,E,7.1,197.5,180626,,,A*53
2026-06-18T10:54:50.000Z $IIHDG,196.5,,,,*42
2026-06-18T10:54:50.000Z $IIMWV,212.4,T,14.0,N,A*0B
2026-06-18T10:54:50.000Z $IIRPM,E,1,0,,A*66
2026-06-18T10:55:00.000Z $GPRMC,105500.00,A,5300.4991,N,00439.2669,E,7.0,196.6,180626,,,A*5D
2026-06-18T10:55:00.000Z $GPGGA,105500.00,5300.4991,N,00439.2669,E,1,11,0.9,0.0,M,0.0,M,,*52
2026-06-18T10:55:00.000Z $IIHDG,198.9,,,,*40
2026-06-18T10:55:00.000Z $IIMWV,221.3,T,14.9,N,A*05
2026-06-18T10:55:00.000Z $IIDBT,80.9,f,24.7,M,13.5,F*26
2026-06-18T10:55:00.000Z $IIRPM,E,1,0,,A*66
2026-06-18T10:55:00.000Z $IIXDR,V,12.62,V,BATT*64
2026-06-18T10:55:00.000Z $IIMTA,18.8,C*04
2026-06-18T10:55:00.000Z $GPVTG,196.6,T,,M,7.0,N,13.0,K,A*30
2026-06-18T10:55:10.000Z $GPRMC,105510.00,A,5300.4897,N,00439.2264,E,7.0,196.1,180626,,,A*55
2026-06-18T10:55:10.000Z $IIHDG,196.9,,,,*4E
2026-06-18T10:55:10.000Z $IIMWV,219.0,T,12.7,N,A*05
2026-06-18T10:55:10.000Z $IIRPM,E,1,0,,A*66
2026-06-18T10:55:20.000Z $GPRMC,105520.00,A,5300.4647,N,00439.2439,E,6.4,195.6,180626,,,A*5A
2026-06-18T10:55:20.000Z $IIHDG,195.8,,,,*4C
2026-06-18T10:55:20.000Z $IIMWV,220.9,T,14.6,N,A*01
2026-06-18T10:55:20.000Z $IIRPM,E,1,0,,A*66
2026-06-18T10:55:30.000Z $GPRMC,105530.00,A,5300.4269,N,00439.2054,E,6.5,197.2,180626,,,A*5B
2026-06-18T10:55:30.000Z $GPGGA,105530.00,5300.4269,N,00439.2054,E,1,12,0.9,0.0,M,0.0,M,,*56
2026-06-18T10:55:30.000Z $IIHDG,195.9,,,,*4D
2026-06-18T10:55:30.000Z $IIMWV,217.1,T,13.9,N,A*05
2026-06-18T10:55:30.000Z $IIDBT,88.1,f,26.8,M,14.7,F*2E
2026-06-18T10:55:30.000Z $IIRPM,E,1,0,,A*66
2026-06-18T10:55:30.000Z $GPVTG,197.2,T,,M,6.5,N,12.1,K,A*31
2026-06-18T10:55:40.000Z $GPRMC,105540.00,A,5300.4538,N,00439.2461,E,6.8,197.1,180626,,,A*53
2026-06-18T10:55:40.000Z $IIHDG,198.0,,,,*49
2026-06-18T10:55:40.000Z $IIMWV,215.4,T,13.0,N,A*0B
2026-06-18T10:55:40.000Z $IIRPM,E,1,0,,A*66
2026-06-18T10:55:50.000Z $GPRMC,105550.00,A,5300.4209,N,00439.2216,E,7.0,198.1,180626,,,A*57
2026-06-18T10:55:50.000Z $IIHDG,198.3,,,,*4A
2026-06-18T10:55:50.000Z $IIMWV,221.1,T,13.9,N,A*00
2026-06-18T10:55:50.000Z $IIRPM,E,1,0,,A*66
2026-06-18T10:56:00.000Z $GPRMC,105600.00,A,5300.3943,N,00439.1970,E,6.9,196.1,180626,,,A*5D
2026-06-18T10:56:00.000Z $GPGGA,105600.00,5300.3943,N,00439.1970,E,1,9,0.9,0.0,M,0.0,M,,*64
2026-06-18T10:56:00.000Z $IIHDG,195.3,,,,*47
2026-06-18T10:56:00.000Z $IIMWV,212.8,T,13.6,N,A*06
2026-06-18T10:56:00.000Z $IIDBT,87.4,f,26.7,M,14.6,F*2A
2026-06-18T10:56:00.000Z $IIRPM,E,1,0,,A*66
2026-06-18T10:56:00.000Z $IIXDR,V,12.52,V,BATT*67
2026-06-18T10:56:00.000Z $GPVTG,196.1,T,,M,6.9,N,12.7,K,A*39
2026-06-18T10:56:10.000Z $GPRMC,105610.00,A,5300.4086,N,00439.1811,E,6.6,197.6,180626,,,A*54
2026-06-18T10:56:10.000Z $IIHDG,195.4,,,,*40
2026-06-18T10:56:10.000Z $IIMWV,214.6,T,15.5,N,A*0B
2026-06-18T10:56:10.000Z $IIRPM,E,1,0,,A*66
2026-06-18T10:56:20.000Z $GPRMC,105620.00,A,5300.3466,N,00439.2120,E,6.6,195.3,180626,,,A*55
2026-06-18T10:56:20.000Z $IIHDG,196.1,,,,*46
2026-06-18T10:56:20.000Z $IIMWV,214.5,T,13.7,N,A*0C
2026-06-18T10:56:20.000Z $IIRPM,E,1,0,,A*66
2026-06-18T10:56:30.000Z $GPRMC,105630.00,A,5300.3589,N,00439.1482,E,7.0,195.4,180626,,,A*5A
2026-06-18T10:56:30.000Z $GPGGA,105630.00,5300.3589,N,00439.1482,E,1,12,0.9,0.0,M,0.0,M,,*57
2026-06-18T10:56:30.000Z $IIHDG,198.7,,,,*4E
2026-06-18T10:56:30.000Z $IIMWV,220.2,T,13.6,N,A*0D
2026-06-18T10:56:30.000Z $IIDBT,84.3,f,25.7,M,14.0,F*2B
2026-06-18T10:56:30.000Z $IIRPM,E,1,0,,A*66
2026-06-18T10:56:30.000Z $GPVTG,195.4,T,,M,7.0,N,13.0,K,A*31
2026-06-18T10:56:40.000Z $GPRMC,105640.00,A,5300.3220,N,00439.1459,E,6.4,196.7,180626,,,A*5A
2026-06-18T10:56:40.000Z $IIHDG,197.2,,,,*44
2026-06-18T10:56:40.000Z $IIMWV,218.8,T,14.3,N,A*0E
2026-06-18T10:56:40.000Z $IIRPM,E,1,0,,A*66
2026-06-18T10:56:50.000Z $GPRMC,105650.00,A,5300.3043,N,00439.1685,E,6.8,196.9,180626,,,A*5D
2026-06-18T10:56:50.000Z $IIHDG,196.8,,,,*4F
2026-06-18T10:56:50.000Z $IIMWV,216.8,T,13.1,N,A*05
2026-06-18T10:56:50.000Z $IIRPM,E,1,0,,A*66
2026-06-18T10:57:00.000Z $GPRMC,105700.00,A,5300.2929,N,00439.1642,E,6.9,196.6,180626,,,A*58
2026-06-18T10:57:00.000Z $GPGGA,105700.00,5300.2929,N,00439.1642,E,1,12,0.9,0.0,M,0.0,M,,*5C
2026-06-18T10:57:00.000Z $IIHDG,198.8,,,,*41
2026-06-18T10:57:00.000Z $IIMWV,219.9,T,13.3,N,A*09
2026-06-18T10:57:00.000Z $IIDBT,84.2,f,25.7,M,14.0,F*2A
2026-06-18T10:57:00.000Z $IIRPM,E,1,0,,A*66
2026-06-18T10:57:00.000Z $IIXDR,V,12.50,V,BATT*65
2026-06-18T10:57:00.000Z $GPVTG,196.6,T,,M,6.9,N,12.8,K,A*31
2026-06-18T10:57:10.000Z $GPRMC,105710.00,A,5300.2967,N,00439.1251,E,6.6,197.0,180626,,,A*5D
2026-06-18T10:57:10.000Z $IIHDG,197.7,,,,*41
2026-06-18T10:57:10.000Z $IIMWV,215.7,T,13.5,N,A*0D
2026-06-18T10:57:10.000Z $IIRPM,E,1,0,,A*66
2026-06-18T10:57:20.000Z $GPRMC,105720.00,A,5300.2828,N,00439.1347,E,6.4,197.0,180626,,,A*50
2026-06-18T10:57:20.000Z $IIHDG,197.3,,,,*45
2026-06-18T10:57:20.000Z $IIMWV,219.2,T,13.1,N,A*00
2026-06-18T10:57:20.000Z $IIRPM,E,1,0,,A*66
2026-06-18T10:57:30.000Z $GPRMC,105730.00,A,5300.2227,N,00439.1311,E,6.9,197.1,180626,,,A*5B
2026-06-18T10:57:30.000Z $GPGGA,105730.00,5300.2227,N,00439.1311,E,1,12,0.9,0.0,M,0.0,M,,*59
2026-06-18T10:57:30.000Z $IIHDG,197.9,,,,*4F
2026-06-18T10:57:30.000Z $IIMWV,213.0,T,14.8,N,A*06
2026-06-18T10:57:30.000Z $IIDBT,80.6,f,24.6,M,13.4,F*29
2026-06-18T10:57:30.000Z $IIRPM,E,1,0,,A*66
2026-06-18T10:57:30.000Z $GPVTG,197.1,T,,M,6.9,N,12.8,K,A*37
2026-06-18T10:57:40.000Z $GPRMC,105740.00,A,5300.2062,N,00439.1460,E,6.9,195.8,180626,,,A*55
2026-06-18T10:57:40.000Z $IIHDG,198.3,,,,*4A
2026-06-18T10:57:40.000Z $IIMWV,217.6,T,13.6,N,A*0D
2026-06-18T10:57:40.000Z $IIRPM,E,1,0,,A*66
2026-06-18T10:57:50.000Z $GPRMC,105750.00,A,5300.2364,N,00439.1221,E,6.6,195.9,180626,,,A*5C
2026-06-18T10:57:50.000Z $IIHDG,195.6,,,,*42
2026-06-18T10:57:50.000Z $IIMWV,216.5,T,13.3,N,A*0A
2026-06-18T10:57:50.000Z $IIRPM,E,1,0,,A*66
2026-06-18T10:58:00.000Z $GPRMC,105800.00,A,5300.2266,N,00439.1049,E,6.5,196.0,180626,,,A*50
2026-06-18T10:58:00.000Z $GPGGA,105800.00,5300.2266,N,00439.1049,E,1,8,0.9,0.0,M,0.0,M,,*65
2026-06-18T10:58:00.000Z $IIHDG,198.7,,,,*4E
2026-06-18T10:58:00.000Z $IIMWV,212.6,T,14.3,N,A*0A
2026-06-18T10:58:00.000Z $IIDBT,83.1,f,25.3,M,13.8,F*25
2026-06-18T10:58:00.000Z $IIRPM,E,1,0,,A*66
2026-06-18T10:58:00.000Z $IIXDR,V,12.52,V,BATT*67
2026-06-18T10:58:00.000Z $GPVTG,196.0,T,,M,6.5,N,12.1,K,A*32
2026-06-18T10:58:10.000Z $GPRMC,105810.00,A,5300.1877,N,00439.1023,E,6.6,195.6,180626,,,A*52
2026-06-18T10:58:10.000Z $IIHDG,199.2,,,,*4A
2026-06-18T10:58:10.000Z $IIMWV,221.0,T,14.5,N,A*0A
2026-06-18T10:58:10.000Z $IIRPM,E,1,0,,A*66
2026-06-18T10:58:20.000Z $GPRMC,105820.00,A,5300.1923,N,00439.0737,E,7.1,198.2,180626,,,A*5D
2026-06-18T10:58:20.000Z $IIHDG,197.9,,,,*4F
2026-06-18T10:58:20.000Z $IIMWV,215.5,T,14.4,N,A*09
2026-06-18T10:58:20.000Z $IIRPM,E,1,0,,A*66
2026-06-18T10:58:30.000Z $GPRMC,105830.00,A,5300.1233,N,00439.0881,E,6.6,195.7,180626,,,A*5A
2026-06-18T10:58:30.000Z $GPGGA,105830.00,5300.1233,N,00439.0881,E,1,12,0.9,0.0,M,0.0,M,,*53
2026-06-18T10:58:30.000Z $IIHDG,197.6,,,,*40
2026-06-18T10:58:30.000Z $IIMWV,213.4,T,15.4,N,A*0F
2026-06-18T10:58:30.000Z $IIDBT,79.5,f,24.2,M,13.3,F*2F
2026-06-18T10:58:30.000Z $IIRPM,E,1,0,,A*66
2026-06-18T10:58:30.000Z $GPVTG,195.7,T,,M,6.6,N,12.3,K,A*37
2026-06-18T10:58:40.000Z $GPRMC,105840.00,A,5300.1282,N,00439.0714,E,7.0,197.7,180626,,,A*51
2026-06-18T10:58:40.000Z $IIHDG,198.4,,,,*4D
2026-06-18T10:58:40.000Z $IIMWV,218.6,T,14.9,N,A*0A
2026-06-18T10:58:40.000Z $IIRPM,E,1,0,,A*66
2026-06-18T10:58:50.000Z $GPRMC,105850.00,A,5300.1182,N,00439.0400,E,6.5,196.2,180626,,,A*55
2026-06-18T10:58:50.000Z $IIHDG,197.4,,,,*42
2026-06-18T10:58:50.000Z $IIMWV,217.4,T,12.7,N,A*0F
2026-06-18T10:58:50.000Z $IIRPM,E,1,0,,A*66
2026-06-18T10:59:00.000Z $GPRMC,105900.00,A,5300.0924,N,00439.0592,E,6.7,197.0,180626,,,A*5F
2026-06-18T10:59:00.000Z $GPGGA,105900.00,5300.0924,N,00439.0592,E,1,9,0.9,0.0,M,0.0,M,,*68
2026-06-18T10:59:00.000Z $IIHDG,195.1,,,,*45
2026-06-18T10:59:00.000Z $IIMWV,213.3,T,13.3,N,A*09
2026-06-18T10:59:00.000Z $IIDBT,81.7,f,24.9,M,13.6,F*24
2026-06-18T10:59:00.000Z $IIRPM,E,1,0,,A*66
2026-06-18T10:59:00.000Z $IIXDR,V,12.64,V,BATT*62
2026-06-18T10:59:00.000Z $GPVTG,197.0,T,,M,6.7,N,12.5,K,A*35
2026-06-18T10:59:10.000Z $GPRMC,105910.00,A,5300.0942,N,00439.0409,E,6.6,197.9,180626,,,A*55
2026-06-18T10:59:10.000Z $IIHDG,198.3,,,,*4A
2026-06-18T10:59:10.000Z $IIMWV,212.4,T,12.8,N,A*05
2026-06-18T10:59:10.000Z $IIRPM,E,1,0,,A*66
2026-06-18T10:59:20.000Z $GPRMC,105920.00,A,5300.0743,N,00439.0194,E,6.9,196.7,180626,,,A*58
2026-06-18T10:59:20.000Z $IIHDG,195.5,,,,*41
2026-06-18T10:59:20.000Z $IIMWV,218.6,T,14.4,N,A*07
2026-06-18T10:59:20.000Z $IIRPM,E,1,0,,A*66
2026-06-18T10:59:30.000Z $GPRMC,105930.00,A,5300.0758,N,00439.0224,E,6.8,198.0,180626,,,A*53
2026-06-18T10:59:30.000Z $GPGGA,105930.00,5300.0758,N,00439.0224,E,1,9,0.9,0.0,M,0.0,M,,*64
2026-06-18T10:59:30.000Z $IIHDG,198.2,,,,*4B
2026-06-18T10:59:30.000Z $IIMWV,220.2,T,14.7,N,A*0B
2026-06-18T10:59:30.000Z $IIDBT,83.8,f,25.5,M,14.0,F*25
2026-06-18T10:59:30.000Z $IIRPM,E,1,0,,A*66
2026-06-18T10:59:30.000Z $GPVTG,198.0,T,,M,6.8,N,12.7,K,A*37
2026-06-18T10:59:40.000Z $GPRMC,105940.00,A,5300.0084,N,00438.9951,E,7.0,196.4,180626,,,A*50
2026-06-18T10:59:40.000Z $IIHDG,194.9,,,,*4C
2026-06-18T10:59:40.000Z $IIMWV,217.9,T,13.4,N,A*00
2026-06-18T10:59:40.000Z $IIRPM,E,1,0,,A*66
2026-06-18T10:59:50.000Z $GPRMC,105950.00,A,5300.0021,N,00439.0039,E,7.0,196.1,180626,,,A*54
2026-06-18T10:59:50.000Z $IIHDG,197.3,,,,*45
2026-06-18T10:59:50.000Z $IIMWV,221.2,T,13.6,N,A*0C
2026-06-18T10:59:50.000Z $IIRPM,E,1,0,,A*66
2026-06-18T11:00:00.000Z $GPRMC,110000.00,A,5259.9839,N,00438.9984,E,6.6,196.1,180626,,,A*59
2026-06-18T11:00:00.000Z $GPGGA,110000.00,5259.9839,N,00438.9984,E,1,10,0.9,0.0,M,0.0,M,,*57
2026-06-18T11:00:00.000Z $IIHDG,198.2,,,,*4B
2026-06-18T11:00:00.000Z $IIMWV,214.0,T,14.8,N,A*01
2026-06-18T11:00:00.000Z $IIDBT,80.0,f,24.4,M,13.3,F*2A
2026-06-18T11:00:00.000Z $IIRPM,E,1,0,,A*66
2026-06-18T11:00:00.000Z $IIXDR,V,12.54,V,BATT*61
2026-06-18T11:00:00.000Z $IIMTA,19.0,C*0D
2026-06-18T11:00:00.000Z $GPVTG,196.1,T,,M,6.6,N,12.2,K,A*33
2026-06-18T11:00:10.000Z $GPRMC,110010.00,A,5300.0017,N,00438.9988,E,6.9,197.8,180626,,,A*53
2026-06-18T11:00:10.000Z $IIHDG,198.4,,,,*4D
2026-06-18T11:00:10.000Z $IIMWV,220.7,T,14.6,N,A*0F
2026-06-18T11:00:10.000Z $IIRPM,E,1,0,,A*66
2026-06-18T11:00:20.000Z $GPRMC,110020.00,A,5259.9772,N,00438.9647,E,7.1,197.9,180626,,,A*54
2026-06-18T11:00:20.000Z $IIHDG,194.7,,,,*42
2026-06-18T11:00:20.000Z $IIMWV,219.1,T,13.2,N,A*00
2026-06-18T11:00:20.000Z $IIRPM,E,1,0,,A*66
2026-06-18T11:00:30.000Z $GPRMC,110030.00,A,5259.9290,N,00438.9665,E,7.0,195.7,180626,,,A*51
2026-06-18T11:00:30.000Z $GPGGA,110030.00,5259.9290,N,00438.9665,E,1,12,0.9,0.0,M,0.0,M,,*5F
2026-06-18T11:00:30.000Z $IIHDG,194.7,,,,*42
2026-06-18T11:00:30.000Z $IIMWV,221.0,T,14.0,N,A*0F
2026-06-18T11:00:30.000Z $IIDBT,78.9,f,24.1,M,13.2,F*20
2026-06-18T11:00:30.000Z $IIRPM,E,1,0,,A*66
2026-06-18T11:00:30.000Z $GPVTG,195.7,T,,M,7.0,N,13.0,K,A*32
2026-06-18T11:00:40.000Z $GPRMC,110040.00,A,5259.9603,N,00438.9421,E,6.4,197.0,180626,,,A*5A
2026-06-18T11:00:40.000Z $IIHDG,196.4,,,,*43
2026-06-18T11:00:40.000Z $IIMWV,215.7,T,13.2,N,A*0A
2026-06-18T11:00:40.000Z $IIRPM,E,1,0,,A*66
2026-06-18T11:00:50.000Z $GPRMC,110050.00,A,5259.9368,N,00438.9526,E,6.8,197.6,180626,,,A*5F
2026-06-18T11:00:50.000Z $IIHDG,197.4,,,,*42
2026-06-18T11:00:50.000Z $IIMWV,214.9,T,14.0,N,A*00
2026-06-18T11:00:50.000Z $IIRPM,E,1,0,,A*66
2026-06-18T11:01:00.000Z $GPRMC,110100.00,A,5259.9173,N,00438.9686,E,6.3,195.9,180626,,,A*5C
2026-06-18T11:01:00.000Z $GPGGA,110100.00,5259.9173,N,00438.9686,E,1,10,0.9,0.0,M,0.0,M,,*5C
2026-06-18T11:01:00.000Z $IIHDG,198.9,,,,*40
2026-06-18T11:01:00.000Z $IIMWV,216.1,T,15.1,N,A*0A
2026-06-18T11:01:00.000Z $IIDBT,86.6,f,26.4,M,14.4,F*28
2026-06-18T11:01:00.000Z $IIRPM,E,1,0,,A*66
2026-06-18T11:01:00.000Z $IIXDR,V,12.61,V,BATT*67
2026-06-18T11:01:00.000Z $GPVTG,195.9,T,,M,6.3,N,11.7,K,A*3B
2026-06-18T11:01:10.000Z $GPRMC,110110.00,A,5259.8712,N,00438.9504,E,6.9,196.9,180626,,,A*5D
2026-06-18T11:01:10.000Z $IIHDG,198.0,,,,*49
2026-06-18T11:01:10.000Z $IIMWV,216.1,T,13.4,N,A*09
2026-06-18T11:01:10.000Z $IIRPM,E,1,0,,A*66
2026-06-18T11:01:20.000Z $GPRMC,110120.00,A,5259.8771,N,00438.9460,E,6.4,196.3,180626,,,A*5F
2026-06-18T11:01:20.000Z $IIHDG,195.5,,,,*41
2026-06-18T11:01:20.000Z $IIMWV,214.1,T,14.3,N,A*0B
2026-06-18T11:01:20.000Z $IIRPM,E,1,0,,A*66
2026-06-18T11:01:30.000Z $GPRMC,110130.00,A,5259.8529,N,00438.9281,E,7.1,197.3,180626,,,A*5D
2026-06-18T11:01:30.000Z $GPGGA,110130.00,5259.8529,N,00438.9281,E,1,8,0.9,0.0,M,0.0,M,,*6F
2026-06-18T11:01:30.000Z $IIHDG,194.3,,,,*46
2026-06-18T11:01:30.000Z $IIMWV,220.0,T,14.0,N,A*0E
2026-06-18T11:01:30.000Z $IIDBT,83.0,f,25.3,M,13.8,F*24
2026-06-18T11:01:30.000Z $IIRPM,E,1,0,,A*66
2026-06-18T11:01:30.000Z $GPVTG,197.3,T,,M,7.1,N,13.1,K,A*34
2026-06-18T11:01:40.000Z $GPRMC,110140.00,A,5259.8045,N,00438.8867,E,6.3,195.5,180626,,,A*51
2026-06-18T11:01:40.000Z $IIHDG,194.7,,,,*42
2026-06-18T11:01:40.000Z $IIMWV,214.2,T,13.0,N,A*0C
2026-06-18T11:01:40.000Z $IIRPM,E,1,0,,A*66
2026-06-18T11:01:50.000Z $GPRMC,110150.00,A,5259.8385,N,00438.8973,E,6.9,197.6,180626,,,A*50
2026-06-18T11:01:50.000Z $IIHDG,195.8,,,,*4C
2026-06-18T11:01:50.000Z $IIMWV,218.2,T,12.7,N,A*06
2026-06-18T11:01:50.000Z $IIRPM,E,1,0,,A*66
2026-06-18T11:02:00.000Z $GPRMC,110200.00,A,5259.7818,N,00438.9286,E,7.0,197.6,180626,,,A*5E
2026-06-18T11:02:00.000Z $GPGGA,110200.00,5259.7818,N,00438.9286,E,1,12,0.9,0.0,M,0.0,M,,*53
2026-06-18T11:02:00.000Z $IIHDG,194.7,,,,*42
2026-06-18T11:02:00.000Z $IIMWV,213.2,T,13.5,N,A*0E
2026-06-18T11:02:00.000Z $IIDBT,84.4,f,25.7,M,14.1,F*2D
2026-06-18T11:02:00.000Z $IIRPM,E,1,0,,A*66
2026-06-18T11:02:00.000Z $IIXDR,V,12.57,V,BATT*62
2026-06-18T11:02:00.000Z $GPVTG,197.6,T,,M,7.0,N,13.0,K,A*31
2026-06-18T11:02:10.000Z $GPRMC,110210.00,A,5259.7746,N,00438.8899,E,6.6,195.6,180626,,,A*5B
2026-06-18T11:02:10.000Z $IIHDG,198.3,,,,*4A
2026-06-18T11:02:10.000Z $IIMWV,215.2,T,14.1,N,A*0B
2026-06-18T11:02:10.000Z $IIRPM,E,1,0,,A*66
2026-06-18T11:02:20.000Z $GPRMC,110220.00,A,5259.7368,N,00438.9091,E,6.6,196.6,180626,,,A*52
2026-06-18T11:02:20.000Z $IIHDG,196.0,,,,*47
2026-06-18T11:02:20.000Z $IIMWV,215.8,T,14.4,N,A*04
2026-06-18T11:02:20.000Z $IIRPM,E,1,0,,A*66
2026-06-18T11:02:30.000Z $GPRMC,110230.00,A,5259.7245,N,00438.8628,E,6.6,197.4,180626,,,A*5B
2026-06-18T11:02:30.000Z $GPGGA,110230.00,5259.7245,N,00438.8628,E,1,9,0.9,0.0,M,0.0,M,,*69
2026-06-18T11:02:30.000Z $IIHDG,199.0,,,,*48
2026-06-18T11:02:30.000Z $IIMWV,218.4,T,13.2,N,A*04
2026-06-18T11:02:30.000Z $IIDBT,81.5,f,24.8,M,13.6,F*27
2026-06-18T11:02:30.000Z $IIRPM,E,1,0,,A*66
2026-06-18T11:02:30.000Z $GPVTG,197.4,T,,M,6.6,N,12.3,K,A*36
2026-06-18T11:02:40.000Z $GPRMC,110240.00,A,5259.7126,N,00438.8371,E,6.5,196.7,180626,,,A*52
2026-06-18T11:02:40.000Z $IIHDG,195.4,,,,*40
2026-06-18T11:02:40.000Z $IIMWV,219.3,T,13.5,N,A*05
2026-06-18T11:02:40.000Z $IIRPM,E,1,0,,A*66
2026-06-18T11:02:50.000Z $GPRMC,110250.00,A,5259.7122,N,00438.8489,E,6.9,195.3,180626,,,A*5C
2026-06-18T11:02:50.000Z $IIHDG,198.6,,,,*4F
2026-06-18T11:02:50.000Z $IIMWV,220.2,T,13.2,N,A*09
2026-06-18T11:02:50.000Z $IIRPM,E,1,0,,A*66
2026-06-18T11:03:00.000Z $GPRMC,110300.00,A,5259.7068,N,00438.8202,E,6.4,197.3,180626,,,A*5D
2026-06-18T11:03:00.000Z $GPGGA,110300.00,5259.7068,N,00438.8202,E,1,11,0.9,0.0,M,0.0,M,,*53
2026-06-18T11:03:00.000Z $IIHDG,197.0,,,,*46
2026-06-18T11:03:00.000Z $IIMWV,212.4,T,13.0,N,A*0C
2026-06-18T11:03:00.000Z $IIDBT,81.9,f,25.0,M,13.6,F*22
2026-06-18T11:03:00.000Z $IIRPM,E,1,0,,A*66
2026-06-18T11:03:00.000Z $IIXDR,V,12.47,V,BATT*63
2026-06-18T11:03:00.000Z $GPVTG,197.3,T,,M,6.4,N,11.8,K,A*3B
2026-06-18T11:03:10.000Z $GPRMC,110310.00,A,5259.6683,N,00438.8453,E,6.5,196.9,180626,,,A*56
2026-06-18T11:03:10.000Z $IIHDG,197.2,,,,*44
2026-06-18T11:03:10.000Z $IIMWV,220.3,T,13.1,N,A*0B
2026-06-18T11:03:10.000Z $IIRPM,E,1,0,,A*66
2026-06-18T11:03:20.000Z $GPRMC,110320.00,A,5259.6713,N,00438.8172,E,6.4,196.3,180626,,,A*50
2026-06-18T11:03:20.000Z $IIHDG,198.7,,,,*4E
2026-06-18T11:03:20.000Z $IIMWV,213.9,T,15.3,N,A*05
2026-06-18T11:03:20.000Z $IIRPM,E,1,0,,A*66
2026-06-18T11:03:30.000Z $GPRMC,110330.00,A,5259.6381,N,00438.8329,E,7.0,195.8,180626,,,A*5F
2026-06-18T11:03:30.000Z $GPGGA,110330.00,5259.6381,N,00438.8329,E,1,12,0.9,0.0,M,0.0,M,,*5E
2026-06-18T11:03:30.000Z $IIHDG,195.4,,,,*40
2026-06-18T11:03:30.000Z $IIMWV,220.4,T,13.5,N,A*08
2026-06-18T11:03:30.000Z $IIDBT,77.9,f,23.7,M,13.0,F*2C
2026-06-18T11:03:30.000Z $IIRPM,E,1,0,,A*66
2026-06-18T11:03:30.000Z $GPVTG,195.8,T,,M,7.0,N,12.9,K,A*35
2026-06-18T11:03:40.000Z $GPRMC,110340.00,A,5259.6438,N,00438.8420,E,6.7,198.2,180626,,,A*52
2026-06-18T11:03:40.000Z $IIHDG,196.8,,,,*4F
2026-06-18T11:03:40.000Z $IIMWV,215.1,T,14.3,N,A*0A
2026-06-18T11:03:40.000Z $IIRPM,E,1,0,,A*66
2026-06-18T11:03:50.000Z $GPRMC,110350.00,A,5259.5898,N,00438.8113,E,6.4,195.5,180626,,,A*5A
2026-06-18T11:03:50.000Z $IIHDG,196.2,,,,*45
2026-06-18T11:03:50.000Z $IIMWV,216.9,T,13.7,N,A*02
2026-06-18T11:03:50.000Z $IIRPM,E,1,0,,A*66
2026-06-18T11:04:00.000Z $GPRMC,110400.00,A,5259.5789,N,00438.8143,E,6.6,196.4,180626,,,A*52
2026-06-18T11:04:00.000Z $GPGGA,110400.00,5259.5789,N,00438.8143,E,1,11,0.9,0.0,M,0.0,M,,*58
2026-06-18T11:04:00.000Z $IIHDG,198.9,,,,*40
2026-06-18T11:04:00.000Z $IIMWV,212.2,T,14.6,N,A*0B
2026-06-18T11:04:00.000Z $IIDBT,77.7,f,23.7,M,13.0,F*22
2026-06-18T11:04:00.000Z $IIRPM,E,1,0,,A*66
2026-06-18T11:04:00.000Z $IIXDR,V,12.61,V,BATT*67
2026-06-18T11:04:00.000Z $GPVTG,196.4,T,,M,6.6,N,12.1,K,A*35
2026-06-18T11:04:10.000Z $GPRMC,110410.00,A,5259.6021,N,00438.8134,E,6.8,197.3,180626,,,A*5D
2026-06-18T11:04:10.000Z $IIHDG,197.2,,,,*44
2026-06-18T11:04:10.000Z $IIMWV,219.0,T,15.0,N,A*05
2026-06-18T11:04:10.000Z $IIRPM,E,1,0,,A*66
2026-06-18T11:04:20.000Z $GPRMC,110420.00,A,5259.5426,N,00438.7835,E,6.5,196.8,180626,,,A*5E
2026-06-18T11:04:20.000Z $IIHDG,197.8,,,,*4E
2026-06-18T11:04:20.000Z $IIMWV,213.5,T,15.0,N,A*0A
2026-06-18T11:04:20.000Z $IIRPM,E,1,0,,A*66
2026-06-18T11:04:30.000Z $GPRMC,110430.00,A,5259.5619,N,00438.7496,E,6.7,196.7,180626,,,A*59
2026-06-18T11:04:30.000Z $GPGGA,110430.00,5259.5619,N,00438.7496,E,1,12,0.9,0.0,M,0.0,M,,*52
2026-06-18T11:04:30.000Z $IIHDG,194.6,,,,*43
2026-06-18T11:04:30.000Z $IIMWV,217.1,T,15.1,N,A*0B
2026-06-18T11:04:30.000Z $IIDBT,83.3,f,25.4,M,13.9,F*21
2026-06-18T11:04:30.000Z $IIRPM,E,1,0,,A*66
2026-06-18T11:04:30.000Z $GPVTG,196.7,T,,M,6.7,N,12.5,K,A*33
2026-06-18T11:04:40.000Z $GPRMC,110440.00,A,5259.5342,N,00438.7623,E,6.5,197.0,180626,,,A*5D
2026-06-18T11:04:40.000Z $IIHDG,196.3,,,,*44
2026-06-18T11:04:40.000Z $IIMWV,220.0,T,14.3,N,A*0D
2026-06-18T11:04:40.000Z $IIRPM,E,1,0,,A*66
2026-06-18T11:04:50.000Z $GPRMC,110450.00,A,5259.5381,N,00438.7312,E,6.5,196.9,180626,,,A*5C
2026-06-18T11:04:50.000Z $IIHDG,196.6,,,,*41
2026-06-18T11:04:50.000Z $IIMWV,214.2,T,13.0,N,A*0C
2026-06-18T11:04:50.000Z $IIRPM,E,1,0,,A*66
2026-06-18T11:05:00.000Z $GPRMC,110500.00,A,5259.4830,N,00438.7347,E,6.6,196.2,180626,,,A*50
2026-06-18T11:05:00.000Z $GPGGA,110500.00,5259.4830,N,00438.7347,E,1,12,0.9,0.0,M,0.0,M,,*5F
2026-06-18T11:05:00.000Z $IIHDG,197.7,,,,*41
2026-06-18T11:05:00.000Z $IIMWV,217.9,T,15.0,N,A*02
2026-06-18T11:05:00.000Z $IIDBT,87.1,f,26.6,M,14.5,F*2D
2026-06-18T11:05:00.000Z $IIRPM,E,1,0,,A*66
2026-06-18T11:05:00.000Z $IIXDR,V,12.52,V,BATT*67
2026-06-18T11:05:00.000Z $IIMTA,18.6,C*0A
2026-06-18T11:05:00.000Z $GPVTG,196.2,T,,M,6.6,N,12.2,K,A*30
2026-06-18T11:05:10.000Z $GPRMC,110510.00,A,5259.4644,N,00438.7483,E,6.8,197.3,180626,,,A*5D
2026-06-18T11:05:10.000Z $IIHDG,196.5,,,,*42
2026-06-18T11:05:10.000Z $IIMWV,216.5,T,13.0,N,A*09
2026-06-18T11:05:10.000Z $IIRPM,E,1,0,,A*66
2026-06-18T11:05:20.000Z $GPRMC,110520.00,A,5259.4565,N,00438.7132,E,6.6,197.6,180626,,,A*5A
2026-06-18T11:05:20.000Z $IIHDG,195.3,,,,*47
2026-06-18T11:05:20.000Z $IIMWV,221.5,T,14.1,N,A*0B
2026-06-18T11:05:20.000Z $IIRPM,E,1,0,,A*66
2026-06-18T11:05:30.000Z $GPRMC,110530.00,A,5259.4289,N,00438.7384,E,6.9,197.7,180626,,,A*5F
2026-06-18T11:05:30.000Z $GPGGA,110530.00,5259.4289,N,00438.7384,E,1,10,0.9,0.0,M,0.0,M,,*59
2026-06-18T11:05:30.000Z $IIHDG,199.0,,,,*48
2026-06-18T11:05:30.000Z $IIMWV,215.7,T,13.9,N,A*01
2026-06-18T11:05:30.000Z $IIDBT,84.4,f,25.7,M,14.1,F*2D
2026-06-18T11:05:30.000Z $IIRPM,E,1,0,,A*66
2026-06-18T11:05:30.000Z $GPVTG,197.7,T,,M,6.9,N,12.7,K,A*3E
2026-06-18T11:05:40.000Z $GPRMC,110540.00,A,5259.4549,N,00438.7318,E,7.0,197.5,180626,,,A*5C
2026-06-18T11:05:40.000Z $IIHDG,199.2,,,,*4A
2026-06-18T11:05:40.000Z $IIMWV,221.3,T,14.3,N,A*0F
2026-06-18T11:05:40.000Z $IIRPM,E,1,0,,A*66
2026-06-18T11:05:50.000Z $GPRMC,110550.00,A,5259.4042,N,00438.7012,E,6.5,198.2,180626,,,A*56
2026-06-18T11:05:50.000Z $IIHDG,195.5,,,,*41
2026-06-18T11:05:50.000Z $IIMWV,218.1,T,15.2,N,A*07
2026-06-18T11:05:50.000Z $IIRPM,E,1,0,,A*66
2026-06-18T11:06:00.000Z $GPRMC,110600.00,A,5259.4179,N,00438.6916,E,6.9,195.7,180626,,,A*51
2026-06-18T11:06:00.000Z $GPGGA,110600.00,5259.4179,N,00438.6916,E,1,8,0.9,0.0,M,0.0,M,,*6C
2026-06-18T11:06:00.000Z $IIHDG,195.9,,,,*4D
2026-06-18T11:06:00.000Z $IIMWV,214.1,T,14.7,N,A*0F
2026-06-18T11:06:00.000Z $IIDBT,80.1,f,24.4,M,13.3,F*2B
2026-06-18T11:06:00.000Z $IIRPM,E,1,0,,A*66
2026-06-18T11:06:00.000Z $IIXDR,V,12.43,V,BATT*67
2026-06-18T11:06:00.000Z $GPVTG,195.7,T,,M,6.9,N,12.7,K,A*3C
2026-06-18T11:06:10.000Z $GPRMC,110610.00,A,5259.3974,N,00438.6778,E,6.9,195.6,180626,,,A*55
2026-06-18T11:06:10.000Z $IIHDG,198.6,,,,*4F
2026-06-18T11:06:10.000Z $IIMWV,213.3,T,14.2,N,A*0F
2026-06-18T11:06:10.000Z $IIRPM,E,1,0,,A*66
2026-06-18T11:06:20.000Z $GPRMC,110620.00,A,5259.3893,N,00438.6556,E,6.6,196.5,180626,,,A*5F
2026-06-18T11:06:20.000Z $IIHDG,195.4,,,,*40
2026-06-18T11:06:20.000Z $IIMWV,219.3,T,12.8,N,A*09
2026-06-18T11:06:20.000Z $IIRPM,E,1,0,,A*66
2026-06-18T11:06:30.000Z $GPRMC,110630.00,A,5259.3277,N,00438.6789,E,7.0,197.0,180626,,,A*5D
2026-06-18T11:06:30.000Z $GPGGA,110630.00,5259.3277,N,00438.6789,E,1,9,0.9,0.0,M,0.0,M,,*6C
2026-06-18T11:06:30.000Z $IIHDG,198.1,,,,*48
2026-06-18T11:06:30.000Z $IIMWV,221.2,T,13.8,N,A*02
2026-06-18T11:06:30.000Z $IIDBT,84.9,f,25.9,M,14.1,F*2E
2026-06-18T11:06:30.000Z $IIRPM,E,1,0,,A*66
2026-06-18T11:06:30.000Z $GPVTG,197.0,T,,M,7.0,N,13.0,K,A*37
2026-06-18T11:06:40.000Z $GPRMC,110640.00,A,5259.3060,N,00438.6924,E,6.3,195.7,180626,,,A*50
2026-06-18T11:06:40.000Z $IIHDG,197.2,,,,*44
2026-06-18T11:06:40.000Z $IIMWV,220.4,T,13.9,N,A*04
2026-06-18T11:06:40.000Z $IIRPM,E,1,0,,A*66
2026-06-18T11:06:50.000Z $GPRMC,110650.00,A,5259.3264,N,00438.6423,E,6.5,195.6,180626,,,A*5A
2026-06-18T11:06:50.000Z $IIHDG,197.0,,,,*46
2026-06-18T11:06:50.000Z $IIMWV,214.3,T,15.3,N,A*08
2026-06-18T11:06:50.000Z $IIRPM,E,1,0,,A*66
2026-06-18T11:07:00.000Z $GPRMC,110700.00,A,5259.2753,N,00438.6608,E,6.5,197.7,180626,,,A*56
2026-06-18T11:07:00.000Z $GPGGA,110700.00,5259.2753,N,00438.6608,E,1,12,0.9,0.0,M,0.0,M,,*5E
2026-06-18T11:07:00.000Z $IIHDG,196.6,,,,*41
2026-06-18T11:07:00.000Z $IIMWV,215.8,T,13.4,N,A*03
2026-06-18T11:07:00.000Z $IIDBT,86.0,f,26.2,M,14.3,F*2F
2026-06-18T11:07:00.000Z $IIRPM,E,1,0,,A*66
2026-06-18T11:07:00.000Z $IIXDR,V,12.67,V,BATT*61
2026-06-18T11:07:00.000Z $GPVTG,197.7,T,,M,6.5,N,12.1,K,A*34
2026-06-18T11:07:10.000Z $GPRMC,110710.00,A,5259.2635,N,00438.6417,E,7.0,196.8,180626,,,A*50
2026-06-18T11:07:10.000Z $IIHDG,197.6,,,,*40
2026-06-18T11:07:10.000Z $IIMWV,215.5,T,12.7,N,A*0C
2026-06-18T11:07:10.000Z $IIRPM,E,1,0,,A*66
2026-06-18T11:07:20.000Z $GPRMC,110720.00,A,5259.2752,N,00438.6054,E,6.9,197.0,180626,,,A*51
2026-06-18T11:07:20.000Z $IIHDG,196.2,,,,*45
2026-06-18T11:07:20.000Z $IIMWV,215.7,T,15.3,N,A*0D
2026-06-18T11:07:20.000Z $IIRPM,E,1,0,,A*66
2026-06-18T11:07:30.000Z $GPRMC,110730.00,A,5259.2594,N,00438.6046,E,6.6,195.9,180626,,,A*5F
2026-06-18T11:07:30.000Z $GPGGA,110730.00,5259.2594,N,00438.6046,E,1,9,0.9,0.0,M,0.0,M,,*62
2026-06-18T11:07:30.000Z $IIHDG,195.7,,,,*43
2026-06-18T11:07:30.000Z $IIMWV,218.8,T,13.9,N,A*03
2026-06-18T11:07:30.000Z $IIDBT,80.8,f,24.6,M,13.5,F*26
2026-06-18T11:07:30.000Z $IIRPM,E,1,0,,A*66
2026-06-18T11:07:30.000Z $GPVTG,195.9,T,,M,6.6,N,12.2,K,A*38
2026-06-18T11:07:40.000Z $GPRMC,110740.00,A,5259.2290,N,00438.6411,E,6.6,198.1,180626,,,A*58
2026-06-18T11:07:40.000Z $IIHDG,199.0,,,,*48
2026-06-18T11:07:40.000Z $IIMWV,218.5,T,13.7,N,A*00
2026-06-18T11:07:40.000Z $IIRPM,E,1,0,,A*66
2026-06-18T11:07:50.000Z $GPRMC,110750.00,A,5259.2385,N,00438.6238,E,6.8,196.1,180626,,,A*51
2026-06-18T11:07:50.000Z $IIHDG,195.8,,,,*4C
2026-06-18T11:07:50.000Z $IIMWV,212.6,T,13.7,N,A*09
2026-06-18T11:07:50.000Z $IIRPM,E,1,0,,A*66
2026-06-18T11:08:00.000Z $GPRMC,110800.00,A,5259.1778,N,00438.6290,E,6.7,196.7,180626,,,A*55
2026-06-18T11:08:00.000Z $GPGGA,110800.00,5259.1778,N,00438.6290,E,1,9,0.9,0.0,M,0.0,M,,*64
2026-06-18T11:08:00.000Z $IIHDG,197.7,,,,*41
2026-06-18T11:08:00.000Z $IIMWV,211.8,T,13.8,N,A*0B
2026-06-18T11:08:00.000Z $IIDBT,79.7,f,24.3,M,13.3,F*2C
2026-06-18T11:08:00.000Z $IIRPM,E,1,0,,A*66
2026-06-18T11:08:00.000Z $IIXDR,V,12.57,V,BATT*62
2026-06-18T11:08:00.000Z $GPVTG,196.7,T,,M,6.7,N,12.5,K,A*33
2026-06-18T11:08:10.000Z $GPRMC,110810.00,A,5259.1592,N,00438.6042,E,6.5,197.7,180626,,,A*5C
2026-06-18T11:08:10.000Z $IIHDG,196.8,,,,*4F
2026-06-18T11:08:10.000Z $IIMWV,216.6,T,12.8,N,A*03
2026-06-18T11:08:10.000Z $IIRPM,E,1,0,,A*66
2026-06-18T11:08:20.000Z $GPRMC,110820.00,A,5259.1460,N,00438.5684,E,7.0,196.2,180626,,,A*5C
2026-06-18T11:08:20.000Z $IIHDG,198.4,,,,*4D
2026-06-18T11:08:20.000Z $IIMWV,221.4,T,13.4,N,A*08
2026-06-18T11:08:20.000Z $IIRPM,E,1,0,,A*66
2026-06-18T11:08:30.000Z $GPRMC,110830.00,A,5259.1615,N,00438.5897,E,6.3,195.4,180626,,,A*56
2026-06-18T11:08:30.000Z $GPGGA,110830.00,5259.1615,N,00438.5897,E,1,9,0.9,0.0,M,0.0,M,,*63
2026-06-18T11:08:30.000Z $IIHDG,195.3,,,,*47
2026-06-18T11:08:30.000Z $IIMWV,221.3,T,13.1,N,A*0A
2026-06-18T11:08:30.000Z $IIDBT,82.4,f,25.1,M,13.7,F*2C
2026-06-18T11:08:30.000Z $IIRPM,E,1,0,,A*66
2026-06-18T11:08:30.000Z $GPVTG,195.4,T,,M,6.3,N,11.7,K,A*36
2026-06-18T11:08:40.000Z $GPRMC,110840.00,A,5259.1229,N,00438.5523,E,6.4,195.8,180626,,,A*53
2026-06-18T11:08:40.000Z $IIHDG,196.3,,,,*44
2026-06-18T11:08:40.000Z $IIMWV,218.1,T,14.2,N,A*06
2026-06-18T11:08:40.000Z $IIRPM,E,1,0,,A*66
2026-06-18T11:08:50.000Z $GPRMC,110850.00,A,5259.1138,N,00438.5649,E,6.3,196.6,180626,,,A*54
2026-06-18T11:08:50.000Z $IIHDG,197.8,,,,*4E
2026-06-18T11:08:50.000Z $IIMWV,218.8,T,13.8,N,A*02
2026-06-18T11:08:50.000Z $IIRPM,E,1,0,,A*66
2026-06-18T11:09:00.000Z $GPRMC,110900.00,A,5259.0791,N,00438.5258,E,6.5,198.1,180626,,,A*5F
2026-06-18T11:09:00.000Z $GPGGA,110900.00,5259.0791,N,00438.5258,E,1,11,0.9,0.0,M,0.0,M,,*5D
2026-06-18T11:09:00.000Z $IIHDG,199.1,,,,*49
2026-06-18T11:09:00.000Z $IIMWV,215.8,T,15.1,N,A*00
2026-06-18T11:09:00.000Z $IIDBT,79.0,f,24.1,M,13.2,F*28
2026-06-18T11:09:00.000Z $IIRPM,E,1,0,,A*66
2026-06-18T11:09:00.000Z $IIXDR,V,12.49,V,BATT*6D
2026-06-18T11:09:00.000Z $GPVTG,198.1,T,,M,6.5,N,12.1,K,A*3D
2026-06-18T11:09:10.000Z $GPRMC,110910.00,A,5259.0865,N,00438.5542,E,6.5,196.5,180626,,,A*5C
2026-06-18T11:09:10.000Z $IIHDG,198.6,,,,*4F
2026-06-18T11:09:10.000Z $IIMWV,219.4,T,12.6,N,A*00
2026-06-18T11:09:10.000Z $IIRPM,E,1,0,,A*66
2026-06-18T11:09:20.000Z $GPRMC,110920.00,A,5259.0703,N,00438.5612,E,6.8,196.6,180626,,,A*58
2026-06-18T11:09:20.000Z $IIHDG,195.8,,,,*4C
2026-06-18T11:09:20.000Z $IIMWV,215.0,T,14.5,N,A*0D
2026-06-18T11:09:20.000Z $IIRPM,E,1,0,,A*66
2026-06-18T11:09:30.000Z $GPRMC,110930.00,A,5259.0493,N,00438.5038,E,7.0,197.1,180626,,,A*52
2026-06-18T11:09:30.000Z $GPGGA,110930.00,5259.0493,N,00438.5038,E,1,12,0.9,0.0,M,0.0,M,,*58
2026-06-18T11:09:30.000Z $IIHDG,196.3,,,,*44
2026-06-18T11:09:30.000Z $IIMWV,216.9,T,14.6,N,A*04
2026-06-18T11:09:30.000Z $IIDBT,84.5,f,25.8,M,14.1,F*23
2026-06-18T11:09:30.000Z $IIRPM,E,1,0,,A*66
2026-06-18T11:09:30.000Z $GPVTG,197.1,T,,M,7.0,N,12.9,K,A*3E
2026-06-18T11:09:40.000Z $GPRMC,110940.00,A,5259.0200,N,00438.4902,E,6.5,196.4,180626,,,A*58
2026-06-18T11:09:40.000Z $IIHDG,198.0,,,,*49
2026-06-18T11:09:40.000Z $IIMWV,212.7,T,12.9,N,A*07
2026-06-18T11:09:40.000Z $IIRPM,E,1,0,,A*66
2026-06-18T11:09:50.000Z $GPRMC,110950.00,A,5259.0186,N,00438.4907,E,6.7,197.9,180626,,,A*5F
2026-06-18T11:09:50.000Z $IIHDG,197.3,,,,*45
2026-06-18T11:09:50.000Z $IIMWV,215.8,T,15.1,N,A*00
2026-06-18T11:09:50.000Z $IIRPM,E,1,0,,A*66
2026-06-18T11:10:00.000Z $GPRMC,111000.00,A,5259.0017,N,00438.5270,E,6.6,195.7,180626,,,A*5C
2026-06-18T11:10:00.000Z $GPGGA,111000.00,5259.0017,N,00438.5270,E,1,9,0.9,0.0,M,0.0,M,,*6F
2026-06-18T11:10:00.000Z $IIHDG,196.6,,,,*41
2026-06-18T11:10:00.000Z $IIMWV,217.8,T,12.6,N,A*02
2026-06-18T11:10:00.000Z $IIDBT,79.9,f,24.4,M,13.3,F*25
2026-06-18T11:10:00.000Z $IIRPM,E,1,0,,A*66
2026-06-18T11:10:00.000Z $IIXDR,V,12.50,V,BATT*65
2026-06-18T11:10:00.000Z $IIMTA,18.4,C*08
2026-06-18T11:10:00.000Z $GPVTG,195.7,T,,M,6.6,N,12.3,K,A*37
2026-06-18T11:10:10.000Z $GPRMC,111010.00,A,5258.9834,N,00438.4850,E,6.6,195.8,180626,,,A*5A
2026-06-18T11:10:10.000Z $IIHDG,198.9,,,,*40
2026-06-18T11:10:10.000Z $IIMWV,218.4,T,13.8,N,A*0E
2026-06-18T11:10:10.000Z $IIRPM,E,1,0,,A*66
2026-06-18T11:10:20.000Z $GPRMC,111020.00,A,5258.9584,N,00438.4561,E,7.0,196.5,180626,,,A*59
2026-06-18T11:10:20.000Z $IIHDG,194.9,,,,*4C
2026-06-18T11:10:20.000Z $IIMWV,221.0,T,14.0,N,A*0F
2026-06-18T11:10:20.000Z $IIRPM,E,1,0,,A*66
2026-06-18T11:10:30.000Z $GPRMC,111030.00,A,5258.9288,N,00438.4867,E,6.4,195.5,180626,,,A*5E
2026-06-18T11:10:30.000Z $GPGGA,111030.00,5258.9288,N,00438.4867,E,1,11,0.9,0.0,M,0.0,M,,*54
2026-06-18T11:10:30.000Z $IIHDG,195.9,,,,*4D
2026-06-18T11:10:30.000Z $IIMWV,217.4,T,12.9,N,A*01
2026-06-18T11:10:30.000Z $IIDBT,81.1,f,24.7,M,13.5,F*2F
2026-06-18T11:10:30.000Z $IIRPM,E,1,0,,A*66
2026-06-18T11:10:30.000Z $GPVTG,195.5,T,,M,6.4,N,11.8,K,A*3F
2026-06-18T11:10:40.000Z $GPRMC,111040.00,A,5258.9575,N,00438.4385,E,6.6,195.8,180626,,,A*54
2026-06-18T11:10:40.000Z $IIHDG,194.5,,,,*40
2026-06-18T11:10:40.000Z $IIMWV,215.9,T,14.9,N,A*08
2026-06-18T11:10:40.000Z $IIRPM,E,1,0,,A*66
2026-06-18T11:10:50.000Z $GPRMC,111050.00,A,5258.9058,N,00438.4415,E,6.6,196.7,180626,,,A*5D
2026-06-18T11:10:50.000Z $IIHDG,194.9,,,,*4C
2026-06-18T11:10:50.000Z $IIMWV,216.3,T,14.1,N,A*09
2026-06-18T11:10:50.000Z $IIRPM,E,1,0,,A*66
2026-06-18T11:11:00.000Z $GPRMC,111100.00,A,5258.9203,N,00438.4560,E,6.7,198.2,180626,,,A*5C
2026-06-18T11:11:00.000Z $GPGGA,111100.00,5258.9203,N,00438.4560,E,1,12,0.9,0.0,M,0.0,M,,*5C
2026-06-18T11:11:00.000Z $IIHDG,194.8,,,,*4D
2026-06-18T11:11:00.000Z $IIMWV,218.9,T,13.9,N,A*02
2026-06-18T11:11:00.000Z $IIDBT,85.4,f,26.0,M,14.2,F*2B
2026-06-18T11:11:00.000Z $IIRPM,E,1,0,,A*66
2026-06-18T11:11:00.000Z $IIXDR,V,12.50,V,BATT*65
2026-06-18T11:11:00.000Z $GPVTG,198.2,T,,M,6.7,N,12.4,K,A*39
2026-06-18T11:11:10.000Z $GPRMC,111110.00,A,5258.8713,N,00438.4411,E,6.5,196.1,180626,,,A*50
2026-06-18T11:11:10.000Z $IIHDG,197.8,,,,*4E
2026-06-18T11:11:10.000Z $IIMWV,212.4,T,15.2,N,A*08
2026-06-18T11:11:10.000Z $IIRPM,E,1,0,,A*66
2026-06-18T11:11:20.000Z $GPRMC,111120.00,A,5258.8506,N,00438.4261,E,6.7,195.4,180626,,,A*50
2026-06-18T11:11:20.000Z $IIHDG,195.2,,,,*46
2026-06-18T11:11:20.000Z $IIMWV,218.7,T,13.4,N,A*01
2026-06-18T11:11:20.000Z $IIRPM,E,1,0,,A*66
2026-06-18T11:11:30.000Z $GPRMC,111130.00,A,5258.8664,N,00438.4385,E,6.3,195.6,180626,,,A*5B
2026-06-18T11:11:30.000Z $GPGGA,111130.00,5258.8664,N,00438.4385,E,1,10,0.9,0.0,M,0.0,M,,*54
2026-06-18T11:11:30.000Z $IIHDG,194.9,,,,*4C
2026-06-18T11:11:30.000Z $IIMWV,214.3,T,12.9,N,A*05
2026-06-18T11:11:30.000Z $IIDBT,85.5,f,26.1,M,14.2,F*2B
2026-06-18T11:11:30.000Z $IIRPM,E,1,0,,A*66
2026-06-18T11:11:30.000Z $GPVTG,195.6,T,,M,6.3,N,11.7,K,A*34
2026-06-18T11:11:40.000Z $GPRMC,111140.00,A,5258.8604,N,00438.4452,E,6.5,196.2,180626,,,A*56
2026-06-18T11:11:40.000Z $IIHDG,194.9,,,,*4C
2026-06-18T11:11:40.000Z $IIMWV,216.2,T,13.6,N,A*08
2026-06-18T11:11:40.000Z $IIRPM,E,1,0,,A*66
2026-06-18T11:11:50.000Z $GPRMC,111150.00,A,5258.8442,N,00438.4118,E,6.7,198.1,180626,,,A*53
2026-06-18T11:11:50.000Z $IIHDG,194.7,,,,*42
2026-06-18T11:11:50.000Z $IIMWV,215.7,T,14.4,N,A*0B
2026-06-18T11:11:50.000Z $IIRPM,E,1,0,,A*66
2026-06-18T11:12:00.000Z $GPRMC,111200.00,A,5258.7790,N,00438.4268,E,6.4,197.7,180626,,,A*58
2026-06-18T11:12:00.000Z $GPGGA,111200.00,5258.7790,N,00438.4268,E,1,10,0.9,0.0,M,0.0,M,,*53
2026-06-18T11:12:00.000Z $IIHDG,199.2,,,,*4A
2026-06-18T11:12:00.000Z $IIMWV,220.7,T,12.6,N,A*09
2026-06-18T11:12:00.000Z $IIDBT,81.2,f,24.7,M,13.5,F*2C
2026-06-18T11:12:00.000Z $IIRPM,E,1,0,,A*66
2026-06-18T11:12:00.000Z $IIXDR,V,12.67,V,BATT*61
2026-06-18T11:12:00.000Z $GPVTG,197.7,T,,M,6.4,N,11.8,K,A*3F
2026-06-18T11:12:10.000Z $GPRMC,111210.00,A,5258.7799,N,00438.3677,E,7.0,195.7,180626,,,A*5A
2026-06-18T11:12:10.000Z $IIHDG,197.4,,,,*42
2026-06-18T11:12:10.000Z $IIMWV,221.6,T,13.7,N,A*09
2026-06-18T11:12:10.000Z $IIRPM,E,1,0,,A*66
2026-06-18T11:12:20.000Z $GPRMC,111220.00,A,5258.7697,N,00438.3571,E,6.8,195.7,180626,,,A*5A
2026-06-18T11:12:20.000Z $IIHDG,197.4,,,,*42
2026-06-18T11:12:20.000Z $IIMWV,214.2,T,13.2,N,A*0E
2026-06-18T11:12:20.000Z $IIRPM,E,1,0,,A*66
2026-06-18T11:12:30.000Z $GPRMC,111230.00,A,5258.7294,N,00438.3890,E,7.1,197.8,180626,,,A*5B
2026-06-18T11:12:30.000Z $GPGGA,111230.00,5258.7294,N,00438.3890,E,1,8,0.9,0.0,M,0.0,M,,*62
2026-06-18T11:12:30.000Z $IIHDG,196.3,,,,*44
2026-06-18T11:12:30.000Z $IIMWV,213.2,T,13.6,N,A*0D
2026-06-18T11:12:30.000Z $IIDBT,81.9,f,25.0,M,13.7,F*23
2026-06-18T11:12:30.000Z $IIRPM,E,1,0,,A*66
2026-06-18T11:12:30.000Z $GPVTG,197.8,T,,M,7.1,N,13.1,K,A*3F
2026-06-18T11:12:40.000Z $GPRMC,111240.00,A,5258.7252,N,00438.3580,E,6.4,195.8,180626,,,A*5C
2026-06-18T11:12:40.000Z $IIHDG,195.9,,,,*4D
2026-06-18T11:12:40.000Z $IIMWV,216.1,T,15.2,N,A*09
2026-06-18T11:12:40.000Z $IIRPM,E,1,0,,A*66
2026-06-18T11:12:50.000Z $GPRMC,111250.00,A,5258.7280,N,00438.3636,E,6.9,196.8,180626,,,A*52
2026-06-18T11:12:50.000Z $IIHDG,198.3,,,,*4A
2026-06-18T11:12:50.000Z $IIMWV,213.7,T,15.1,N,A*09
2026-06-18T11:12:50.000Z $IIRPM,E,1,0,,A*66
2026-06-18T11:13:00.000Z $GPRMC,111300.00,A,5258.7245,N,00438.3231,E,6.7,197.3,180626,,,A*58
2026-06-18T11:13:00.000Z $GPGGA,111300.00,5258.7245,N,00438.3231,E,1,11,0.9,0.0,M,0.0,M,,*55
2026-06-18T11:13:00.000Z $IIHDG,195.8,,,,*4C
2026-06-18T11:13:00.000Z $IIMWV,221.2,T,13.3,N,A*09
2026-06-18T11:13:00.000Z $IIDBT,81.7,f,24.9,M,13.6,F*24
2026-06-18T11:13:00.000Z $IIRPM,E,1,0,,A*66
2026-06-18T11:13:00.000Z $IIXDR,V,12.60,V,BATT*66
2026-06-18T11:13:00.000Z $GPVTG,197.3,T,,M,6.7,N,12.5,K,A*36
2026-06-18T11:13:10.000Z $GPRMC,111310.00,A,5258.6919,N,00438.3358,E,6.9,195.4,180626,,,A*5F
2026-06-18T11:13:10.000Z $IIHDG,194.3,,,,*46
2026-06-18T11:13:10.000Z $IIMWV,217.1,T,12.8,N,A*05
2026-06-18T11:13:10.000Z $IIRPM,E,1,0,,A*66
2026-06-18T11:13:20.000Z $GPRMC,111320.00,A,5258.6670,N,00438.3318,E,7.0,195.4,180626,,,A*50
2026-06-18T11:13:20.000Z $IIHDG,196.5,,,,*42
2026-06-18T11:13:20.000Z $IIMWV,212.0,T,13.4,N,A*0C
2026-06-18T11:13:20.000Z $IIRPM,E,1,0,,A*66
2026-06-18T11:13:30.000Z $GPRMC,111330.00,A,5258.6692,N,00438.3469,E,6.5,197.4,180626,,,A*5A
2026-06-18T11:13:30.000Z $GPGGA,111330.00,5258.6692,N,00438.3469,E,1,11,0.9,0.0,M,0.0,M,,*52
2026-06-18T11:13:30.000Z $IIHDG,195.5,,,,*41
2026-06-18T11:13:30.000Z $IIMWV,218.9,T,14.1,N,A*0D
2026-06-18T11:13:30.000Z $IIDBT,82.5,f,25.1,M,13.7,F*2D
2026-06-18T11:13:30.000Z $IIRPM,E,1,0,,A*66
2026-06-18T11:13:30.000Z $GPVTG,197.4,T,,M,6.5,N,12.1,K,A*37
2026-06-18T11:13:40.000Z $GPRMC,111340.00,A,5258.6223,N,00438.3188,E,6.5,196.5,180626,,,A*59
2026-06-18T11:13:40.000Z $IIHDG,197.6,,,,*40
2026-06-18T11:13:40.000Z $IIMWV,211.8,T,14.2,N,A*06
2026-06-18T11:13:40.000Z $IIRPM,E,1,0,,A*66
2026-06-18T11:13:50.000Z $GPRMC,111350.00,A,5258.5981,N,00438.3266,E,6.9,198.1,180626,,,A*5D
2026-06-18T11:13:50.000Z $IIHDG,198.5,,,,*4C
2026-06-18T11:13:50.000Z $IIMWV,215.9,T,15.1,N,A*01
2026-06-18T11:13:50.000Z $IIRPM,E,1,0,,A*66
2026-06-18T11:14:00.000Z $GPRMC,111400.00,A,5258.5840,N,00438.3161,E,6.9,195.8,180626,,,A*53
2026-06-18T11:14:00.000Z $GPGGA,111400.00,5258.5840,N,00438.3161,E,1,11,0.9,0.0,M,0.0,M,,*59
2026-06-18T11:14:00.000Z $IIHDG,196.0,,,,*47
2026-06-18T11:14:00.000Z $IIMWV,212.6,T,12.9,N,A*06
2026-06-18T11:14:00.000Z $IIDBT,84.0,f,25.6,M,14.0,F*29
2026-06-18T11:14:00.000Z $IIRPM,E,1,0,,A*66
2026-06-18T11:14:00.000Z $IIXDR,V,12.67,V,BATT*61
2026-06-18T11:14:00.000Z $GPVTG,195.8,T,,M,6.9,N,12.7,K,A*33
2026-06-18T11:14:10.000Z $GPRMC,111410.00,A,5258.5767,N,00438.2760,E,7.1,195.5,180626,,,A*5A
2026-06-18T11:14:10.000Z $IIHDG,197.0,,,,*46
2026-06-18T11:14:10.000Z $IIMWV,218.6,T,13.9,N,A*0D
2026-06-18T11:14:10.000Z $IIRPM,E,1,0,,A*66
2026-06-18T11:14:20.000Z $GPRMC,111420.00,A,5258.5759,N,00438.2748,E,6.5,198.2,180626,,,A*51
2026-06-18T11:14:20.000Z $IIHDG,194.9,,,,*4C
2026-06-18T11:14:20.000Z $IIMWV,219.1,T,14.8,N,A*0D
2026-06-18T11:14:20.000Z $IIRPM,E,1,0,,A*66
2026-06-18T11:14:30.000Z $GPRMC,111430.00,A,5258.5385,N,00438.2838,E,6.3,197.7,180626,,,A*51
2026-06-18T11:14:30.000Z $GPGGA,111430.00,5258.5385,N,00438.2838,E,1,11,0.9,0.0,M,0.0,M,,*5C
2026-06-18T11:14:30.000Z $IIHDG,194.6,,,,*43
2026-06-18T11:14:30.000Z $IIMWV,215.8,T,14.6,N,A*06
2026-06-18T11:14:30.000Z $IIDBT,83.1,f,25.3,M,13.9,F*24
2026-06-18T11:14:30.000Z $IIRPM,E,1,0,,A*66
2026-06-18T11:14:30.000Z $GPVTG,197.7,T,,M,6.3,N,11.7,K,A*37
2026-06-18T11:14:40.000Z $GPRMC,111440.00,A,5258.5450,N,00438.2762,E,6.4,197.3,180626,,,A*5A
2026-06-18T11:14:40.000Z $IIHDG,194.3,,,,*46
2026-06-18T11:14:40.000Z $IIMWV,221.0,T,15.0,N,A*0E
2026-06-18T11:14:40.000Z $IIRPM,E,1,0,,A*66
2026-06-18T11:14:50.000Z $GPRMC,111450.00,A,5258.5068,N,00438.2727,E,6.7,196.6,180626,,,A*52
2026-06-18T11:14:50.000Z $IIHDG,196.8,,,,*4F
2026-06-18T11:14:50.000Z $IIMWV,212.6,T,13.0,N,A*0E
2026-06-18T11:14:50.000Z $IIRPM,E,1,0,,A*66
2026-06-18T11:15:00.000Z $GPRMC,111500.00,A,5258.5070,N,00438.2605,E,7.1,198.1,180626,,,A*50
2026-06-18T11:15:00.000Z $GPGGA,111500.00,5258.5070,N,00438.2605,E,1,11,0.9,0.0,M,0.0,M,,*57
2026-06-18T11:15:00.000Z $IIHDG,196.7,,,,*40
2026-06-18T11:15:00.000Z $IIMWV,211.8,T,15.3,N,A*06
2026-06-18T11:15:00.000Z $IIDBT,77.7,f,23.7,M,12.9,F*2A
2026-06-18T11:15:00.000Z $IIRPM,E,1,0,,A*66
2026-06-18T11:15:00.000Z $IIXDR,V,12.50,V,BATT*65
2026-06-18T11:15:00.000Z $IIMTA,19.3,C*0E
2026-06-18T11:15:00.000Z $GPVTG,198.1,T,,M,7.1,N,13.1,K,A*39
2026-06-18T11:15:10.000Z $GPRMC,111510.00,A,5258.4784,N,00438.2234,E,7.0,197.5,180626,,,A*50
2026-06-18T11:15:10.000Z $IIHDG,197.6,,,,*40
2026-06-18T11:15:10.000Z $IIMWV,214.2,T,13.4,N,A*08
2026-06-18T11:15:10.000Z $IIRPM,E,1,0,,A*66
2026-06-18T11:15:20.000Z $GPRMC,111520.00,A,5258.4491,N,00438.2507,E,6.7,198.1,180626,,,A*5E
2026-06-18T11:15:20.000Z $IIHDG,197.2,,,,*44
2026-06-18T11:15:20.000Z $IIMWV,214.5,T,13.2,N,A*09
2026-06-18T11:15:20.000Z $IIRPM,E,1,0,,A*66
2026-06-18T11:15:30.000Z $GPRMC,111530.00,A,5258.4643,N,00438.2490,E,6.7,197.7,180626,,,A*54
2026-06-18T11:15:30.000Z $GPGGA,111530.00,5258.4643,N,00438.2490,E,1,10,0.9,0.0,M,0.0,M,,*5C
2026-06-18T11:15:30.000Z $IIHDG,197.2,,,,*44
2026-06-18T11:15:30.000Z $IIMWV,219.7,T,12.6,N,A*03
2026-06-18T11:15:30.000Z $IIDBT,79.2,f,24.2,M,13.2,F*29
2026-06-18T11:15:30.000Z $IIRPM,E,1,0,,A*66
2026-06-18T11:15:30.000Z $GPVTG,197.7,T,,M,6.7,N,12.5,K,A*32
2026-06-18T11:15:40.000Z $GPRMC,111540.00,A,5258.4132,N,00438.2007,E,6.7,196.4,180626,,,A*5A
2026-06-18T11:15:40.000Z $IIHDG,194.3,,,,*46
2026-06-18T11:15:40.000Z $IIMWV,219.9,T,13.1,N,A*0B
2026-06-18T11:15:40.000Z $IIRPM,E,1,0,,A*66
2026-06-18T11:15:50.000Z $GPRMC,111550.00,A,5258.4123,N,00438.2163,E,6.9,197.6,180626,,,A*55
2026-06-18T11:15:50.000Z $IIHDG,197.5,,,,*43
2026-06-18T11:15:50.000Z $IIMWV,216.7,T,13.4,N,A*0F
2026-06-18T11:15:50.000Z $IIRPM,E,1,0,,A*66
2026-06-18T11:16:00.000Z $GPRMC,111600.00,A,5258.3770,N,00438.2093,E,6.9,195.8,180626,,,A*56
2026-06-18T11:16:00.000Z $GPGGA,111600.00,5258.3770,N,00438.2093,E,1,8,0.9,0.0,M,0.0,M,,*64
2026-06-18T11:16:00.000Z $IIHDG,198.0,,,,*49
2026-06-18T11:16:00.000Z $IIMWV,211.9,T,15.3,N,A*07
2026-06-18T11:16:00.000Z $IIDBT,83.9,f,25.6,M,14.0,F*27
2026-06-18T11:16:00.000Z $IIRPM,E,1,0,,A*66
2026-06-18T11:16:00.000Z $IIXDR,V,12.42,V,BATT*66
2026-06-18T11:16:00.000Z $GPVTG,195.8,T,,M,6.9,N,12.8,K,A*3C
2026-06-18T11:16:10.000Z $GPRMC,111610.00,A,5258.4080,N,00438.1711,E,6.4,196.8,180626,,,A*58
2026-06-18T11:16:10.000Z $IIHDG,197.3,,,,*45
2026-06-18T11:16:10.000Z $IIMWV,220.5,T,13.3,N,A*0F
2026-06-18T11:16:10.000Z $IIRPM,E,1,0,,A*66
2026-06-18T11:16:20.000Z $GPRMC,111620.00,A,5258.3655,N,00438.1724,E,6.9,196.7,180626,,,A*56
2026-06-18T11:16:20.000Z $IIHDG,195.5,,,,*41
2026-06-18T11:16:20.000Z $IIMWV,219.8,T,14.0,N,A*0C
2026-06-18T11:16:20.000Z $IIRPM,E,1,0,,A*66
2026-06-18T11:16:30.000Z $GPRMC,111630.00,A,5258.3594,N,00438.1512,E,6.7,198.2,180626,,,A*5B
2026-06-18T11:16:30.000Z $GPGGA,111630.00,5258.3594,N,00438.1512,E,1,9,0.9,0.0,M,0.0,M,,*61
2026-06-18T11:16:30.000Z $IIHDG,196.2,,,,*45
2026-06-18T11:16:30.000Z $IIMWV,216.7,T,15.3,N,A*0E
2026-06-18T11:16:30.000Z $IIDBT,77.1,f,23.5,M,12.8,F*2F
2026-06-18T11:16:30.000Z $IIRPM,E,1,0,,A*66
2026-06-18T11:16:30.000Z $GPVTG,198.2,T,,M,6.7,N,12.5,K,A*38
2026-06-18T11:16:40.000Z $GPRMC,111640.00,A,5258.3133,N,00438.1881,E,6.6,195.6,180626,,,A*5A
2026-06-18T11:16:40.000Z $IIHDG,197.3,,,,*45
2026-06-18T11:16:40.000Z $IIMWV,212.6,T,15.0,N,A*08
2026-06-18T11:16:40.000Z $IIRPM,E,1,0,,A*66
2026-06-18T11:16:50.000Z $GPRMC,111650.00,A,5258.3109,N,00438.1603,E,6.6,196.5,180626,,,A*56
2026-06-18T11:16:50.000Z $IIHDG,195.2,,,,*46
2026-06-18T11:16:50.000Z $IIMWV,213.7,T,14.5,N,A*0C
2026-06-18T11:16:50.000Z $IIRPM,E,1,0,,A*66
2026-06-18T11:17:00.000Z $GPRMC,111700.00,A,5258.2993,N,00438.1211,E,6.4,195.7,180626,,,A*5C
2026-06-18T11:17:00.000Z $GPGGA,111700.00,5258.2993,N,00438.1211,E,1,11,0.9,0.0,M,0.0,M,,*54
2026-06-18T11:17:00.000Z $IIHDG,197.9,,,,*4F
2026-06-18T11:17:00.000Z $IIMWV,220.8,T,12.5,N,A*05
2026-06-18T11:17:00.000Z $IIDBT,80.4,f,24.5,M,13.4,F*28
2026-06-18T11:17:00.000Z $IIRPM,E,1,0,,A*66
2026-06-18T11:17:00.000Z $IIXDR,V,12.53,V,BATT*66
2026-06-18T11:17:00.000Z $GPVTG,195.7,T,,M,6.4,N,11.9,K,A*3C
2026-06-18T11:17:10.000Z $GPRMC,111710.00,A,5258.2889,N,00438.1480,E,6.6,197.6,180626,,,A*58
2026-06-18T11:17:10.000Z $IIHDG,196.8,,,,*4F
2026-06-18T11:17:10.000Z $IIMWV,221.7,T,14.5,N,A*0D
2026-06-18T11:17:10.000Z $IIRPM,E,1,0,,A*66
2026-06-18T11:17:20.000Z $GPRMC,111720.00,A,5258.2670,N,00438.1039,E,6.4,196.8,180626,,,A*58
2026-06-18T11:17:20.000Z $IIHDG,194.5,,,,*40
2026-06-18T11:17:20.000Z $IIMWV,212.7,T,15.1,N,A*08
2026-06-18T11:17:20.000Z $IIRPM,E,1,0,,A*66
2026-06-18T11:17:30.000Z $GPRMC,111730.00,A,5258.2351,N,00438.1526,E,6.6,197.6,180626,,,A*59
2026-06-18T11:17:30.000Z $GPGGA,111730.00,5258.2351,N,00438.1526,E,1,8,0.9,0.0,M,0.0,M,,*68
2026-06-18T11:17:30.000Z $IIHDG,194.6,,,,*43
2026-06-18T11:17:30.000Z $IIMWV,212.0,T,14.9,N,A*06
2026-06-18T11:17:30.000Z $IIDBT,85.0,f,25.9,M,14.2,F*25
2026-06-18T11:17:30.000Z $IIRPM,E,1,0,,A*66
2026-06-18T11:17:30.000Z $GPVTG,197.6,T,,M,6.6,N,12.2,K,A*35
2026-06-18T11:17:40.000Z $GPRMC,111740.00,A,5258.2048,N,00438.1371,E,6.7,195.7,180626,,,A*53
2026-06-18T11:17:40.000Z $IIHDG,196.1,,,,*46
2026-06-18T11:17:40.000Z $IIMWV,220.9,T,13.0,N,A*00
2026-06-18T11:17:40.000Z $IIRPM,E,1,0,,A*66
2026-06-18T11:17:50.000Z $GPRMC,111750.00,A,5258.1920,N,00438.1149,E,6.4,197.1,180626,,,A*58
2026-06-18T11:17:50.000Z $IIHDG,195.9,,,,*4D
2026-06-18T11:17:50.000Z $IIMWV,213.3,T,14.0,N,A*0D
2026-06-18T11:17:50.000Z $IIRPM,E,1,0,,A*66
2026-06-18T11:18:00.000Z $GPRMC,111800.00,A,5258.1714,N,00438.1115,E,6.8,197.1,180626,,,A*5E
2026-06-18T11:18:00.000Z $GPGGA,111800.00,5258.1714,N,00438.1115,E,1,8,0.9,0.0,M,0.0,M,,*66
2026-06-18T11:18:00.000Z $IIHDG,198.4,,,,*4D
2026-06-18T11:18:00.000Z $IIMWV,221.5,T,13.8,N,A*05
2026-06-18T11:18:00.000Z $IIDBT,84.1,f,25.6,M,14.0,F*28
2026-06-18T11:18:00.000Z $IIRPM,E,1,0,,A*66
2026-06-18T11:18:00.000Z $IIXDR,V,12.60,V,BATT*66
2026-06-18T11:18:00.000Z $GPVTG,197.1,T,,M,6.8,N,12.6,K,A*38
2026-06-18T11:18:10.000Z $GPRMC,111810.00,A,5258.2033,N,00438.1041,E,7.1,197.1,180626,,,A*56
2026-06-18T11:18:10.000Z $IIHDG,195.7,,,,*43
2026-06-18T11:18:10.000Z $IIMWV,213.4,T,15.0,N,A*0B
2026-06-18T11:18:10.000Z $IIRPM,E,1,0,,A*66
2026-06-18T11:18:20.000Z $GPRMC,111820.00,A,5258.1759,N,00438.1120,E,6.7,196.9,180626,,,A*55
2026-06-18T11:18:20.000Z $IIHDG,196.4,,,,*43
2026-06-18T11:18:20.000Z $IIMWV,216.9,T,15.5,N,A*06
2026-06-18T11:18:20.000Z $IIRPM,E,1,0,,A*66
2026-06-18T11:18:30.000Z $GPRMC,111830.00,A,5258.1644,N,00438.0696,E,6.9,195.5,180626,,,A*53
2026-06-18T11:18:30.000Z $GPGGA,111830.00,5258.1644,N,00438.0696,E,1,8,0.9,0.0,M,0.0,M,,*6C
2026-06-18T11:18:30.000Z $IIHDG,197.8,,,,*4E
2026-06-18T11:18:30.000Z $IIMWV,218.4,T,13.4,N,A*02
2026-06-18T11:18:30.000Z $IIDBT,83.1,f,25.3,M,13.9,F*24
2026-06-18T11:18:30.000Z $IIRPM,E,1,0,,A*66
2026-06-18T11:18:30.000Z $GPVTG,195.5,T,,M,6.9,N,12.8,K,A*31
2026-06-18T11:18:40.000Z $GPRMC,111840.00,A,5258.1506,N,00438.0856,E,6.7,195.5,180626,,,A*5D
2026-06-18T11:18:40.000Z $IIHDG,194.5,,,,*40
2026-06-18T11:18:40.000Z $IIMWV,218.4,T,14.8,N,A*09
2026-06-18T11:18:40.000Z $IIRPM,E,1,0,,A*66
2026-06-18T11:18:50.000Z $GPRMC,111850.00,A,5258.1040,N,00438.0848,E,7.1,196.7,180626,,,A*52
2026-06-18T11:18:50.000Z $IIHDG,195.5,,,,*41
2026-06-18T11:18:50.000Z $IIMWV,218.4,T,13.6,N,A*00
2026-06-18T11:18:50.000Z $IIRPM,E,1,0,,A*66
2026-06-18T11:19:00.000Z $GPRMC,111900.00,A,5258.0985,N,00438.0225,E,6.3,196.6,180626,,,A*54
2026-06-18T11:19:00.000Z $GPGGA,111900.00,5258.0985,N,00438.0225,E,1,8,0.9,0.0,M,0.0,M,,*61
2026-06-18T11:19:00.000Z $IIHDG,198.2,,,,*4B
2026-06-18T11:19:00.000Z $IIMWV,216.4,T,15.1,N,A*0F
2026-06-18T11:19:00.000Z $IIDBT,79.3,f,24.2,M,13.2,F*28
2026-06-18T11:19:00.000Z $IIRPM,E,1,0,,A*66
2026-06-18T11:19:00.000Z $IIXDR,V,12.66,V,BATT*60
2026-06-18T11:19:00.000Z $GPVTG,196.6,T,,M,6.3,N,11.7,K,A*37
2026-06-18T11:19:10.000Z $GPRMC,111910.00,A,5258.0590,N,00438.0501,E,7.0,197.2,180626,,,A*5B
2026-06-18T11:19:10.000Z $IIHDG,198.3,,,,*4A
2026-06-18T11:19:10.000Z $IIMWV,216.5,T,14.1,N,A*0F
2026-06-18T11:19:10.000Z $IIRPM,E,1,0,,A*66
2026-06-18T11:19:20.000Z $GPRMC,111920.00,A,5258.0897,N,00438.0476,E,6.9,197.1,180626,,,A*58
2026-06-18T11:19:20.000Z $IIHDG,196.8,,,,*4F
2026-06-18T11:19:20.000Z $IIMWV,216.8,T,14.0,N,A*03
2026-06-18T11:19:20.000Z $IIRPM,E,1,0,,A*66
2026-06-18T11:19:30.000Z $GPRMC,111930.00,A,5258.0756,N,00438.0198,E,7.0,197.0,180626,,,A*57
2026-06-18T11:19:30.000Z $GPGGA,111930.00,5258.0756,N,00438.0198,E,1,11,0.9,0.0,M,0.0,M,,*5F
2026-06-18T11:19:30.000Z $IIHDG,195.4,,,,*40
2026-06-18T11:19:30.000Z $IIMWV,215.3,T,15.1,N,A*0B
2026-06-18T11:19:30.000Z $IIDBT,84.0,f,25.6,M,14.0,F*29
2026-06-18T11:19:30.000Z $IIRPM,E,1,0,,A*66
2026-06-18T11:19:30.000Z $GPVTG,197.0,T,,M,7.0,N,13.0,K,A*37
2026-06-18T11:19:40.000Z $GPRMC,111940.00,A,5258.0361,N,00438.0347,E,6.8,198.1,180626,,,A*57
2026-06-18T11:19:40.000Z $IIHDG,194.7,,,,*42
2026-06-18T11:19:40.000Z $IIMWV,218.1,T,14.8,N,A*0C
2026-06-18T11:19:40.000Z $IIRPM,E,1,0,,A*66
2026-06-18T11:19:50.000Z $GPRMC,111950.00,A,5257.9914,N,00438.0246,E,6.9,197.9,180626,,,A*5E
2026-06-18T11:19:50.000Z $IIHDG,196.6,,,,*41
2026-06-18T11:19:50.000Z $IIMWV,217.7,T,12.9,N,A*02
2026-06-18T11:19:50.000Z $IIRPM,E,1,0,,A*66
2026-06-18T11:20:00.000Z $GPRMC,112000.00,A,5258.0287,N,00438.0082,E,7.0,198.0,180626,,,A*52
2026-06-18T11:20:00.000Z $GPGGA,112000.00,5258.0287,N,00438.0082,E,1,10,0.9,0.0,M,0.0,M,,*54
2026-06-18T11:20:00.000Z $IIHDG,196.8,,,,*4F
2026-06-18T11:20:00.000Z $IIMWV,216.1,T,15.2,N,A*09
2026-06-18T11:20:00.000Z $IIDBT,77.1,f,23.5,M,12.8,F*2F
2026-06-18T11:20:00.000Z $IIRPM,E,1,0,,A*66
2026-06-18T11:20:00.000Z $IIXDR,V,12.48,V,BATT*6C
2026-06-18T11:20:00.000Z $IIMTA,18.7,C*0B
2026-06-18T11:20:00.000Z $GPVTG,198.0,T,,M,7.0,N,12.9,K,A*30
2026-06-18T11:20:10.000Z $GPRMC,112010.00,A,5258.0048,N,00437.9834,E,6.9,197.1,180626,,,A*57
2026-06-18T11:20:10.000Z $IIHDG,197.5,,,,*43
2026-06-18T11:20:10.000Z $IIMWV,220.6,T,13.8,N,A*07
2026-06-18T11:20:10.000Z $IIRPM,E,1,0,,A*66
2026-06-18T11:20:20.000Z $GPRMC,112020.00,A,5257.9482,N,00437.9560,E,7.1,197.3,180626,,,A*57
2026-06-18T11:20:20.000Z $IIHDG,194.5,,,,*40
2026-06-18T11:20:20.000Z $IIMWV,221.2,T,14.7,N,A*0A
2026-06-18T11:20:20.000Z $IIRPM,E,1,0,,A*66
2026-06-18T11:20:30.000Z $GPRMC,112030.00,A,5257.9726,N,00437.9767,E,6.8,198.1,180626,,,A*5B
2026-06-18T11:20:30.000Z $GPGGA,112030.00,5257.9726,N,00437.9767,E,1,9,0.9,0.0,M,0.0,M,,*6D
2026-06-18T11:20:30.000Z $IIHDG,198.2,,,,*4B
2026-06-18T11:20:30.000Z $IIMWV,215.2,T,15.4,N,A*0F
2026-06-18T11:20:30.000Z $IIDBT,82.0,f,25.0,M,13.7,F*29
2026-06-18T11:20:30.000Z $IIRPM,E,1,0,,A*66
2026-06-18T11:20:30.000Z $GPVTG,198.1,T,,M,6.8,N,12.5,K,A*34
2026-06-18T11:20:40.000Z $GPRMC,112040.00,A,5257.9604,N,00437.9733,E,6.9,198.3,180626,,,A*5F
2026-06-18T11:20:40.000Z $IIHDG,198.2,,,,*4B
2026-06-18T11:20:40.000Z $IIMWV,216.3,T,15.4,N,A*0D
2026-06-18T11:20:40.000Z $IIRPM,E,1,0,,A*66
2026-06-18T11:20:50.000Z $GPRMC,112050.00,A,5257.9214,N,00437.9732,E,6.8,195.5,180626,,,A*50
2026-06-18T11:20:50.000Z $IIHDG,194.7,,,,*42
2026-06-18T11:20:50.000Z $IIMWV,219.9,T,15.4,N,A*08
2026-06-18T11:20:50.000Z $IIRPM,E,1,0,,A*66
2026-06-18T11:21:00.000Z $GPRMC,112100.00,A,5257.9167,N,00437.9206,E,6.6,196.8,180626,,,A*51
2026-06-18T11:21:00.000Z $GPGGA,112100.00,5257.9167,N,00437.9206,E,1,10,0.9,0.0,M,0.0,M,,*56
2026-06-18T11:21:00.000Z $IIHDG,195.4,,,,*40
2026-06-18T11:21:00.000Z $IIMWV,216.4,T,14.4,N,A*0B
2026-06-18T11:21:00.000Z $IIDBT,81.8,f,24.9,M,13.6,F*2B
2026-06-18T11:21:00.000Z $IIRPM,E,1,0,,A*66
2026-06-18T11:21:00.000Z $IIXDR,V,12.44,V,BATT*60
2026-06-18T11:21:00.000Z $GPVTG,196.8,T,,M,6.6,N,12.2,K,A*3A
2026-06-18T11:21:10.000Z $GPRMC,112110.00,A,5257.8858,N,00437.9341,E,6.9,197.2,180626,,,A*52
2026-06-18T11:21:10.000Z $IIHDG,194.4,,,,*41
2026-06-18T11:21:10.000Z $IIMWV,213.1,T,13.0,N,A*08
2026-06-18T11:21:10.000Z $IIRPM,E,1,0,,A*66
2026-06-18T11:21:20.000Z $GPRMC,112120.00,A,5257.8462,N,00437.9414,E,6.9,198.1,180626,,,A*5F
2026-06-18T11:21:20.000Z $IIHDG,197.1,,,,*47
2026-06-18T11:21:20.000Z $IIMWV,214.8,T,14.4,N,A*05
2026-06-18T11:21:20.000Z $IIRPM,E,1,0,,A*66
2026-06-18T11:21:30.000Z $GPRMC,112130.00,A,5257.8793,N,00437.8963,E,6.6,197.5,180626,,,A*5B
2026-06-18T11:21:30.000Z $GPGGA,112130.00,5257.8793,N,00437.8963,E,1,12,0.9,0.0,M,0.0,M,,*52
2026-06-18T11:21:30.000Z $IIHDG,196.7,,,,*40
2026-06-18T11:21:30.000Z $IIMWV,215.5,T,13.6,N,A*0C
2026-06-18T11:21:30.000Z $IIDBT,79.4,f,24.2,M,13.2,F*2F
2026-06-18T11:21:30.000Z $IIRPM,E,1,0,,A*66
2026-06-18T11:21:30.000Z $GPVTG,197.5,T,,M,6.6,N,12.2,K,A*36
2026-06-18T11:21:40.000Z $GPRMC,112140.00,A,5257.8600,N,00437.9432,E,6.7,195.8,180626,,,A*51
2026-06-18T11:21:40.000Z $IIHDG,197.5,,,,*43
2026-06-18T11:21:40.000Z $IIMWV,221.2,T,14.4,N,A*09
2026-06-18T11:21:40.000Z $IIRPM,E,1,0,,A*66
2026-06-18T11:21:50.000Z $GPRMC,112150.00,A,5257.8187,N,00437.8944,E,6.8,196.9,180626,,,A*58
2026-06-18T11:21:50.000Z $IIHDG,198.7,,,,*4E
2026-06-18T11:21:50.000Z $IIMWV,212.7,T,13.7,N,A*08
2026-06-18T11:21:50.000Z $IIRPM,E,1,0,,A*66
2026-06-18T11:22:00.000Z $GPRMC,112200.00,A,5257.8114,N,00437.9181,E,6.5,197.3,180626,,,A*52
2026-06-18T11:22:00.000Z $GPGGA,112200.00,5257.8114,N,00437.9181,E,1,8,0.9,0.0,M,0.0,M,,*65
2026-06-18T11:22:00.000Z $IIHDG,195.4,,,,*40
2026-06-18T11:22:00.000Z $IIMWV,213.4,T,13.3,N,A*0E
2026-06-18T11:22:00.000Z $IIDBT,85.4,f,26.0,M,14.2,F*2B
2026-06-18T11:22:00.000Z $IIRPM,E,1,0,,A*66
2026-06-18T11:22:00.000Z $IIXDR,V,12.60,V,BATT*66
2026-06-18T11:22:00.000Z $GPVTG,197.3,T,,M,6.5,N,12.1,K,A*30
2026-06-18T11:22:10.000Z $GPRMC,112210.00,A,5257.8038,N,00437.8723,E,6.6,195.6,180626,,,A*57
2026-06-18T11:22:10.000Z $IIHDG,199.0,,,,*48
2026-06-18T11:22:10.000Z $IIMWV,221.5,T,15.3,N,A*08
2026-06-18T11:22:10.000Z $IIRPM,E,1,0,,A*66
2026-06-18T11:22:20.000Z $GPRMC,112220.00,A,5257.7710,N,00437.8577,E,6.5,196.7,180626,,,A*54
2026-06-18T11:22:20.000Z $IIHDG,197.5,,,,*43
2026-06-18T11:22:20.000Z $IIMWV,215.5,T,15.2,N,A*0E
2026-06-18T11:22:20.000Z $IIRPM,E,1,0,,A*66
2026-06-18T11:22:30.000Z $GPRMC,112230.00,A,5257.7299,N,00437.8629,E,6.5,197.7,180626,,,A*58
2026-06-18T11:22:30.000Z $GPGGA,112230.00,5257.7299,N,00437.8629,E,1,12,0.9,0.0,M,0.0,M,,*50
2026-06-18T11:22:30.000Z $IIHDG,196.4,,,,*43
2026-06-18T11:22:30.000Z $IIMWV,214.4,T,12.7,N,A*0C
2026-06-18T11:22:30.000Z $IIDBT,83.7,f,25.5,M,14.0,F*2A
2026-06-18T11:22:30.000Z $IIRPM,E,1,0,,A*66
2026-06-18T11:22:30.000Z $GPVTG,197.7,T,,M,6.5,N,12.0,K,A*35
2026-06-18T11:22:40.000Z $GPRMC,112240.00,A,5257.7099,N,00437.8824,E,6.7,198.0,180626,,,A*54
2026-06-18T11:22:40.000Z $IIHDG,194.4,,,,*41
2026-06-18T11:22:40.000Z $IIMWV,220.8,T,13.2,N,A*03
2026-06-18T11:22:40.000Z $IIRPM,E,1,0,,A*66
2026-06-18T11:22:50.000Z $GPRMC,112250.00,A,5257.7361,N,00437.8607,E,6.5,196.2,180626,,,A*50
2026-06-18T11:22:50.000Z $IIHDG,194.7,,,,*42
2026-06-18T11:22:50.000Z $IIMWV,211.8,T,14.2,N,A*06
2026-06-18T11:22:50.000Z $IIRPM,E,1,0,,A*66
2026-06-18T11:23:00.000Z $GPRMC,112300.00,A,5257.7194,N,00437.8448,E,7.0,195.9,180626,,,A*59
2026-06-18T11:23:00.000Z $GPGGA,112300.00,5257.7194,N,00437.8448,E,1,9,0.9,0.0,M,0.0,M,,*63
2026-06-18T11:23:00.000Z $IIHDG,194.4,,,,*41
2026-06-18T11:23:00.000Z $IIMWV,218.7,T,13.5,N,A*00
2026-06-18T11:23:00.000Z $IIDBT,77.6,f,23.7,M,12.9,F*2B
2026-06-18T11:23:00.000Z $IIRPM,E,1,0,,A*66
2026-06-18T11:23:00.000Z $IIXDR,V,12.45,V,BATT*61
2026-06-18T11:23:00.000Z $GPVTG,195.9,T,,M,7.0,N,12.9,K,A*34
2026-06-18T11:23:10.000Z $GPRMC,112310.00,A,5257.6588,N,00437.8303,E,6.5,197.5,180626,,,A*52
2026-06-18T11:23:10.000Z $IIHDG,197.2,,,,*44
2026-06-18T11:23:10.000Z $IIMWV,217.0,T,12.6,N,A*0A
2026-06-18T11:23:10.000Z $IIRPM,E,1,0,,A*66
2026-06-18T11:23:20.000Z $GPRMC,112320.00,A,5257.6966,N,00437.8336,E,7.1,195.5,180626,,,A*5C
2026-06-18T11:23:20.000Z $IIHDG,197.2,,,,*44
2026-06-18T11:23:20.000Z $IIMWV,213.2,T,12.6,N,A*0C
2026-06-18T11:23:20.000Z $IIRPM,E,1,0,,A*66
2026-06-18T11:23:30.000Z $GPRMC,112330.00,A,5257.6720,N,00437.8078,E,6.4,195.9,180626,,,A*50
2026-06-18T11:23:30.000Z $GPGGA,112330.00,5257.6720,N,00437.8078,E,1,11,0.9,0.0,M,0.0,M,,*56
2026-06-18T11:23:30.000Z $IIHDG,198.4,,,,*4D
2026-06-18T11:23:30.000Z $IIMWV,220.2,T,13.2,N,A*09
2026-06-18T11:23:30.000Z $IIDBT,85.1,f,25.9,M,14.2,F*24
2026-06-18T11:23:30.000Z $IIRPM,E,1,0,,A*66
2026-06-18T11:23:30.000Z $GPVTG,195.9,T,,M,6.4,N,11.9,K,A*32
2026-06-18T11:23:40.000Z $GPRMC,112340.00,A,5257.6612,N,00437.8174,E,6.7,196.5,180626,,,A*56
2026-06-18T11:23:40.000Z $IIHDG,195.8,,,,*4C
2026-06-18T11:23:40.000Z $IIMWV,216.6,T,13.6,N,A*0C
2026-06-18T11:23:40.000Z $IIRPM,E,1,0,,A*66
2026-06-18T11:23:50.000Z $GPRMC,112350.00,A,5257.5945,N,00437.8038,E,6.3,198.1,180626,,,A*5E
2026-06-18T11:23:50.000Z $IIHDG,196.5,,,,*42
2026-06-18T11:23:50.000Z $IIMWV,218.7,T,14.7,N,A*05
2026-06-18T11:23:50.000Z $IIRPM,E,1,0,,A*66
2026-06-18T11:24:00.000Z $GPRMC,112400.00,A,5257.5753,N,00437.8042,E,6.9,197.5,180626,,,A*59
2026-06-18T11:24:00.000Z $GPGGA,112400.00,5257.5753,N,00437.8042,E,1,9,0.9,0.0,M,0.0,M,,*65
2026-06-18T11:24:00.000Z $IIHDG,195.1,,,,*45
2026-06-18T11:24:00.000Z $IIMWV,218.4,T,14.9,N,A*08
2026-06-18T11:24:00.000Z $IIDBT,83.2,f,25.4,M,13.9,F*20
2026-06-18T11:24:00.000Z $IIRPM,E,1,0,,A*66
2026-06-18T11:24:00.000Z $IIXDR,V,12.48,V,BATT*6C
2026-06-18T11:24:00.000Z $GPVTG,197.5,T,,M,6.9,N,12.9,K,A*32
2026-06-18T11:24:10.000Z $GPRMC,112410.00,A,5257.5538,N,00437.8161,E,6.8,197.9,180626,,,A*5A
2026-06-18T11:24:10.000Z $IIHDG,198.5,,,,*4C
2026-06-18T11:24:10.000Z $IIMWV,213.5,T,15.2,N,A*08
2026-06-18T11:24:10.000Z $IIRPM,E,1,0,,A*66
2026-06-18T11:24:20.000Z $GPRMC,112420.00,A,5257.5755,N,00437.7992,E,6.8,195.3,180626,,,A*53
2026-06-18T11:24:20.000Z $IIHDG,198.0,,,,*49
2026-06-18T11:24:20.000Z $IIMWV,212.0,T,14.9,N,A*06
2026-06-18T11:24:20.000Z $IIRPM,E,1,0,,A*66
2026-06-18T11:24:30.000Z $GPRMC,112430.00,A,5257.5407,N,00437.7820,E,6.9,198.3,180626,,,A*52
2026-06-18T11:24:30.000Z $GPGGA,112430.00,5257.5407,N,00437.7820,E,1,9,0.9,0.0,M,0.0,M,,*67
2026-06-18T11:24:30.000Z $IIHDG,195.0,,,,*44
2026-06-18T11:24:30.000Z $IIMWV,213.7,T,14.7,N,A*0E
2026-06-18T11:24:30.000Z $IIDBT,84.2,f,25.7,M,14.0,F*2A
2026-06-18T11:24:30.000Z $IIRPM,E,1,0,,A*66
2026-06-18T11:24:30.000Z $GPVTG,198.3,T,,M,6.9,N,12.8,K,A*3A
2026-06-18T11:24:40.000Z $GPRMC,112440.00,A,5257.5409,N,00437.7910,E,6.7,197.2,180626,,,A*59
2026-06-18T11:24:40.000Z $IIHDG,196.2,,,,*45
2026-06-18T11:24:40.000Z $IIMWV,219.2,T,14.1,N,A*07
2026-06-18T11:24:40.000Z $IIRPM,E,1,0,,A*66
2026-06-18T11:24:50.000Z $GPRMC,112450.00,A,5257.5367,N,00437.7507,E,6.8,195.4,180626,,,A*56
2026-06-18T11:24:50.000Z $IIHDG,199.1,,,,*49
2026-06-18T11:24:50.000Z $IIMWV,213.8,T,14.3,N,A*05
2026-06-18T11:24:50.000Z $IIRPM,E,1,0,,A*66
2026-06-18T11:25:00.000Z $GPRMC,112500.00,A,5257.4953,N,00437.7444,E,6.9,196.1,180626,,,A*5F
2026-06-18T11:25:00.000Z $GPGGA,112500.00,5257.4953,N,00437.7444,E,1,11,0.9,0.0,M,0.0,M,,*5F
2026-06-18T11:25:00.000Z $IIHDG,198.5,,,,*4C
2026-06-18T11:25:00.000Z $IIMWV,213.4,T,13.1,N,A*0C
2026-06-18T11:25:00.000Z $IIDBT,81.4,f,24.8,M,13.6,F*26
2026-06-18T11:25:00.000Z $IIRPM,E,1,0,,A*66
2026-06-18T11:25:00.000Z $IIXDR,V,12.55,V,BATT*60
2026-06-18T11:25:00.000Z $IIMTA,18.7,C*0B
2026-06-18T11:25:00.000Z $GPVTG,196.1,T,,M,6.9,N,12.7,K,A*39
2026-06-18T11:25:10.000Z $GPRMC,112510.00,A,5257.5090,N,00437.7360,E,6.6,198.0,180626,,,A*58
2026-06-18T11:25:10.000Z $IIHDG,194.7,,,,*42
2026-06-18T11:25:10.000Z $IIMWV,219.2,T,13.4,N,A*05
2026-06-18T11:25:10.000Z $IIRPM,E,1,0,,A*66
2026-06-18T11:25:20.000Z $GPRMC,112520.00,A,5257.4727,N,00437.7324,E,7.0,196.8,180626,,,A*50
2026-06-18T11:25:20.000Z $IIHDG,199.2,,,,*4A
2026-06-18T11:25:20.000Z $IIMWV,219.0,T,15.1,N,A*04
2026-06-18T11:25:20.000Z $IIRPM,E,1,0,,A*66
2026-06-18T11:25:30.000Z $GPRMC,112530.00,A,5257.4792,N,00437.7060,E,6.5,198.0,180626,,,A*5E
2026-06-18T11:25:30.000Z $GPGGA,112530.00,5257.4792,N,00437.7060,E,1,10,0.9,0.0,M,0.0,M,,*5C
2026-06-18T11:25:30.000Z $IIHDG,197.8,,,,*4E
2026-06-18T11:25:30.000Z $IIMWV,219.8,T,13.6,N,A*0D
2026-06-18T11:25:30.000Z $IIDBT,80.8,f,24.6,M,13.5,F*26
2026-06-18T11:25:30.000Z $IIRPM,E,1,0,,A*66
2026-06-18T11:25:30.000Z $GPVTG,198.0,T,,M,6.5,N,12.0,K,A*3D
2026-06-18T11:25:40.000Z $GPRMC,112540.00,A,5257.4349,N,00437.6968,E,6.7,198.0,180626,,,A*59
2026-06-18T11:25:40.000Z $IIHDG,198.5,,,,*4C
2026-06-18T11:25:40.000Z $IIMWV,219.1,T,14.2,N,A*07
2026-06-18T11:25:40.000Z $IIRPM,E,1,0,,A*66
2026-06-18T11:25:50.000Z $GPRMC,112550.00,A,5257.3921,N,00437.7246,E,6.5,197.6,180626,,,A*56
2026-06-18T11:25:50.000Z $IIHDG,199.3,,,,*4B
2026-06-18T11:25:50.000Z $IIMWV,218.9,T,13.9,N,A*02
2026-06-18T11:25:50.000Z $IIRPM,E,1,0,,A*66
2026-06-18T11:26:00.000Z $GPRMC,112600.00,A,5257.4069,N,00437.6810,E,6.9,197.9,180626,,,A*59
2026-06-18T11:26:00.000Z $GPGGA,112600.00,5257.4069,N,00437.6810,E,1,8,0.9,0.0,M,0.0,M,,*68
2026-06-18T11:26:00.000Z $IIHDG,199.0,,,,*48
2026-06-18T11:26:00.000Z $IIMWV,212.2,T,14.2,N,A*0F
2026-06-18T11:26:00.000Z $IIDBT,80.2,f,24.4,M,13.4,F*2F
2026-06-18T11:26:00.000Z $IIRPM,E,1,0,,A*66
2026-06-18T11:26:00.000Z $IIXDR,V,12.53,V,BATT*66
2026-06-18T11:26:00.000Z $GPVTG,197.9,T,,M,6.9,N,12.9,K,A*3E
2026-06-18T11:26:10.000Z $GPRMC,112610.00,A,5257.3845,N,00437.6868,E,6.5,195.4,180626,,,A*55
2026-06-18T11:26:10.000Z $IIHDG,197.1,,,,*47
2026-06-18T11:26:10.000Z $IIMWV,218.1,T,14.4,N,A*00
2026-06-18T11:26:10.000Z $IIRPM,E,1,0,,A*66
2026-06-18T11:26:20.000Z $GPRMC,112620.00,A,5257.3818,N,00437.6539,E,7.0,197.1,180626,,,A*54
2026-06-18T11:26:20.000Z $IIHDG,197.3,,,,*45
2026-06-18T11:26:20.000Z $IIMWV,218.0,T,14.4,N,A*01
2026-06-18T11:26:20.000Z $IIRPM,E,1,0,,A*66
2026-06-18T11:26:30.000Z $GPRMC,112630.00,A,5257.3696,N,00437.6637,E,6.8,196.1,180626,,,A*58
2026-06-18T11:26:30.000Z $GPGGA,112630.00,5257.3696,N,00437.6637,E,1,8,0.9,0.0,M,0.0,M,,*61
2026-06-18T11:26:30.000Z $IIHDG,198.4,,,,*4D
2026-06-18T11:26:30.000Z $IIMWV,212.5,T,15.2,N,A*09
2026-06-18T11:26:30.000Z $IIDBT,82.7,f,25.2,M,13.8,F*23
2026-06-18T11:26:30.000Z $IIRPM,E,1,0,,A*66
2026-06-18T11:26:30.000Z $GPVTG,196.1,T,,M,6.8,N,12.6,K,A*39
2026-06-18T11:26:40.000Z $GPRMC,112640.00,A,5257.3542,N,00437.6713,E,6.4,196.3,180626,,,A*5C
2026-06-18T11:26:40.000Z $IIHDG,194.4,,,,*41
2026-06-18T11:26:40.000Z $IIMWV,219.8,T,14.4,N,A*08
2026-06-18T11:26:40.000Z $IIRPM,E,1,0,,A*66
2026-06-18T11:26:50.000Z $GPRMC,112650.00,A,5257.3289,N,00437.6686,E,6.5,196.4,180626,,,A*56
2026-06-18T11:26:50.000Z $IIHDG,196.2,,,,*45
2026-06-18T11:26:50.000Z $IIMWV,219.3,T,14.6,N,A*01
2026-06-18T11:26:50.000Z $IIRPM,E,1,0,,A*66
2026-06-18T11:27:00.000Z $GPRMC,112700.00,A,5257.3084,N,00437.6293,E,6.4,196.6,180626,,,A*5E
2026-06-18T11:27:00.000Z $GPGGA,112700.00,5257.3084,N,00437.6293,E,1,12,0.9,0.0,M,0.0,M,,*57
2026-06-18T11:27:00.000Z $IIHDG,198.4,,,,*4D
2026-06-18T11:27:00.000Z $IIMWV,218.4,T,15.4,N,A*04
2026-06-18T11:27:00.000Z $IIDBT,79.0,f,24.1,M,13.2,F*28
2026-06-18T11:27:00.000Z $IIRPM,E,1,0,,A*66
2026-06-18T11:27:00.000Z $IIXDR,V,12.53,V,BATT*66
2026-06-18T11:27:00.000Z $GPVTG,196.6,T,,M,6.4,N,11.8,K,A*3F
2026-06-18T11:27:10.000Z $GPRMC,112710.00,A,5257.2655,N,00437.6678,E,6.5,197.5,180626,,,A*56
2026-06-18T11:27:10.000Z $IIHDG,197.7,,,,*41
2026-06-18T11:27:10.000Z $IIMWV,217.2,T,14.5,N,A*0D
2026-06-18T11:27:10.000Z $IIRPM,E,1,0,,A*66
2026-06-18T11:27:20.000Z $GPRMC,112720.00,A,5257.2541,N,00437.6265,E,6.9,196.3,180626,,,A*50
2026-06-18T11:27:20.000Z $IIHDG,197.2,,,,*44
2026-06-18T11:27:20.000Z $IIMWV,215.0,T,14.3,N,A*0B
2026-06-18T11:27:20.000Z $IIRPM,E,1,0,,A*66
2026-06-18T11:27:30.000Z $GPRMC,112730.00,A,5257.2280,N,00437.6511,E,6.7,197.9,180626,,,A*5A
2026-06-18T11:27:30.000Z $GPGGA,112730.00,5257.2280,N,00437.6511,E,1,11,0.9,0.0,M,0.0,M,,*5D
2026-06-18T11:27:30.000Z $IIHDG,196.8,,,,*4F
2026-06-18T11:27:30.000Z $IIMWV,216.8,T,14.6,N,A*05
2026-06-18T11:27:30.000Z $IIDBT,83.2,f,25.4,M,13.9,F*20
2026-06-18T11:27:30.000Z $IIRPM,E,1,0,,A*66
2026-06-18T11:27:30.000Z $GPVTG,197.9,T,,M,6.7,N,12.4,K,A*3D
2026-06-18T11:27:40.000Z $GPRMC,112740.00,A,5257.2402,N,00437.6230,E,6.7,195.8,180626,,,A*56
2026-06-18T11:27:40.000Z $IIHDG,197.5,,,,*43
2026-06-18T11:27:40.000Z $IIMWV,212.3,T,13.2,N,A*09
2026-06-18T11:27:40.000Z $IIRPM,E,1,0,,A*66
2026-06-18T11:27:50.000Z $GPRMC,112750.00,A,5257.2221,N,00437.5789,E,6.4,197.0,180626,,,A*5D
2026-06-18T11:27:50.000Z $IIHDG,196.5,,,,*42
2026-06-18T11:27:50.000Z $IIMWV,217.8,T,13.5,N,A*00
2026-06-18T11:27:50.000Z $IIRPM,E,1,0,,A*66
2026-06-18T11:28:00.000Z $GPRMC,112800.00,A,5257.2143,N,00437.6212,E,6.8,197.5,180626,,,A*5D
2026-06-18T11:28:00.000Z $GPGGA,112800.00,5257.2143,N,00437.6212,E,1,9,0.9,0.0,M,0.0,M,,*60
2026-06-18T11:28:00.000Z $IIHDG,198.5,,,,*4C
2026-06-18T11:28:00.000Z $IIMWV,216.8,T,13.8,N,A*0C
2026-06-18T11:28:00.000Z $IIDBT,80.7,f,24.6,M,13.5,F*29
2026-06-18T11:28:00.000Z $IIRPM,E,1,0,,A*66
2026-06-18T11:28:00.000Z $IIXDR,V,12.68,V,BATT*6E
2026-06-18T11:28:00.000Z $GPVTG,197.5,T,,M,6.8,N,12.7,K,A*3D
2026-06-18T11:28:10.000Z $GPRMC,112810.00,A,5257.2043,N,00437.5708,E,7.0,197.5,180626,,,A*59
2026-06-18T11:28:10.000Z $IIHDG,196.1,,,,*46
2026-06-18T11:28:10.000Z $IIMWV,215.6,T,14.4,N,A*0A
2026-06-18T11:28:10.000Z $IIRPM,E,1,0,,A*66
2026-06-18T11:28:20.000Z $GPRMC,112820.00,A,5257.1602,N,00437.5947,E,6.5,198.2,180626,,,A*53
2026-06-18T11:28:20.000Z $IIHDG,198.8,,,,*41
2026-06-18T11:28:20.000Z $IIMWV,218.8,T,13.3,N,A*09
2026-06-18T11:28:20.000Z $IIRPM,E,1,0,,A*66
2026-06-18T11:28:30.000Z $GPRMC,112830.00,A,5257.1599,N,00437.6020,E,6.4,196.4,180626,,,A*51
2026-06-18T11:28:30.000Z $GPGGA,112830.00,5257.1599,N,00437.6020,E,1,9,0.9,0.0,M,0.0,M,,*60
2026-06-18T11:28:30.000Z $IIHDG,198.6,,,,*4F
2026-06-18T11:28:30.000Z $IIMWV,214.8,T,13.2,N,A*04
2026-06-18T11:28:30.000Z $IIDBT,81.1,f,24.7,M,13.5,F*2F
2026-06-18T11:28:30.000Z $IIRPM,E,1,0,,A*66
2026-06-18T11:28:30.000Z $GPVTG,196.4,T,,M,6.4,N,11.9,K,A*3C
2026-06-18T11:28:40.000Z $GPRMC,112840.00,A,5257.1503,N,00437.5861,E,6.7,198.3,180626,,,A*51
2026-06-18T11:28:40.000Z $IIHDG,196.1,,,,*46
2026-06-18T11:28:40.000Z $IIMWV,217.8,T,15.5,N,A*06
2026-06-18T11:28:40.000Z $IIRPM,E,1,0,,A*66
2026-06-18T11:28:50.000Z $GPRMC,112850.00,A,5257.1298,N,00437.5405,E,7.1,198.1,180626,,,A*5E
2026-06-18T11:28:50.000Z $IIHDG,196.4,,,,*43
2026-06-18T11:28:50.000Z $IIMWV,216.3,T,14.8,N,A*00
2026-06-18T11:28:50.000Z $IIRPM,E,1,0,,A*66
2026-06-18T11:29:00.000Z $GPRMC,112900.00,A,5257.0930,N,00437.5720,E,6.5,196.0,180626,,,A*5C
2026-06-18T11:29:00.000Z $GPGGA,112900.00,5257.0930,N,00437.5720,E,1,8,0.9,0.0,M,0.0,M,,*69
2026-06-18T11:29:00.000Z $IIHDG,197.4,,,,*42
2026-06-18T11:29:00.000Z $IIMWV,213.2,T,13.4,N,A*0F
2026-06-18T11:29:00.000Z $IIDBT,77.9,f,23.8,M,13.0,F*23
2026-06-18T11:29:00.000Z $IIRPM,E,1,0,,A*66
2026-06-18T11:29:00.000Z $IIXDR,V,12.59,V,BATT*6C
2026-06-18T11:29:00.000Z $GPVTG,196.0,T,,M,6.5,N,12.0,K,A*33
2026-06-18T11:29:10.000Z $GPRMC,112910.00,A,5257.1026,N,00437.5239,E,7.0,196.3,180626,,,A*58
2026-06-18T11:29:10.000Z $IIHDG,195.4,,,,*40
2026-06-18T11:29:10.000Z $IIMWV,213.4,T,13.4,N,A*09
2026-06-18T11:29:10.000Z $IIRPM,E,1,0,,A*66
2026-06-18T11:29:20.000Z $GPRMC,112920.00,A,5257.0678,N,00437.5124,E,6.8,197.9,180626,,,A*5A
2026-06-18T11:29:20.000Z $IIHDG,196.1,,,,*46
2026-06-18T11:29:20.000Z $IIMWV,218.4,T,13.6,N,A*00
2026-06-18T11:29:20.000Z $IIRPM,E,1,0,,A*66
2026-06-18T11:29:30.000Z $GPRMC,112930.00,A,5257.0681,N,00437.5347,E,6.7,197.5,180626,,,A*59
2026-06-18T11:29:30.000Z $GPGGA,112930.00,5257.0681,N,00437.5347,E,1,9,0.9,0.0,M,0.0,M,,*6B
2026-06-18T11:29:30.000Z $IIHDG,198.9,,,,*40
2026-06-18T11:29:30.000Z $IIMWV,219.5,T,12.6,N,A*01
2026-06-18T11:29:30.000Z $IIDBT,75.7,f,23.1,M,12.6,F*21
2026-06-18T11:29:30.000Z $IIRPM,E,1,0,,A*66
2026-06-18T11:29:30.000Z $GPVTG,197.5,T,,M,6.7,N,12.4,K,A*31
2026-06-18T11:29:40.000Z $GPRMC,112940.00,A,5257.0128,N,00437.4916,E,6.7,197.9,180626,,,A*59
2026-06-18T11:29:40.000Z $IIHDG,197.6,,,,*40
2026-06-18T11:29:40.000Z $IIMWV,212.2,T,15.0,N,A*0C
2026-06-18T11:29:40.000Z $IIRPM,E,1,0,,A*66
2026-06-18T11:29:50.000Z $GPRMC,112950.00,A,5256.9884,N,00437.4880,E,6.7,197.8,180626,,,A*50
2026-06-18T11:29:50.000Z $IIHDG,197.4,,,,*42
2026-06-18T11:29:50.000Z $IIMWV,211.9,T,13.5,N,A*07
2026-06-18T11:29:50.000Z $IIRPM,E,1,0,,A*66
2026-06-18T11:30:00.000Z $GPRMC,113000.00,A,5257.0082,N,00437.5288,E,6.5,196.7,180626,,,A*54
2026-06-18T11:30:00.000Z $GPGGA,113000.00,5257.0082,N,00437.5288,E,1,11,0.9,0.0,M,0.0,M,,*5E
2026-06-18T11:30:00.000Z $IIHDG,195.7,,,,*43
2026-06-18T11:30:00.000Z $IIMWV,218.6,T,15.2,N,A*00
2026-06-18T11:30:00.000Z $IIDBT,79.5,f,24.2,M,13.2,F*2E
2026-06-18T11:30:00.000Z $IIRPM,E,1,0,,A*66
2026-06-18T11:30:00.000Z $IIXDR,V,12.41,V,BATT*65
2026-06-18T11:30:00.000Z $IIMTA,18.7,C*0B
2026-06-18T11:30:00.000Z $GPVTG,196.7,T,,M,6.5,N,12.1,K,A*35
2026-06-18T11:30:10.000Z $GPRMC,113010.00,A,5257.0116,N,00437.4948,E,6.9,195.3,180626,,,A*54
2026-06-18T11:30:10.000Z $IIHDG,195.6,,,,*42
2026-06-18T11:30:10.000Z $IIMWV,217.5,T,13.8,N,A*00
2026-06-18T11:30:10.000Z $IIRPM,E,1,0,,A*66
2026-06-18T11:30:20.000Z $GPRMC,113020.00,A,5256.9825,N,00437.5030,E,6.6,196.2,180626,,,A*5C
2026-06-18T11:30:20.000Z $IIHDG,197.5,,,,*43
2026-06-18T11:30:20.000Z $IIMWV,214.1,T,14.7,N,A*0F
2026-06-18T11:30:20.000Z $IIRPM,E,1,0,,A*66
2026-06-18T11:30:30.000Z $GPRMC,113030.00,A,5256.9698,N,00437.4557,E,7.0,196.6,180626,,,A*53
2026-06-18T11:30:30.000Z $GPGGA,113030.00,5256.9698,N,00437.4557,E,1,12,0.9,0.0,M,0.0,M,,*5F
2026-06-18T11:30:30.000Z $IIHDG,198.3,,,,*4A
2026-06-18T11:30:30.000Z $IIMWV,216.3,T,14.1,N,A*09
2026-06-18T11:30:30.000Z $IIDBT,74.6,f,22.8,M,12.4,F*2B
2026-06-18T11:30:30.000Z $IIRPM,E,1,0,,A*66
2026-06-18T11:30:30.000Z $GPVTG,196.6,T,,M,7.0,N,13.0,K,A*30
2026-06-18T11:30:40.000Z $GPRMC,113040.00,A,5256.9353,N,00437.4627,E,6.6,195.6,180626,,,A*56
2026-06-18T11:30:40.000Z $IIHDG,198.9,,,,*40
2026-06-18T11:30:40.000Z $IIMWV,217.1,T,14.0,N,A*0B
2026-06-18T11:30:40.000Z $IIRPM,E,1,0,,A*66
2026-06-18T11:30:50.000Z $GPRMC,113050.00,A,5256.8920,N,00437.4592,E,6.8,197.1,180626,,,A*5E
2026-06-18T11:30:50.000Z $IIHDG,197.3,,,,*45
2026-06-18T11:30:50.000Z $IIMWV,213.4,T,15.3,N,A*08
2026-06-18T11:30:50.000Z $IIRPM,E,1,0,,A*66
2026-06-18T11:31:00.000Z $GPRMC,113100.00,A,5256.8887,N,00437.4220,E,7.0,195.9,180626,,,A*5B
2026-06-18T11:31:00.000Z $GPGGA,113100.00,5256.8887,N,00437.4220,E,1,8,0.9,0.0,M,0.0,M,,*60
2026-06-18T11:31:00.000Z $IIHDG,196.4,,,,*43
2026-06-18T11:31:00.000Z $IIMWV,220.2,T,12.5,N,A*0F
2026-06-18T11:31:00.000Z $IIDBT,81.2,f,24.8,M,13.5,F*23
2026-06-18T11:31:00.000Z $IIRPM,E,1,0,,A*66
2026-06-18T11:31:00.000Z $IIXDR,V,12.70,V,BATT*67
2026-06-18T11:31:00.000Z $GPVTG,195.9,T,,M,7.0,N,13.0,K,A*3C
2026-06-18T11:31:10.000Z $GPRMC,113110.00,A,5256.8677,N,00437.4363,E,6.4,197.9,180626,,,A*5A
2026-06-18T11:31:10.000Z $IIHDG,194.7,,,,*42
2026-06-18T11:31:10.000Z $IIMWV,218.1,T,14.0,N,A*04
2026-06-18T11:31:10.000Z $IIRPM,E,1,0,,A*66
2026-06-18T11:31:20.000Z $GPRMC,113120.00,A,5256.8523,N,00437.4457,E,6.8,197.5,180626,,,A*5B
2026-06-18T11:31:20.000Z $IIHDG,197.9,,,,*4F
2026-06-18T11:31:20.000Z $IIMWV,212.5,T,15.2,N,A*09
2026-06-18T11:31:20.000Z $IIRPM,E,1,0,,A*66
2026-06-18T11:31:30.000Z $GPRMC,113130.00,A,5256.8611,N,00437.3979,E,6.6,197.5,180626,,,A*50
2026-06-18T11:31:30.000Z $GPGGA,113130.00,5256.8611,N,00437.3979,E,1,9,0.9,0.0,M,0.0,M,,*63
2026-06-18T11:31:30.000Z $IIHDG,198.9,,,,*40
2026-06-18T11:31:30.000Z $IIMWV,216.4,T,15.3,N,A*0D
2026-06-18T11:31:30.000Z $IIDBT,81.7,f,24.9,M,13.6,F*24
2026-06-18T11:31:30.000Z $IIRPM,E,1,0,,A*66
2026-06-18T11:31:30.000Z $GPVTG,197.5,T,,M,6.6,N,12.2,K,A*36
2026-06-18T11:31:40.000Z $GPRMC,113140.00,A,5256.8484,N,00437.4197,E,7.1,195.5,180626,,,A*52
2026-06-18T11:31:40.000Z $IIHDG,198.9,,,,*40
2026-06-18T11:31:40.000Z $IIMWV,217.0,T,14.0,N,A*0A
2026-06-18T11:31:40.000Z $IIRPM,E,1,0,,A*66
2026-06-18T11:31:50.000Z $GPRMC,113150.00,A,5256.8236,N,00437.4244,E,7.0,196.2,180626,,,A*54
2026-06-18T11:31:50.000Z $IIHDG,198.2,,,,*4B
2026-06-18T11:31:50.000Z $IIMWV,218.6,T,15.2,N,A*00
2026-06-18T11:31:50.000Z $IIRPM,E,1,0,,A*66
2026-06-18T11:32:00.000Z $GPRMC,113200.00,A,5256.8086,N,00437.4187,E,6.4,197.7,180626,,,A*56
2026-06-18T11:32:00.000Z $GPGGA,113200.00,5256.8086,N,00437.4187,E,1,9,0.9,0.0,M,0.0,M,,*65
2026-06-18T11:32:00.000Z $IIHDG,197.6,,,,*40
2026-06-18T11:32:00.000Z $IIMWV,214.4,T,12.6,N,A*0D
2026-06-18T11:32:00.000Z $IIDBT,75.4,f,23.0,M,12.6,F*23
2026-06-18T11:32:00.000Z $IIRPM,E,1,0,,A*66
2026-06-18T11:32:00.000Z $IIXDR,V,12.46,V,BATT*62
2026-06-18T11:32:00.000Z $GPVTG,197.7,T,,M,6.4,N,11.9,K,A*3E
2026-06-18T11:32:10.000Z $GPRMC,113210.00,A,5256.7911,N,00437.4185,E,6.4,197.1,180626,,,A*5B
2026-06-18T11:32:10.000Z $IIHDG,197.2,,,,*44
2026-06-18T11:32:10.000Z $IIMWV,218.1,T,15.4,N,A*01
2026-06-18T11:32:10.000Z $IIRPM,E,1,0,,A*66
2026-06-18T11:32:20.000Z $GPRMC,113220.00,A,5256.7913,N,00437.3545,E,7.0,196.8,180626,,,A*58
2026-06-18T11:32:20.000Z $IIHDG,195.6,,,,*42
2026-06-18T11:32:20.000Z $IIMWV,211.8,T,12.7,N,A*05
2026-06-18T11:32:20.000Z $IIRPM,E,1,0,,A*66
2026-06-18T11:32:30.000Z $GPRMC,113230.00,A,5256.7522,N,00437.3539,E,6.4,196.4,180626,,,A*55
2026-06-18T11:32:30.000Z $GPGGA,113230.00,5256.7522,N,00437.3539,E,1,9,0.9,0.0,M,0.0,M,,*64
2026-06-18T11:32:30.000Z $IIHDG,196.9,,,,*4E
2026-06-18T11:32:30.000Z $IIMWV,218.9,T,15.3,N,A*0E
2026-06-18T11:32:30.000Z $IIDBT,81.7,f,24.9,M,13.6,F*24
2026-06-18T11:32:30.000Z $IIRPM,E,1,0,,A*66
2026-06-18T11:32:30.000Z $GPVTG,196.4,T,,M,6.4,N,11.8,K,A*3D
2026-06-18T11:32:40.000Z $GPRMC,113240.00,A,5256.7060,N,00437.3595,E,6.4,197.6,180626,,,A*54
2026-06-18T11:32:40.000Z $IIHDG,194.8,,,,*4D
2026-06-18T11:32:40.000Z $IIMWV,214.1,T,14.8,N,A*00
2026-06-18T11:32:40.000Z $IIRPM,E,1,0,,A*66
2026-06-18T11:32:50.000Z $GPRMC,113250.00,A,5256.6952,N,00437.3630,E,6.8,197.0,180626,,,A*5A
2026-06-18T11:32:50.000Z $IIHDG,197.6,,,,*40
2026-06-18T11:32:50.000Z $IIMWV,220.4,T,14.0,N,A*0A
2026-06-18T11:32:50.000Z $IIRPM,E,1,0,,A*66
2026-06-18T11:33:00.000Z $GPRMC,113300.00,A,5256.6936,N,00437.3397,E,6.4,198.3,180626,,,A*54
2026-06-18T11:33:00.000Z $GPGGA,113300.00,5256.6936,N,00437.3397,E,1,12,0.9,0.0,M,0.0,M,,*56
2026-06-18T11:33:00.000Z $IIHDG,194.4,,,,*41
2026-06-18T11:33:00.000Z $IIMWV,214.3,T,12.6,N,A*0A
2026-06-18T11:33:00.000Z $IIDBT,78.0,f,23.8,M,13.0,F*25
2026-06-18T11:33:00.000Z $IIRPM,E,1,0,,A*66
2026-06-18T11:33:00.000Z $IIXDR,V,12.54,V,BATT*61
2026-06-18T11:33:00.000Z $GPVTG,198.3,T,,M,6.4,N,11.8,K,A*34
2026-06-18T11:33:10.000Z $GPRMC,113310.00,A,5256.6962,N,00437.3520,E,6.5,195.4,180626,,,A*55
2026-06-18T11:33:10.000Z $IIHDG,195.2,,,,*46
2026-06-18T11:33:10.000Z $IIMWV,211.8,T,14.1,N,A*05
2026-06-18T11:33:10.000Z $IIRPM,E,1,0,,A*66
2026-06-18T11:33:20.000Z $GPRMC,113320.00,A,5256.6370,N,00437.3123,E,6.9,196.7,180626,,,A*54
2026-06-18T11:33:20.000Z $IIHDG,197.1,,,,*47
2026-06-18T11:33:20.000Z $IIMWV,221.6,T,13.6,N,A*08
2026-06-18T11:33:20.000Z $IIRPM,E,1,0,,A*66
2026-06-18T11:33:30.000Z $GPRMC,113330.00,A,5256.6498,N,00437.3212,E,7.1,197.0,180626,,,A*5A
2026-06-18T11:33:30.000Z $GPGGA,113330.00,5256.6498,N,00437.3212,E,1,10,0.9,0.0,M,0.0,M,,*52
2026-06-18T11:33:30.000Z $IIHDG,195.8,,,,*4C
2026-06-18T11:33:30.000Z $IIMWV,213.3,T,13.5,N,A*0F
2026-06-18T11:33:30.000Z $IIDBT,83.6,f,25.5,M,13.9,F*25
2026-06-18T11:33:30.000Z $IIRPM,E,1,0,,A*66
2026-06-18T11:33:30.000Z $GPVTG,197.0,T,,M,7.1,N,13.1,K,A*37
2026-06-18T11:33:40.000Z $GPRMC,113340.00,A,5256.6351,N,00437.3171,E,6.8,197.7,180626,,,A*56
2026-06-18T11:33:40.000Z $IIHDG,195.5,,,,*41
2026-06-18T11:33:40.000Z $IIMWV,212.4,T,14.4,N,A*0F
2026-06-18T11:33:40.000Z $IIRPM,E,1,0,,A*66
2026-06-18T11:33:50.000Z $GPRMC,113350.00,A,5256.6278,N,00437.2890,E,6.9,196.5,180626,,,A*58
2026-06-18T11:33:50.000Z $IIHDG,194.7,,,,*42
2026-06-18T11:33:50.000Z $IIMWV,217.7,T,15.2,N,A*0E
2026-06-18T11:33:50.000Z $IIRPM,E,1,0,,A*66
2026-06-18T11:34:00.000Z $GPRMC,113400.00,A,5256.6228,N,00437.3026,E,7.1,195.3,180626,,,A*57
2026-06-18T11:34:00.000Z $GPGGA,113400.00,5256.6228,N,00437.3026,E,1,12,0.9,0.0,M,0.0,M,,*5C
2026-06-18T11:34:00.000Z $IIHDG,194.6,,,,*43
2026-06-18T11:34:00.000Z $IIMWV,218.4,T,12.9,N,A*0E
2026-06-18T11:34:00.000Z $IIDBT,81.5,f,24.8,M,13.6,F*27
2026-06-18T11:34:00.000Z $IIRPM,E,1,0,,A*66
2026-06-18T11:34:00.000Z $IIXDR,V,12.67,V,BATT*61
2026-06-18T11:34:00.000Z $GPVTG,195.3,T,,M,7.1,N,13.2,K,A*35
2026-06-18T11:34:10.000Z $GPRMC,113410.00,A,5256.5797,N,00437.3184,E,7.1,196.3,180626,,,A*5E
2026-06-18T11:34:10.000Z $IIHDG,196.0,,,,*47
2026-06-18T11:34:10.000Z $IIMWV,220.9,T,14.9,N,A*0E
2026-06-18T11:34:10.000Z $IIRPM,E,1,0,,A*66
2026-06-18T11:34:20.000Z $GPRMC,113420.00,A,5256.5914,N,00437.2727,E,6.6,197.4,180626,,,A*56
2026-06-18T11:34:20.000Z $IIHDG,198.2,,,,*4B
2026-06-18T11:34:20.000Z $IIMWV,213.4,T,14.9,N,A*03
2026-06-18T11:34:20.000Z $IIRPM,E,1,0,,A*66
2026-06-18T11:34:30.000Z $GPRMC,113430.00,A,5256.5369,N,00437.2938,E,6.9,196.5,180626,,,A*58
2026-06-18T11:34:30.000Z $GPGGA,113430.00,5256.5369,N,00437.2938,E,1,10,0.9,0.0,M,0.0,M,,*5D
2026-06-18T11:34:30.000Z $IIHDG,198.9,,,,*40
2026-06-18T11:34:30.000Z $IIMWV,214.3,T,12.9,N,A*05
2026-06-18T11:34:30.000Z $IIDBT,74.4,f,22.7,M,12.4,F*26
2026-06-18T11:34:30.000Z $IIRPM,E,1,0,,A*66
2026-06-18T11:34:30.000Z $GPVTG,196.5,T,,M,6.9,N,12.8,K,A*32
2026-06-18T11:34:40.000Z $GPRMC,113440.00,A,5256.5525,N,00437.2456,E,6.6,198.0,180626,,,A*50
2026-06-18T11:34:40.000Z $IIHDG,194.8,,,,*4D
2026-06-18T11:34:40.000Z $IIMWV,217.6,T,13.1,N,A*0A
2026-06-18T11:34:40.000Z $IIRPM,E,1,0,,A*66
2026-06-18T11:34:50.000Z $GPRMC,113450.00,A,5256.5268,N,00437.2648,E,6.3,197.2,180626,,,A*5A
2026-06-18T11:34:50.000Z $IIHDG,198.5,,,,*4C
2026-06-18T11:34:50.000Z $IIMWV,219.9,T,14.5,N,A*08
2026-06-18T11:34:50.000Z $IIRPM,E,1,0,,A*66
2026-06-18T11:35:00.000Z $GPRMC,113500.00,A,5256.5083,N,00437.2795,E,6.5,195.6,180626,,,A*58
2026-06-18T11:35:00.000Z $GPGGA,113500.00,5256.5083,N,00437.2795,E,1,11,0.9,0.0,M,0.0,M,,*50
2026-06-18T11:35:00.000Z $IIHDG,197.0,,,,*46
2026-06-18T11:35:00.000Z $IIMWV,221.5,T,13.0,N,A*0D
2026-06-18T11:35:00.000Z $IIDBT,80.9,f,24.7,M,13.5,F*26
2026-06-18T11:35:00.000Z $IIRPM,E,1,0,,A*66
2026-06-18T11:35:00.000Z $IIXDR,V,12.66,V,BATT*60
2026-06-18T11:35:00.000Z $IIMTA,19.1,C*0C
2026-06-18T11:35:00.000Z $GPVTG,195.6,T,,M,6.5,N,12.0,K,A*36
2026-06-18T11:35:10.000Z $GPRMC,113510.00,A,5256.4818,N,00437.2178,E,6.9,197.4,180626,,,A*5B
2026-06-18T11:35:10.000Z $IIHDG,195.9,,,,*4D
2026-06-18T11:35:10.000Z $IIMWV,218.1,T,15.2,N,A*07
2026-06-18T11:35:10.000Z $IIRPM,E,1,0,,A*66
2026-06-18T11:35:20.000Z $GPRMC,113520.00,A,5256.4786,N,00437.2472,E,6.5,196.6,180626,,,A*50
2026-06-18T11:35:20.000Z $IIHDG,197.3,,,,*45
2026-06-18T11:35:20.000Z $IIMWV,221.6,T,15.0,N,A*08
2026-06-18T11:35:20.000Z $IIRPM,E,1,0,,A*66
2026-06-18T11:35:30.000Z $GPRMC,113530.00,A,5256.4788,N,00437.2473,E,6.5,197.9,180626,,,A*50
2026-06-18T11:35:30.000Z $GPGGA,113530.00,5256.4788,N,00437.2473,E,1,8,0.9,0.0,M,0.0,M,,*6D
2026-06-18T11:35:30.000Z $IIHDG,196.9,,,,*4E
2026-06-18T11:35:30.000Z $IIMWV,213.7,T,13.1,N,A*0F
2026-06-18T11:35:30.000Z $IIDBT,82.6,f,25.2,M,13.8,F*22
2026-06-18T11:35:30.000Z $IIRPM,E,1,0,,A*66
2026-06-18T11:35:30.000Z $GPVTG,197.9,T,,M,6.5,N,12.0,K,A*3B
2026-06-18T11:35:40.000Z $GPRMC,113540.00,A,5256.4466,N,00437.2068,E,6.8,196.5,180626,,,A*5A
2026-06-18T11:35:40.000Z $IIHDG,195.6,,,,*42
2026-06-18T11:35:40.000Z $IIMWV,220.1,T,14.6,N,A*09
2026-06-18T11:35:40.000Z $IIRPM,E,1,0,,A*66
2026-06-18T11:35:50.000Z $GPRMC,113550.00,A,5256.4393,N,00437.1987,E,6.5,197.8,180626,,,A*5C
2026-06-18T11:35:50.000Z $IIHDG,194.6,,,,*43
2026-06-18T11:35:50.000Z $IIMWV,214.2,T,14.3,N,A*08
2026-06-18T11:35:50.000Z $IIRPM,E,1,0,,A*66
2026-06-18T11:36:00.000Z $GPRMC,113600.00,A,5256.3941,N,00437.1934,E,6.4,196.5,180626,,,A*5D
2026-06-18T11:36:00.000Z $GPGGA,113600.00,5256.3941,N,00437.1934,E,1,11,0.9,0.0,M,0.0,M,,*54
2026-06-18T11:36:00.000Z $IIHDG,195.6,,,,*42
2026-06-18T11:36:00.000Z $IIMWV,215.9,T,14.6,N,A*07
2026-06-18T11:36:00.000Z $IIDBT,74.5,f,22.7,M,12.4,F*27
2026-06-18T11:36:00.000Z $IIRPM,E,1,0,,A*66
2026-06-18T11:36:00.000Z $IIXDR,V,12.49,V,BATT*6D
2026-06-18T11:36:00.000Z $GPVTG,196.5,T,,M,6.4,N,11.9,K,A*3D
2026-06-18T11:36:10.000Z $GPRMC,113610.00,A,5256.4109,N,00437.1703,E,6.9,195.9,180626,,,A*57
2026-06-18T11:36:10.000Z $IIHDG,198.2,,,,*4B
2026-06-18T11:36:10.000Z $IIMWV,220.9,T,15.4,N,A*02
2026-06-18T11:36:10.000Z $IIRPM,E,1,0,,A*66
2026-06-18T11:36:20.000Z $GPRMC,113620.00,A,5256.3479,N,00437.2104,E,6.7,197.9,180626,,,A*5F
2026-06-18T11:36:20.000Z $IIHDG,197.7,,,,*41
2026-06-18T11:36:20.000Z $IIMWV,212.6,T,14.4,N,A*0D
2026-06-18T11:36:20.000Z $IIRPM,E,1,0,,A*66
2026-06-18T11:36:30.000Z $GPRMC,113630.00,A,5256.3514,N,00437.1471,E,6.7,196.1,180626,,,A*59
2026-06-18T11:36:30.000Z $GPGGA,113630.00,5256.3514,N,00437.1471,E,1,11,0.9,0.0,M,0.0,M,,*57
2026-06-18T11:36:30.000Z $IIHDG,197.8,,,,*4E
2026-06-18T11:36:30.000Z $IIMWV,213.2,T,14.0,N,A*0C
2026-06-18T11:36:30.000Z $IIDBT,77.1,f,23.5,M,12.9,F*2E
2026-06-18T11:36:30.000Z $IIRPM,E,1,0,,A*66
2026-06-18T11:36:30.000Z $GPVTG,196.1,T,,M,6.7,N,12.4,K,A*34
2026-06-18T11:36:40.000Z $GPRMC,113640.00,A,5256.3530,N,00437.1513,E,6.4,197.9,180626,,,A*57
2026-06-18T11:36:40.000Z $IIHDG,196.9,,,,*4E
2026-06-18T11:36:40.000Z $IIMWV,217.5,T,14.8,N,A*07
2026-06-18T11:36:40.000Z $IIRPM,E,1,0,,A*66
2026-06-18T11:36:50.000Z $GPRMC,113650.00,A,5256.3228,N,00437.1584,E,6.5,198.0,180626,,,A*51
2026-06-18T11:36:50.000Z $IIHDG,197.5,,,,*43
2026-06-18T11:36:50.000Z $IIMWV,218.2,T,14.7,N,A*00
2026-06-18T11:36:50.000Z $IIRPM,E,1,0,,A*66
2026-06-18T11:37:00.000Z $GPRMC,113700.00,A,5256.2945,N,00437.1535,E,7.1,198.1,180626,,,A*5A
2026-06-18T11:37:00.000Z $GPGGA,113700.00,5256.2945,N,00437.1535,E,1,12,0.9,0.0,M,0.0,M,,*5E
2026-06-18T11:37:00.000Z $IIHDG,195.0,,,,*44
2026-06-18T11:37:00.000Z $IIMWV,217.3,T,13.3,N,A*0D
2026-06-18T11:37:00.000Z $IIDBT,81.6,f,24.9,M,13.6,F*25
2026-06-18T11:37:00.000Z $IIRPM,E,1,0,,A*66
2026-06-18T11:37:00.000Z $IIXDR,V,12.52,V,BATT*67
2026-06-18T11:37:00.000Z $GPVTG,198.1,T,,M,7.1,N,13.1,K,A*39
2026-06-18T11:37:10.000Z $GPRMC,113710.00,A,5256.2613,N,00437.1421,E,6.8,196.7,180626,,,A*53
2026-06-18T11:37:10.000Z $IIHDG,194.9,,,,*4C
2026-06-18T11:37:10.000Z $IIMWV,213.0,T,13.0,N,A*09
2026-06-18T11:37:10.000Z $IIRPM,E,1,0,,A*66
2026-06-18T11:37:20.000Z $GPRMC,113720.00,A,5256.2916,N,00437.1537,E,7.0,195.9,180626,,,A*58
2026-06-18T11:37:20.000Z $IIHDG,196.0,,,,*47
2026-06-18T11:37:20.000Z $IIMWV,220.8,T,15.5,N,A*02
2026-06-18T11:37:20.000Z $IIRPM,E,1,0,,A*66
2026-06-18T11:37:30.000Z $GPRMC,113730.00,A,5256.2244,N,00437.1328,E,6.8,196.1,180626,,,A*5F
2026-06-18T11:37:30.000Z $GPGGA,113730.00,5256.2244,N,00437.1328,E,1,10,0.9,0.0,M,0.0,M,,*5F
2026-06-18T11:37:30.000Z $IIHDG,196.1,,,,*46
2026-06-18T11:37:30.000Z $IIMWV,212.9,T,12.8,N,A*08
2026-06-18T11:37:30.000Z $IIDBT,75.3,f,23.0,M,12.6,F*24
2026-06-18T11:37:30.000Z $IIRPM,E,1,0,,A*66
2026-06-18T11:37:30.000Z $GPVTG,196.1,T,,M,6.8,N,12.6,K,A*39
2026-06-18T11:37:40.000Z $GPRMC,113740.00,A,5256.2137,N,00437.1245,E,7.0,197.0,180626,,,A*5C
2026-06-18T11:37:40.000Z $IIHDG,198.5,,,,*4C
2026-06-18T11:37:40.000Z $IIMWV,213.0,T,15.4,N,A*0B
2026-06-18T11:37:40.000Z $IIRPM,E,1,0,,A*66
2026-06-18T11:37:50.000Z $GPRMC,113750.00,A,5256.1894,N,00437.0962,E,7.0,196.8,180626,,,A*58
2026-06-18T11:37:50.000Z $IIHDG,195.7,,,,*43
2026-06-18T11:37:50.000Z $IIMWV,215.4,T,12.6,N,A*0C
2026-06-18T11:37:50.000Z $IIRPM,E,1,0,,A*66
2026-06-18T11:38:00.000Z $GPRMC,113800.00,A,5256.1960,N,00437.1152,E,7.0,195.5,180626,,,A*5C
2026-06-18T11:38:00.000Z $GPGGA,113800.00,5256.1960,N,00437.1152,E,1,11,0.9,0.0,M,0.0,M,,*53
2026-06-18T11:38:00.000Z $IIHDG,195.7,,,,*43
2026-06-18T11:38:00.000Z $IIMWV,212.2,T,13.3,N,A*09
2026-06-18T11:38:00.000Z $IIDBT,79.1,f,24.1,M,13.2,F*29
2026-06-18T11:38:00.000Z $IIRPM,E,1,0,,A*66
2026-06-18T11:38:00.000Z $IIXDR,V,12.66,V,BATT*60
2026-06-18T11:38:00.000Z $GPVTG,195.5,T,,M,7.0,N,12.9,K,A*38
2026-06-18T11:38:10.000Z $GPRMC,113810.00,A,5256.1777,N,00437.0650,E,6.6,195.6,180626,,,A*55
2026-06-18T11:38:10.000Z $IIHDG,198.3,,,,*4A
2026-06-18T11:38:10.000Z $IIMWV,213.3,T,12.7,N,A*0C
2026-06-18T11:38:10.000Z $IIRPM,E,1,0,,A*66
2026-06-18T11:38:20.000Z $GPRMC,113820.00,A,5256.1942,N,00437.0756,E,6.6,196.6,180626,,,A*5A
2026-06-18T11:38:20.000Z $IIHDG,198.2,,,,*4B
2026-06-18T11:38:20.000Z $IIMWV,214.1,T,13.8,N,A*07
2026-06-18T11:38:20.000Z $IIRPM,E,1,0,,A*66
2026-06-18T11:38:30.000Z $GPRMC,113830.00,A,5256.1613,N,00437.1039,E,6.8,196.2,180626,,,A*55
2026-06-18T11:38:30.000Z $GPGGA,113830.00,5256.1613,N,00437.1039,E,1,10,0.9,0.0,M,0.0,M,,*56
2026-06-18T11:38:30.000Z $IIHDG,195.7,,,,*43
2026-06-18T11:38:30.000Z $IIMWV,212.6,T,13.4,N,A*0A
2026-06-18T11:38:30.000Z $IIDBT,75.8,f,23.1,M,12.6,F*2E
2026-06-18T11:38:30.000Z $IIRPM,E,1,0,,A*66
2026-06-18T11:38:30.000Z $GPVTG,196.2,T,,M,6.8,N,12.5,K,A*39
2026-06-18T11:38:40.000Z $GPRMC,113840.00,A,5256.1140,N,00437.0642,E,7.1,197.0,180626,,,A*53
2026-06-18T11:38:40.000Z $IIHDG,198.6,,,,*4F
2026-06-18T11:38:40.000Z $IIMWV,213.9,T,13.3,N,A*03
2026-06-18T11:38:40.000Z $IIRPM,E,1,0,,A*66
2026-06-18T11:38:50.000Z $GPRMC,113850.00,A,5256.0963,N,00437.0675,E,7.1,196.8,180626,,,A*57
2026-06-18T11:38:50.000Z $IIHDG,197.5,,,,*43
2026-06-18T11:38:50.000Z $IIMWV,212.6,T,15.4,N,A*0C
2026-06-18T11:38:50.000Z $IIRPM,E,1,0,,A*66
2026-06-18T11:39:00.000Z $GPRMC,113900.00,A,5256.1024,N,00437.0700,E,6.3,197.4,180626,,,A*55
2026-06-18T11:39:00.000Z $GPGGA,113900.00,5256.1024,N,00437.0700,E,1,11,0.9,0.0,M,0.0,M,,*5B
2026-06-18T11:39:00.000Z $IIHDG,194.3,,,,*46
2026-06-18T11:39:00.000Z $IIMWV,219.4,T,13.2,N,A*05
2026-06-18T11:39:00.000Z $IIDBT,78.2,f,23.8,M,13.0,F*27
2026-06-18T11:39:00.000Z $IIRPM,E,1,0,,A*66
2026-06-18T11:39:00.000Z $IIXDR,V,12.56,V,BATT*63
2026-06-18T11:39:00.000Z $GPVTG,197.4,T,,M,6.3,N,11.7,K,A*34
2026-06-18T11:39:10.000Z $GPRMC,113910.00,A,5256.0795,N,00437.0267,E,6.8,196.2,180626,,,A*50
2026-06-18T11:39:10.000Z $IIHDG,197.6,,,,*40
2026-06-18T11:39:10.000Z $IIMWV,216.3,T,12.6,N,A*08
2026-06-18T11:39:10.000Z $IIRPM,E,1,0,,A*66
2026-06-18T11:39:20.000Z $GPRMC,113920.00,A,5256.0539,N,00437.0494,E,6.6,196.1,180626,,,A*50
2026-06-18T11:39:20.000Z $IIHDG,195.4,,,,*40
2026-06-18T11:39:20.000Z $IIMWV,213.3,T,14.9,N,A*04
2026-06-18T11:39:20.000Z $IIRPM,E,1,0,,A*66
2026-06-18T11:39:30.000Z $GPRMC,113930.00,A,5256.0361,N,00437.0005,E,7.0,197.9,180626,,,A*58
2026-06-18T11:39:30.000Z $GPGGA,113930.00,5256.0361,N,00437.0005,E,1,8,0.9,0.0,M,0.0,M,,*61
2026-06-18T11:39:30.000Z $IIHDG,198.7,,,,*4E
2026-06-18T11:39:30.000Z $IIMWV,220.1,T,13.9,N,A*01
2026-06-18T11:39:30.000Z $IIDBT,75.9,f,23.1,M,12.7,F*2E
2026-06-18T11:39:30.000Z $IIRPM,E,1,0,,A*66
2026-06-18T11:39:30.000Z $GPVTG,197.9,T,,M,7.0,N,12.9,K,A*36
2026-06-18T11:39:40.000Z $GPRMC,113940.00,A,5256.0621,N,00437.0419,E,6.6,197.6,180626,,,A*5F
2026-06-18T11:39:40.000Z $IIHDG,198.9,,,,*40
2026-06-18T11:39:40.000Z $IIMWV,221.6,T,14.3,N,A*0A
2026-06-18T11:39:40.000Z $IIRPM,E,1,0,,A*66
2026-06-18T11:39:50.000Z $GPRMC,113950.00,A,5255.9904,N,00437.0162,E,6.7,196.1,180626,,,A*52
2026-06-18T11:39:50.000Z $IIHDG,196.2,,,,*45
2026-06-18T11:39:50.000Z $IIMWV,217.9,T,14.7,N,A*04
2026-06-18T11:39:50.000Z $IIRPM,E,1,0,,A*66
2026-06-18T11:40:00.000Z $GPRMC,114000.00,A,5256.0114,N,00437.0174,E,6.7,195.7,180626,,,A*58
2026-06-18T11:40:00.000Z $GPGGA,114000.00,5256.0114,N,00437.0174,E,1,9,0.9,0.0,M,0.0,M,,*6A
2026-06-18T11:40:00.000Z $IIHDG,194.7,,,,*42
2026-06-18T11:40:00.000Z $IIMWV,214.5,T,14.9,N,A*05
2026-06-18T11:40:00.000Z $IIDBT,76.3,f,23.3,M,12.7,F*25
2026-06-18T11:40:00.000Z $IIRPM,E,1,0,,A*66
2026-06-18T11:40:00.000Z $IIXDR,V,12.46,V,BATT*62
2026-06-18T11:40:00.000Z $IIMTA,19.1,C*0C
2026-06-18T11:40:00.000Z $GPVTG,195.7,T,,M,6.7,N,12.5,K,A*30
2026-06-18T11:40:10.000Z $GPRMC,114010.00,A,5255.9748,N,00437.0086,E,7.0,195.9,180626,,,A*58
2026-06-18T11:40:10.000Z $IIHDG,198.1,,,,*48
2026-06-18T11:40:10.000Z $IIMWV,218.4,T,14.0,N,A*01
2026-06-18T11:40:10.000Z $IIRPM,E,1,0,,A*66
2026-06-18T11:40:20.000Z $GPRMC,114020.00,A,5255.9608,N,00437.0049,E,6.6,197.8,180626,,,A*59
2026-06-18T11:40:20.000Z $IIHDG,195.3,,,,*47
2026-06-18T11:40:20.000Z $IIMWV,217.4,T,13.4,N,A*0D
2026-06-18T11:40:20.000Z $IIRPM,E,1,0,,A*66
2026-06-18T11:40:30.000Z $GPRMC,114030.00,A,5255.9800,N,00436.9567,E,6.5,196.4,180626,,,A*51
2026-06-18T11:40:30.000Z $GPGGA,114030.00,5255.9800,N,00436.9567,E,1,11,0.9,0.0,M,0.0,M,,*58
2026-06-18T11:40:30.000Z $IIHDG,195.0,,,,*44
2026-06-18T11:40:30.000Z $IIMWV,219.6,T,13.7,N,A*02
2026-06-18T11:40:30.000Z $IIDBT,75.1,f,22.9,M,12.5,F*2D
2026-06-18T11:40:30.000Z $IIRPM,E,1,0,,A*66
2026-06-18T11:40:30.000Z $GPVTG,196.4,T,,M,6.5,N,12.1,K,A*36
2026-06-18T11:40:40.000Z $GPRMC,114040.00,A,5255.9065,N,00436.9539,E,7.0,197.6,180626,,,A*51
2026-06-18T11:40:40.000Z $IIHDG,196.5,,,,*42
2026-06-18T11:40:40.000Z $IIMWV,218.6,T,15.1,N,A*03
2026-06-18T11:40:40.000Z $IIRPM,E,1,0,,A*66
2026-06-18T11:40:50.000Z $GPRMC,114050.00,A,5255.9253,N,00436.9298,E,6.5,195.8,180626,,,A*53
2026-06-18T11:40:50.000Z $IIHDG,194.8,,,,*4D
2026-06-18T11:40:50.000Z $IIMWV,212.6,T,13.4,N,A*0A
2026-06-18T11:40:50.000Z $IIRPM,E,1,0,,A*66
2026-06-18T11:41:00.000Z $GPRMC,114100.00,A,5255.8907,N,00436.9430,E,6.6,196.5,180626,,,A*55
2026-06-18T11:41:00.000Z $GPGGA,114100.00,5255.8907,N,00436.9430,E,1,12,0.9,0.0,M,0.0,M,,*5D
2026-06-18T11:41:00.000Z $IIHDG,196.4,,,,*43
2026-06-18T11:41:00.000Z $IIMWV,214.6,T,14.1,N,A*0E
2026-06-18T11:41:00.000Z $IIDBT,73.2,f,22.3,M,12.2,F*25
2026-06-18T11:41:00.000Z $IIRPM,E,1,0,,A*66
2026-06-18T11:41:00.000Z $IIXDR,V,12.50,V,BATT*65
2026-06-18T11:41:00.000Z $GPVTG,196.5,T,,M,6.6,N,12.2,K,A*37
2026-06-18T11:41:10.000Z $GPRMC,114110.00,A,5255.8791,N,00436.9377,E,6.4,198.2,180626,,,A*5A
2026-06-18T11:41:10.000Z $IIHDG,198.2,,,,*4B
2026-06-18T11:41:10.000Z $IIMWV,221.0,T,12.8,N,A*01
2026-06-18T11:41:10.000Z $IIRPM,E,1,0,,A*66
2026-06-18T11:41:20.000Z $GPRMC,114120.00,A,5255.8569,N,00436.9274,E,6.6,196.0,180626,,,A*50
2026-06-18T11:41:20.000Z $IIHDG,195.1,,,,*45
2026-06-18T11:41:20.000Z $IIMWV,219.6,T,13.5,N,A*00
2026-06-18T11:41:20.000Z $IIRPM,E,1,0,,A*66
2026-06-18T11:41:30.000Z $GPRMC,114130.00,A,5255.8381,N,00436.9384,E,6.5,196.1,180626,,,A*5D
2026-06-18T11:41:30.000Z $GPGGA,114130.00,5255.8381,N,00436.9384,E,1,8,0.9,0.0,M,0.0,M,,*69
2026-06-18T11:41:30.000Z $IIHDG,195.1,,,,*45
2026-06-18T11:41:30.000Z $IIMWV,216.1,T,14.3,N,A*09
2026-06-18T11:41:30.000Z $IIDBT,76.7,f,23.4,M,12.8,F*29
2026-06-18T11:41:30.000Z $IIRPM,E,1,0,,A*66
2026-06-18T11:41:30.000Z $GPVTG,196.1,T,,M,6.5,N,12.0,K,A*32
2026-06-18T11:41:40.000Z $GPRMC,114140.00,A,5255.8217,N,00436.9387,E,6.7,196.3,180626,,,A*57
2026-06-18T11:41:40.000Z $IIHDG,196.8,,,,*4F
2026-06-18T11:41:40.000Z $IIMWV,218.7,T,14.3,N,A*01
2026-06-18T11:41:40.000Z $IIRPM,E,1,0,,A*66
2026-06-18T11:41:50.000Z $GPRMC,114150.00,A,5255.8280,N,00436.9001,E,7.0,195.5,180626,,,A*56
2026-06-18T11:41:50.000Z $IIHDG,198.0,,,,*49
2026-06-18T11:41:50.000Z $IIMWV,212.8,T,15.0,N,A*06
2026-06-18T11:41:50.000Z $IIRPM,E,1,0,,A*66
2026-06-18T11:42:00.000Z $GPRMC,114200.00,A,5255.7976,N,00436.8964,E,6.4,196.2,180626,,,A*57
2026-06-18T11:42:00.000Z $GPGGA,114200.00,5255.7976,N,00436.8964,E,1,9,0.9,0.0,M,0.0,M,,*60
2026-06-18T11:42:00.000Z $IIHDG,198.0,,,,*49
2026-06-18T11:42:00.000Z $IIMWV,221.1,T,13.8,N,A*01
2026-06-18T11:42:00.000Z $IIDBT,81.5,f,24.9,M,13.6,F*26
2026-06-18T11:42:00.000Z $IIRPM,E,1,0,,A*66
2026-06-18T11:42:00.000Z $IIXDR,V,12.63,V,BATT*65
2026-06-18T11:42:00.000Z $GPVTG,196.2,T,,M,6.4,N,11.8,K,A*3B
2026-06-18T11:42:10.000Z $GPRMC,114210.00,A,5255.7974,N,00436.9207,E,6.5,196.0,180626,,,A*58
2026-06-18T11:42:10.000Z $IIHDG,194.8,,,,*4D
2026-06-18T11:42:10.000Z $IIMWV,219.2,T,13.6,N,A*07
2026-06-18T11:42:10.000Z $IIRPM,E,1,0,,A*66
2026-06-18T11:42:20.000Z $GPRMC,114220.00,A,5255.7608,N,00436.8963,E,7.0,196.2,180626,,,A*51
2026-06-18T11:42:20.000Z $IIHDG,197.6,,,,*40
2026-06-18T11:42:20.000Z $IIMWV,214.2,T,13.3,N,A*0F
2026-06-18T11:42:20.000Z $IIRPM,E,1,0,,A*66
2026-06-18T11:42:30.000Z $GPRMC,114230.00,A,5255.7317,N,00436.8481,E,6.8,195.5,180626,,,A*57
2026-06-18T11:42:30.000Z $GPGGA,114230.00,5255.7317,N,00436.8481,E,1,12,0.9,0.0,M,0.0,M,,*52
2026-06-18T11:42:30.000Z $IIHDG,198.8,,,,*41
2026-06-18T11:42:30.000Z $IIMWV,215.8,T,14.5,N,A*05
2026-06-18T11:42:30.000Z $IIDBT,79.3,f,24.2,M,13.2,F*28
2026-06-18T11:42:30.000Z $IIRPM,E,1,0,,A*66
2026-06-18T11:42:30.000Z $GPVTG,195.5,T,,M,6.8,N,12.5,K,A*3D
2026-06-18T11:42:40.000Z $GPRMC,114240.00,A,5255.7500,N,00436.8839,E,7.1,197.1,180626,,,A*51
2026-06-18T11:42:40.000Z $IIHDG,196.9,,,,*4E
2026-06-18T11:42:40.000Z $IIMWV,214.4,T,14.8,N,A*05
2026-06-18T11:42:40.000Z $IIRPM,E,1,0,,A*66
2026-06-18T11:42:50.000Z $GPRMC,114250.00,A,5255.7241,N,00436.8512,E,6.3,196.4,180626,,,A*51
2026-06-18T11:42:50.000Z $IIHDG,199.1,,,,*49
2026-06-18T11:42:50.000Z $IIMWV,219.7,T,12.6,N,A*03
2026-06-18T11:42:50.000Z $IIRPM,E,1,0,,A*66
2026-06-18T11:43:00.000Z $GPRMC,114300.00,A,5255.7053,N,00436.8499,E,6.8,197.1,180626,,,A*59
2026-06-18T11:43:00.000Z $GPGGA,114300.00,5255.7053,N,00436.8499,E,1,12,0.9,0.0,M,0.0,M,,*5A
2026-06-18T11:43:00.000Z $IIHDG,197.0,,,,*46
2026-06-18T11:43:00.000Z $IIMWV,219.6,T,13.3,N,A*06
2026-06-18T11:43:00.000Z $IIDBT,78.1,f,23.8,M,13.0,F*24
2026-06-18T11:43:00.000Z $IIRPM,E,1,0,,A*66
2026-06-18T11:43:00.000Z $IIXDR,V,12.43,V,BATT*67
2026-06-18T11:43:00.000Z $GPVTG,197.1,T,,M,6.8,N,12.6,K,A*38
2026-06-18T11:43:10.000Z $GPRMC,114310.00,A,5255.6644,N,00436.8472,E,6.8,196.2,180626,,,A*5E
2026-06-18T11:43:10.000Z $IIHDG,196.7,,,,*40
2026-06-18T11:43:10.000Z $IIMWV,217.0,T,15.1,N,A*0A
2026-06-18T11:43:10.000Z $IIRPM,E,1,0,,A*66
2026-06-18T11:43:20.000Z $GPRMC,114320.00,A,5255.6524,N,00436.8137,E,6.5,196.4,180626,,,A*57
2026-06-18T11:43:20.000Z $IIHDG,197.3,,,,*45
2026-06-18T11:43:20.000Z $IIMWV,217.7,T,14.0,N,A*0D
2026-06-18T11:43:20.000Z $IIRPM,E,1,0,,A*66
2026-06-18T11:43:30.000Z $GPRMC,114330.00,A,5255.6255,N,00436.7981,E,7.1,198.0,180626,,,A*52
2026-06-18T11:43:30.000Z $GPGGA,114330.00,5255.6255,N,00436.7981,E,1,8,0.9,0.0,M,0.0,M,,*6C
2026-06-18T11:43:30.000Z $IIHDG,195.7,,,,*43
2026-06-18T11:43:30.000Z $IIMWV,212.1,T,12.7,N,A*0F
2026-06-18T11:43:30.000Z $IIDBT,81.0,f,24.7,M,13.5,F*2E
2026-06-18T11:43:30.000Z $IIRPM,E,1,0,,A*66
2026-06-18T11:43:30.000Z $GPVTG,198.0,T,,M,7.1,N,13.1,K,A*38
2026-06-18T11:43:40.000Z $GPRMC,114340.00,A,5255.6105,N,00436.8070,E,6.9,195.3,180626,,,A*5C
2026-06-18T11:43:40.000Z $IIHDG,194.9,,,,*4C
2026-06-18T11:43:40.000Z $IIMWV,216.4,T,13.7,N,A*0F
2026-06-18T11:43:40.000Z $IIRPM,E,1,0,,A*66
2026-06-18T11:43:50.000Z $GPRMC,114350.00,A,5255.6048,N,00436.8208,E,6.6,195.5,180626,,,A*51
2026-06-18T11:43:50.000Z $IIHDG,195.1,,,,*45
2026-06-18T11:43:50.000Z $IIMWV,218.2,T,13.3,N,A*03
2026-06-18T11:43:50.000Z $IIRPM,E,1,0,,A*66
2026-06-18T11:44:00.000Z $GPRMC,114400.00,A,5255.6015,N,00436.8298,E,7.1,197.1,180626,,,A*52
2026-06-18T11:44:00.000Z $GPGGA,114400.00,5255.6015,N,00436.8298,E,1,10,0.9,0.0,M,0.0,M,,*5B
2026-06-18T11:44:00.000Z $IIHDG,198.8,,,,*41
2026-06-18T11:44:00.000Z $IIMWV,221.4,T,13.3,N,A*0F
2026-06-18T11:44:00.000Z $IIDBT,81.7,f,24.9,M,13.6,F*24
2026-06-18T11:44:00.000Z $IIRPM,E,1,0,,A*66
2026-06-18T11:44:00.000Z $IIXDR,V,12.69,V,BATT*6F
2026-06-18T11:44:00.000Z $GPVTG,197.1,T,,M,7.1,N,13.1,K,A*36
2026-06-18T11:44:10.000Z $GPRMC,114410.00,A,5255.5695,N,00436.8153,E,6.3,197.7,180626,,,A*5F
2026-06-18T11:44:10.000Z $IIHDG,197.7,,,,*41
2026-06-18T11:44:10.000Z $IIMWV,221.1,T,13.1,N,A*08
2026-06-18T11:44:10.000Z $IIRPM,E,1,0,,A*66
2026-06-18T11:44:20.000Z $GPRMC,114420.00,A,5255.5492,N,00436.7584,E,6.8,196.7,180626,,,A*52
2026-06-18T11:44:20.000Z $IIHDG,195.5,,,,*41
2026-06-18T11:44:20.000Z $IIMWV,218.4,T,14.6,N,A*07
2026-06-18T11:44:20.000Z $IIRPM,E,1,0,,A*66
2026-06-18T11:44:30.000Z $GPRMC,114430.00,A,5255.5304,N,00436.7688,E,6.8,196.7,180626,,,A*54
2026-06-18T11:44:30.000Z $GPGGA,114430.00,5255.5304,N,00436.7688,E,1,8,0.9,0.0,M,0.0,M,,*6B
2026-06-18T11:44:30.000Z $IIHDG,194.8,,,,*4D
2026-06-18T11:44:30.000Z $IIMWV,220.3,T,14.3,N,A*0E
2026-06-18T11:44:30.000Z $IIDBT,81.4,f,24.8,M,13.6,F*26
2026-06-18T11:44:30.000Z $IIRPM,E,1,0,,A*66
2026-06-18T11:44:30.000Z $GPVTG,196.7,T,,M,6.8,N,12.6,K,A*3F
2026-06-18T11:44:40.000Z $GPRMC,114440.00,A,5255.5356,N,00436.7790,E,6.9,196.5,180626,,,A*5F
2026-06-18T11:44:40.000Z $IIHDG,197.5,,,,*43
2026-06-18T11:44:40.000Z $IIMWV,219.7,T,13.9,N,A*0D
2026-06-18T11:44:40.000Z $IIRPM,E,1,0,,A*66
2026-06-18T11:44:50.000Z $GPRMC,114450.00,A,5255.5070,N,00436.7745,E,6.6,197.6,180626,,,A*5C
2026-06-18T11:44:50.000Z $IIHDG,196.2,,,,*45
2026-06-18T11:44:50.000Z $IIMWV,213.9,T,15.4,N,A*02
2026-06-18T11:44:50.000Z $IIRPM,E,1,0,,A*66
2026-06-18T11:45:00.000Z $GPRMC,114500.00,A,5255.4975,N,00436.7473,E,6.7,197.7,180626,,,A*53
2026-06-18T11:45:00.000Z $GPGGA,114500.00,5255.4975,N,00436.7473,E,1,9,0.9,0.0,M,0.0,M,,*63
2026-06-18T11:45:00.000Z $IIHDG,199.1,,,,*49
2026-06-18T11:45:00.000Z $IIMWV,220.7,T,14.0,N,A*09
2026-06-18T11:45:00.000Z $IIDBT,72.6,f,22.1,M,12.1,F*21
2026-06-18T11:45:00.000Z $IIRPM,E,1,0,,A*66
2026-06-18T11:45:00.000Z $IIXDR,V,12.55,V,BATT*60
2026-06-18T11:45:00.000Z $IIMTA,18.5,C*09
2026-06-18T11:45:00.000Z $GPVTG,197.7,T,,M,6.7,N,12.4,K,A*33
2026-06-18T11:45:10.000Z $GPRMC,114510.00,A,5255.4687,N,00436.7645,E,6.7,197.7,180626,,,A*57
2026-06-18T11:45:10.000Z $IIHDG,196.2,,,,*45
2026-06-18T11:45:10.000Z $IIMWV,212.0,T,13.3,N,A*0B
2026-06-18T11:45:10.000Z $IIRPM,E,1,0,,A*66
2026-06-18T11:45:20.000Z $GPRMC,114520.00,A,5255.4879,N,00436.7533,E,7.0,195.7,180626,,,A*5D
2026-06-18T11:45:20.000Z $IIHDG,196.4,,,,*43
2026-06-18T11:45:20.000Z $IIMWV,216.6,T,13.6,N,A*0C
2026-06-18T11:45:20.000Z $IIRPM,E,1,0,,A*66
2026-06-18T11:45:30.000Z $GPRMC,114530.00,A,5255.4670,N,00436.7399,E,6.3,196.3,180626,,,A*58
2026-06-18T11:45:30.000Z $GPGGA,114530.00,5255.4670,N,00436.7399,E,1,12,0.9,0.0,M,0.0,M,,*53
2026-06-18T11:45:30.000Z $IIHDG,196.6,,,,*41
2026-06-18T11:45:30.000Z $IIMWV,212.6,T,13.8,N,A*06
2026-06-18T11:45:30.000Z $IIDBT,75.5,f,23.0,M,12.6,F*22
2026-06-18T11:45:30.000Z $IIRPM,E,1,0,,A*66
2026-06-18T11:45:30.000Z $GPVTG,196.3,T,,M,6.3,N,11.7,K,A*32
2026-06-18T11:45:40.000Z $GPRMC,114540.00,A,5255.4043,N,00436.7169,E,6.9,195.5,180626,,,A*5B
2026-06-18T11:45:40.000Z $IIHDG,199.0,,,,*48
2026-06-18T11:45:40.000Z $IIMWV,213.4,T,14.4,N,A*0E
2026-06-18T11:45:40.000Z $IIRPM,E,1,0,,A*66
2026-06-18T11:45:50.000Z $GPRMC,114550.00,A,5255.4284,N,00436.7001,E,6.5,195.9,180626,,,A*5C
2026-06-18T11:45:50.000Z $IIHDG,198.6,,,,*4F
2026-06-18T11:45:50.000Z $IIMWV,220.0,T,14.7,N,A*09
2026-06-18T11:45:50.000Z $IIRPM,E,1,0,,A*66
2026-06-18T11:46:00.000Z $GPRMC,114600.00,A,5255.3797,N,00436.6752,E,6.9,197.6,180626,,,A*5B
2026-06-18T11:46:00.000Z $GPGGA,114600.00,5255.3797,N,00436.6752,E,1,9,0.9,0.0,M,0.0,M,,*64
2026-06-18T11:46:00.000Z $IIHDG,196.1,,,,*46
2026-06-18T11:46:00.000Z $IIMWV,212.2,T,14.9,N,A*04
2026-06-18T11:46:00.000Z $IIDBT,75.4,f,23.0,M,12.6,F*23
2026-06-18T11:46:00.000Z $IIRPM,E,1,0,,A*66
2026-06-18T11:46:00.000Z $IIXDR,V,12.47,V,BATT*63
2026-06-18T11:46:00.000Z $GPVTG,197.6,T,,M,6.9,N,12.8,K,A*30
2026-06-18T11:46:10.000Z $GPRMC,114610.00,A,5255.3876,N,00436.6985,E,6.7,197.9,180626,,,A*5F
2026-06-18T11:46:10.000Z $IIHDG,194.3,,,,*46
2026-06-18T11:46:10.000Z $IIMWV,218.5,T,14.1,N,A*01
2026-06-18T11:46:10.000Z $IIRPM,E,1,0,,A*66
2026-06-18T11:46:20.000Z $GPRMC,114620.00,A,5255.3730,N,00436.7111,E,6.7,196.4,180626,,,A*59
2026-06-18T11:46:20.000Z $IIHDG,195.6,,,,*42
2026-06-18T11:46:20.000Z $IIMWV,215.7,T,14.0,N,A*0F
2026-06-18T11:46:20.000Z $IIRPM,E,1,0,,A*66
2026-06-18T11:46:30.000Z $GPRMC,114630.00,A,5255.3763,N,00436.6590,E,6.6,195.8,180626,,,A*5C
2026-06-18T11:46:30.000Z $GPGGA,114630.00,5255.3763,N,00436.6590,E,1,12,0.9,0.0,M,0.0,M,,*5A
2026-06-18T11:46:30.000Z $IIHDG,198.4,,,,*4D
2026-06-18T11:46:30.000Z $IIMWV,212.9,T,12.7,N,A*07
2026-06-18T11:46:30.000Z $IIDBT,79.9,f,24.4,M,13.3,F*25
2026-06-18T11:46:30.000Z $IIRPM,E,1,0,,A*66
2026-06-18T11:46:30.000Z $GPVTG,195.8,T,,M,6.6,N,12.1,K,A*3A
2026-06-18T11:46:40.000Z $GPRMC,114640.00,A,5255.3188,N,00436.6619,E,7.1,197.6,180626,,,A*50
2026-06-18T11:46:40.000Z $IIHDG,197.5,,,,*43
2026-06-18T11:46:40.000Z $IIMWV,212.7,T,14.1,N,A*09
2026-06-18T11:46:40.000Z $IIRPM,E,1,0,,A*66
2026-06-18T11:46:50.000Z $GPRMC,114650.00,A,5255.3354,N,00436.6727,E,7.0,196.1,180626,,,A*59
2026-06-18T11:46:50.000Z $IIHDG,197.7,,,,*41
2026-06-18T11:46:50.000Z $IIMWV,213.1,T,15.2,N,A*0C
2026-06-18T11:46:50.000Z $IIRPM,E,1,0,,A*66
2026-06-18T11:47:00.000Z $GPRMC,114700.00,A,5255.3281,N,00436.6505,E,6.8,195.5,180626,,,A*58
2026-06-18T11:47:00.000Z $GPGGA,114700.00,5255.3281,N,00436.6505,E,1,10,0.9,0.0,M,0.0,M,,*5F
2026-06-18T11:47:00.000Z $IIHDG,195.5,,,,*41
2026-06-18T11:47:00.000Z $IIMWV,219.6,T,13.5,N,A*00
2026-06-18T11:47:00.000Z $IIDBT,72.1,f,22.0,M,12.0,F*26
2026-06-18T11:47:00.000Z $IIRPM,E,1,0,,A*66
2026-06-18T11:47:00.000Z $IIXDR,V,12.55,V,BATT*60
2026-06-18T11:47:00.000Z $GPVTG,195.5,T,,M,6.8,N,12.7,K,A*3F
2026-06-18T11:47:10.000Z $GPRMC,114710.00,A,5255.2651,N,00436.6442,E,6.4,195.3,180626,,,A*59
2026-06-18T11:47:10.000Z $IIHDG,197.1,,,,*47
2026-06-18T11:47:10.000Z $IIMWV,213.2,T,15.1,N,A*0C
2026-06-18T11:47:10.000Z $IIRPM,E,1,0,,A*66
2026-06-18T11:47:20.000Z $GPRMC,114720.00,A,5255.2546,N,00436.6389,E,7.0,195.9,180626,,,A*50
2026-06-18T11:47:20.000Z $IIHDG,195.7,,,,*43
2026-06-18T11:47:20.000Z $IIMWV,212.5,T,14.2,N,A*08
2026-06-18T11:47:20.000Z $IIRPM,E,1,0,,A*66
2026-06-18T11:47:30.000Z $GPRMC,114730.00,A,5255.2567,N,00436.6513,E,6.4,197.3,180626,,,A*5A
2026-06-18T11:47:30.000Z $GPGGA,114730.00,5255.2567,N,00436.6513,E,1,9,0.9,0.0,M,0.0,M,,*6D
2026-06-18T11:47:30.000Z $IIHDG,196.4,,,,*43
2026-06-18T11:47:30.000Z $IIMWV,215.7,T,13.1,N,A*09
2026-06-18T11:47:30.000Z $IIDBT,80.3,f,24.5,M,13.4,F*2F
2026-06-18T11:47:30.000Z $IIRPM,E,1,0,,A*66
2026-06-18T11:47:30.000Z $GPVTG,197.3,T,,M,6.4,N,11.9,K,A*3A
2026-06-18T11:47:40.000Z $GPRMC,114740.00,A,5255.2247,N,00436.6179,E,7.0,198.2,180626,,,A*5B
2026-06-18T11:47:40.000Z $IIHDG,195.0,,,,*44
2026-06-18T11:47:40.000Z $IIMWV,217.3,T,13.0,N,A*0E
2026-06-18T11:47:40.000Z $IIRPM,E,1,0,,A*66
2026-06-18T11:47:50.000Z $GPRMC,114750.00,A,5255.1927,N,00436.6293,E,6.6,195.4,180626,,,A*5F
2026-06-18T11:47:50.000Z $IIHDG,197.8,,,,*4E
2026-06-18T11:47:50.000Z $IIMWV,212.0,T,13.1,N,A*09
2026-06-18T11:47:50.000Z $IIRPM,E,1,0,,A*66
2026-06-18T11:48:00.000Z $GPRMC,114800.00,A,5255.2268,N,00436.6128,E,6.5,195.6,180626,,,A*54
2026-06-18T11:48:00.000Z $GPGGA,114800.00,5255.2268,N,00436.6128,E,1,8,0.9,0.0,M,0.0,M,,*64
2026-06-18T11:48:00.000Z $IIHDG,196.7,,,,*40
2026-06-18T11:48:00.000Z $IIMWV,214.0,T,13.2,N,A*0C
2026-06-18T11:48:00.000Z $IIDBT,76.0,f,23.2,M,12.7,F*27
2026-06-18T11:48:00.000Z $IIRPM,E,1,0,,A*66
2026-06-18T11:48:00.000Z $IIXDR,V,12.46,V,BATT*62
2026-06-18T11:48:00.000Z $GPVTG,195.6,T,,M,6.5,N,12.0,K,A*36
2026-06-18T11:48:10.000Z $GPRMC,114810.00,A,5255.1763,N,00436.6127,E,7.0,196.0,180626,,,A*56
2026-06-18T11:48:10.000Z $IIHDG,194.9,,,,*4C
2026-06-18T11:48:10.000Z $IIMWV,220.7,T,14.4,N,A*0D
2026-06-18T11:48:10.000Z $IIRPM,E,1,0,,A*66
2026-06-18T11:48:20.000Z $GPRMC,114820.00,A,5255.1903,N,00436.6128,E,6.6,195.6,180626,,,A*50
2026-06-18T11:48:20.000Z $IIHDG,194.8,,,,*4D
2026-06-18T11:48:20.000Z $IIMWV,217.2,T,14.4,N,A*0C
2026-06-18T11:48:20.000Z $IIRPM,E,1,0,,A*66
2026-06-18T11:48:30.000Z $GPRMC,114830.00,A,5255.1743,N,00436.5877,E,7.1,197.1,180626,,,A*58
2026-06-18T11:48:30.000Z $GPGGA,114830.00,5255.1743,N,00436.5877,E,1,10,0.9,0.0,M,0.0,M,,*51
2026-06-18T11:48:30.000Z $IIHDG,197.5,,,,*43
2026-06-18T11:48:30.000Z $IIMWV,217.0,T,13.0,N,A*0D
2026-06-18T11:48:30.000Z $IIDBT,71.8,f,21.9,M,12.0,F*26
2026-06-18T11:48:30.000Z $IIRPM,E,1,0,,A*66
2026-06-18T11:48:30.000Z $GPVTG,197.1,T,,M,7.1,N,13.1,K,A*36
2026-06-18T11:48:40.000Z $GPRMC,114840.00,A,5255.1122,N,00436.5687,E,7.0,198.0,180626,,,A*50
2026-06-18T11:48:40.000Z $IIHDG,197.4,,,,*42
2026-06-18T11:48:40.000Z $IIMWV,220.1,T,13.0,N,A*08
2026-06-18T11:48:40.000Z $IIRPM,E,1,0,,A*66
2026-06-18T11:48:50.000Z $GPRMC,114850.00,A,5255.1218,N,00436.5362,E,6.4,196.1,180626,,,A*5F
2026-06-18T11:48:50.000Z $IIHDG,197.8,,,,*4E
2026-06-18T11:48:50.000Z $IIMWV,220.2,T,13.6,N,A*0D
2026-06-18T11:48:50.000Z $IIRPM,E,1,0,,A*66
2026-06-18T11:49:00.000Z $GPRMC,114900.00,A,5255.1185,N,00436.5593,E,6.6,196.5,180626,,,A*52
2026-06-18T11:49:00.000Z $GPGGA,114900.00,5255.1185,N,00436.5593,E,1,8,0.9,0.0,M,0.0,M,,*61
2026-06-18T11:49:00.000Z $IIHDG,194.7,,,,*42
2026-06-18T11:49:00.000Z $IIMWV,216.3,T,14.1,N,A*09
2026-06-18T11:49:00.000Z $IIDBT,73.2,f,22.3,M,12.2,F*25
2026-06-18T11:49:00.000Z $IIRPM,E,1,0,,A*66
2026-06-18T11:49:00.000Z $IIXDR,V,12.40,V,BATT*64
2026-06-18T11:49:00.000Z $GPVTG,196.5,T,,M,6.6,N,12.2,K,A*37
2026-06-18T11:49:10.000Z $GPRMC,114910.00,A,5255.1100,N,00436.5575,E,6.8,196.5,180626,,,A*58
2026-06-18T11:49:10.000Z $IIHDG,197.1,,,,*47
2026-06-18T11:49:10.000Z $IIMWV,214.8,T,13.5,N,A*03
2026-06-18T11:49:10.000Z $IIRPM,E,1,0,,A*66
2026-06-18T11:49:20.000Z $GPRMC,114920.00,A,5255.0920,N,00436.5077,E,7.1,195.9,180626,,,A*50
2026-06-18T11:49:20.000Z $IIHDG,196.6,,,,*41
2026-06-18T11:49:20.000Z $IIMWV,216.1,T,13.7,N,A*0A
2026-06-18T11:49:20.000Z $IIRPM,E,1,0,,A*66
2026-06-18T11:49:30.000Z $GPRMC,114930.00,A,5255.0488,N,00436.5534,E,6.4,197.5,180626,,,A*56
2026-06-18T11:49:30.000Z $GPGGA,114930.00,5255.0488,N,00436.5534,E,1,11,0.9,0.0,M,0.0,M,,*5E
2026-06-18T11:49:30.000Z $IIHDG,196.6,,,,*41
2026-06-18T11:49:30.000Z $IIMWV,215.9,T,13.3,N,A*05
2026-06-18T11:49:30.000Z $IIDBT,76.7,f,23.4,M,12.8,F*29
2026-06-18T11:49:30.000Z $IIRPM,E,1,0,,A*66
2026-06-18T11:49:30.000Z $GPVTG,197.5,T,,M,6.4,N,11.9,K,A*3C
2026-06-18T11:49:40.000Z $GPRMC,114940.00,A,5255.0526,N,00436.5449,E,6.5,198.2,180626,,,A*56
2026-06-18T11:49:40.000Z $IIHDG,194.8,,,,*4D
2026-06-18T11:49:40.000Z $IIMWV,214.4,T,15.4,N,A*08
2026-06-18T11:49:40.000Z $IIRPM,E,1,0,,A*66
2026-06-18T11:49:50.000Z $GPRMC,114950.00,A,5255.0272,N,00436.5252,E,6.8,196.1,180626,,,A*5D
2026-06-18T11:49:50.000Z $IIHDG,197.5,,,,*43
2026-06-18T11:49:50.000Z $IIMWV,218.6,T,13.4,N,A*00
2026-06-18T11:49:50.000Z $IIRPM,E,1,0,,A*66
2026-06-18T11:50:00.000Z $GPRMC,115000.00,A,5255.0233,N,00436.4945,E,6.8,197.0,180626,,,A*59
2026-06-18T11:50:00.000Z $GPGGA,115000.00,5255.0233,N,00436.4945,E,1,9,0.9,0.0,M,0.0,M,,*61
2026-06-18T11:50:00.000Z $IIHDG,194.4,,,,*41
2026-06-18T11:50:00.000Z $IIMWV,216.7,T,12.9,N,A*03
2026-06-18T11:50:00.000Z $IIDBT,80.8,f,24.6,M,13.5,F*26
2026-06-18T11:50:00.000Z $IIRPM,E,1,0,,A*66
2026-06-18T11:50:00.000Z $IIXDR,V,12.70,V,BATT*67
2026-06-18T11:50:00.000Z $IIMTA,19.0,C*0D
2026-06-18T11:50:00.000Z $GPVTG,197.0,T,,M,6.8,N,12.6,K,A*39
2026-06-18T11:50:10.000Z $GPRMC,115010.00,A,5254.9732,N,00436.5161,E,6.8,198.3,180626,,,A*57
2026-06-18T11:50:10.000Z $IIHDG,197.4,,,,*42
2026-06-18T11:50:10.000Z $IIMWV,213.0,T,15.2,N,A*0D
2026-06-18T11:50:10.000Z $IIRPM,E,1,0,,A*66
2026-06-18T11:50:20.000Z $GPRMC,115020.00,A,5254.9816,N,00436.4709,E,6.5,195.5,180626,,,A*52
2026-06-18T11:50:20.000Z $IIHDG,196.8,,,,*4F
2026-06-18T11:50:20.000Z $IIMWV,216.2,T,13.4,N,A*0A
2026-06-18T11:50:20.000Z $IIRPM,E,1,0,,A*66
2026-06-18T11:50:30.000Z $GPRMC,115030.00,A,5254.9639,N,00436.4913,E,6.6,197.5,180626,,,A*54
2026-06-18T11:50:30.000Z $GPGGA,115030.00,5254.9639,N,00436.4913,E,1,10,0.9,0.0,M,0.0,M,,*5F
2026-06-18T11:50:30.000Z $IIHDG,196.8,,,,*4F
2026-06-18T11:50:30.000Z $IIMWV,219.1,T,14.3,N,A*06
2026-06-18T11:50:30.000Z $IIDBT,77.9,f,23.7,M,13.0,F*2C
2026-06-18T11:50:30.000Z $IIRPM,E,1,0,,A*66
2026-06-18T11:50:30.000Z $GPVTG,197.5,T,,M,6.6,N,12.2,K,A*36
2026-06-18T11:50:40.000Z $GPRMC,115040.00,A,5254.9416,N,00436.4852,E,6.8,198.2,180626,,,A*5E
2026-06-18T11:50:40.000Z $IIHDG,197.7,,,,*41
2026-06-18T11:50:40.000Z $IIMWV,220.8,T,14.3,N,A*05
2026-06-18T11:50:40.000Z $IIRPM,E,1,0,,A*66
2026-06-18T11:50:50.000Z $GPRMC,115050.00,A,5254.9109,N,00436.4882,E,6.5,196.5,180626,,,A*5D
2026-06-18T11:50:50.000Z $IIHDG,194.6,,,,*43
2026-06-18T11:50:50.000Z $IIMWV,221.0,T,13.4,N,A*0C
2026-06-18T11:50:50.000Z $IIRPM,E,1,0,,A*66
2026-06-18T11:51:00.000Z $GPRMC,115100.00,A,5254.8769,N,00436.4261,E,6.3,197.2,180626,,,A*5F
2026-06-18T11:51:00.000Z $GPGGA,115100.00,5254.8769,N,00436.4261,E,1,8,0.9,0.0,M,0.0,M,,*6F
2026-06-18T11:51:00.000Z $IIHDG,194.4,,,,*41
2026-06-18T11:51:00.000Z $IIMWV,214.8,T,12.9,N,A*0E
2026-06-18T11:51:00.000Z $IIDBT,77.1,f,23.5,M,12.9,F*2E
2026-06-18T11:51:00.000Z $IIRPM,E,1,0,,A*66
2026-06-18T11:51:00.000Z $IIXDR,V,12.63,V,BATT*65
2026-06-18T11:51:00.000Z $GPVTG,197.2,T,,M,6.3,N,11.7,K,A*32
2026-06-18T11:51:10.000Z $GPRMC,115110.00,A,5254.9061,N,00436.4575,E,6.5,197.8,180626,,,A*5E
2026-06-18T11:51:10.000Z $IIHDG,197.5,,,,*43
2026-06-18T11:51:10.000Z $IIMWV,212.2,T,13.9,N,A*03
2026-06-18T11:51:10.000Z $IIRPM,E,1,0,,A*66
2026-06-18T11:51:20.000Z $GPRMC,115120.00,A,5254.8503,N,00436.4600,E,7.0,196.1,180626,,,A*50
2026-06-18T11:51:20.000Z $IIHDG,195.3,,,,*47
2026-06-18T11:51:20.000Z $IIMWV,218.5,T,13.7,N,A*00
2026-06-18T11:51:20.000Z $IIRPM,E,1,0,,A*66
2026-06-18T11:51:30.000Z $GPRMC,115130.00,A,5254.8271,N,00436.4279,E,6.4,198.3,180626,,,A*50
2026-06-18T11:51:30.000Z $GPGGA,115130.00,5254.8271,N,00436.4279,E,1,12,0.9,0.0,M,0.0,M,,*52
2026-06-18T11:51:30.000Z $IIHDG,195.6,,,,*42
2026-06-18T11:51:30.000Z $IIMWV,215.5,T,12.9,N,A*02
2026-06-18T11:51:30.000Z $IIDBT,79.7,f,24.3,M,13.3,F*2C
2026-06-18T11:51:30.000Z $IIRPM,E,1,0,,A*66
2026-06-18T11:51:30.000Z $GPVTG,198.3,T,,M,6.4,N,11.8,K,A*34
2026-06-18T11:51:40.000Z $GPRMC,115140.00,A,5254.8091,N,00436.4195,E,7.1,195.5,180626,,,A*55
2026-06-18T11:51:40.000Z $IIHDG,194.8,,,,*4D
2026-06-18T11:51:40.000Z $IIMWV,218.7,T,15.2,N,A*01
2026-06-18T11:51:40.000Z $IIRPM,E,1,0,,A*66
2026-06-18T11:51:50.000Z $GPRMC,115150.00,A,5254.8286,N,00436.4356,E,7.0,197.8,180626,,,A*53
2026-06-18T11:51:50.000Z $IIHDG,197.6,,,,*40
2026-06-18T11:51:50.000Z $IIMWV,220.6,T,13.2,N,A*0D
2026-06-18T11:51:50.000Z $IIRPM,E,1,0,,A*66
2026-06-18T11:52:00.000Z $GPRMC,115200.00,A,5254.7912,N,00436.3988,E,7.1,196.3,180626,,,A*59
2026-06-18T11:52:00.000Z $GPGGA,115200.00,5254.7912,N,00436.3988,E,1,10,0.9,0.0,M,0.0,M,,*53
2026-06-18T11:52:00.000Z $IIHDG,195.2,,,,*46
2026-06-18T11:52:00.000Z $IIMWV,219.1,T,14.9,N,A*0C
2026-06-18T11:52:00.000Z $IIDBT,76.2,f,23.2,M,12.7,F*25
2026-06-18T11:52:00.000Z $IIRPM,E,1,0,,A*66
2026-06-18T11:52:00.000Z $IIXDR,V,12.45,V,BATT*61
2026-06-18T11:52:00.000Z $GPVTG,196.3,T,,M,7.1,N,13.1,K,A*35
2026-06-18T11:52:10.000Z $GPRMC,115210.00,A,5254.7767,N,00436.3928,E,6.7,196.3,180626,,,A*59
2026-06-18T11:52:10.000Z $IIHDG,197.1,,,,*47
2026-06-18T11:52:10.000Z $IIMWV,215.6,T,13.3,N,A*0A
2026-06-18T11:52:10.000Z $IIRPM,E,1,0,,A*66
2026-06-18T11:52:20.000Z $GPRMC,115220.00,A,5254.7704,N,00436.3630,E,7.0,197.8,180626,,,A*55
2026-06-18T11:52:20.000Z $IIHDG,198.0,,,,*49
2026-06-18T11:52:20.000Z $IIMWV,215.8,T,15.2,N,A*03
2026-06-18T11:52:20.000Z $IIRPM,E,1,0,,A*66
2026-06-18T11:52:30.000Z $GPRMC,115230.00,A,5254.7492,N,00436.3716,E,7.0,195.3,180626,,,A*54
2026-06-18T11:52:30.000Z $GPGGA,115230.00,5254.7492,N,00436.3716,E,1,8,0.9,0.0,M,0.0,M,,*65
2026-06-18T11:52:30.000Z $IIHDG,195.1,,,,*45
2026-06-18T11:52:30.000Z $IIMWV,219.8,T,15.4,N,A*09
2026-06-18T11:52:30.000Z $IIDBT,75.6,f,23.0,M,12.6,F*21
2026-06-18T11:52:30.000Z $IIRPM,E,1,0,,A*66
2026-06-18T11:52:30.000Z $GPVTG,195.3,T,,M,7.0,N,13.0,K,A*36
2026-06-18T11:52:40.000Z $GPRMC,115240.00,A,5254.7372,N,00436.3406,E,6.5,196.4,180626,,,A*58
2026-06-18T11:52:40.000Z $IIHDG,196.6,,,,*41
2026-06-18T11:52:40.000Z $IIMWV,216.5,T,14.6,N,A*08
2026-06-18T11:52:40.000Z $IIRPM,E,1,0,,A*66
2026-06-18T11:52:50.000Z $GPRMC,115250.00,A,5254.7157,N,00436.3483,E,6.8,197.6,180626,,,A*5F
2026-06-18T11:52:50.000Z $IIHDG,197.1,,,,*47
2026-06-18T11:52:50.000Z $IIMWV,219.4,T,13.7,N,A*00
2026-06-18T11:52:50.000Z $IIRPM,E,1,0,,A*66
2026-06-18T11:53:00.000Z $GPRMC,115300.00,A,5254.7267,N,00436.3335,E,6.8,198.0,180626,,,A*58
2026-06-18T11:53:00.000Z $GPGGA,115300.00,5254.7267,N,00436.3335,E,1,12,0.9,0.0,M,0.0,M,,*55
2026-06-18T11:53:00.000Z $IIHDG,196.4,,,,*43
2026-06-18T11:53:00.000Z $IIMWV,221.4,T,14.4,N,A*0F
2026-06-18T11:53:00.000Z $IIDBT,77.6,f,23.6,M,12.9,F*2A
2026-06-18T11:53:00.000Z $IIRPM,E,1,0,,A*66
2026-06-18T11:53:00.000Z $IIXDR,V,12.70,V,BATT*67
2026-06-18T11:53:00.000Z $GPVTG,198.0,T,,M,6.8,N,12.6,K,A*36
2026-06-18T11:53:10.000Z $GPRMC,115310.00,A,5254.7129,N,00436.3509,E,6.4,196.8,180626,,,A*53
2026-06-18T11:53:10.000Z $IIHDG,197.5,,,,*43
2026-06-18T11:53:10.000Z $IIMWV,215.9,T,12.7,N,A*00
2026-06-18T11:53:10.000Z $IIRPM,E,1,0,,A*66
2026-06-18T11:53:20.000Z $GPRMC,115320.00,A,5254.6804,N,00436.3288,E,6.5,197.7,180626,,,A*56
2026-06-18T11:53:20.000Z $IIHDG,195.6,,,,*42
2026-06-18T11:53:20.000Z $IIMWV,211.8,T,12.5,N,A*07
2026-06-18T11:53:20.000Z $IIRPM,E,1,0,,A*66
2026-06-18T11:53:30.000Z $GPRMC,115330.00,A,5254.6620,N,00436.3315,E,7.0,198.2,180626,,,A*54
2026-06-18T11:53:30.000Z $GPGGA,115330.00,5254.6620,N,00436.3315,E,1,12,0.9,0.0,M,0.0,M,,*52
2026-06-18T11:53:30.000Z $IIHDG,195.9,,,,*4D
2026-06-18T11:53:30.000Z $IIMWV,214.6,T,14.6,N,A*09
2026-06-18T11:53:30.000Z $IIDBT,76.2,f,23.2,M,12.7,F*25
2026-06-18T11:53:30.000Z $IIRPM,E,1,0,,A*66
2026-06-18T11:53:30.000Z $GPVTG,198.2,T,,M,7.0,N,12.9,K,A*32
2026-06-18T11:53:40.000Z $GPRMC,115340.00,A,5254.6109,N,00436.3201,E,6.9,196.2,180626,,,A*5D
2026-06-18T11:53:40.000Z $IIHDG,197.8,,,,*4E
2026-06-18T11:53:40.000Z $IIMWV,218.8,T,13.4,N,A*0E
2026-06-18T11:53:40.000Z $IIRPM,E,1,0,,A*66
2026-06-18T11:53:50.000Z $GPRMC,115350.00,A,5254.5935,N,00436.3255,E,6.5,197.3,180626,,,A*55
2026-06-18T11:53:50.000Z $IIHDG,195.3,,,,*47
2026-06-18T11:53:50.000Z $IIMWV,220.4,T,15.4,N,A*0F
2026-06-18T11:53:50.000Z $IIRPM,E,1,0,,A*66
2026-06-18T11:54:00.000Z $GPRMC,115400.00,A,5254.5804,N,00436.3217,E,7.0,195.3,180626,,,A*54
2026-06-18T11:54:00.000Z $GPGGA,115400.00,5254.5804,N,00436.3217,E,1,9,0.9,0.0,M,0.0,M,,*64
2026-06-18T11:54:00.000Z $IIHDG,197.8,,,,*4E
2026-06-18T11:54:00.000Z $IIMWV,219.5,T,14.6,N,A*07
2026-06-18T11:54:00.000Z $IIDBT,75.8,f,23.1,M,12.6,F*2E
2026-06-18T11:54:00.000Z $IIRPM,E,1,0,,A*66
2026-06-18T11:54:00.000Z $IIXDR,V,12.60,V,BATT*66
2026-06-18T11:54:00.000Z $GPVTG,195.3,T,,M,7.0,N,12.9,K,A*3E
2026-06-18T11:54:10.000Z $GPRMC,115410.00,A,5254.6024,N,00436.3078,E,6.7,197.8,180626,,,A*58
2026-06-18T11:54:10.000Z $IIHDG,195.6,,,,*42
2026-06-18T11:54:10.000Z $IIMWV,215.4,T,12.9,N,A*03
2026-06-18T11:54:10.000Z $IIRPM,E,1,0,,A*66
2026-06-18T11:54:20.000Z $GPRMC,115420.00,A,5254.5786,N,00436.2656,E,6.4,197.5,180626,,,A*52
2026-06-18T11:54:20.000Z $IIHDG,198.1,,,,*48
2026-06-18T11:54:20.000Z $IIMWV,214.3,T,14.4,N,A*0E
2026-06-18T11:54:20.000Z $IIRPM,E,1,0,,A*66
2026-06-18T11:54:30.000Z $GPRMC,115430.00,A,5254.5750,N,00436.2705,E,7.1,196.6,180626,,,A*59
2026-06-18T11:54:30.000Z $GPGGA,115430.00,5254.5750,N,00436.2705,E,1,11,0.9,0.0,M,0.0,M,,*57
2026-06-18T11:54:30.000Z $IIHDG,196.3,,,,*44
2026-06-18T11:54:30.000Z $IIMWV,216.1,T,14.5,N,A*0F
2026-06-18T11:54:30.000Z $IIDBT,74.4,f,22.7,M,12.4,F*26
2026-06-18T11:54:30.000Z $IIRPM,E,1,0,,A*66
2026-06-18T11:54:30.000Z $GPVTG,196.6,T,,M,7.1,N,13.1,K,A*30
2026-06-18T11:54:40.000Z $GPRMC,115440.00,A,5254.5585,N,00436.2593,E,6.5,198.0,180626,,,A*54
2026-06-18T11:54:40.000Z $IIHDG,195.6,,,,*42
2026-06-18T11:54:40.000Z $IIMWV,221.3,T,14.1,N,A*0D
2026-06-18T11:54:40.000Z $IIRPM,E,1,0,,A*66
2026-06-18T11:54:50.000Z $GPRMC,115450.00,A,5254.4902,N,00436.2793,E,6.7,197.3,180626,,,A*5B
2026-06-18T11:54:50.000Z $IIHDG,194.5,,,,*40
2026-06-18T11:54:50.000Z $IIMWV,215.2,T,14.3,N,A*09
2026-06-18T11:54:50.000Z $IIRPM,E,1,0,,A*66
2026-06-18T11:55:00.000Z $GPRMC,115500.00,A,5254.4727,N,00436.2452,E,6.7,196.5,180626,,,A*5F
2026-06-18T11:55:00.000Z $GPGGA,115500.00,5254.4727,N,00436.2452,E,1,11,0.9,0.0,M,0.0,M,,*55
2026-06-18T11:55:00.000Z $IIHDG,194.9,,,,*4C
2026-06-18T11:55:00.000Z $IIMWV,220.5,T,13.2,N,A*0E
2026-06-18T11:55:00.000Z $IIDBT,71.3,f,21.7,M,11.9,F*29
2026-06-18T11:55:00.000Z $IIRPM,E,1,0,,A*66
2026-06-18T11:55:00.000Z $IIXDR,V,12.67,V,BATT*61
2026-06-18T11:55:00.000Z $IIMTA,18.6,C*0A
2026-06-18T11:55:00.000Z $GPVTG,196.5,T,,M,6.7,N,12.4,K,A*30
2026-06-18T11:55:10.000Z $GPRMC,115510.00,A,5254.4958,N,00436.2453,E,6.6,196.1,180626,,,A*5C
2026-06-18T11:55:10.000Z $IIHDG,198.9,,,,*40
2026-06-18T11:55:10.000Z $IIMWV,219.8,T,14.0,N,A*0C
2026-06-18T11:55:10.000Z $IIRPM,E,1,0,,A*66
2026-06-18T11:55:20.000Z $GPRMC,115520.00,A,5254.4501,N,00436.2075,E,6.3,197.3,180626,,,A*59
2026-06-18T11:55:20.000Z $IIHDG,198.4,,,,*4D
2026-06-18T11:55:20.000Z $IIMWV,216.9,T,12.8,N,A*0C
2026-06-18T11:55:20.000Z $IIRPM,E,1,0,,A*66
2026-06-18T11:55:30.000Z $GPRMC,115530.00,A,5254.4237,N,00436.2257,E,6.5,195.3,180626,,,A*5C
2026-06-18T11:55:30.000Z $GPGGA,115530.00,5254.4237,N,00436.2257,E,1,9,0.9,0.0,M,0.0,M,,*68
2026-06-18T11:55:30.000Z $IIHDG,198.0,,,,*49
2026-06-18T11:55:30.000Z $IIMWV,219.5,T,14.6,N,A*07
2026-06-18T11:55:30.000Z $IIDBT,72.1,f,22.0,M,12.0,F*26
2026-06-18T11:55:30.000Z $IIRPM,E,1,0,,A*66
2026-06-18T11:55:30.000Z $GPVTG,195.3,T,,M,6.5,N,12.1,K,A*32
2026-06-18T11:55:40.000Z $GPRMC,115540.00,A,5254.4392,N,00436.2064,E,6.8,196.6,180626,,,A*5C
2026-06-18T11:55:40.000Z $IIHDG,195.2,,,,*46
2026-06-18T11:55:40.000Z $IIMWV,213.8,T,15.2,N,A*05
2026-06-18T11:55:40.000Z $IIRPM,E,1,0,,A*66
2026-06-18T11:55:50.000Z $GPRMC,115550.00,A,5254.4385,N,00436.2264,E,6.6,196.6,180626,,,A*57
2026-06-18T11:55:50.000Z $IIHDG,196.9,,,,*4E
2026-06-18T11:55:50.000Z $IIMWV,219.3,T,13.1,N,A*01
2026-06-18T11:55:50.000Z $IIRPM,E,1,0,,A*66
2026-06-18T11:56:00.000Z $GPRMC,115600.00,A,5254.3927,N,00436.2041,E,6.8,197.8,180626,,,A*50
2026-06-18T11:56:00.000Z $GPGGA,115600.00,5254.3927,N,00436.2041,E,1,10,0.9,0.0,M,0.0,M,,*58
2026-06-18T11:56:00.000Z $IIHDG,198.0,,,,*49
2026-06-18T11:56:00.000Z $IIMWV,221.2,T,12.9,N,A*02
2026-06-18T11:56:00.000Z $IIDBT,70.6,f,21.5,M,11.8,F*2E
2026-06-18T11:56:00.000Z $IIRPM,E,1,0,,A*66
2026-06-18T11:56:00.000Z $IIXDR,V,12.48,V,BATT*6C
2026-06-18T11:56:00.000Z $GPVTG,197.8,T,,M,6.8,N,12.6,K,A*31
2026-06-18T11:56:10.000Z $GPRMC,115610.00,A,5254.3925,N,00436.1909,E,6.9,197.7,180626,,,A*5B
2026-06-18T11:56:10.000Z $IIHDG,195.5,,,,*41
2026-06-18T11:56:10.000Z $IIMWV,219.8,T,14.3,N,A*0F
2026-06-18T11:56:10.000Z $IIRPM,E,1,0,,A*66
2026-06-18T11:56:20.000Z $GPRMC,115620.00,A,5254.3558,N,00436.1756,E,6.6,198.2,180626,,,A*5F
2026-06-18T11:56:20.000Z $IIHDG,194.7,,,,*42
2026-06-18T11:56:20.000Z $IIMWV,214.4,T,13.8,N,A*02
2026-06-18T11:56:20.000Z $IIRPM,E,1,0,,A*66
2026-06-18T11:56:30.000Z $GPRMC,115630.00,A,5254.3237,N,00436.2000,E,7.0,197.8,180626,,,A*55
2026-06-18T11:56:30.000Z $GPGGA,115630.00,5254.3237,N,00436.2000,E,1,12,0.9,0.0,M,0.0,M,,*56
2026-06-18T11:56:30.000Z $IIHDG,199.3,,,,*4B
2026-06-18T11:56:30.000Z $IIMWV,221.8,T,15.0,N,A*06
2026-06-18T11:56:30.000Z $IIDBT,76.2,f,23.2,M,12.7,F*25
2026-06-18T11:56:30.000Z $IIRPM,E,1,0,,A*66
2026-06-18T11:56:30.000Z $GPVTG,197.8,T,,M,7.0,N,13.0,K,A*3F
2026-06-18T11:56:40.000Z $GPRMC,115640.00,A,5254.3529,N,00436.1438,E,6.6,195.9,180626,,,A*52
2026-06-18T11:56:40.000Z $IIHDG,196.5,,,,*42
2026-06-18T11:56:40.000Z $IIMWV,214.1,T,13.3,N,A*0C
2026-06-18T11:56:40.000Z $IIRPM,E,1,0,,A*66
2026-06-18T11:56:50.000Z $GPRMC,115650.00,A,5254.3182,N,00436.1676,E,7.1,195.8,180626,,,A*59
2026-06-18T11:56:50.000Z $IIHDG,198.3,,,,*4A
2026-06-18T11:56:50.000Z $IIMWV,220.8,T,14.5,N,A*03
2026-06-18T11:56:50.000Z $IIRPM,E,1,0,,A*66
2026-06-18T11:57:00.000Z $GPRMC,115700.00,A,5254.2913,N,00436.1253,E,6.8,196.8,180626,,,A*54
2026-06-18T11:57:00.000Z $GPGGA,115700.00,5254.2913,N,00436.1253,E,1,9,0.9,0.0,M,0.0,M,,*65
2026-06-18T11:57:00.000Z $IIHDG,194.6,,,,*43
2026-06-18T11:57:00.000Z $IIMWV,221.5,T,14.1,N,A*0B
2026-06-18T11:57:00.000Z $IIDBT,75.8,f,23.1,M,12.6,F*2E
2026-06-18T11:57:00.000Z $IIRPM,E,1,0,,A*66
2026-06-18T11:57:00.000Z $IIXDR,V,12.45,V,BATT*61
2026-06-18T11:57:00.000Z $GPVTG,196.8,T,,M,6.8,N,12.6,K,A*30
2026-06-18T11:57:10.000Z $GPRMC,115710.00,A,5254.2538,N,00436.1678,E,6.4,197.1,180626,,,A*59
2026-06-18T11:57:10.000Z $IIHDG,195.7,,,,*43
2026-06-18T11:57:10.000Z $IIMWV,221.2,T,13.7,N,A*0D
2026-06-18T11:57:10.000Z $IIRPM,E,1,0,,A*66
2026-06-18T11:57:20.000Z $GPRMC,115720.00,A,5254.2767,N,00436.1334,E,6.8,196.4,180626,,,A*57
2026-06-18T11:57:20.000Z $IIHDG,195.3,,,,*47
2026-06-18T11:57:20.000Z $IIMWV,220.5,T,12.9,N,A*04
2026-06-18T11:57:20.000Z $IIRPM,E,1,0,,A*66
2026-06-18T11:57:30.000Z $GPRMC,115730.00,A,5254.2700,N,00436.1122,E,6.9,196.8,180626,,,A*5F
2026-06-18T11:57:30.000Z $GPGGA,115730.00,5254.2700,N,00436.1122,E,1,10,0.9,0.0,M,0.0,M,,*57
2026-06-18T11:57:30.000Z $IIHDG,196.6,,,,*41
2026-06-18T11:57:30.000Z $IIMWV,215.5,T,14.8,N,A*05
2026-06-18T11:57:30.000Z $IIDBT,79.6,f,24.3,M,13.3,F*2D
2026-06-18T11:57:30.000Z $IIRPM,E,1,0,,A*66
2026-06-18T11:57:30.000Z $GPVTG,196.8,T,,M,6.9,N,12.7,K,A*30
2026-06-18T11:57:40.000Z $GPRMC,115740.00,A,5254.2281,N,00436.1124,E,7.0,195.6,180626,,,A*57
2026-06-18T11:57:40.000Z $IIHDG,196.9,,,,*4E
2026-06-18T11:57:40.000Z $IIMWV,221.3,T,12.5,N,A*0F
2026-06-18T11:57:40.000Z $IIRPM,E,1,0,,A*66
2026-06-18T11:57:50.000Z $GPRMC,115750.00,A,5254.2043,N,00436.0843,E,6.6,196.7,180626,,,A*56
2026-06-18T11:57:50.000Z $IIHDG,197.5,,,,*43
2026-06-18T11:57:50.000Z $IIMWV,218.2,T,14.6,N,A*01
2026-06-18T11:57:50.000Z $IIRPM,E,1,0,,A*66
2026-06-18T11:58:00.000Z $GPRMC,115800.00,A,5254.1706,N,00436.0967,E,6.7,195.9,180626,,,A*52
2026-06-18T11:58:00.000Z $GPGGA,115800.00,5254.1706,N,00436.0967,E,1,9,0.9,0.0,M,0.0,M,,*6E
2026-06-18T11:58:00.000Z $IIHDG,197.4,,,,*42
2026-06-18T11:58:00.000Z $IIMWV,221.4,T,15.1,N,A*0B
2026-06-18T11:58:00.000Z $IIDBT,70.2,f,21.4,M,11.7,F*24
2026-06-18T11:58:00.000Z $IIRPM,E,1,0,,A*66
2026-06-18T11:58:00.000Z $IIXDR,V,12.45,V,BATT*61
2026-06-18T11:58:00.000Z $GPVTG,195.9,T,,M,6.7,N,12.5,K,A*3E
2026-06-18T11:58:10.000Z $GPRMC,115810.00,A,5254.1551,N,00436.1088,E,6.8,196.2,180626,,,A*5D
2026-06-18T11:58:10.000Z $IIHDG,194.6,,,,*43
2026-06-18T11:58:10.000Z $IIMWV,214.8,T,15.2,N,A*02
2026-06-18T11:58:10.000Z $IIRPM,E,1,0,,A*66
2026-06-18T11:58:20.000Z $GPRMC,115820.00,A,5254.1790,N,00436.0781,E,7.0,197.4,180626,,,A*50
2026-06-18T11:58:20.000Z $IIHDG,197.1,,,,*47
2026-06-18T11:58:20.000Z $IIMWV,218.5,T,15.3,N,A*02
2026-06-18T11:58:20.000Z $IIRPM,E,1,0,,A*66
2026-06-18T11:58:30.000Z $GPRMC,115830.00,A,5254.1730,N,00436.0483,E,7.0,196.1,180626,,,A*5E
2026-06-18T11:58:30.000Z $GPGGA,115830.00,5254.1730,N,00436.0483,E,1,12,0.9,0.0,M,0.0,M,,*55
2026-06-18T11:58:30.000Z $IIHDG,195.8,,,,*4C
2026-06-18T11:58:30.000Z $IIMWV,212.2,T,13.0,N,A*0A
2026-06-18T11:58:30.000Z $IIDBT,72.3,f,22.0,M,12.0,F*24
2026-06-18T11:58:30.000Z $IIRPM,E,1,0,,A*66
2026-06-18T11:58:30.000Z $GPVTG,196.1,T,,M,7.0,N,12.9,K,A*3F
2026-06-18T11:58:40.000Z $GPRMC,115840.00,A,5254.1274,N,00436.0753,E,6.4,196.6,180626,,,A*50
2026-06-18T11:58:40.000Z $IIHDG,197.5,,,,*43
2026-06-18T11:58:40.000Z $IIMWV,212.6,T,15.1,N,A*09
2026-06-18T11:58:40.000Z $IIRPM,E,1,0,,A*66
2026-06-18T11:58:50.000Z $GPRMC,115850.00,A,5254.1214,N,00436.0494,E,6.5,196.0,180626,,,A*58
2026-06-18T11:58:50.000Z $IIHDG,195.7,,,,*43
2026-06-18T11:58:50.000Z $IIMWV,212.0,T,14.4,N,A*0B
2026-06-18T11:58:50.000Z $IIRPM,E,1,0,,A*66
2026-06-18T11:59:00.000Z $GPRMC,115900.00,A,5254.1151,N,00436.0284,E,6.6,198.2,180626,,,A*56
2026-06-18T11:59:00.000Z $GPGGA,115900.00,5254.1151,N,00436.0284,E,1,8,0.9,0.0,M,0.0,M,,*6C
2026-06-18T11:59:00.000Z $IIHDG,196.3,,,,*44
2026-06-18T11:59:00.000Z $IIMWV,220.9,T,14.8,N,A*0F
2026-06-18T11:59:00.000Z $IIDBT,70.5,f,21.5,M,11.8,F*2D
2026-06-18T11:59:00.000Z $IIRPM,E,1,0,,A*66
2026-06-18T11:59:00.000Z $IIXDR,V,12.41,V,BATT*65
2026-06-18T11:59:00.000Z $GPVTG,198.2,T,,M,6.6,N,12.2,K,A*3E
2026-06-18T11:59:10.000Z $GPRMC,115910.00,A,5254.0886,N,00436.0166,E,6.8,195.9,180626,,,A*52
2026-06-18T11:59:10.000Z $IIHDG,198.7,,,,*4E
2026-06-18T11:59:10.000Z $IIMWV,218.5,T,13.2,N,A*05
2026-06-18T11:59:10.000Z $IIRPM,E,1,0,,A*66
2026-06-18T11:59:20.000Z $GPRMC,115920.00,A,5254.0854,N,00436.0473,E,6.5,197.1,180626,,,A*58
2026-06-18T11:59:20.000Z $IIHDG,195.3,,,,*47
2026-06-18T11:59:20.000Z $IIMWV,211.9,T,13.8,N,A*0A
2026-06-18T11:59:20.000Z $IIRPM,E,1,0,,A*66
2026-06-18T11:59:30.000Z $GPRMC,115930.00,A,5254.0799,N,00436.0043,E,6.9,197.3,180626,,,A*5E
2026-06-18T11:59:30.000Z $GPGGA,115930.00,5254.0799,N,00436.0043,E,1,12,0.9,0.0,M,0.0,M,,*5E
2026-06-18T11:59:30.000Z $IIHDG,196.9,,,,*4E
2026-06-18T11:59:30.000Z $IIMWV,220.5,T,14.1,N,A*0A
2026-06-18T11:59:30.000Z $IIDBT,70.1,f,21.4,M,11.7,F*27
2026-06-18T11:59:30.000Z $IIRPM,E,1,0,,A*66
2026-06-18T11:59:30.000Z $GPVTG,197.3,T,,M,6.9,N,12.7,K,A*3A
2026-06-18T11:59:40.000Z $GPRMC,115940.00,A,5254.0238,N,00435.9874,E,6.9,195.5,180626,,,A*55
2026-06-18T11:59:40.000Z $IIHDG,198.4,,,,*4D
2026-06-18T11:59:40.000Z $IIMWV,213.7,T,14.7,N,A*0E
2026-06-18T11:59:40.000Z $IIRPM,E,1,0,,A*66
2026-06-18T11:59:50.000Z $GPRMC,115950.00,A,5254.0074,N,00435.9899,E,6.4,197.7,180626,,,A*50
2026-06-18T11:59:50.000Z $IIHDG,195.0,,,,*44
2026-06-18T11:59:50.000Z $IIMWV,220.8,T,15.2,N,A*05
2026-06-18T11:59:50.000Z $IIRPM,E,1,0,,A*66
2026-06-18T12:00:00.000Z $GPRMC,120000.00,A,5253.9884,N,00436.0185,E,6.6,197.1,180626,,,A*59
2026-06-18T12:00:00.000Z $GPGGA,120000.00,5253.9884,N,00436.0185,E,1,9,0.9,0.0,M,0.0,M,,*6E
2026-06-18T12:00:00.000Z $IIHDG,198.4,,,,*4D
2026-06-18T12:00:00.000Z $IIMWV,214.8,T,14.6,N,A*07
2026-06-18T12:00:00.000Z $IIDBT,72.5,f,22.1,M,12.1,F*22
2026-06-18T12:00:00.000Z $IIRPM,E,1,0,,A*66
2026-06-18T12:00:00.000Z $IIXDR,V,12.59,V,BATT*6C
2026-06-18T12:00:00.000Z $IIMTA,19.2,C*0F
2026-06-18T12:00:00.000Z $GPVTG,197.1,T,,M,6.6,N,12.2,K,A*32
2026-06-18T12:00:10.000Z $GPRMC,120010.00,A,5253.9903,N,00436.0000,E,8.0,189.8,180626,,,A*54
2026-06-18T12:00:10.000Z $IIHDG,190.3,,,,*42
2026-06-18T12:00:10.000Z $IIMWV,205.4,T,14.2,N,A*0F
2026-06-18T12:00:10.000Z $IIRPM,E,1,0,,A*66
2026-06-18T12:00:20.000Z $GPRMC,120020.00,A,5253.9815,N,00435.9713,E,8.0,187.8,180626,,,A*50
2026-06-18T12:00:20.000Z $IIHDG,190.6,,,,*47
2026-06-18T12:00:20.000Z $IIMWV,205.5,T,13.2,N,A*09
2026-06-18T12:00:20.000Z $IIRPM,E,1,0,,A*66
2026-06-18T12:00:30.000Z $GPRMC,120030.00,A,5253.9214,N,00435.9566,E,8.0,189.7,180626,,,A*5B
2026-06-18T12:00:30.000Z $GPGGA,120030.00,5253.9214,N,00435.9566,E,1,9,0.9,0.0,M,0.0,M,,*6D
2026-06-18T12:00:30.000Z $IIHDG,190.6,,,,*47
2026-06-18T12:00:30.000Z $IIMWV,207.2,T,14.8,N,A*01
2026-06-18T12:00:30.000Z $IIDBT,70.4,f,21.5,M,11.7,F*23
2026-06-18T12:00:30.000Z $IIRPM,E,1,0,,A*66
2026-06-18T12:00:30.000Z $GPVTG,189.7,T,,M,8.0,N,14.8,K,A*3F
2026-06-18T12:00:40.000Z $GPRMC,120040.00,A,5253.9220,N,00435.9906,E,8.0,188.5,180626,,,A*52
2026-06-18T12:00:40.000Z $IIHDG,188.1,,,,*49
2026-06-18T12:00:40.000Z $IIMWV,210.7,T,14.5,N,A*0F
2026-06-18T12:00:40.000Z $IIRPM,E,1,0,,A*66
2026-06-18T12:00:50.000Z $GPRMC,120050.00,A,5253.9165,N,00435.9907,E,8.0,189.2,180626,,,A*56
2026-06-18T12:00:50.000Z $IIHDG,186.4,,,,*42
2026-06-18T12:00:50.000Z $IIMWV,213.0,T,13.4,N,A*0D
2026-06-18T12:00:50.000Z $IIRPM,E,1,0,,A*66
2026-06-18T12:01:00.000Z $GPRMC,120100.00,A,5253.8957,N,00435.9779,E,8.0,188.0,180626,,,A*5E
2026-06-18T12:01:00.000Z $GPGGA,120100.00,5253.8957,N,00435.9779,E,1,12,0.9,0.0,M,0.0,M,,*54
2026-06-18T12:01:00.000Z $IIHDG,188.5,,,,*4D
2026-06-18T12:01:00.000Z $IIMWV,212.8,T,13.5,N,A*05
2026-06-18T12:01:00.000Z $IIDBT,69.8,f,21.3,M,11.6,F*20
2026-06-18T12:01:00.000Z $IIRPM,E,1,0,,A*66
2026-06-18T12:01:00.000Z $IIXDR,V,12.66,V,BATT*60
2026-06-18T12:01:00.000Z $GPVTG,188.0,T,,M,8.0,N,14.8,K,A*39
2026-06-18T12:01:10.000Z $GPRMC,120110.00,A,5253.8408,N,00435.9401,E,8.0,187.5,180626,,,A*5E
2026-06-18T12:01:10.000Z $IIHDG,189.4,,,,*4D
2026-06-18T12:01:10.000Z $IIMWV,204.1,T,13.7,N,A*09
2026-06-18T12:01:10.000Z $IIRPM,E,1,0,,A*66
2026-06-18T12:01:20.000Z $GPRMC,120120.00,A,5253.8119,N,00435.9601,E,8.0,187.2,180626,,,A*5D
2026-06-18T12:01:20.000Z $IIHDG,187.7,,,,*40
2026-06-18T12:01:20.000Z $IIMWV,213.1,T,14.1,N,A*0E
2026-06-18T12:01:20.000Z $IIRPM,E,1,0,,A*66
2026-06-18T12:01:30.000Z $GPRMC,120130.00,A,5253.8126,N,00435.9507,E,8.0,188.2,180626,,,A*5A
2026-06-18T12:01:30.000Z $GPGGA,120130.00,5253.8126,N,00435.9507,E,1,10,0.9,0.0,M,0.0,M,,*50
2026-06-18T12:01:30.000Z $IIHDG,190.0,,,,*41
2026-06-18T12:01:30.000Z $IIMWV,205.2,T,12.6,N,A*0B
2026-06-18T12:01:30.000Z $IIDBT,76.6,f,23.4,M,12.8,F*28
2026-06-18T12:01:30.000Z $IIRPM,E,1,0,,A*66
2026-06-18T12:01:30.000Z $GPVTG,188.2,T,,M,8.0,N,14.8,K,A*3B
2026-06-18T12:01:40.000Z $GPRMC,120140.00,A,5253.7843,N,00435.9253,E,8.0,187.6,180626,,,A*55
2026-06-18T12:01:40.000Z $IIHDG,188.0,,,,*48
2026-06-18T12:01:40.000Z $IIMWV,204.6,T,12.6,N,A*0E
2026-06-18T12:01:40.000Z $IIRPM,E,1,0,,A*66
2026-06-18T12:01:50.000Z $GPRMC,120150.00,A,5253.7314,N,00435.9414,E,8.0,188.5,180626,,,A*54
2026-06-18T12:01:50.000Z $IIHDG,189.8,,,,*41
2026-06-18T12:01:50.000Z $IIMWV,210.2,T,14.4,N,A*0B
2026-06-18T12:01:50.000Z $IIRPM,E,1,0,,A*66
2026-06-18T12:02:00.000Z $GPRMC,120200.00,A,5253.7347,N,00435.9065,E,8.0,188.7,180626,,,A*54
2026-06-18T12:02:00.000Z $GPGGA,120200.00,5253.7347,N,00435.9065,E,1,12,0.9,0.0,M,0.0,M,,*59
2026-06-18T12:02:00.000Z $IIHDG,186.8,,,,*4E
2026-06-18T12:02:00.000Z $IIMWV,212.8,T,14.8,N,A*0F
2026-06-18T12:02:00.000Z $IIDBT,70.7,f,21.5,M,11.8,F*2F
2026-06-18T12:02:00.000Z $IIRPM,E,1,0,,A*66
2026-06-18T12:02:00.000Z $IIXDR,V,12.49,V,BATT*6D
2026-06-18T12:02:00.000Z $GPVTG,188.7,T,,M,8.0,N,14.8,K,A*3E
2026-06-18T12:02:10.000Z $GPRMC,120210.00,A,5253.7159,N,00435.9115,E,8.0,189.8,180626,,,A*50
2026-06-18T12:02:10.000Z $IIHDG,190.0,,,,*41
2026-06-18T12:02:10.000Z $IIMWV,209.5,T,13.0,N,A*07
2026-06-18T12:02:10.000Z $IIRPM,E,1,0,,A*66
2026-06-18T12:02:20.000Z $GPRMC,120220.00,A,5253.7102,N,00435.9007,E,8.0,190.1,180626,,,A*5E
2026-06-18T12:02:20.000Z $IIHDG,186.9,,,,*4F
2026-06-18T12:02:20.000Z $IIMWV,205.8,T,12.9,N,A*0E
2026-06-18T12:02:20.000Z $IIRPM,E,1,0,,A*66
2026-06-18T12:02:30.000Z $GPRMC,120230.00,A,5253.6626,N,00435.8965,E,8.0,189.3,180626,,,A*59
2026-06-18T12:02:30.000Z $GPGGA,120230.00,5253.6626,N,00435.8965,E,1,9,0.9,0.0,M,0.0,M,,*6B
2026-06-18T12:02:30.000Z $IIHDG,186.2,,,,*44
2026-06-18T12:02:30.000Z $IIMWV,208.6,T,14.5,N,A*07
2026-06-18T12:02:30.000Z $IIDBT,77.6,f,23.6,M,12.9,F*2A
2026-06-18T12:02:30.000Z $IIRPM,E,1,0,,A*66
2026-06-18T12:02:30.000Z $GPVTG,189.3,T,,M,8.0,N,14.8,K,A*3B
2026-06-18T12:02:40.000Z $GPRMC,120240.00,A,5253.6680,N,00435.8996,E,8.0,189.4,180626,,,A*59
2026-06-18T12:02:40.000Z $IIHDG,188.3,,,,*4B
2026-06-18T12:02:40.000Z $IIMWV,212.8,T,14.3,N,A*04
2026-06-18T12:02:40.000Z $IIRPM,E,1,0,,A*66
2026-06-18T12:02:50.000Z $GPRMC,120250.00,A,5253.6162,N,00435.8930,E,8.0,188.9,180626,,,A*53
2026-06-18T12:02:50.000Z $IIHDG,189.9,,,,*40
2026-06-18T12:02:50.000Z $IIMWV,203.7,T,14.0,N,A*08
2026-06-18T12:02:50.000Z $IIRPM,E,1,0,,A*66
2026-06-18T12:03:00.000Z $GPRMC,120300.00,A,5253.5783,N,00435.8983,E,8.0,189.3,180626,,,A*5E
2026-06-18T12:03:00.000Z $GPGGA,120300.00,5253.5783,N,00435.8983,E,1,10,0.9,0.0,M,0.0,M,,*54
2026-06-18T12:03:00.000Z $IIHDG,189.2,,,,*4B
2026-06-18T12:03:00.000Z $IIMWV,210.3,T,14.3,N,A*0D
2026-06-18T12:03:00.000Z $IIDBT,73.4,f,22.4,M,12.2,F*24
2026-06-18T12:03:00.000Z $IIRPM,E,1,0,,A*66
2026-06-18T12:03:00.000Z $IIXDR,V,12.61,V,BATT*67
2026-06-18T12:03:00.000Z $GPVTG,189.3,T,,M,8.0,N,14.8,K,A*3B
2026-06-18T12:03:10.000Z $GPRMC,120310.00,A,5253.5778,N,00435.9006,E,8.0,189.8,180626,,,A*55
2026-06-18T12:03:10.000Z $IIHDG,188.1,,,,*49
2026-06-18T12:03:10.000Z $IIMWV,210.2,T,13.8,N,A*00
2026-06-18T12:03:10.000Z $IIRPM,E,1,0,,A*66
2026-06-18T12:03:20.000Z $GPRMC,120320.00,A,5253.5558,N,00435.8659,E,8.0,188.9,180626,,,A*5B
2026-06-18T12:03:20.000Z $IIHDG,190.3,,,,*42
2026-06-18T12:03:20.000Z $IIMWV,208.3,T,15.2,N,A*04
2026-06-18T12:03:20.000Z $IIRPM,E,1,0,,A*66
2026-06-18T12:03:30.000Z $GPRMC,120330.00,A,5253.5150,N,00435.8662,E,8.0,188.1,180626,,,A*56
2026-06-18T12:03:30.000Z $GPGGA,120330.00,5253.5150,N,00435.8662,E,1,9,0.9,0.0,M,0.0,M,,*67
2026-06-18T12:03:30.000Z $IIHDG,189.4,,,,*4D
2026-06-18T12:03:30.000Z $IIMWV,206.6,T,13.5,N,A*0E
2026-06-18T12:03:30.000Z $IIDBT,69.4,f,21.1,M,11.6,F*2E
2026-06-18T12:03:30.000Z $IIRPM,E,1,0,,A*66
2026-06-18T12:03:30.000Z $GPVTG,188.1,T,,M,8.0,N,14.8,K,A*38
2026-06-18T12:03:40.000Z $GPRMC,120340.00,A,5253.5391,N,00435.8858,E,8.0,188.6,180626,,,A*5E
2026-06-18T12:03:40.000Z $IIHDG,188.9,,,,*41
2026-06-18T12:03:40.000Z $IIMWV,212.1,T,14.8,N,A*06
2026-06-18T12:03:40.000Z $IIRPM,E,1,0,,A*66
2026-06-18T12:03:50.000Z $GPRMC,120350.00,A,5253.5049,N,00435.8680,E,8.0,189.6,180626,,,A*53
2026-06-18T12:03:50.000Z $IIHDG,190.8,,,,*49
2026-06-18T12:03:50.000Z $IIMWV,208.5,T,15.3,N,A*03
2026-06-18T12:03:50.000Z $IIRPM,E,1,0,,A*66
2026-06-18T12:04:00.000Z $GPRMC,120400.00,A,5253.4790,N,00435.8508,E,8.0,189.2,180626,,,A*54
2026-06-18T12:04:00.000Z $GPGGA,120400.00,5253.4790,N,00435.8508,E,1,12,0.9,0.0,M,0.0,M,,*5D
2026-06-18T12:04:00.000Z $IIHDG,187.1,,,,*46
2026-06-18T12:04:00.000Z $IIMWV,206.0,T,14.6,N,A*0C
2026-06-18T12:04:00.000Z $IIDBT,76.2,f,23.2,M,12.7,F*25
2026-06-18T12:04:00.000Z $IIRPM,E,1,0,,A*66
2026-06-18T12:04:00.000Z $IIXDR,V,12.55,V,BATT*60
2026-06-18T12:04:00.000Z $GPVTG,189.2,T,,M,8.0,N,14.8,K,A*3A
2026-06-18T12:04:10.000Z $GPRMC,120410.00,A,5253.4582,N,00435.8813,E,8.0,188.3,180626,,,A*53
2026-06-18T12:04:10.000Z $IIHDG,190.4,,,,*45
2026-06-18T12:04:10.000Z $IIMWV,206.7,T,14.9,N,A*04
2026-06-18T12:04:10.000Z $IIRPM,E,1,0,,A*66
2026-06-18T12:04:20.000Z $GPRMC,120420.00,A,5253.4348,N,00435.8681,E,8.0,190.1,180626,,,A*5E
2026-06-18T12:04:20.000Z $IIHDG,189.4,,,,*4D
2026-06-18T12:04:20.000Z $IIMWV,206.2,T,14.2,N,A*0A
2026-06-18T12:04:20.000Z $IIRPM,E,1,0,,A*66
2026-06-18T12:04:30.000Z $GPRMC,120430.00,A,5253.3832,N,00435.8770,E,8.0,189.0,180626,,,A*58
2026-06-18T12:04:30.000Z $GPGGA,120430.00,5253.3832,N,00435.8770,E,1,8,0.9,0.0,M,0.0,M,,*68
2026-06-18T12:04:30.000Z $IIHDG,190.6,,,,*47
2026-06-18T12:04:30.000Z $IIMWV,204.2,T,13.1,N,A*0C
2026-06-18T12:04:30.000Z $IIDBT,70.8,f,21.6,M,11.8,F*23
2026-06-18T12:04:30.000Z $IIRPM,E,1,0,,A*66
2026-06-18T12:04:30.000Z $GPVTG,189.0,T,,M,8.0,N,14.8,K,A*38
2026-06-18T12:04:40.000Z $GPRMC,120440.00,A,5253.3511,N,00435.8174,E,7.9,189.3,180626,,,A*54
2026-06-18T12:04:40.000Z $IIHDG,188.0,,,,*48
2026-06-18T12:04:40.000Z $IIMWV,211.3,T,12.6,N,A*0F
2026-06-18T12:04:40.000Z $IIRPM,E,1,0,,A*66
2026-06-18T12:04:50.000Z $GPRMC,120450.00,A,5253.3326,N,00435.8225,E,8.0,188.6,180626,,,A*52
2026-06-18T12:04:50.000Z $IIHDG,189.4,,,,*4D
2026-06-18T12:04:50.000Z $IIMWV,210.0,T,14.6,N,A*0B
2026-06-18T12:04:50.000Z $IIRPM,E,1,0,,A*66
2026-06-18T12:05:00.000Z $GPRMC,120500.00,A,5253.3343,N,00435.8585,E,8.0,189.6,180626,,,A*59
2026-06-18T12:05:00.000Z $GPGGA,120500.00,5253.3343,N,00435.8585,E,1,8,0.9,0.0,M,0.0,M,,*6F
2026-06-18T12:05:00.000Z $IIHDG,186.3,,,,*45
2026-06-18T12:05:00.000Z $IIMWV,207.5,T,13.7,N,A*0E
2026-06-18T12:05:00.000Z $IIDBT,71.9,f,21.9,M,12.0,F*27
2026-06-18T12:05:00.000Z $IIRPM,E,1,0,,A*66
2026-06-18T12:05:00.000Z $IIXDR,V,12.48,V,BATT*6C
2026-06-18T12:05:00.000Z $IIMTA,19.0,C*0D
2026-06-18T12:05:00.000Z $GPVTG,189.6,T,,M,8.0,N,14.8,K,A*3E
2026-06-18T12:05:10.000Z $GPRMC,120510.00,A,5253.3332,N,00435.8217,E,8.0,187.7,180626,,,A*5D
2026-06-18T12:05:10.000Z $IIHDG,187.0,,,,*47
2026-06-18T12:05:10.000Z $IIMWV,208.8,T,15.5,N,A*08
2026-06-18T12:05:10.000Z $IIRPM,E,1,0,,A*66
2026-06-18T12:05:20.000Z $GPRMC,120520.00,A,5253.2910,N,00435.8021,E,7.9,187.6,180626,,,A*55
2026-06-18T12:05:20.000Z $IIHDG,189.1,,,,*48
2026-06-18T12:05:20.000Z $IIMWV,211.3,T,15.3,N,A*0D
2026-06-18T12:05:20.000Z $IIRPM,E,1,0,,A*66
2026-06-18T12:05:30.000Z $GPRMC,120530.00,A,5253.2966,N,00435.7936,E,8.0,189.4,180626,,,A*5F
2026-06-18T12:05:30.000Z $GPGGA,120530.00,5253.2966,N,00435.7936,E,1,11,0.9,0.0,M,0.0,M,,*53
2026-06-18T12:05:30.000Z $IIHDG,190.7,,,,*46
2026-06-18T12:05:30.000Z $IIMWV,206.7,T,12.5,N,A*0E
2026-06-18T12:05:30.000Z $IIDBT,69.3,f,21.1,M,11.5,F*2A
2026-06-18T12:05:30.000Z $IIRPM,E,1,0,,A*66
2026-06-18T12:05:30.000Z $GPVTG,189.4,T,,M,8.0,N,14.8,K,A*3C
2026-06-18T12:05:40.000Z $GPRMC,120540.00,A,5253.2201,N,00435.7983,E,8.0,188.7,180626,,,A*5E
2026-06-18T12:05:40.000Z $IIHDG,190.7,,,,*46
2026-06-18T12:05:40.000Z $IIMWV,207.7,T,12.9,N,A*03
2026-06-18T12:05:40.000Z $IIRPM,E,1,0,,A*66
2026-06-18T12:05:50.000Z $GPRMC,120550.00,A,5253.1967,N,00435.7810,E,8.0,189.3,180626,,,A*59
2026-06-18T12:05:50.000Z $IIHDG,191.0,,,,*40
2026-06-18T12:05:50.000Z $IIMWV,205.5,T,13.9,N,A*02
2026-06-18T12:05:50.000Z $IIRPM,E,1,0,,A*66
2026-06-18T12:06:00.000Z $GPRMC,120600.00,A,5253.2031,N,00435.8101,E,8.0,189.8,180626,,,A*5B
2026-06-18T12:06:00.000Z $GPGGA,120600.00,5253.2031,N,00435.8101,E,1,11,0.9,0.0,M,0.0,M,,*5B
2026-06-18T12:06:00.000Z $IIHDG,186.7,,,,*41
2026-06-18T12:06:00.000Z $IIMWV,213.6,T,13.4,N,A*0B
2026-06-18T12:06:00.000Z $IIDBT,77.7,f,23.7,M,13.0,F*22
2026-06-18T12:06:00.000Z $IIRPM,E,1,0,,A*66
2026-06-18T12:06:00.000Z $IIXDR,V,12.45,V,BATT*61
2026-06-18T12:06:00.000Z $GPVTG,189.8,T,,M,8.0,N,14.8,K,A*30
2026-06-18T12:06:10.000Z $GPRMC,120610.00,A,5253.1760,N,00435.7852,E,8.0,188.9,180626,,,A*5A
2026-06-18T12:06:10.000Z $IIHDG,188.7,,,,*4F
2026-06-18T12:06:10.000Z $IIMWV,203.8,T,14.0,N,A*07
2026-06-18T12:06:10.000Z $IIRPM,E,1,0,,A*66
2026-06-18T12:06:20.000Z $GPRMC,120620.00,A,5253.1613,N,00435.7917,E,7.9,189.6,180626,,,A*54
2026-06-18T12:06:20.000Z $IIHDG,190.6,,,,*47
2026-06-18T12:06:20.000Z $IIMWV,208.2,T,14.3,N,A*05
2026-06-18T12:06:20.000Z $IIRPM,E,1,0,,A*66
2026-06-18T12:06:30.000Z $GPRMC,120630.00,A,5253.1140,N,00435.7921,E,8.0,187.7,180626,,,A*58
2026-06-18T12:06:30.000Z $GPGGA,120630.00,5253.1140,N,00435.7921,E,1,8,0.9,0.0,M,0.0,M,,*61
2026-06-18T12:06:30.000Z $IIHDG,186.7,,,,*41
2026-06-18T12:06:30.000Z $IIMWV,204.2,T,13.6,N,A*0B
2026-06-18T12:06:30.000Z $IIDBT,75.5,f,23.0,M,12.6,F*22
2026-06-18T12:06:30.000Z $IIRPM,E,1,0,,A*66
2026-06-18T12:06:30.000Z $GPVTG,187.7,T,,M,8.0,N,14.8,K,A*31
2026-06-18T12:06:40.000Z $GPRMC,120640.00,A,5253.1189,N,00435.7869,E,7.9,187.8,180626,,,A*5E
2026-06-18T12:06:40.000Z $IIHDG,191.0,,,,*40
2026-06-18T12:06:40.000Z $IIMWV,206.7,T,13.0,N,A*0A
2026-06-18T12:06:40.000Z $IIRPM,E,1,0,,A*66
2026-06-18T12:06:50.000Z $GPRMC,120650.00,A,5253.0777,N,00435.7486,E,8.0,189.8,180626,,,A*5C
2026-06-18T12:06:50.000Z $IIHDG,189.2,,,,*4B
2026-06-18T12:06:50.000Z $IIMWV,210.3,T,15.3,N,A*0C
2026-06-18T12:06:50.000Z $IIRPM,E,1,0,,A*66
2026-06-18T12:07:00.000Z $GPRMC,120700.00,A,5253.0697,N,00435.7709,E,7.9,188.3,180626,,,A*5F
2026-06-18T12:07:00.000Z $GPGGA,120700.00,5253.0697,N,00435.7709,E,1,9,0.9,0.0,M,0.0,M,,*6A
2026-06-18T12:07:00.000Z $IIHDG,188.0,,,,*48
2026-06-18T12:07:00.000Z $IIMWV,205.6,T,14.2,N,A*0D
2026-06-18T12:07:00.000Z $IIDBT,69.5,f,21.2,M,11.6,F*2C
2026-06-18T12:07:00.000Z $IIRPM,E,1,0,,A*66
2026-06-18T12:07:00.000Z $IIXDR,V,12.60,V,BATT*66
2026-06-18T12:07:00.000Z $GPVTG,188.3,T,,M,7.9,N,14.7,K,A*33
2026-06-18T12:07:10.000Z $GPRMC,120710.00,A,5253.0250,N,00435.7722,E,7.9,188.1,180626,,,A*5A
2026-06-18T12:07:10.000Z $IIHDG,186.4,,,,*42
2026-06-18T12:07:10.000Z $IIMWV,206.6,T,15.3,N,A*0E
2026-06-18T12:07:10.000Z $IIRPM,E,1,0,,A*66
2026-06-18T12:07:20.000Z $GPRMC,120720.00,A,5253.0118,N,00435.7597,E,8.0,189.2,180626,,,A*5E
2026-06-18T12:07:20.000Z $IIHDG,187.6,,,,*41
2026-06-18T12:07:20.000Z $IIMWV,211.7,T,14.6,N,A*0D
2026-06-18T12:07:20.000Z $IIRPM,E,1,0,,A*66
2026-06-18T12:07:30.000Z $GPRMC,120730.00,A,5252.9857,N,00435.7390,E,8.0,188.8,180626,,,A*5F
2026-06-18T12:07:30.000Z $GPGGA,120730.00,5252.9857,N,00435.7390,E,1,12,0.9,0.0,M,0.0,M,,*5D
2026-06-18T12:07:30.000Z $IIHDG,188.5,,,,*4D
2026-06-18T12:07:30.000Z $IIMWV,213.2,T,14.3,N,A*0F
2026-06-18T12:07:30.000Z $IIDBT,69.2,f,21.1,M,11.5,F*2B
2026-06-18T12:07:30.000Z $IIRPM,E,1,0,,A*66
2026-06-18T12:07:30.000Z $GPVTG,188.8,T,,M,8.0,N,14.8,K,A*31
2026-06-18T12:07:40.000Z $GPRMC,120740.00,A,5252.9689,N,00435.7322,E,8.0,187.9,180626,,,A*52
2026-06-18T12:07:40.000Z $IIHDG,189.8,,,,*41
2026-06-18T12:07:40.000Z $IIMWV,210.9,T,13.4,N,A*07
2026-06-18T12:07:40.000Z $IIRPM,E,1,0,,A*66
2026-06-18T12:07:50.000Z $GPRMC,120750.00,A,5252.9611,N,00435.7253,E,8.0,188.4,180626,,,A*57
2026-06-18T12:07:50.000Z $IIHDG,190.7,,,,*46
2026-06-18T12:07:50.000Z $IIMWV,205.1,T,13.1,N,A*0E
2026-06-18T12:07:50.000Z $IIRPM,E,1,0,,A*66
2026-06-18T12:08:00.000Z $GPRMC,120800.00,A,5252.9363,N,00435.7191,E,8.0,189.4,180626,,,A*51
2026-06-18T12:08:00.000Z $GPGGA,120800.00,5252.9363,N,00435.7191,E,1,12,0.9,0.0,M,0.0,M,,*5E
2026-06-18T12:08:00.000Z $IIHDG,190.7,,,,*46
2026-06-18T12:08:00.000Z $IIMWV,209.3,T,14.6,N,A*00
2026-06-18T12:08:00.000Z $IIDBT,76.0,f,23.2,M,12.7,F*27
2026-06-18T12:08:00.000Z $IIRPM,E,1,0,,A*66
2026-06-18T12:08:00.000Z $IIXDR,V,12.57,V,BATT*62
2026-06-18T12:08:00.000Z $GPVTG,189.4,T,,M,8.0,N,14.8,K,A*3C
2026-06-18T12:08:10.000Z $GPRMC,120810.00,A,5252.8882,N,00435.7445,E,7.9,188.6,180626,,,A*5C
2026-06-18T12:08:10.000Z $IIHDG,187.7,,,,*40
2026-06-18T12:08:10.000Z $IIMWV,208.5,T,14.6,N,A*07
2026-06-18T12:08:10.000Z $IIRPM,E,1,0,,A*66
2026-06-18T12:08:20.000Z $GPRMC,120820.00,A,5252.9033,N,00435.7288,E,8.0,188.0,180626,,,A*5B
2026-06-18T12:08:20.000Z $IIHDG,190.5,,,,*44
2026-06-18T12:08:20.000Z $IIMWV,211.3,T,14.0,N,A*0F
2026-06-18T12:08:20.000Z $IIRPM,E,1,0,,A*66
2026-06-18T12:08:30.000Z $GPRMC,120830.00,A,5252.8874,N,00435.6907,E,8.0,189.0,180626,,,A*5C
2026-06-18T12:08:30.000Z $GPGGA,120830.00,5252.8874,N,00435.6907,E,1,12,0.9,0.0,M,0.0,M,,*57
2026-06-18T12:08:30.000Z $IIHDG,186.7,,,,*41
2026-06-18T12:08:30.000Z $IIMWV,209.6,T,14.8,N,A*0B
2026-06-18T12:08:30.000Z $IIDBT,69.4,f,21.2,M,11.6,F*2D
2026-06-18T12:08:30.000Z $IIRPM,E,1,0,,A*66
2026-06-18T12:08:30.000Z $GPVTG,189.0,T,,M,8.0,N,14.8,K,A*38
2026-06-18T12:08:40.000Z $GPRMC,120840.00,A,5252.8675,N,00435.7120,E,8.0,188.9,180626,,,A*50
2026-06-18T12:08:40.000Z $IIHDG,189.1,,,,*48
2026-06-18T12:08:40.000Z $IIMWV,212.4,T,13.6,N,A*0A
2026-06-18T12:08:40.000Z $IIRPM,E,1,0,,A*66
2026-06-18T12:08:50.000Z $GPRMC,120850.00,A,5252.8326,N,00435.7227,E,8.0,189.5,180626,,,A*5B
2026-06-18T12:08:50.000Z $IIHDG,188.7,,,,*4F
2026-06-18T12:08:50.000Z $IIMWV,207.2,T,15.5,N,A*0D
2026-06-18T12:08:50.000Z $IIRPM,E,1,0,,A*66
2026-06-18T12:09:00.000Z $GPRMC,120900.00,A,5252.7879,N,00435.6709,E,8.0,189.9,180626,,,A*55
2026-06-18T12:09:00.000Z $GPGGA,120900.00,5252.7879,N,00435.6709,E,1,12,0.9,0.0,M,0.0,M,,*57
2026-06-18T12:09:00.000Z $IIHDG,187.3,,,,*44
2026-06-18T12:09:00.000Z $IIMWV,212.2,T,13.6,N,A*0C
2026-06-18T12:09:00.000Z $IIDBT,70.1,f,21.4,M,11.7,F*27
2026-06-18T12:09:00.000Z $IIRPM,E,1,0,,A*66
2026-06-18T12:09:00.000Z $IIXDR,V,12.54,V,BATT*61
2026-06-18T12:09:00.000Z $GPVTG,189.9,T,,M,8.0,N,14.8,K,A*31
2026-06-18T12:09:10.000Z $GPRMC,120910.00,A,5252.8035,N,00435.6773,E,8.0,189.7,180626,,,A*58
2026-06-18T12:09:10.000Z $IIHDG,190.2,,,,*43
2026-06-18T12:09:10.000Z $IIMWV,206.5,T,14.0,N,A*0F
2026-06-18T12:09:10.000Z $IIRPM,E,1,0,,A*66
2026-06-18T12:09:20.000Z $GPRMC,120920.00,A,5252.7620,N,00435.7062,E,8.0,189.0,180626,,,A*57
2026-06-18T12:09:20.000Z $IIHDG,188.6,,,,*4E
2026-06-18T12:09:20.000Z $IIMWV,212.0,T,12.9,N,A*00
2026-06-18T12:09:20.000Z $IIRPM,E,1,0,,A*66
2026-06-18T12:09:30.000Z $GPRMC,120930.00,A,5252.7096,N,00435.6929,E,8.0,187.6,180626,,,A*52
2026-06-18T12:09:30.000Z $GPGGA,120930.00,5252.7096,N,00435.6929,E,1,8,0.9,0.0,M,0.0,M,,*6A
2026-06-18T12:09:30.000Z $IIHDG,187.0,,,,*47
2026-06-18T12:09:30.000Z $IIMWV,211.9,T,14.4,N,A*01
2026-06-18T12:09:30.000Z $IIDBT,69.2,f,21.1,M,11.5,F*2B
2026-06-18T12:09:30.000Z $IIRPM,E,1,0,,A*66
2026-06-18T12:09:30.000Z $GPVTG,187.6,T,,M,8.0,N,14.8,K,A*30
2026-06-18T12:09:40.000Z $GPRMC,120940.00,A,5252.7403,N,00435.6989,E,8.0,188.0,180626,,,A*5E
2026-06-18T12:09:40.000Z $IIHDG,188.8,,,,*40
2026-06-18T12:09:40.000Z $IIMWV,204.5,T,13.8,N,A*02
2026-06-18T12:09:40.000Z $IIRPM,E,1,0,,A*66
2026-06-18T12:09:50.000Z $GPRMC,120950.00,A,5252.7185,N,00435.6479,E,8.0,187.4,180626,,,A*5D
2026-06-18T12:09:50.000Z $IIHDG,186.4,,,,*42
2026-06-18T12:09:50.000Z $IIMWV,203.8,T,13.3,N,A*03
2026-06-18T12:09:50.000Z $IIRPM,E,1,0,,A*66
2026-06-18T12:10:00.000Z $GPRMC,121000.00,A,5252.6598,N,00435.6506,E,8.0,188.8,180626,,,A*53
2026-06-18T12:10:00.000Z $GPGGA,121000.00,5252.6598,N,00435.6506,E,1,12,0.9,0.0,M,0.0,M,,*51
2026-06-18T12:10:00.000Z $IIHDG,188.8,,,,*40
2026-06-18T12:10:00.000Z $IIMWV,210.4,T,13.9,N,A*07
2026-06-18T12:10:00.000Z $IIDBT,74.4,f,22.7,M,12.4,F*26
2026-06-18T12:10:00.000Z $IIRPM,E,1,0,,A*66
2026-06-18T12:10:00.000Z $IIXDR,V,12.52,V,BATT*67
2026-06-18T12:10:00.000Z $IIMTA,18.9,C*05
2026-06-18T12:10:00.000Z $GPVTG,188.8,T,,M,8.0,N,14.8,K,A*31
2026-06-18T12:10:10.000Z $GPRMC,121010.00,A,5252.6723,N,00435.6463,E,8.0,187.5,180626,,,A*50
2026-06-18T12:10:10.000Z $IIHDG,189.5,,,,*4C
2026-06-18T12:10:10.000Z $IIMWV,206.2,T,15.5,N,A*0C
2026-06-18T12:10:10.000Z $IIRPM,E,1,0,,A*66
2026-06-18T12:10:20.000Z $GPRMC,121020.00,A,5252.6218,N,00435.6689,E,8.0,189.7,180626,,,A*54
2026-06-18T12:10:20.000Z $IIHDG,190.7,,,,*46
2026-06-18T12:10:20.000Z $IIMWV,207.0,T,14.3,N,A*08
2026-06-18T12:10:20.000Z $IIRPM,E,1,0,,A*66
2026-06-18T12:10:30.000Z $GPRMC,121030.00,A,5252.6211,N,00435.6439,E,8.0,187.5,180626,,,A*59
2026-06-18T12:10:30.000Z $GPGGA,121030.00,5252.6211,N,00435.6439,E,1,11,0.9,0.0,M,0.0,M,,*5A
2026-06-18T12:10:30.000Z $IIHDG,190.1,,,,*40
2026-06-18T12:10:30.000Z $IIMWV,210.9,T,14.9,N,A*0D
2026-06-18T12:10:30.000Z $IIDBT,76.5,f,23.3,M,12.7,F*23
2026-06-18T12:10:30.000Z $IIRPM,E,1,0,,A*66
2026-06-18T12:10:30.000Z $GPVTG,187.5,T,,M,8.0,N,14.8,K,A*33
2026-06-18T12:10:40.000Z $GPRMC,121040.00,A,5252.5869,N,00435.6404,E,7.9,187.9,180626,,,A*5C
2026-06-18T12:10:40.000Z $IIHDG,188.1,,,,*49
2026-06-18T12:10:40.000Z $IIMWV,208.7,T,13.5,N,A*01
2026-06-18T12:10:40.000Z $IIRPM,E,1,0,,A*66
2026-06-18T12:10:50.000Z $GPRMC,121050.00,A,5252.5701,N,00435.6317,E,8.0,188.7,180626,,,A*5E
2026-06-18T12:10:50.000Z $IIHDG,187.5,,,,*42
2026-06-18T12:10:50.000Z $IIMWV,204.3,T,13.7,N,A*0B
2026-06-18T12:10:50.000Z $IIRPM,E,1,0,,A*66
2026-06-18T12:11:00.000Z $GPRMC,121100.00,A,5252.5356,N,00435.6119,E,8.0,189.2,180626,,,A*54
2026-06-18T12:11:00.000Z $GPGGA,121100.00,5252.5356,N,00435.6119,E,1,10,0.9,0.0,M,0.0,M,,*5F
2026-06-18T12:11:00.000Z $IIHDG,186.4,,,,*42
2026-06-18T12:11:00.000Z $IIMWV,211.4,T,15.5,N,A*0C
2026-06-18T12:11:00.000Z $IIDBT,76.1,f,23.2,M,12.7,F*26
2026-06-18T12:11:00.000Z $IIRPM,E,1,0,,A*66
2026-06-18T12:11:00.000Z $IIXDR,V,12.51,V,BATT*64
2026-06-18T12:11:00.000Z $GPVTG,189.2,T,,M,8.0,N,14.8,K,A*3A
2026-06-18T12:11:10.000Z $GPRMC,121110.00,A,5252.4940,N,00435.6546,E,8.0,189.4,180626,,,A*51
2026-06-18T12:11:10.000Z $IIHDG,187.6,,,,*41
2026-06-18T12:11:10.000Z $IIMWV,211.6,T,13.1,N,A*0C
2026-06-18T12:11:10.000Z $IIRPM,E,1,0,,A*66
2026-06-18T12:11:20.000Z $GPRMC,121120.00,A,5252.4769,N,00435.6054,E,8.0,189.3,180626,,,A*56
2026-06-18T12:11:20.000Z $IIHDG,188.7,,,,*4F
2026-06-18T12:11:20.000Z $IIMWV,205.7,T,12.7,N,A*0F
2026-06-18T12:11:20.000Z $IIRPM,E,1,0,,A*66
2026-06-18T12:11:30.000Z $GPRMC,121130.00,A,5252.4558,N,00435.6081,E,8.0,188.2,180626,,,A*5F
2026-06-18T12:11:30.000Z $GPGGA,121130.00,5252.4558,N,00435.6081,E,1,8,0.9,0.0,M,0.0,M,,*6C
2026-06-18T12:11:30.000Z $IIHDG,186.3,,,,*45
2026-06-18T12:11:30.000Z $IIMWV,207.1,T,13.5,N,A*08
2026-06-18T12:11:30.000Z $IIDBT,75.8,f,23.1,M,12.6,F*2E
2026-06-18T12:11:30.000Z $IIRPM,E,1,0,,A*66
2026-06-18T12:11:30.000Z $GPVTG,188.2,T,,M,8.0,N,14.8,K,A*3B
2026-06-18T12:11:40.000Z $GPRMC,121140.00,A,5252.4274,N,00435.6093,E,8.0,189.8,180626,,,A*59
2026-06-18T12:11:40.000Z $IIHDG,187.7,,,,*40
2026-06-18T12:11:40.000Z $IIMWV,207.5,T,14.1,N,A*0F
2026-06-18T12:11:40.000Z $IIRPM,E,1,0,,A*66
2026-06-18T12:11:50.000Z $GPRMC,121150.00,A,5252.4128,N,00435.5806,E,8.0,187.6,180626,,,A*55
2026-06-18T12:11:50.000Z $IIHDG,187.2,,,,*45
2026-06-18T12:11:50.000Z $IIMWV,204.1,T,12.8,N,A*07
2026-06-18T12:11:50.000Z $IIRPM,E,1,0,,A*66
2026-06-18T12:12:00.000Z $GPRMC,121200.00,A,5252.4282,N,00435.6295,E,8.0,189.0,180626,,,A*5B
2026-06-18T12:12:00.000Z $GPGGA,121200.00,5252.4282,N,00435.6295,E,1,11,0.9,0.0,M,0.0,M,,*53
2026-06-18T12:12:00.000Z $IIHDG,186.6,,,,*40
2026-06-18T12:12:00.000Z $IIMWV,205.9,T,12.5,N,A*03
2026-06-18T12:12:00.000Z $IIDBT,74.3,f,22.6,M,12.4,F*20
2026-06-18T12:12:00.000Z $IIRPM,E,1,0,,A*66
2026-06-18T12:12:00.000Z $IIXDR,V,12.45,V,BATT*61
2026-06-18T12:12:00.000Z $GPVTG,189.0,T,,M,8.0,N,14.8,K,A*38
2026-06-18T12:12:10.000Z $GPRMC,121210.00,A,5252.3671,N,00435.5907,E,8.0,187.5,180626,,,A*5D
2026-06-18T12:12:10.000Z $IIHDG,190.6,,,,*47
2026-06-18T12:12:10.000Z $IIMWV,210.9,T,13.8,N,A*0B
2026-06-18T12:12:10.000Z $IIRPM,E,1,0,,A*66
2026-06-18T12:12:20.000Z $GPRMC,121220.00,A,5252.3394,N,00435.5945,E,8.0,188.9,180626,,,A*55
2026-06-18T12:12:20.000Z $IIHDG,188.0,,,,*48
2026-06-18T12:12:20.000Z $IIMWV,207.4,T,12.6,N,A*0F
2026-06-18T12:12:20.000Z $IIRPM,E,1,0,,A*66
2026-06-18T12:12:30.000Z $GPRMC,121230.00,A,5252.3447,N,00435.5747,E,8.0,187.6,180626,,,A*51
2026-06-18T12:12:30.000Z $GPGGA,121230.00,5252.3447,N,00435.5747,E,1,12,0.9,0.0,M,0.0,M,,*52
2026-06-18T12:12:30.000Z $IIHDG,190.5,,,,*44
2026-06-18T12:12:30.000Z $IIMWV,207.5,T,14.7,N,A*09
2026-06-18T12:12:30.000Z $IIDBT,69.6,f,21.2,M,11.6,F*2F
2026-06-18T12:12:30.000Z $IIRPM,E,1,0,,A*66
2026-06-18T12:12:30.000Z $GPVTG,187.6,T,,M,8.0,N,14.8,K,A*30
2026-06-18T12:12:40.000Z $GPRMC,121240.00,A,5252.3223,N,00435.5847,E,7.9,189.3,180626,,,A*50
2026-06-18T12:12:40.000Z $IIHDG,186.7,,,,*41
2026-06-18T12:12:40.000Z $IIMWV,208.3,T,14.6,N,A*01
2026-06-18T12:12:40.000Z $IIRPM,E,1,0,,A*66
2026-06-18T12:12:50.000Z $GPRMC,121250.00,A,5252.3172,N,00435.5594,E,7.9,187.3,180626,,,A*5B
2026-06-18T12:12:50.000Z $IIHDG,190.4,,,,*45
2026-06-18T12:12:50.000Z $IIMWV,211.2,T,13.4,N,A*0D
2026-06-18T12:12:50.000Z $IIRPM,E,1,0,,A*66
2026-06-18T12:13:00.000Z $GPRMC,121300.00,A,5252.2447,N,00435.5905,E,8.0,187.5,180626,,,A*59
2026-06-18T12:13:00.000Z $GPGGA,121300.00,5252.2447,N,00435.5905,E,1,8,0.9,0.0,M,0.0,M,,*62
2026-06-18T12:13:00.000Z $IIHDG,187.5,,,,*42
2026-06-18T12:13:00.000Z $IIMWV,205.2,T,14.2,N,A*09
2026-06-18T12:13:00.000Z $IIDBT,72.7,f,22.2,M,12.1,F*23
2026-06-18T12:13:00.000Z $IIRPM,E,1,0,,A*66
2026-06-18T12:13:00.000Z $IIXDR,V,12.42,V,BATT*66
2026-06-18T12:13:00.000Z $GPVTG,187.5,T,,M,8.0,N,14.8,K,A*33
2026-06-18T12:13:10.000Z $GPRMC,121310.00,A,5252.2195,N,00435.5315,E,8.0,189.7,180626,,,A*55
2026-06-18T12:13:10.000Z $IIHDG,186.2,,,,*44
2026-06-18T12:13:10.000Z $IIMWV,204.8,T,13.3,N,A*04
2026-06-18T12:13:10.000Z $IIRPM,E,1,0,,A*66
2026-06-18T12:13:20.000Z $GPRMC,121320.00,A,5252.2438,N,00435.5666,E,8.0,188.5,180626,,,A*56
2026-06-18T12:13:20.000Z $IIHDG,188.1,,,,*49
2026-06-18T12:13:20.000Z $IIMWV,206.8,T,14.5,N,A*07
2026-06-18T12:13:20.000Z $IIRPM,E,1,0,,A*66
2026-06-18T12:13:30.000Z $GPRMC,121330.00,A,5252.1845,N,00435.5319,E,7.9,187.4,180626,,,A*57
2026-06-18T12:13:30.000Z $GPGGA,121330.00,5252.1845,N,00435.5319,E,1,8,0.9,0.0,M,0.0,M,,*6B
2026-06-18T12:13:30.000Z $IIHDG,189.6,,,,*4F
2026-06-18T12:13:30.000Z $IIMWV,212.8,T,12.9,N,A*08
2026-06-18T12:13:30.000Z $IIDBT,75.8,f,23.1,M,12.6,F*2E
2026-06-18T12:13:30.000Z $IIRPM,E,1,0,,A*66
2026-06-18T12:13:30.000Z $GPVTG,187.4,T,,M,7.9,N,14.6,K,A*3A
2026-06-18T12:13:40.000Z $GPRMC,121340.00,A,5252.1998,N,00435.5526,E,8.0,189.2,180626,,,A*55
2026-06-18T12:13:40.000Z $IIHDG,190.0,,,,*41
2026-06-18T12:13:40.000Z $IIMWV,211.4,T,13.6,N,A*09
2026-06-18T12:13:40.000Z $IIRPM,E,1,0,,A*66
2026-06-18T12:13:50.000Z $GPRMC,121350.00,A,5252.1463,N,00435.5123,E,8.0,188.6,180626,,,A*59
2026-06-18T12:13:50.000Z $IIHDG,188.8,,,,*40
2026-06-18T12:13:50.000Z $IIMWV,212.7,T,14.6,N,A*0E
2026-06-18T12:13:50.000Z $IIRPM,E,1,0,,A*66
2026-06-18T12:14:00.000Z $GPRMC,121400.00,A,5252.1155,N,00435.5139,E,7.9,187.3,180626,,,A*5C
2026-06-18T12:14:00.000Z $GPGGA,121400.00,5252.1155,N,00435.5139,E,1,11,0.9,0.0,M,0.0,M,,*5F
2026-06-18T12:14:00.000Z $IIHDG,190.7,,,,*46
2026-06-18T12:14:00.000Z $IIMWV,211.6,T,13.6,N,A*0B
2026-06-18T12:14:00.000Z $IIDBT,74.2,f,22.6,M,12.4,F*21
2026-06-18T12:14:00.000Z $IIRPM,E,1,0,,A*66
2026-06-18T12:14:00.000Z $IIXDR,V,12.57,V,BATT*62
2026-06-18T12:14:00.000Z $GPVTG,187.3,T,,M,7.9,N,14.7,K,A*3C
2026-06-18T12:14:10.000Z $GPRMC,121410.00,A,5252.1218,N,00435.5222,E,7.8,187.4,180626,,,A*58
2026-06-18T12:14:10.000Z $IIHDG,189.1,,,,*48
2026-06-18T12:14:10.000Z $IIMWV,212.2,T,14.5,N,A*08
2026-06-18T12:14:10.000Z $IIRPM,E,1,0,,A*66
2026-06-18T12:14:20.000Z $GPRMC,121420.00,A,5252.0622,N,00435.5402,E,8.0,189.4,180626,,,A*5A
2026-06-18T12:14:20.000Z $IIHDG,188.6,,,,*4E
2026-06-18T12:14:20.000Z $IIMWV,205.6,T,13.0,N,A*08
2026-06-18T12:14:20.000Z $IIRPM,E,1,0,,A*66
2026-06-18T12:14:30.000Z $GPRMC,121430.00,A,5252.0490,N,00435.5264,E,8.0,187.2,180626,,,A*5E
2026-06-18T12:14:30.000Z $GPGGA,121430.00,5252.0490,N,00435.5264,E,1,12,0.9,0.0,M,0.0,M,,*59
2026-06-18T12:14:30.000Z $IIHDG,187.5,,,,*42
2026-06-18T12:14:30.000Z $IIMWV,210.8,T,12.6,N,A*05
2026-06-18T12:14:30.000Z $IIDBT,72.7,f,22.1,M,12.1,F*20
2026-06-18T12:14:30.000Z $IIRPM,E,1,0,,A*66
2026-06-18T12:14:30.000Z $GPVTG,187.2,T,,M,8.0,N,14.8,K,A*34
2026-06-18T12:14:40.000Z $GPRMC,121440.00,A,5252.0312,N,00435.5012,E,8.0,187.6,180626,,,A*53
2026-06-18T12:14:40.000Z $IIHDG,190.8,,,,*49
2026-06-18T12:14:40.000Z $IIMWV,205.1,T,13.8,N,A*07
2026-06-18T12:14:40.000Z $IIRPM,E,1,0,,A*66
2026-06-18T12:14:50.000Z $GPRMC,121450.00,A,5252.0371,N,00435.4936,E,8.0,188.1,180626,,,A*51
2026-06-18T12:14:50.000Z $IIHDG,188.3,,,,*4B
2026-06-18T12:14:50.000Z $IIMWV,208.3,T,14.5,N,A*02
2026-06-18T12:14:50.000Z $IIRPM,E,1,0,,A*66
2026-06-18T12:15:00.000Z $GPRMC,121500.00,A,5251.9993,N,00435.4706,E,8.0,189.3,180626,,,A*57
2026-06-18T12:15:00.000Z $GPGGA,121500.00,5251.9993,N,00435.4706,E,1,12,0.9,0.0,M,0.0,M,,*5F
2026-06-18T12:15:00.000Z $IIHDG,190.0,,,,*41
2026-06-18T12:15:00.000Z $IIMWV,205.8,T,13.7,N,A*01
2026-06-18T12:15:00.000Z $IIDBT,70.3,f,21.4,M,11.7,F*25
2026-06-18T12:15:00.000Z $IIRPM,E,1,0,,A*66
2026-06-18T12:15:00.000Z $IIXDR,V,12.50,V,BATT*65
2026-06-18T12:15:00.000Z $IIMTA,19.3,C*0E
2026-06-18T12:15:00.000Z $GPVTG,189.3,T,,M,8.0,N,14.8,K,A*3B
2026-06-18T12:15:10.000Z $GPRMC,121510.00,A,5251.9709,N,00435.4670,E,8.0,190.0,180626,,,A*50
2026-06-18T12:15:10.000Z $IIHDG,189.2,,,,*4B
2026-06-18T12:15:10.000Z $IIMWV,212.2,T,13.3,N,A*09
2026-06-18T12:15:10.000Z $IIRPM,E,1,0,,A*66
2026-06-18T12:15:20.000Z $GPRMC,121520.00,A,5251.9689,N,00435.4880,E,8.0,190.0,180626,,,A*5B
2026-06-18T12:15:20.000Z $IIHDG,190.0,,,,*41
2026-06-18T12:15:20.000Z $IIMWV,207.5,T,14.1,N,A*0F
2026-06-18T12:15:20.000Z $IIRPM,E,1,0,,A*66
2026-06-18T12:15:30.000Z $GPRMC,121530.00,A,5251.9143,N,00435.4640,E,8.0,189.6,180626,,,A*57
2026-06-18T12:15:30.000Z $GPGGA,121530.00,5251.9143,N,00435.4640,E,1,11,0.9,0.0,M,0.0,M,,*59
2026-06-18T12:15:30.000Z $IIHDG,191.0,,,,*40
2026-06-18T12:15:30.000Z $IIMWV,207.5,T,14.1,N,A*0F
2026-06-18T12:15:30.000Z $IIDBT,75.1,f,22.9,M,12.5,F*2D
2026-06-18T12:15:30.000Z $IIRPM,E,1,0,,A*66
2026-06-18T12:15:30.000Z $GPVTG,189.6,T,,M,8.0,N,14.8,K,A*3E
2026-06-18T12:15:40.000Z $GPRMC,121540.00,A,5251.9283,N,00435.4576,E,8.0,188.2,180626,,,A*5C
2026-06-18T12:15:40.000Z $IIHDG,187.6,,,,*41
2026-06-18T12:15:40.000Z $IIMWV,205.7,T,14.4,N,A*0A
2026-06-18T12:15:40.000Z $IIRPM,E,1,0,,A*66
2026-06-18T12:15:50.000Z $GPRMC,121550.00,A,5251.8905,N,00435.4778,E,8.0,187.9,180626,,,A*51
2026-06-18T12:15:50.000Z $IIHDG,190.4,,,,*45
2026-06-18T12:15:50.000Z $IIMWV,205.1,T,13.5,N,A*0A
2026-06-18T12:15:50.000Z $IIRPM,E,1,0,,A*66
2026-06-18T12:16:00.000Z $GPRMC,121600.00,A,5251.8399,N,00435.4686,E,7.9,188.5,180626,,,A*5D
2026-06-18T12:16:00.000Z $GPGGA,121600.00,5251.8399,N,00435.4686,E,1,8,0.9,0.0,M,0.0,M,,*6F
2026-06-18T12:16:00.000Z $IIHDG,190.5,,,,*44
2026-06-18T12:16:00.000Z $IIMWV,209.4,T,13.1,N,A*07
2026-06-18T12:16:00.000Z $IIDBT,76.5,f,23.3,M,12.7,F*23
2026-06-18T12:16:00.000Z $IIRPM,E,1,0,,A*66
2026-06-18T12:16:00.000Z $IIXDR,V,12.59,V,BATT*6C
2026-06-18T12:16:00.000Z $GPVTG,188.5,T,,M,7.9,N,14.5,K,A*37
2026-06-18T12:16:10.000Z $GPRMC,121610.00,A,5251.8590,N,00435.4318,E,7.9,188.3,180626,,,A*57
2026-06-18T12:16:10.000Z $IIHDG,188.4,,,,*4C
2026-06-18T12:16:10.000Z $IIMWV,212.1,T,14.8,N,A*06
2026-06-18T12:16:10.000Z $IIRPM,E,1,0,,A*66
2026-06-18T12:16:20.000Z $GPRMC,121620.00,A,5251.8074,N,00435.4334,E,8.0,188.4,180626,,,A*54
2026-06-18T12:16:20.000Z $IIHDG,186.4,,,,*42
2026-06-18T12:16:20.000Z $IIMWV,205.8,T,13.7,N,A*01
2026-06-18T12:16:20.000Z $IIRPM,E,1,0,,A*66
2026-06-18T12:16:30.000Z $GPRMC,121630.00,A,5251.7879,N,00435.4440,E,8.0,187.8,180626,,,A*58
2026-06-18T12:16:30.000Z $GPGGA,121630.00,5251.7879,N,00435.4440,E,1,9,0.9,0.0,M,0.0,M,,*6F
2026-06-18T12:16:30.000Z $IIHDG,188.9,,,,*41
2026-06-18T12:16:30.000Z $IIMWV,208.1,T,14.9,N,A*0C
2026-06-18T12:16:30.000Z $IIDBT,74.1,f,22.6,M,12.3,F*25
2026-06-18T12:16:30.000Z $IIRPM,E,1,0,,A*66
2026-06-18T12:16:30.000Z $GPVTG,187.8,T,,M,8.0,N,14.8,K,A*3E
2026-06-18T12:16:40.000Z $GPRMC,121640.00,A,5251.7509,N,00435.4387,E,8.0,189.4,180626,,,A*5B
2026-06-18T12:16:40.000Z $IIHDG,187.1,,,,*46
2026-06-18T12:16:40.000Z $IIMWV,209.8,T,14.8,N,A*05
2026-06-18T12:16:40.000Z $IIRPM,E,1,0,,A*66
2026-06-18T12:16:50.000Z $GPRMC,121650.00,A,5251.7279,N,00435.4174,E,8.0,188.4,180626,,,A*55
2026-06-18T12:16:50.000Z $IIHDG,189.6,,,,*4F
2026-06-18T12:16:50.000Z $IIMWV,212.3,T,14.2,N,A*0E
2026-06-18T12:16:50.000Z $IIRPM,E,1,0,,A*66
2026-06-18T12:17:00.000Z $GPRMC,121700.00,A,5251.7463,N,00435.4245,E,8.0,188.8,180626,,,A*51
2026-06-18T12:17:00.000Z $GPGGA,121700.00,5251.7463,N,00435.4245,E,1,12,0.9,0.0,M,0.0,M,,*53
2026-06-18T12:17:00.000Z $IIHDG,186.6,,,,*40
2026-06-18T12:17:00.000Z $IIMWV,211.7,T,15.1,N,A*0B
2026-06-18T12:17:00.000Z $IIDBT,75.7,f,23.1,M,12.6,F*21
2026-06-18T12:17:00.000Z $IIRPM,E,1,0,,A*66
2026-06-18T12:17:00.000Z $IIXDR,V,12.69,V,BATT*6F
2026-06-18T12:17:00.000Z $GPVTG,188.8,T,,M,8.0,N,14.8,K,A*31
2026-06-18T12:17:10.000Z $GPRMC,121710.00,A,5251.7007,N,00435.4153,E,8.0,187.2,180626,,,A*57
2026-06-18T12:17:10.000Z $IIHDG,191.1,,,,*41
2026-06-18T12:17:10.000Z $IIMWV,204.7,T,14.1,N,A*0E
2026-06-18T12:17:10.000Z $IIRPM,E,1,0,,A*66
2026-06-18T12:17:20.000Z $GPRMC,121720.00,A,5251.6650,N,00435.4302,E,8.0,189.3,180626,,,A*58
2026-06-18T12:17:20.000Z $IIHDG,190.4,,,,*45
2026-06-18T12:17:20.000Z $IIMWV,206.1,T,14.6,N,A*0D
2026-06-18T12:17:20.000Z $IIRPM,E,1,0,,A*66
2026-06-18T12:17:30.000Z $GPRMC,121730.00,A,5251.6787,N,00435.4137,E,8.0,187.4,180626,,,A*5F
2026-06-18T12:17:30.000Z $GPGGA,121730.00,5251.6787,N,00435.4137,E,1,11,0.9,0.0,M,0.0,M,,*5D
2026-06-18T12:17:30.000Z $IIHDG,190.7,,,,*46
2026-06-18T12:17:30.000Z $IIMWV,205.4,T,15.0,N,A*0C
2026-06-18T12:17:30.000Z $IIDBT,71.5,f,21.8,M,11.9,F*20
2026-06-18T12:17:30.000Z $IIRPM,E,1,0,,A*66
2026-06-18T12:17:30.000Z $GPVTG,187.4,T,,M,8.0,N,14.8,K,A*32
2026-06-18T12:17:40.000Z $GPRMC,121740.00,A,5251.6505,N,00435.3994,E,8.0,187.4,180626,,,A*56
2026-06-18T12:17:40.000Z $IIHDG,186.8,,,,*4E
2026-06-18T12:17:40.000Z $IIMWV,207.7,T,15.4,N,A*09
2026-06-18T12:17:40.000Z $IIRPM,E,1,0,,A*66
2026-06-18T12:17:50.000Z $GPRMC,121750.00,A,5251.6307,N,00435.4243,E,8.0,188.7,180626,,,A*59
2026-06-18T12:17:50.000Z $IIHDG,190.7,,,,*46
2026-06-18T12:17:50.000Z $IIMWV,209.6,T,13.0,N,A*04
2026-06-18T12:17:50.000Z $IIRPM,E,1,0,,A*66
2026-06-18T12:18:00.000Z $GPRMC,121800.00,A,5251.5918,N,00435.3710,E,8.0,187.4,180626,,,A*5C
2026-06-18T12:18:00.000Z $GPGGA,121800.00,5251.5918,N,00435.3710,E,1,9,0.9,0.0,M,0.0,M,,*67
2026-06-18T12:18:00.000Z $IIHDG,188.2,,,,*4A
2026-06-18T12:18:00.000Z $IIMWV,209.0,T,15.5,N,A*01
2026-06-18T12:18:00.000Z $IIDBT,75.0,f,22.8,M,12.5,F*2D
2026-06-18T12:18:00.000Z $IIRPM,E,1,0,,A*66
2026-06-18T12:18:00.000Z $IIXDR,V,12.46,V,BATT*62
2026-06-18T12:18:00.000Z $GPVTG,187.4,T,,M,8.0,N,14.8,K,A*32
2026-06-18T12:18:10.000Z $GPRMC,121810.00,A,5251.5712,N,00435.4113,E,8.0,189.4,180626,,,A*55
2026-06-18T12:18:10.000Z $IIHDG,187.2,,,,*45
2026-06-18T12:18:10.000Z $IIMWV,213.3,T,15.1,N,A*0D
2026-06-18T12:18:10.000Z $IIRPM,E,1,0,,A*66
2026-06-18T12:18:20.000Z $GPRMC,121820.00,A,5251.5730,N,00435.3772,E,8.0,189.4,180626,,,A*50
2026-06-18T12:18:20.000Z $IIHDG,187.4,,,,*43
2026-06-18T12:18:20.000Z $IIMWV,210.4,T,14.1,N,A*08
2026-06-18T12:18:20.000Z $IIRPM,E,1,0,,A*66
2026-06-18T12:18:30.000Z $GPRMC,121830.00,A,5251.5327,N,00435.3795,E,8.0,190.0,180626,,,A*56
2026-06-18T12:18:30.000Z $GPGGA,121830.00,5251.5327,N,00435.3795,E,1,9,0.9,0.0,M,0.0,M,,*6F
2026-06-18T12:18:30.000Z $IIHDG,188.1,,,,*49
2026-06-18T12:18:30.000Z $IIMWV,204.1,T,12.7,N,A*08
2026-06-18T12:18:30.000Z $IIDBT,74.6,f,22.7,M,12.4,F*24
2026-06-18T12:18:30.000Z $IIRPM,E,1,0,,A*66
2026-06-18T12:18:30.000Z $GPVTG,190.0,T,,M,8.0,N,14.8,K,A*30
2026-06-18T12:18:40.000Z $GPRMC,121840.00,A,5251.5241,N,00435.3697,E,8.0,190.1,180626,,,A*52
2026-06-18T12:18:40.000Z $IIHDG,189.4,,,,*4D
2026-06-18T12:18:40.000Z $IIMWV,211.5,T,14.8,N,A*01
2026-06-18T12:18:40.000Z $IIRPM,E,1,0,,A*66
2026-06-18T12:18:50.000Z $GPRMC,121850.00,A,5251.4623,N,00435.3917,E,7.9,187.5,180626,,,A*51
2026-06-18T12:18:50.000Z $IIHDG,188.4,,,,*4C
2026-06-18T12:18:50.000Z $IIMWV,211.4,T,13.2,N,A*0D
2026-06-18T12:18:50.000Z $IIRPM,E,1,0,,A*66
2026-06-18T12:19:00.000Z $GPRMC,121900.00,A,5251.4712,N,00435.3870,E,8.0,187.9,180626,,,A*5C
2026-06-18T12:19:00.000Z $GPGGA,121900.00,5251.4712,N,00435.3870,E,1,12,0.9,0.0,M,0.0,M,,*50
2026-06-18T12:19:00.000Z $IIHDG,190.8,,,,*49
2026-06-18T12:19:00.000Z $IIMWV,211.7,T,13.9,N,A*05
2026-06-18T12:19:00.000Z $IIDBT,66.5,f,20.3,M,11.1,F*24
2026-06-18T12:19:00.000Z $IIRPM,E,1,0,,A*66
2026-06-18T12:19:00.000Z $IIXDR,V,12.43,V,BATT*67
2026-06-18T12:19:00.000Z $GPVTG,187.9,T,,M,8.0,N,14.8,K,A*3F
2026-06-18T12:19:10.000Z $GPRMC,121910.00,A,5251.4483,N,00435.3547,E,8.0,189.2,180626,,,A*5A
2026-06-18T12:19:10.000Z $IIHDG,190.2,,,,*43
2026-06-18T12:19:10.000Z $IIMWV,208.2,T,12.9,N,A*09
2026-06-18T12:19:10.000Z $IIRPM,E,1,0,,A*66
2026-06-18T12:19:20.000Z $GPRMC,121920.00,A,5251.4225,N,00435.3303,E,8.0,187.5,180626,,,A*5C
2026-06-18T12:19:20.000Z $IIHDG,188.1,,,,*49
2026-06-18T12:19:20.000Z $IIMWV,206.5,T,15.4,N,A*0A
2026-06-18T12:19:20.000Z $IIRPM,E,1,0,,A*66
2026-06-18T12:19:30.000Z $GPRMC,121930.00,A,5251.3868,N,00435.3396,E,8.0,189.2,180626,,,A*5C
2026-06-18T12:19:30.000Z $GPGGA,121930.00,5251.3868,N,00435.3396,E,1,8,0.9,0.0,M,0.0,M,,*6E
2026-06-18T12:19:30.000Z $IIHDG,187.8,,,,*4F
2026-06-18T12:19:30.000Z $IIMWV,208.8,T,14.3,N,A*0F
2026-06-18T12:19:30.000Z $IIDBT,74.7,f,22.8,M,12.5,F*2B
2026-06-18T12:19:30.000Z $IIRPM,E,1,0,,A*66
2026-06-18T12:19:30.000Z $GPVTG,189.2,T,,M,8.0,N,14.8,K,A*3A
2026-06-18T12:19:40.000Z $GPRMC,121940.00,A,5251.3499,N,00435.3173,E,8.0,188.5,180626,,,A*56
2026-06-18T12:19:40.000Z $IIHDG,189.6,,,,*4F
2026-06-18T12:19:40.000Z $IIMWV,206.3,T,12.6,N,A*09
2026-06-18T12:19:40.000Z $IIRPM,E,1,0,,A*66
2026-06-18T12:19:50.000Z $GPRMC,121950.00,A,5251.3422,N,00435.3667,E,8.0,187.3,180626,,,A*5C
2026-06-18T12:19:50.000Z $IIHDG,190.1,,,,*40
2026-06-18T12:19:50.000Z $IIMWV,205.8,T,14.3,N,A*02
2026-06-18T12:19:50.000Z $IIRPM,E,1,0,,A*66
2026-06-18T12:20:00.000Z $GPRMC,122000.00,A,5251.3604,N,00435.3378,E,8.0,187.3,180626,,,A*5E
2026-06-18T12:20:00.000Z $GPGGA,122000.00,5251.3604,N,00435.3378,E,1,11,0.9,0.0,M,0.0,M,,*5B
2026-06-18T12:20:00.000Z $IIHDG,188.7,,,,*4F
2026-06-18T12:20:00.000Z $IIMWV,208.6,T,14.9,N,A*0B
2026-06-18T12:20:00.000Z $IIDBT,66.3,f,20.2,M,11.1,F*23
2026-06-18T12:20:00.000Z $IIRPM,E,1,0,,A*66
2026-06-18T12:20:00.000Z $IIXDR,V,12.48,V,BATT*6C
2026-06-18T12:20:00.000Z $IIMTA,19.1,C*0C
2026-06-18T12:20:00.000Z $GPVTG,187.3,T,,M,8.0,N,14.8,K,A*35
2026-06-18T12:20:10.000Z $GPRMC,122010.00,A,5251.2943,N,00435.3064,E,8.0,189.3,180626,,,A*52
2026-06-18T12:20:10.000Z $IIHDG,188.2,,,,*4A
2026-06-18T12:20:10.000Z $IIMWV,205.6,T,13.2,N,A*0A
2026-06-18T12:20:10.000Z $IIRPM,E,1,0,,A*66
2026-06-18T12:20:20.000Z $GPRMC,122020.00,A,5251.2630,N,00435.3083,E,8.0,187.6,180626,,,A*58
2026-06-18T12:20:20.000Z $IIHDG,189.6,,,,*4F
2026-06-18T12:20:20.000Z $IIMWV,212.9,T,13.0,N,A*01
2026-06-18T12:20:20.000Z $IIRPM,E,1,0,,A*66
2026-06-18T12:20:30.000Z $GPRMC,122030.00,A,5251.2716,N,00435.2874,E,8.0,189.6,180626,,,A*53
2026-06-18T12:20:30.000Z $GPGGA,122030.00,5251.2716,N,00435.2874,E,1,8,0.9,0.0,M,0.0,M,,*65
2026-06-18T12:20:30.000Z $IIHDG,189.3,,,,*4A
2026-06-18T12:20:30.000Z $IIMWV,205.4,T,13.4,N,A*0E
2026-06-18T12:20:30.000Z $IIDBT,70.1,f,21.4,M,11.7,F*27
2026-06-18T12:20:30.000Z $IIRPM,E,1,0,,A*66
2026-06-18T12:20:30.000Z $GPVTG,189.6,T,,M,8.0,N,14.8,K,A*3E
2026-06-18T12:20:40.000Z $GPRMC,122040.00,A,5251.2535,N,00435.2990,E,8.0,187.2,180626,,,A*56
2026-06-18T12:20:40.000Z $IIHDG,187.5,,,,*42
2026-06-18T12:20:40.000Z $IIMWV,209.9,T,14.4,N,A*08
2026-06-18T12:20:40.000Z $IIRPM,E,1,0,,A*66
2026-06-18T12:20:50.000Z $GPRMC,122050.00,A,5251.2303,N,00435.3030,E,8.0,189.0,180626,,,A*5A
2026-06-18T12:20:50.000Z $IIHDG,188.9,,,,*41
2026-06-18T12:20:50.000Z $IIMWV,211.7,T,12.7,N,A*0A
2026-06-18T12:20:50.000Z $IIRPM,E,1,0,,A*66
2026-06-18T12:21:00.000Z $GPRMC,122100.00,A,5251.2101,N,00435.2908,E,8.0,187.4,180626,,,A*57
2026-06-18T12:21:00.000Z $GPGGA,122100.00,5251.2101,N,00435.2908,E,1,12,0.9,0.0,M,0.0,M,,*56
2026-06-18T12:21:00.000Z $IIHDG,186.7,,,,*41
2026-06-18T12:21:00.000Z $IIMWV,206.8,T,14.8,N,A*0A
2026-06-18T12:21:00.000Z $IIDBT,74.8,f,22.8,M,12.5,F*24
2026-06-18T12:21:00.000Z $IIRPM,E,1,0,,A*66
2026-06-18T12:21:00.000Z $IIXDR,V,12.59,V,BATT*6C
2026-06-18T12:21:00.000Z $GPVTG,187.4,T,,M,8.0,N,14.8,K,A*32
2026-06-18T12:21:10.000Z $GPRMC,122110.00,A,5251.1944,N,00435.3094,E,8.0,189.9,180626,,,A*52
2026-06-18T12:21:10.000Z $IIHDG,190.7,,,,*46
2026-06-18T12:21:10.000Z $IIMWV,212.4,T,13.9,N,A*05
2026-06-18T12:21:10.000Z $IIRPM,E,1,0,,A*66
2026-06-18T12:21:20.000Z $GPRMC,122120.00,A,5251.1638,N,00435.2591,E,7.9,188.2,180626,,,A*58
2026-06-18T12:21:20.000Z $IIHDG,190.0,,,,*41
2026-06-18T12:21:20.000Z $IIMWV,205.8,T,13.3,N,A*05
2026-06-18T12:21:20.000Z $IIRPM,E,1,0,,A*66
2026-06-18T12:21:30.000Z $GPRMC,122130.00,A,5251.1165,N,00435.2931,E,8.0,189.3,180626,,,A*56
2026-06-18T12:21:30.000Z $GPGGA,122130.00,5251.1165,N,00435.2931,E,1,12,0.9,0.0,M,0.0,M,,*5E
2026-06-18T12:21:30.000Z $IIHDG,189.9,,,,*40
2026-06-18T12:21:30.000Z $IIMWV,207.4,T,13.9,N,A*01
2026-06-18T12:21:30.000Z $IIDBT,74.0,f,22.5,M,12.3,F*27
2026-06-18T12:21:30.000Z $IIRPM,E,1,0,,A*66
2026-06-18T12:21:30.000Z $GPVTG,189.3,T,,M,8.0,N,14.8,K,A*3B
2026-06-18T12:21:40.000Z $GPRMC,122140.00,A,5251.1293,N,00435.3057,E,8.0,188.9,180626,,,A*58
2026-06-18T12:21:40.000Z $IIHDG,190.1,,,,*40
2026-06-18T12:21:40.000Z $IIMWV,211.8,T,12.7,N,A*05
2026-06-18T12:21:40.000Z $IIRPM,E,1,0,,A*66
2026-06-18T12:21:50.000Z $GPRMC,122150.00,A,5251.0612,N,00435.2765,E,8.0,187.3,180626,,,A*57
2026-06-18T12:21:50.000Z $IIHDG,189.3,,,,*4A
2026-06-18T12:21:50.000Z $IIMWV,204.5,T,13.2,N,A*08
2026-06-18T12:21:50.000Z $IIRPM,E,1,0,,A*66
2026-06-18T12:22:00.000Z $GPRMC,122200.00,A,5251.0521,N,00435.2792,E,8.0,187.7,180626,,,A*5E
2026-06-18T12:22:00.000Z $GPGGA,122200.00,5251.0521,N,00435.2792,E,1,12,0.9,0.0,M,0.0,M,,*5C
2026-06-18T12:22:00.000Z $IIHDG,187.0,,,,*47
2026-06-18T12:22:00.000Z $IIMWV,211.4,T,14.6,N,A*0E
2026-06-18T12:22:00.000Z $IIDBT,71.3,f,21.7,M,11.9,F*29
2026-06-18T12:22:00.000Z $IIRPM,E,1,0,,A*66
2026-06-18T12:22:00.000Z $IIXDR,V,12.53,V,BATT*66
2026-06-18T12:22:00.000Z $GPVTG,187.7,T,,M,8.0,N,14.8,K,A*31
2026-06-18T12:22:10.000Z $GPRMC,122210.00,A,5251.0604,N,00435.2617,E,8.0,189.4,180626,,,A*5A
2026-06-18T12:22:10.000Z $IIHDG,188.1,,,,*49
2026-06-18T12:22:10.000Z $IIMWV,205.0,T,13.9,N,A*07
2026-06-18T12:22:10.000Z $IIRPM,E,1,0,,A*66
2026-06-18T12:22:20.000Z $GPRMC,122220.00,A,5251.0056,N,00435.2608,E,8.0,188.9,180626,,,A*5A
2026-06-18T12:22:20.000Z $IIHDG,191.0,,,,*40
2026-06-18T12:22:20.000Z $IIMWV,207.5,T,15.2,N,A*0D
2026-06-18T12:22:20.000Z $IIRPM,E,1,0,,A*66
2026-06-18T12:22:30.000Z $GPRMC,122230.00,A,5250.9776,N,00435.2230,E,7.9,188.1,180626,,,A*57
2026-06-18T12:22:30.000Z $GPGGA,122230.00,5250.9776,N,00435.2230,E,1,12,0.9,0.0,M,0.0,M,,*5A
2026-06-18T12:22:30.000Z $IIHDG,187.5,,,,*42
2026-06-18T12:22:30.000Z $IIMWV,213.0,T,15.0,N,A*0F
2026-06-18T12:22:30.000Z $IIDBT,69.5,f,21.2,M,11.6,F*2C
2026-06-18T12:22:30.000Z $IIRPM,E,1,0,,A*66
2026-06-18T12:22:30.000Z $GPVTG,188.1,T,,M,7.9,N,14.7,K,A*31
2026-06-18T12:22:40.000Z $GPRMC,122240.00,A,5250.9550,N,00435.2417,E,8.0,188.9,180626,,,A*5B
2026-06-18T12:22:40.000Z $IIHDG,188.9,,,,*41
2026-06-18T12:22:40.000Z $IIMWV,210.9,T,13.7,N,A*04
2026-06-18T12:22:40.000Z $IIRPM,E,1,0,,A*66
2026-06-18T12:22:50.000Z $GPRMC,122250.00,A,5250.9378,N,00435.2166,E,8.0,190.0,180626,,,A*55
2026-06-18T12:22:50.000Z $IIHDG,189.1,,,,*48
2026-06-18T12:22:50.000Z $IIMWV,213.0,T,14.2,N,A*0C
2026-06-18T12:22:50.000Z $IIRPM,E,1,0,,A*66
2026-06-18T12:23:00.000Z $GPRMC,122300.00,A,5250.9163,N,00435.2326,E,8.0,189.5,180626,,,A*52
2026-06-18T12:23:00.000Z $GPGGA,122300.00,5250.9163,N,00435.2326,E,1,11,0.9,0.0,M,0.0,M,,*5F
2026-06-18T12:23:00.000Z $IIHDG,187.6,,,,*41
2026-06-18T12:23:00.000Z $IIMWV,208.5,T,13.0,N,A*06
2026-06-18T12:23:00.000Z $IIDBT,72.9,f,22.2,M,12.1,F*2D
2026-06-18T12:23:00.000Z $IIRPM,E,1,0,,A*66
2026-06-18T12:23:00.000Z $IIXDR,V,12.56,V,BATT*63
2026-06-18T12:23:00.000Z $GPVTG,189.5,T,,M,8.0,N,14.8,K,A*3D
2026-06-18T12:23:10.000Z $GPRMC,122310.00,A,5250.8957,N,00435.2180,E,8.0,188.2,180626,,,A*55
2026-06-18T12:23:10.000Z $IIHDG,186.9,,,,*4F
2026-06-18T12:23:10.000Z $IIMWV,208.8,T,14.7,N,A*0B
2026-06-18T12:23:10.000Z $IIRPM,E,1,0,,A*66
2026-06-18T12:23:20.000Z $GPRMC,122320.00,A,5250.9061,N,00435.2095,E,8.0,189.7,180626,,,A*5A
2026-06-18T12:23:20.000Z $IIHDG,191.0,,,,*40
2026-06-18T12:23:20.000Z $IIMWV,203.6,T,14.2,N,A*0B
2026-06-18T12:23:20.000Z $IIRPM,E,1,0,,A*66
2026-06-18T12:23:30.000Z $GPRMC,122330.00,A,5250.8937,N,00435.2341,E,8.0,188.1,180626,,,A*5D
2026-06-18T12:23:30.000Z $GPGGA,122330.00,5250.8937,N,00435.2341,E,1,9,0.9,0.0,M,0.0,M,,*6C
2026-06-18T12:23:30.000Z $IIHDG,188.6,,,,*4E
2026-06-18T12:23:30.000Z $IIMWV,204.8,T,14.4,N,A*04
2026-06-18T12:23:30.000Z $IIDBT,74.3,f,22.6,M,12.4,F*20
2026-06-18T12:23:30.000Z $IIRPM,E,1,0,,A*66
2026-06-18T12:23:30.000Z $GPVTG,188.1,T,,M,8.0,N,14.8,K,A*38
2026-06-18T12:23:40.000Z $GPRMC,122340.00,A,5250.8565,N,00435.1914,E,7.9,187.7,180626,,,A*57
2026-06-18T12:23:40.000Z $IIHDG,189.9,,,,*40
2026-06-18T12:23:40.000Z $IIMWV,212.0,T,15.5,N,A*0B
2026-06-18T12:23:40.000Z $IIRPM,E,1,0,,A*66
2026-06-18T12:23:50.000Z $GPRMC,122350.00,A,5250.8148,N,00435.2095,E,8.0,187.3,180626,,,A*5C
2026-06-18T12:23:50.000Z $IIHDG,190.4,,,,*45
2026-06-18T12:23:50.000Z $IIMWV,210.0,T,14.0,N,A*0D
2026-06-18T12:23:50.000Z $IIRPM,E,1,0,,A*66
2026-06-18T12:24:00.000Z $GPRMC,122400.00,A,5250.8198,N,00435.1719,E,8.0,187.8,180626,,,A*58
2026-06-18T12:24:00.000Z $GPGGA,122400.00,5250.8198,N,00435.1719,E,1,9,0.9,0.0,M,0.0,M,,*6F
2026-06-18T12:24:00.000Z $IIHDG,190.6,,,,*47
2026-06-18T12:24:00.000Z $IIMWV,206.6,T,13.1,N,A*0A
2026-06-18T12:24:00.000Z $IIDBT,74.3,f,22.7,M,12.4,F*21
2026-06-18T12:24:00.000Z $IIRPM,E,1,0,,A*66
2026-06-18T12:24:00.000Z $IIXDR,V,12.45,V,BATT*61
2026-06-18T12:24:00.000Z $GPVTG,187.8,T,,M,8.0,N,14.8,K,A*3E
2026-06-18T12:24:10.000Z $GPRMC,122410.00,A,5250.7955,N,00435.1950,E,8.0,188.0,180626,,,A*5B
2026-06-18T12:24:10.000Z $IIHDG,188.0,,,,*48
2026-06-18T12:24:10.000Z $IIMWV,209.4,T,14.1,N,A*00
2026-06-18T12:24:10.000Z $IIRPM,E,1,0,,A*66
2026-06-18T12:24:20.000Z $GPRMC,122420.00,A,5250.7672,N,00435.1822,E,8.0,188.0,180626,,,A*56
2026-06-18T12:24:20.000Z $IIHDG,189.2,,,,*4B
2026-06-18T12:24:20.000Z $IIMWV,210.4,T,14.3,N,A*0A
2026-06-18T12:24:20.000Z $IIRPM,E,1,0,,A*66
2026-06-18T12:24:30.000Z $GPRMC,122430.00,A,5250.7222,N,00435.1665,E,8.0,189.8,180626,,,A*52
2026-06-18T12:24:30.000Z $GPGGA,122430.00,5250.7222,N,00435.1665,E,1,8,0.9,0.0,M,0.0,M,,*6A
2026-06-18T12:24:30.000Z $IIHDG,188.7,,,,*4F
2026-06-18T12:24:30.000Z $IIMWV,212.8,T,12.8,N,A*09
2026-06-18T12:24:30.000Z $IIDBT,68.0,f,20.7,M,11.3,F*29
2026-06-18T12:24:30.000Z $IIRPM,E,1,0,,A*66
2026-06-18T12:24:30.000Z $GPVTG,189.8,T,,M,8.0,N,14.8,K,A*30
2026-06-18T12:24:40.000Z $GPRMC,122440.00,A,5250.7144,N,00435.2049,E,8.0,188.9,180626,,,A*5D
2026-06-18T12:24:40.000Z $IIHDG,190.5,,,,*44
2026-06-18T12:24:40.000Z $IIMWV,207.5,T,14.3,N,A*0D
2026-06-18T12:24:40.000Z $IIRPM,E,1,0,,A*66
2026-06-18T12:24:50.000Z $GPRMC,122450.00,A,5250.6998,N,00435.1512,E,8.0,189.5,180626,,,A*51
2026-06-18T12:24:50.000Z $IIHDG,186.7,,,,*41
2026-06-18T12:24:50.000Z $IIMWV,211.8,T,12.7,N,A*05
2026-06-18T12:24:50.000Z $IIRPM,E,1,0,,A*66
2026-06-18T12:25:00.000Z $GPRMC,122500.00,A,5250.6925,N,00435.1865,E,8.0,189.7,180626,,,A*5C
2026-06-18T12:25:00.000Z $GPGGA,122500.00,5250.6925,N,00435.1865,E,1,11,0.9,0.0,M,0.0,M,,*53
2026-06-18T12:25:00.000Z $IIHDG,187.2,,,,*45
2026-06-18T12:25:00.000Z $IIMWV,203.8,T,14.8,N,A*0F
2026-06-18T12:25:00.000Z $IIDBT,70.6,f,21.5,M,11.8,F*2E
2026-06-18T12:25:00.000Z $IIRPM,E,1,0,,A*66
2026-06-18T12:25:00.000Z $IIXDR,V,12.62,V,BATT*64
2026-06-18T12:25:00.000Z $IIMTA,19.0,C*0D
2026-06-18T12:25:00.000Z $GPVTG,189.7,T,,M,8.0,N,14.8,K,A*3F
2026-06-18T12:25:10.000Z $GPRMC,122510.00,A,5250.6252,N,00435.1394,E,8.0,187.4,180626,,,A*5E
2026-06-18T12:25:10.000Z $IIHDG,186.2,,,,*44
2026-06-18T12:25:10.000Z $IIMWV,204.6,T,14.7,N,A*09
2026-06-18T12:25:10.000Z $IIRPM,E,1,0,,A*66
2026-06-18T12:25:20.000Z $GPRMC,122520.00,A,5250.6244,N,00435.1578,E,7.9,188.8,180626,,,A*5B
2026-06-18T12:25:20.000Z $IIHDG,188.0,,,,*48
2026-06-18T12:25:20.000Z $IIMWV,207.7,T,15.5,N,A*08
2026-06-18T12:25:20.000Z $IIRPM,E,1,0,,A*66
2026-06-18T12:25:30.000Z $GPRMC,122530.00,A,5250.5962,N,00435.1235,E,7.9,189.1,180626,,,A*50
2026-06-18T12:25:30.000Z $GPGGA,122530.00,5250.5962,N,00435.1235,E,1,10,0.9,0.0,M,0.0,M,,*5E
2026-06-18T12:25:30.000Z $IIHDG,186.3,,,,*45
2026-06-18T12:25:30.000Z $IIMWV,206.5,T,13.7,N,A*0F
2026-06-18T12:25:30.000Z $IIDBT,69.7,f,21.2,M,11.6,F*2E
2026-06-18T12:25:30.000Z $IIRPM,E,1,0,,A*66
2026-06-18T12:25:30.000Z $GPVTG,189.1,T,,M,7.9,N,14.6,K,A*31
2026-06-18T12:25:40.000Z $GPRMC,122540.00,A,5250.5514,N,00435.1258,E,8.0,188.9,180626,,,A*5E
2026-06-18T12:25:40.000Z $IIHDG,186.9,,,,*4F
2026-06-18T12:25:40.000Z $IIMWV,205.8,T,14.8,N,A*09
2026-06-18T12:25:40.000Z $IIRPM,E,1,0,,A*66
2026-06-18T12:25:50.000Z $GPRMC,122550.00,A,5250.5650,N,00435.1496,E,8.0,188.3,180626,,,A*52
2026-06-18T12:25:50.000Z $IIHDG,187.9,,,,*4E
2026-06-18T12:25:50.000Z $IIMWV,204.8,T,14.3,N,A*03
2026-06-18T12:25:50.000Z $IIRPM,E,1,0,,A*66
2026-06-18T12:26:00.000Z $GPRMC,122600.00,A,5250.5401,N,00435.1200,E,8.0,189.4,180626,,,A*5D
2026-06-18T12:26:00.000Z $GPGGA,122600.00,5250.5401,N,00435.1200,E,1,8,0.9,0.0,M,0.0,M,,*69
2026-06-18T12:26:00.000Z $IIHDG,187.8,,,,*4F
2026-06-18T12:26:00.000Z $IIMWV,211.7,T,14.6,N,A*0D
2026-06-18T12:26:00.000Z $IIDBT,66.6,f,20.3,M,11.1,F*27
2026-06-18T12:26:00.000Z $IIRPM,E,1,0,,A*66
2026-06-18T12:26:00.000Z $IIXDR,V,12.59,V,BATT*6C
2026-06-18T12:26:00.000Z $GPVTG,189.4,T,,M,8.0,N,14.8,K,A*3C
2026-06-18T12:26:10.000Z $GPRMC,122610.00,A,5250.4929,N,00435.1126,E,8.0,189.9,180626,,,A*50
2026-06-18T12:26:10.000Z $IIHDG,190.2,,,,*43
2026-06-18T12:26:10.000Z $IIMWV,212.8,T,15.0,N,A*06
2026-06-18T12:26:10.000Z $IIRPM,E,1,0,,A*66
2026-06-18T12:26:20.000Z $GPRMC,122620.00,A,5250.5179,N,00435.1319,E,8.0,189.2,180626,,,A*5A
2026-06-18T12:26:20.000Z $IIHDG,187.9,,,,*4E
2026-06-18T12:26:20.000Z $IIMWV,205.1,T,13.1,N,A*0E
2026-06-18T12:26:20.000Z $IIRPM,E,1,0,,A*66
2026-06-18T12:26:30.000Z $GPRMC,122630.00,A,5250.4484,N,00435.0964,E,7.8,187.8,180626,,,A*5F
2026-06-18T12:26:30.000Z $GPGGA,122630.00,5250.4484,N,00435.0964,E,1,8,0.9,0.0,M,0.0,M,,*6E
2026-06-18T12:26:30.000Z $IIHDG,189.6,,,,*4F
2026-06-18T12:26:30.000Z $IIMWV,212.0,T,12.9,N,A*00
2026-06-18T12:26:30.000Z $IIDBT,65.1,f,19.8,M,10.8,F*2A
2026-06-18T12:26:30.000Z $IIRPM,E,1,0,,A*66
2026-06-18T12:26:30.000Z $GPVTG,187.8,T,,M,7.8,N,14.5,K,A*34
2026-06-18T12:26:40.000Z $GPRMC,122640.00,A,5250.4342,N,00435.1018,E,8.0,187.8,180626,,,A*51
2026-06-18T12:26:40.000Z $IIHDG,186.9,,,,*4F
2026-06-18T12:26:40.000Z $IIMWV,206.5,T,15.4,N,A*0A
2026-06-18T12:26:40.000Z $IIRPM,E,1,0,,A*66
2026-06-18T12:26:50.000Z $GPRMC,122650.00,A,5250.3924,N,00435.0982,E,8.0,188.9,180626,,,A*58
2026-06-18T12:26:50.000Z $IIHDG,189.9,,,,*40
2026-06-18T12:26:50.000Z $IIMWV,205.8,T,13.0,N,A*06
2026-06-18T12:26:50.000Z $IIRPM,E,1,0,,A*66
2026-06-18T12:27:00.000Z $GPRMC,122700.00,A,5250.4238,N,00435.1122,E,8.0,189.4,180626,,,A*52
2026-06-18T12:27:00.000Z $GPGGA,122700.00,5250.4238,N,00435.1122,E,1,10,0.9,0.0,M,0.0,M,,*5F
2026-06-18T12:27:00.000Z $IIHDG,189.3,,,,*4A
2026-06-18T12:27:00.000Z $IIMWV,210.3,T,13.0,N,A*09
2026-06-18T12:27:00.000Z $IIDBT,67.4,f,20.6,M,11.2,F*22
2026-06-18T12:27:00.000Z $IIRPM,E,1,0,,A*66
2026-06-18T12:27:00.000Z $IIXDR,V,12.42,V,BATT*66
2026-06-18T12:27:00.000Z $GPVTG,189.4,T,,M,8.0,N,14.8,K,A*3C
2026-06-18T12:27:10.000Z $GPRMC,122710.00,A,5250.3560,N,00435.1029,E,8.0,189.7,180626,,,A*57
2026-06-18T12:27:10.000Z $IIHDG,188.8,,,,*40
2026-06-18T12:27:10.000Z $IIMWV,208.0,T,14.0,N,A*04
2026-06-18T12:27:10.000Z $IIRPM,E,1,0,,A*66
2026-06-18T12:27:20.000Z $GPRMC,122720.00,A,5250.3815,N,00435.0852,E,8.0,187.6,180626,,,A*51
2026-06-18T12:27:20.000Z $IIHDG,188.9,,,,*41
2026-06-18T12:27:20.000Z $IIMWV,204.9,T,14.0,N,A*01
2026-06-18T12:27:20.000Z $IIRPM,E,1,0,,A*66
2026-06-18T12:27:30.000Z $GPRMC,122730.00,A,5250.3381,N,00435.0703,E,8.0,187.8,180626,,,A*53
2026-06-18T12:27:30.000Z $GPGGA,122730.00,5250.3381,N,00435.0703,E,1,10,0.9,0.0,M,0.0,M,,*5C
2026-06-18T12:27:30.000Z $IIHDG,189.9,,,,*40
2026-06-18T12:27:30.000Z $IIMWV,211.9,T,15.4,N,A*00
2026-06-18T12:27:30.000Z $IIDBT,67.6,f,20.6,M,11.3,F*21
2026-06-18T12:27:30.000Z $IIRPM,E,1,0,,A*66
2026-06-18T12:27:30.000Z $GPVTG,187.8,T,,M,8.0,N,14.8,K,A*3E
2026-06-18T12:27:40.000Z $GPRMC,122740.00,A,5250.2999,N,00435.0865,E,8.0,189.0,180626,,,A*5F
2026-06-18T12:27:40.000Z $IIHDG,190.8,,,,*49
2026-06-18T12:27:40.000Z $IIMWV,205.9,T,14.7,N,A*07
2026-06-18T12:27:40.000Z $IIRPM,E,1,0,,A*66
2026-06-18T12:27:50.000Z $GPRMC,122750.00,A,5250.3189,N,00435.0816,E,7.9,187.8,180626,,,A*52
2026-06-18T12:27:50.000Z $IIHDG,186.5,,,,*43
2026-06-18T12:27:50.000Z $IIMWV,204.8,T,14.6,N,A*06
2026-06-18T12:27:50.000Z $IIRPM,E,1,0,,A*66
2026-06-18T12:28:00.000Z $GPRMC,122800.00,A,5250.2562,N,00435.0958,E,8.0,189.7,180626,,,A*54
2026-06-18T12:28:00.000Z $GPGGA,122800.00,5250.2562,N,00435.0958,E,1,9,0.9,0.0,M,0.0,M,,*62
2026-06-18T12:28:00.000Z $IIHDG,186.8,,,,*4E
2026-06-18T12:28:00.000Z $IIMWV,205.3,T,14.8,N,A*02
2026-06-18T12:28:00.000Z $IIDBT,71.1,f,21.7,M,11.8,F*2A
2026-06-18T12:28:00.000Z $IIRPM,E,1,0,,A*66
2026-06-18T12:28:00.000Z $IIXDR,V,12.57,V,BATT*62
2026-06-18T12:28:00.000Z $GPVTG,189.7,T,,M,8.0,N,14.8,K,A*3F
2026-06-18T12:28:10.000Z $GPRMC,122810.00,A,5250.2571,N,00435.0492,E,8.0,187.8,180626,,,A*5D
2026-06-18T12:28:10.000Z $IIHDG,186.4,,,,*42
2026-06-18T12:28:10.000Z $IIMWV,213.4,T,13.5,N,A*08
2026-06-18T12:28:10.000Z $IIRPM,E,1,0,,A*66
2026-06-18T12:28:20.000Z $GPRMC,122820.00,A,5250.1953,N,00435.0441,E,8.0,188.9,180626,,,A*51
2026-06-18T12:28:20.000Z $IIHDG,186.6,,,,*40
2026-06-18T12:28:20.000Z $IIMWV,211.4,T,12.6,N,A*08
2026-06-18T12:28:20.000Z $IIRPM,E,1,0,,A*66
2026-06-18T12:28:30.000Z $GPRMC,122830.00,A,5250.2183,N,00435.0568,E,8.0,187.6,180626,,,A*5C
2026-06-18T12:28:30.000Z $GPGGA,122830.00,5250.2183,N,00435.0568,E,1,12,0.9,0.0,M,0.0,M,,*5F
2026-06-18T12:28:30.000Z $IIHDG,188.0,,,,*48
2026-06-18T12:28:30.000Z $IIMWV,206.3,T,12.5,N,A*0A
2026-06-18T12:28:30.000Z $IIDBT,73.7,f,22.5,M,12.3,F*27
2026-06-18T12:28:30.000Z $IIRPM,E,1,0,,A*66
2026-06-18T12:28:30.000Z $GPVTG,187.6,T,,M,8.0,N,14.8,K,A*30
2026-06-18T12:28:40.000Z $GPRMC,122840.00,A,5250.1521,N,00435.0276,E,8.0,189.0,180626,,,A*54
2026-06-18T12:28:40.000Z $IIHDG,190.5,,,,*44
2026-06-18T12:28:40.000Z $IIMWV,206.0,T,13.0,N,A*0D
2026-06-18T12:28:40.000Z $IIRPM,E,1,0,,A*66
2026-06-18T12:28:50.000Z $GPRMC,122850.00,A,5250.1398,N,00435.0489,E,8.0,188.4,180626,,,A*52
2026-06-18T12:28:50.000Z $IIHDG,187.2,,,,*45
2026-06-18T12:28:50.000Z $IIMWV,204.5,T,15.0,N,A*0C
2026-06-18T12:28:50.000Z $IIRPM,E,1,0,,A*66
2026-06-18T12:29:00.000Z $GPRMC,122900.00,A,5250.1183,N,00435.0613,E,8.0,188.0,180626,,,A*5B
2026-06-18T12:29:00.000Z $GPGGA,122900.00,5250.1183,N,00435.0613,E,1,12,0.9,0.0,M,0.0,M,,*51
2026-06-18T12:29:00.000Z $IIHDG,188.3,,,,*4B
2026-06-18T12:29:00.000Z $IIMWV,211.5,T,13.3,N,A*0D
2026-06-18T12:29:00.000Z $IIDBT,68.2,f,20.8,M,11.4,F*23
2026-06-18T12:29:00.000Z $IIRPM,E,1,0,,A*66
2026-06-18T12:29:00.000Z $IIXDR,V,12.48,V,BATT*6C
2026-06-18T12:29:00.000Z $GPVTG,188.0,T,,M,8.0,N,14.8,K,A*39
2026-06-18T12:29:10.000Z $GPRMC,122910.00,A,5250.1018,N,00435.0138,E,8.0,187.8,180626,,,A*50
2026-06-18T12:29:10.000Z $IIHDG,190.2,,,,*43
2026-06-18T12:29:10.000Z $IIMWV,209.6,T,13.8,N,A*0C
2026-06-18T12:29:10.000Z $IIRPM,E,1,0,,A*66
2026-06-18T12:29:20.000Z $GPRMC,122920.00,A,5250.0891,N,00435.0261,E,7.9,187.5,180626,,,A*5F
2026-06-18T12:29:20.000Z $IIHDG,187.7,,,,*40
2026-06-18T12:29:20.000Z $IIMWV,209.0,T,13.0,N,A*02
2026-06-18T12:29:20.000Z $IIRPM,E,1,0,,A*66
2026-06-18T12:29:30.000Z $GPRMC,122930.00,A,5250.0558,N,00435.0467,E,8.0,188.3,180626,,,A*59
2026-06-18T12:29:30.000Z $GPGGA,122930.00,5250.0558,N,00435.0467,E,1,10,0.9,0.0,M,0.0,M,,*52
2026-06-18T12:29:30.000Z $IIHDG,189.5,,,,*4C
2026-06-18T12:29:30.000Z $IIMWV,204.4,T,13.5,N,A*0E
2026-06-18T12:29:30.000Z $IIDBT,65.5,f,20.0,M,10.9,F*2D
2026-06-18T12:29:30.000Z $IIRPM,E,1,0,,A*66
2026-06-18T12:29:30.000Z $GPVTG,188.3,T,,M,8.0,N,14.8,K,A*3A
2026-06-18T12:29:40.000Z $GPRMC,122940.00,A,5250.0700,N,00435.0012,E,7.9,189.7,180626,,,A*54
2026-06-18T12:29:40.000Z $IIHDG,188.9,,,,*41
2026-06-18T12:29:40.000Z $IIMWV,210.0,T,14.6,N,A*0B
2026-06-18T12:29:40.000Z $IIRPM,E,1,0,,A*66
2026-06-18T12:29:50.000Z $GPRMC,122950.00,A,5250.0159,N,00435.0073,E,8.0,187.6,180626,,,A*51
2026-06-18T12:29:50.000Z $IIHDG,190.6,,,,*47
2026-06-18T12:29:50.000Z $IIMWV,213.4,T,12.6,N,A*0A
2026-06-18T12:29:50.000Z $IIRPM,E,1,0,,A*66
2026-06-18T12:30:00.000Z $GPRMC,123000.00,A,5249.9922,N,00435.0259,E,8.0,187.4,180626,,,A*51
2026-06-18T12:30:00.000Z $GPGGA,123000.00,5249.9922,N,00435.0259,E,1,10,0.9,0.0,M,0.0,M,,*52
2026-06-18T12:30:00.000Z $IIHDG,186.5,,,,*43
2026-06-18T12:30:00.000Z $IIMWV,206.1,T,12.8,N,A*05
2026-06-18T12:30:00.000Z $IIDBT,73.8,f,22.5,M,12.3,F*28
2026-06-18T12:30:00.000Z $IIRPM,E,1,0,,A*66
2026-06-18T12:30:00.000Z $IIXDR,V,12.47,V,BATT*63
2026-06-18T12:30:00.000Z $IIMTA,19.4,C*09
2026-06-18T12:30:00.000Z $GPVTG,187.4,T,,M,8.0,N,14.8,K,A*32
2026-06-18T12:30:10.000Z $GPRMC,123010.00,A,5249.9693,N,00434.9679,E,7.9,189.5,180626,,,A*52
2026-06-18T12:30:10.000Z $IIHDG,191.0,,,,*40
2026-06-18T12:30:10.000Z $IIMWV,206.6,T,12.6,N,A*0C
2026-06-18T12:30:10.000Z $IIRPM,E,1,0,,A*66
2026-06-18T12:30:20.000Z $GPRMC,123020.00,A,5249.9413,N,00434.9761,E,7.9,187.7,180626,,,A*5F
2026-06-18T12:30:20.000Z $IIHDG,190.0,,,,*41
2026-06-18T12:30:20.000Z $IIMWV,204.1,T,12.8,N,A*07
2026-06-18T12:30:20.000Z $IIRPM,E,1,0,,A*66
2026-06-18T12:30:30.000Z $GPRMC,123030.00,A,5249.9527,N,00434.9869,E,7.9,189.6,180626,,,A*50
2026-06-18T12:30:30.000Z $GPGGA,123030.00,5249.9527,N,00434.9869,E,1,8,0.9,0.0,M,0.0,M,,*60
2026-06-18T12:30:30.000Z $IIHDG,189.8,,,,*41
2026-06-18T12:30:30.000Z $IIMWV,210.2,T,14.8,N,A*07
2026-06-18T12:30:30.000Z $IIDBT,67.5,f,20.6,M,11.2,F*23
2026-06-18T12:30:30.000Z $IIRPM,E,1,0,,A*66
2026-06-18T12:30:30.000Z $GPVTG,189.6,T,,M,7.9,N,14.6,K,A*36
2026-06-18T12:30:40.000Z $GPRMC,123040.00,A,5249.8983,N,00435.0065,E,8.0,188.9,180626,,,A*50
2026-06-18T12:30:40.000Z $IIHDG,189.8,,,,*41
2026-06-18T12:30:40.000Z $IIMWV,210.0,T,15.4,N,A*08
2026-06-18T12:30:40.000Z $IIRPM,E,1,0,,A*66
2026-06-18T12:30:50.000Z $GPRMC,123050.00,A,5249.8939,N,00434.9925,E,8.0,189.6,180626,,,A*5B
2026-06-18T12:30:50.000Z $IIHDG,190.1,,,,*40
2026-06-18T12:30:50.000Z $IIMWV,210.4,T,13.4,N,A*0A
2026-06-18T12:30:50.000Z $IIRPM,E,1,0,,A*66
2026-06-18T12:31:00.000Z $GPRMC,123100.00,A,5249.8399,N,00434.9930,E,8.0,187.8,180626,,,A*5B
2026-06-18T12:31:00.000Z $GPGGA,123100.00,5249.8399,N,00434.9930,E,1,12,0.9,0.0,M,0.0,M,,*56
2026-06-18T12:31:00.000Z $IIHDG,186.9,,,,*4F
2026-06-18T12:31:00.000Z $IIMWV,204.7,T,14.6,N,A*09
2026-06-18T12:31:00.000Z $IIDBT,64.4,f,19.6,M,10.7,F*2F
2026-06-18T12:31:00.000Z $IIRPM,E,1,0,,A*66
2026-06-18T12:31:00.000Z $IIXDR,V,12.56,V,BATT*63
2026-06-18T12:31:00.000Z $GPVTG,187.8,T,,M,8.0,N,14.8,K,A*3E
2026-06-18T12:31:10.000Z $GPRMC,123110.00,A,5249.8633,N,00434.9405,E,7.9,187.6,180626,,,A*5C
2026-06-18T12:31:10.000Z $IIHDG,190.9,,,,*48
2026-06-18T12:31:10.000Z $IIMWV,210.3,T,14.2,N,A*0C
2026-06-18T12:31:10.000Z $IIRPM,E,1,0,,A*66
2026-06-18T12:31:20.000Z $GPRMC,123120.00,A,5249.8012,N,00434.9399,E,8.0,189.6,180626,,,A*50
2026-06-18T12:31:20.000Z $IIHDG,188.7,,,,*4F
2026-06-18T12:31:20.000Z $IIMWV,212.6,T,14.4,N,A*0D
2026-06-18T12:31:20.000Z $IIRPM,E,1,0,,A*66
2026-06-18T12:31:30.000Z $GPRMC,123130.00,A,5249.7805,N,00434.9709,E,8.0,188.5,180626,,,A*5F
2026-06-18T12:31:30.000Z $GPGGA,123130.00,5249.7805,N,00434.9709,E,1,12,0.9,0.0,M,0.0,M,,*50
2026-06-18T12:31:30.000Z $IIHDG,186.3,,,,*45
2026-06-18T12:31:30.000Z $IIMWV,210.9,T,15.1,N,A*04
2026-06-18T12:31:30.000Z $IIDBT,73.6,f,22.4,M,12.3,F*27
2026-06-18T12:31:30.000Z $IIRPM,E,1,0,,A*66
2026-06-18T12:31:30.000Z $GPVTG,188.5,T,,M,8.0,N,14.8,K,A*3C
2026-06-18T12:31:40.000Z $GPRMC,123140.00,A,5249.7683,N,00434.9373,E,8.0,188.2,180626,,,A*56
2026-06-18T12:31:40.000Z $IIHDG,188.7,,,,*4F
2026-06-18T12:31:40.000Z $IIMWV,212.7,T,15.4,N,A*0D
2026-06-18T12:31:40.000Z $IIRPM,E,1,0,,A*66
2026-06-18T12:31:50.000Z $GPRMC,123150.00,A,5249.7317,N,00434.9321,E,8.0,187.4,180626,,,A*51
2026-06-18T12:31:50.000Z $IIHDG,191.1,,,,*41
2026-06-18T12:31:50.000Z $IIMWV,208.6,T,14.9,N,A*0B
2026-06-18T12:31:50.000Z $IIRPM,E,1,0,,A*66
2026-06-18T12:32:00.000Z $GPRMC,123200.00,A,5249.7254,N,00434.9482,E,7.9,189.4,180626,,,A*57
2026-06-18T12:32:00.000Z $GPGGA,123200.00,5249.7254,N,00434.9482,E,1,9,0.9,0.0,M,0.0,M,,*64
2026-06-18T12:32:00.000Z $IIHDG,189.8,,,,*41
2026-06-18T12:32:00.000Z $IIMWV,208.9,T,12.5,N,A*0E
2026-06-18T12:32:00.000Z $IIDBT,65.5,f,20.0,M,10.9,F*2D
2026-06-18T12:32:00.000Z $IIRPM,E,1,0,,A*66
2026-06-18T12:32:00.000Z $IIXDR,V,12.53,V,BATT*66
2026-06-18T12:32:00.000Z $GPVTG,189.4,T,,M,7.9,N,14.7,K,A*35
2026-06-18T12:32:10.000Z $GPRMC,123210.00,A,5249.6921,N,00434.9468,E,8.0,187.9,180626,,,A*5F
2026-06-18T12:32:10.000Z $IIHDG,189.0,,,,*49
2026-06-18T12:32:10.000Z $IIMWV,204.5,T,13.6,N,A*0C
2026-06-18T12:32:10.000Z $IIRPM,E,1,0,,A*66
2026-06-18T12:32:20.000Z $GPRMC,123220.00,A,5249.6832,N,00434.9494,E,8.0,189.9,180626,,,A*52
2026-06-18T12:32:20.000Z $IIHDG,189.3,,,,*4A
2026-06-18T12:32:20.000Z $IIMWV,206.7,T,15.3,N,A*0F
2026-06-18T12:32:20.000Z $IIRPM,E,1,0,,A*66
2026-06-18T12:32:30.000Z $GPRMC,123230.00,A,5249.6523,N,00434.9446,E,8.0,189.5,180626,,,A*5D
2026-06-18T12:32:30.000Z $GPGGA,123230.00,5249.6523,N,00434.9446,E,1,10,0.9,0.0,M,0.0,M,,*51
2026-06-18T12:32:30.000Z $IIHDG,188.0,,,,*48
2026-06-18T12:32:30.000Z $IIMWV,205.1,T,12.8,N,A*06
2026-06-18T12:32:30.000Z $IIDBT,72.4,f,22.1,M,12.1,F*23
2026-06-18T12:32:30.000Z $IIRPM,E,1,0,,A*66
2026-06-18T12:32:30.000Z $GPVTG,189.5,T,,M,8.0,N,14.8,K,A*3D
2026-06-18T12:32:40.000Z $GPRMC,123240.00,A,5249.6173,N,00434.9027,E,8.0,188.8,180626,,,A*54
2026-06-18T12:32:40.000Z $IIHDG,189.1,,,,*48
2026-06-18T12:32:40.000Z $IIMWV,209.1,T,13.2,N,A*01
2026-06-18T12:32:40.000Z $IIRPM,E,1,0,,A*66
2026-06-18T12:32:50.000Z $GPRMC,123250.00,A,5249.6353,N,00434.8847,E,8.0,189.3,180626,,,A*50
2026-06-18T12:32:50.000Z $IIHDG,188.9,,,,*41
2026-06-18T12:32:50.000Z $IIMWV,211.8,T,13.8,N,A*0B
2026-06-18T12:32:50.000Z $IIRPM,E,1,0,,A*66
2026-06-18T12:33:00.000Z $GPRMC,123300.00,A,5249.6106,N,00434.9162,E,8.0,187.8,180626,,,A*5C
2026-06-18T12:33:00.000Z $GPGGA,123300.00,5249.6106,N,00434.9162,E,1,8,0.9,0.0,M,0.0,M,,*6A
2026-06-18T12:33:00.000Z $IIHDG,188.7,,,,*4F
2026-06-18T12:33:00.000Z $IIMWV,211.5,T,14.5,N,A*0C
2026-06-18T12:33:00.000Z $IIDBT,72.0,f,22.0,M,12.0,F*27
2026-06-18T12:33:00.000Z $IIRPM,E,1,0,,A*66
2026-06-18T12:33:00.000Z $IIXDR,V,12.56,V,BATT*63
2026-06-18T12:33:00.000Z $GPVTG,187.8,T,,M,8.0,N,14.8,K,A*3E
2026-06-18T12:33:10.000Z $GPRMC,123310.00,A,5249.5914,N,00434.8815,E,8.0,187.4,180626,,,A*51
2026-06-18T12:33:10.000Z $IIHDG,188.7,,,,*4F
2026-06-18T12:33:10.000Z $IIMWV,209.0,T,13.0,N,A*02
2026-06-18T12:33:10.000Z $IIRPM,E,1,0,,A*66
2026-06-18T12:33:20.000Z $GPRMC,123320.00,A,5249.5348,N,00434.8950,E,8.0,188.5,180626,,,A*5F
2026-06-18T12:33:20.000Z $IIHDG,188.4,,,,*4C
2026-06-18T12:33:20.000Z $IIMWV,211.5,T,14.5,N,A*0C
2026-06-18T12:33:20.000Z $IIRPM,E,1,0,,A*66
2026-06-18T12:33:30.000Z $GPRMC,123330.00,A,5249.5533,N,00434.8694,E,8.0,188.9,180626,,,A*5F
2026-06-18T12:33:30.000Z $GPGGA,123330.00,5249.5533,N,00434.8694,E,1,9,0.9,0.0,M,0.0,M,,*66
2026-06-18T12:33:30.000Z $IIHDG,187.9,,,,*4E
2026-06-18T12:33:30.000Z $IIMWV,206.3,T,15.4,N,A*0C
2026-06-18T12:33:30.000Z $IIDBT,69.1,f,21.1,M,11.5,F*28
2026-06-18T12:33:30.000Z $IIRPM,E,1,0,,A*66
2026-06-18T12:33:30.000Z $GPVTG,188.9,T,,M,8.0,N,14.8,K,A*30
2026-06-18T12:33:40.000Z $GPRMC,123340.00,A,5249.5113,N,00434.8777,E,8.0,189.1,180626,,,A*5B
2026-06-18T12:33:40.000Z $IIHDG,190.3,,,,*42
2026-06-18T12:33:40.000Z $IIMWV,206.1,T,12.6,N,A*0B
2026-06-18T12:33:40.000Z $IIRPM,E,1,0,,A*66
2026-06-18T12:33:50.000Z $GPRMC,123350.00,A,5249.4662,N,00434.8653,E,8.0,189.4,180626,,,A*58
2026-06-18T12:33:50.000Z $IIHDG,186.4,,,,*42
2026-06-18T12:33:50.000Z $IIMWV,212.3,T,15.4,N,A*09
2026-06-18T12:33:50.000Z $IIRPM,E,1,0,,A*66
2026-06-18T12:34:00.000Z $GPRMC,123400.00,A,5249.4676,N,00434.8672,E,7.9,188.7,180626,,,A*58
2026-06-18T12:34:00.000Z $GPGGA,123400.00,5249.4676,N,00434.8672,E,1,9,0.9,0.0,M,0.0,M,,*69
2026-06-18T12:34:00.000Z $IIHDG,188.9,,,,*41
2026-06-18T12:34:00.000Z $IIMWV,206.4,T,13.2,N,A*0B
2026-06-18T12:34:00.000Z $IIDBT,64.6,f,19.7,M,10.8,F*23
2026-06-18T12:34:00.000Z $IIRPM,E,1,0,,A*66
2026-06-18T12:34:00.000Z $IIXDR,V,12.52,V,BATT*67
2026-06-18T12:34:00.000Z $GPVTG,188.7,T,,M,7.9,N,14.6,K,A*36
2026-06-18T12:34:10.000Z $GPRMC,123410.00,A,5249.4147,N,00434.8501,E,8.0,188.6,180626,,,A*5C
2026-06-18T12:34:10.000Z $IIHDG,191.0,,,,*40
2026-06-18T12:34:10.000Z $IIMWV,213.5,T,13.2,N,A*0E
2026-06-18T12:34:10.000Z $IIRPM,E,1,0,,A*66
2026-06-18T12:34:20.000Z $GPRMC,123420.00,A,5249.4034,N,00434.8378,E,8.0,187.5,180626,,,A*5E
2026-06-18T12:34:20.000Z $IIHDG,190.1,,,,*40
2026-06-18T12:34:20.000Z $IIMWV,205.1,T,14.8,N,A*00
2026-06-18T12:34:20.000Z $IIRPM,E,1,0,,A*66
2026-06-18T12:34:30.000Z $GPRMC,123430.00,A,5249.4294,N,00434.8640,E,8.0,187.6,180626,,,A*5A
2026-06-18T12:34:30.000Z $GPGGA,123430.00,5249.4294,N,00434.8640,E,1,8,0.9,0.0,M,0.0,M,,*62
2026-06-18T12:34:30.000Z $IIHDG,188.9,,,,*41
2026-06-18T12:34:30.000Z $IIMWV,203.7,T,13.2,N,A*0D
2026-06-18T12:34:30.000Z $IIDBT,68.1,f,20.7,M,11.3,F*28
2026-06-18T12:34:30.000Z $IIRPM,E,1,0,,A*66
2026-06-18T12:34:30.000Z $GPVTG,187.6,T,,M,8.0,N,14.8,K,A*30
2026-06-18T12:34:40.000Z $GPRMC,123440.00,A,5249.3836,N,00434.8456,E,8.0,188.9,180626,,,A*5D
2026-06-18T12:34:40.000Z $IIHDG,189.8,,,,*41
2026-06-18T12:34:40.000Z $IIMWV,209.5,T,15.0,N,A*01
2026-06-18T12:34:40.000Z $IIRPM,E,1,0,,A*66
2026-06-18T12:34:50.000Z $GPRMC,123450.00,A,5249.3379,N,00434.8249,E,8.0,189.3,180626,,,A*5F
2026-06-18T12:34:50.000Z $IIHDG,190.4,,,,*45
2026-06-18T12:34:50.000Z $IIMWV,211.0,T,13.9,N,A*02
2026-06-18T12:34:50.000Z $IIRPM,E,1,0,,A*66
2026-06-18T12:35:00.000Z $GPRMC,123500.00,A,5249.3375,N,00434.8600,E,7.9,188.9,180626,,,A*53
2026-06-18T12:35:00.000Z $GPGGA,123500.00,5249.3375,N,00434.8600,E,1,10,0.9,0.0,M,0.0,M,,*54
2026-06-18T12:35:00.000Z $IIHDG,188.0,,,,*48
2026-06-18T12:35:00.000Z $IIMWV,206.1,T,12.7,N,A*0A
2026-06-18T12:35:00.000Z $IIDBT,72.0,f,21.9,M,12.0,F*2D
2026-06-18T12:35:00.000Z $IIRPM,E,1,0,,A*66
2026-06-18T12:35:00.000Z $IIXDR,V,12.57,V,BATT*62
2026-06-18T12:35:00.000Z $IIMTA,18.9,C*05
2026-06-18T12:35:00.000Z $GPVTG,188.9,T,,M,7.9,N,14.6,K,A*38
2026-06-18T12:35:10.000Z $GPRMC,123510.00,A,5249.2925,N,00434.8223,E,8.0,187.4,180626,,,A*5D
2026-06-18T12:35:10.000Z $IIHDG,188.6,,,,*4E
2026-06-18T12:35:10.000Z $IIMWV,203.7,T,14.4,N,A*0C
2026-06-18T12:35:10.000Z $IIRPM,E,1,0,,A*66
2026-06-18T12:35:20.000Z $GPRMC,123520.00,A,5249.3083,N,00434.8264,E,8.0,189.4,180626,,,A*57
2026-06-18T12:35:20.000Z $IIHDG,186.4,,,,*42
2026-06-18T12:35:20.000Z $IIMWV,204.5,T,14.1,N,A*0C
2026-06-18T12:35:20.000Z $IIRPM,E,1,0,,A*66
2026-06-18T12:35:30.000Z $GPRMC,123530.00,A,5249.2763,N,00434.8076,E,8.0,189.0,180626,,,A*5B
2026-06-18T12:35:30.000Z $GPGGA,123530.00,5249.2763,N,00434.8076,E,1,10,0.9,0.0,M,0.0,M,,*52
2026-06-18T12:35:30.000Z $IIHDG,188.5,,,,*4D
2026-06-18T12:35:30.000Z $IIMWV,210.6,T,13.1,N,A*0D
2026-06-18T12:35:30.000Z $IIDBT,67.7,f,20.6,M,11.3,F*20
2026-06-18T12:35:30.000Z $IIRPM,E,1,0,,A*66
2026-06-18T12:35:30.000Z $GPVTG,189.0,T,,M,8.0,N,14.8,K,A*38
2026-06-18T12:35:40.000Z $GPRMC,123540.00,A,5249.2184,N,00434.8307,E,7.9,188.9,180626,,,A*58
2026-06-18T12:35:40.000Z $IIHDG,189.2,,,,*4B
2026-06-18T12:35:40.000Z $IIMWV,211.1,T,15.0,N,A*0C
2026-06-18T12:35:40.000Z $IIRPM,E,1,0,,A*66
2026-06-18T12:35:50.000Z $GPRMC,123550.00,A,5249.2286,N,00434.8214,E,8.0,189.1,180626,,,A*54
2026-06-18T12:35:50.000Z $IIHDG,188.7,,,,*4F
2026-06-18T12:35:50.000Z $IIMWV,209.4,T,14.4,N,A*05
2026-06-18T12:35:50.000Z $IIRPM,E,1,0,,A*66
2026-06-18T12:36:00.000Z $GPRMC,123600.00,A,5249.2152,N,00434.8066,E,8.0,187.8,180626,,,A*58
2026-06-18T12:36:00.000Z $GPGGA,123600.00,5249.2152,N,00434.8066,E,1,8,0.9,0.0,M,0.0,M,,*6E
2026-06-18T12:36:00.000Z $IIHDG,186.5,,,,*43
2026-06-18T12:36:00.000Z $IIMWV,208.6,T,12.5,N,A*01
2026-06-18T12:36:00.000Z $IIDBT,71.1,f,21.7,M,11.9,F*2B
2026-06-18T12:36:00.000Z $IIRPM,E,1,0,,A*66
2026-06-18T12:36:00.000Z $IIXDR,V,12.56,V,BATT*63
2026-06-18T12:36:00.000Z $GPVTG,187.8,T,,M,8.0,N,14.8,K,A*3E
2026-06-18T12:36:10.000Z $GPRMC,123610.00,A,5249.2067,N,00434.7950,E,8.0,187.9,180626,,,A*5C
2026-06-18T12:36:10.000Z $IIHDG,188.5,,,,*4D
2026-06-18T12:36:10.000Z $IIMWV,212.4,T,14.8,N,A*03
2026-06-18T12:36:10.000Z $IIRPM,E,1,0,,A*66
2026-06-18T12:36:20.000Z $GPRMC,123620.00,A,5249.1548,N,00434.7800,E,8.0,188.4,180626,,,A*52
2026-06-18T12:36:20.000Z $IIHDG,189.2,,,,*4B
2026-06-18T12:36:20.000Z $IIMWV,205.4,T,14.1,N,A*0C
2026-06-18T12:36:20.000Z $IIRPM,E,1,0,,A*66
2026-06-18T12:36:30.000Z $GPRMC,123630.00,A,5249.1560,N,00434.7776,E,8.0,187.8,180626,,,A*54
2026-06-18T12:36:30.000Z $GPGGA,123630.00,5249.1560,N,00434.7776,E,1,8,0.9,0.0,M,0.0,M,,*62
2026-06-18T12:36:30.000Z $IIHDG,187.5,,,,*42
2026-06-18T12:36:30.000Z $IIMWV,204.9,T,14.9,N,A*08
2026-06-18T12:36:30.000Z $IIDBT,66.1,f,20.2,M,11.0,F*20
2026-06-18T12:36:30.000Z $IIRPM,E,1,0,,A*66
2026-06-18T12:36:30.000Z $GPVTG,187.8,T,,M,8.0,N,14.8,K,A*3E
2026-06-18T12:36:40.000Z $GPRMC,123640.00,A,5249.1295,N,00434.7514,E,8.0,188.4,180626,,,A*5B
2026-06-18T12:36:40.000Z $IIHDG,188.7,,,,*4F
2026-06-18T12:36:40.000Z $IIMWV,204.6,T,13.4,N,A*0D
2026-06-18T12:36:40.000Z $IIRPM,E,1,0,,A*66
2026-06-18T12:36:50.000Z $GPRMC,123650.00,A,5249.0792,N,00434.7567,E,8.0,190.1,180626,,,A*51
2026-06-18T12:36:50.000Z $IIHDG,190.9,,,,*48
2026-06-18T12:36:50.000Z $IIMWV,207.3,T,13.7,N,A*08
2026-06-18T12:36:50.000Z $IIRPM,E,1,0,,A*66
2026-06-18T12:37:00.000Z $GPRMC,123700.00,A,5249.0913,N,00434.7539,E,7.9,188.5,180626,,,A*52
2026-06-18T12:37:00.000Z $GPGGA,123700.00,5249.0913,N,00434.7539,E,1,10,0.9,0.0,M,0.0,M,,*59
2026-06-18T12:37:00.000Z $IIHDG,187.9,,,,*4E
2026-06-18T12:37:00.000Z $IIMWV,207.8,T,13.2,N,A*06
2026-06-18T12:37:00.000Z $IIDBT,68.2,f,20.8,M,11.4,F*23
2026-06-18T12:37:00.000Z $IIRPM,E,1,0,,A*66
2026-06-18T12:37:00.000Z $IIXDR,V,12.41,V,BATT*65
2026-06-18T12:37:00.000Z $GPVTG,188.5,T,,M,7.9,N,14.6,K,A*34
2026-06-18T12:37:10.000Z $GPRMC,123710.00,A,5249.0485,N,00434.7737,E,8.0,188.0,180626,,,A*5E
2026-06-18T12:37:10.000Z $IIHDG,188.8,,,,*40
2026-06-18T12:37:10.000Z $IIMWV,206.8,T,15.4,N,A*07
2026-06-18T12:37:10.000Z $IIRPM,E,1,0,,A*66
2026-06-18T12:37:20.000Z $GPRMC,123720.00,A,5249.0415,N,00434.7701,E,8.0,189.2,180626,,,A*52
2026-06-18T12:37:20.000Z $IIHDG,189.7,,,,*4E
2026-06-18T12:37:20.000Z $IIMWV,211.9,T,13.3,N,A*01
2026-06-18T12:37:20.000Z $IIRPM,E,1,0,,A*66
2026-06-18T12:37:30.000Z $GPRMC,123730.00,A,5248.9952,N,00434.7766,E,8.0,189.0,180626,,,A*56
2026-06-18T12:37:30.000Z $GPGGA,123730.00,5248.9952,N,00434.7766,E,1,12,0.9,0.0,M,0.0,M,,*5D
2026-06-18T12:37:30.000Z $IIHDG,188.9,,,,*41
2026-06-18T12:37:30.000Z $IIMWV,205.3,T,14.6,N,A*0C
2026-06-18T12:37:30.000Z $IIDBT,64.0,f,19.5,M,10.7,F*28
2026-06-18T12:37:30.000Z $IIRPM,E,1,0,,A*66
2026-06-18T12:37:30.000Z $GPVTG,189.0,T,,M,8.0,N,14.8,K,A*38
2026-06-18T12:37:40.000Z $GPRMC,123740.00,A,5248.9749,N,00434.7371,E,8.0,189.7,180626,,,A*50
2026-06-18T12:37:40.000Z $IIHDG,190.6,,,,*47
2026-06-18T12:37:40.000Z $IIMWV,207.4,T,13.3,N,A*0B
2026-06-18T12:37:40.000Z $IIRPM,E,1,0,,A*66
2026-06-18T12:37:50.000Z $GPRMC,123750.00,A,5248.9811,N,00434.7097,E,7.9,189.0,180626,,,A*59
2026-06-18T12:37:50.000Z $IIHDG,186.8,,,,*4E
2026-06-18T12:37:50.000Z $IIMWV,205.9,T,15.0,N,A*01
2026-06-18T12:37:50.000Z $IIRPM,E,1,0,,A*66
2026-06-18T12:38:00.000Z $GPRMC,123800.00,A,5248.9304,N,00434.7069,E,8.0,187.9,180626,,,A*5C
2026-06-18T12:38:00.000Z $GPGGA,123800.00,5248.9304,N,00434.7069,E,1,12,0.9,0.0,M,0.0,M,,*50
2026-06-18T12:38:00.000Z $IIHDG,190.6,,,,*47
2026-06-18T12:38:00.000Z $IIMWV,203.7,T,13.8,N,A*07
2026-06-18T12:38:00.000Z $IIDBT,68.0,f,20.7,M,11.3,F*29
2026-06-18T12:38:00.000Z $IIRPM,E,1,0,,A*66
2026-06-18T12:38:00.000Z $IIXDR,V,12.44,V,BATT*60
2026-06-18T12:38:00.000Z $GPVTG,187.9,T,,M,8.0,N,14.8,K,A*3F
2026-06-18T12:38:10.000Z $GPRMC,123810.00,A,5248.9268,N,00434.7024,E,8.0,190.1,180626,,,A*51
2026-06-18T12:38:10.000Z $IIHDG,189.0,,,,*49
2026-06-18T12:38:10.000Z $IIMWV,208.9,T,13.1,N,A*0B
2026-06-18T12:38:10.000Z $IIRPM,E,1,0,,A*66
2026-06-18T12:38:20.000Z $GPRMC,123820.00,A,5248.8827,N,00434.7050,E,8.0,187.4,180626,,,A*52
2026-06-18T12:38:20.000Z $IIHDG,189.7,,,,*4E
2026-06-18T12:38:20.000Z $IIMWV,209.7,T,15.3,N,A*00
2026-06-18T12:38:20.000Z $IIRPM,E,1,0,,A*66
2026-06-18T12:38:30.000Z $GPRMC,123830.00,A,5248.8622,N,00434.7289,E,8.0,189.9,180626,,,A*5D
2026-06-18T12:38:30.000Z $GPGGA,123830.00,5248.8622,N,00434.7289,E,1,12,0.9,0.0,M,0.0,M,,*5F
2026-06-18T12:38:30.000Z $IIHDG,187.0,,,,*47
2026-06-18T12:38:30.000Z $IIMWV,208.4,T,13.4,N,A*03
2026-06-18T12:38:30.000Z $IIDBT,71.6,f,21.8,M,11.9,F*23
2026-06-18T12:38:30.000Z $IIRPM,E,1,0,,A*66
2026-06-18T12:38:30.000Z $GPVTG,189.9,T,,M,8.0,N,14.8,K,A*31
2026-06-18T12:38:40.000Z $GPRMC,123840.00,A,5248.8672,N,00434.7401,E,7.9,188.3,180626,,,A*54
2026-06-18T12:38:40.000Z $IIHDG,187.2,,,,*45
2026-06-18T12:38:40.000Z $IIMWV,208.9,T,14.4,N,A*09
2026-06-18T12:38:40.000Z $IIRPM,E,1,0,,A*66
2026-06-18T12:38:50.000Z $GPRMC,123850.00,A,5248.8114,N,00434.7107,E,7.9,187.8,180626,,,A*55
2026-06-18T12:38:50.000Z $IIHDG,190.1,,,,*40
2026-06-18T12:38:50.000Z $IIMWV,208.3,T,14.9,N,A*0E
2026-06-18T12:38:50.000Z $IIRPM,E,1,0,,A*66
2026-06-18T12:39:00.000Z $GPRMC,123900.00,A,5248.7713,N,00434.6911,E,8.0,188.0,180626,,,A*50
2026-06-18T12:39:00.000Z $GPGGA,123900.00,5248.7713,N,00434.6911,E,1,9,0.9,0.0,M,0.0,M,,*60
2026-06-18T12:39:00.000Z $IIHDG,186.6,,,,*40
2026-06-18T12:39:00.000Z $IIMWV,211.4,T,12.9,N,A*07
2026-06-18T12:39:00.000Z $IIDBT,66.3,f,20.2,M,11.1,F*23
2026-06-18T12:39:00.000Z $IIRPM,E,1,0,,A*66
2026-06-18T12:39:00.000Z $IIXDR,V,12.62,V,BATT*64
2026-06-18T12:39:00.000Z $GPVTG,188.0,T,,M,8.0,N,14.8,K,A*39
2026-06-18T12:39:10.000Z $GPRMC,123910.00,A,5248.7751,N,00434.6904,E,8.0,187.1,180626,,,A*5D
2026-06-18T12:39:10.000Z $IIHDG,190.0,,,,*41
2026-06-18T12:39:10.000Z $IIMWV,203.9,T,13.5,N,A*04
2026-06-18T12:39:10.000Z $IIRPM,E,1,0,,A*66
2026-06-18T12:39:20.000Z $GPRMC,123920.00,A,5248.7473,N,00434.6621,E,7.9,187.1,180626,,,A*53
2026-06-18T12:39:20.000Z $IIHDG,186.9,,,,*4F
2026-06-18T12:39:20.000Z $IIMWV,210.6,T,14.9,N,A*02
2026-06-18T12:39:20.000Z $IIRPM,E,1,0,,A*66
2026-06-18T12:39:30.000Z $GPRMC,123930.00,A,5248.7594,N,00434.7030,E,8.0,189.1,180626,,,A*55
2026-06-18T12:39:30.000Z $GPGGA,123930.00,5248.7594,N,00434.7030,E,1,9,0.9,0.0,M,0.0,M,,*65
2026-06-18T12:39:30.000Z $IIHDG,187.9,,,,*4E
2026-06-18T12:39:30.000Z $IIMWV,204.9,T,15.3,N,A*03
2026-06-18T12:39:30.000Z $IIDBT,66.6,f,20.3,M,11.1,F*27
2026-06-18T12:39:30.000Z $IIRPM,E,1,0,,A*66
2026-06-18T12:39:30.000Z $GPVTG,189.1,T,,M,8.0,N,14.8,K,A*39
2026-06-18T12:39:40.000Z $GPRMC,123940.00,A,5248.7298,N,00434.6658,E,8.0,189.6,180626,,,A*57
2026-06-18T12:39:40.000Z $IIHDG,189.0,,,,*49
2026-06-18T12:39:40.000Z $IIMWV,206.8,T,13.4,N,A*01
2026-06-18T12:39:40.000Z $IIRPM,E,1,0,,A*66
2026-06-18T12:39:50.000Z $GPRMC,123950.00,A,5248.6891,N,00434.7010,E,8.0,188.4,180626,,,A*5C
2026-06-18T12:39:50.000Z $IIHDG,186.4,,,,*42
2026-06-18T12:39:50.000Z $IIMWV,212.9,T,15.2,N,A*05
2026-06-18T12:39:50.000Z $IIRPM,E,1,0,,A*66
2026-06-18T12:40:00.000Z $GPRMC,124000.00,A,5248.6397,N,00434.6706,E,8.0,187.3,180626,,,A*53
2026-06-18T12:40:00.000Z $GPGGA,124000.00,5248.6397,N,00434.6706,E,1,8,0.9,0.0,M,0.0,M,,*6E
2026-06-18T12:40:00.000Z $IIHDG,187.3,,,,*44
2026-06-18T12:40:00.000Z $IIMWV,206.8,T,13.0,N,A*05
2026-06-18T12:40:00.000Z $IIDBT,63.7,f,19.4,M,10.6,F*28
2026-06-18T12:40:00.000Z $IIRPM,E,1,0,,A*66
2026-06-18T12:40:00.000Z $IIXDR,V,12.58,V,BATT*6D
2026-06-18T12:40:00.000Z $IIMTA,18.7,C*0B
2026-06-18T12:40:00.000Z $GPVTG,187.3,T,,M,8.0,N,14.8,K,A*35
2026-06-18T12:40:10.000Z $GPRMC,124010.00,A,5248.6272,N,00434.6472,E,7.9,187.2,180626,,,A*5F
2026-06-18T12:40:10.000Z $IIHDG,190.7,,,,*46
2026-06-18T12:40:10.000Z $IIMWV,208.1,T,13.2,N,A*00
2026-06-18T12:40:10.000Z $IIRPM,E,1,0,,A*66
2026-06-18T12:40:20.000Z $GPRMC,124020.00,A,5248.6511,N,00434.6537,E,8.0,189.1,180626,,,A*55
2026-06-18T12:40:20.000Z $IIHDG,188.8,,,,*40
2026-06-18T12:40:20.000Z $IIMWV,205.1,T,13.6,N,A*09
2026-06-18T12:40:20.000Z $IIRPM,E,1,0,,A*66
2026-06-18T12:40:30.000Z $GPRMC,124030.00,A,5248.6279,N,00434.6730,E,8.0,187.4,180626,,,A*53
2026-06-18T12:40:30.000Z $GPGGA,124030.00,5248.6279,N,00434.6730,E,1,8,0.9,0.0,M,0.0,M,,*69
2026-06-18T12:40:30.000Z $IIHDG,187.9,,,,*4E
2026-06-18T12:40:30.000Z $IIMWV,205.3,T,14.3,N,A*09
2026-06-18T12:40:30.000Z $IIDBT,63.9,f,19.5,M,10.7,F*26
2026-06-18T12:40:30.000Z $IIRPM,E,1,0,,A*66
2026-06-18T12:40:30.000Z $GPVTG,187.4,T,,M,8.0,N,14.8,K,A*32
2026-06-18T12:40:40.000Z $GPRMC,124040.00,A,5248.5946,N,00434.6468,E,8.0,188.1,180626,,,A*54
2026-06-18T12:40:40.000Z $IIHDG,186.8,,,,*4E
2026-06-18T12:40:40.000Z $IIMWV,212.8,T,15.2,N,A*04
2026-06-18T12:40:40.000Z $IIRPM,E,1,0,,A*66
2026-06-18T12:40:50.000Z $GPRMC,124050.00,A,5248.5465,N,00434.6102,E,7.9,189.4,180626,,,A*52
2026-06-18T12:40:50.000Z $IIHDG,189.2,,,,*4B
2026-06-18T12:40:50.000Z $IIMWV,204.0,T,13.1,N,A*0E
2026-06-18T12:40:50.000Z $IIRPM,E,1,0,,A*66
2026-06-18T12:41:00.000Z $GPRMC,124100.00,A,5248.5434,N,00434.6355,E,8.0,189.8,180626,,,A*58
2026-06-18T12:41:00.000Z $GPGGA,124100.00,5248.5434,N,00434.6355,E,1,12,0.9,0.0,M,0.0,M,,*5B
2026-06-18T12:41:00.000Z $IIHDG,189.1,,,,*48
2026-06-18T12:41:00.000Z $IIMWV,211.7,T,13.0,N,A*0C
2026-06-18T12:41:00.000Z $IIDBT,69.2,f,21.1,M,11.5,F*2B
2026-06-18T12:41:00.000Z $IIRPM,E,1,0,,A*66
2026-06-18T12:41:00.000Z $IIXDR,V,12.42,V,BATT*66
2026-06-18T12:41:00.000Z $GPVTG,189.8,T,,M,8.0,N,14.8,K,A*30
2026-06-18T12:41:10.000Z $GPRMC,124110.00,A,5248.4911,N,00434.6152,E,8.0,187.1,180626,,,A*50
2026-06-18T12:41:10.000Z $IIHDG,186.3,,,,*45
2026-06-18T12:41:10.000Z $IIMWV,210.8,T,15.0,N,A*04
2026-06-18T12:41:10.000Z $IIRPM,E,1,0,,A*66
2026-06-18T12:41:20.000Z $GPRMC,124120.00,A,5248.5076,N,00434.6259,E,8.0,188.9,180626,,,A*55
2026-06-18T12:41:20.000Z $IIHDG,191.0,,,,*40
2026-06-18T12:41:20.000Z $IIMWV,211.9,T,13.1,N,A*03
2026-06-18T12:41:20.000Z $IIRPM,E,1,0,,A*66
2026-06-18T12:41:30.000Z $GPRMC,124130.00,A,5248.4381,N,00434.5897,E,8.0,188.2,180626,,,A*5E
2026-06-18T12:41:30.000Z $GPGGA,124130.00,5248.4381,N,00434.5897,E,1,11,0.9,0.0,M,0.0,M,,*55
2026-06-18T12:41:30.000Z $IIHDG,186.5,,,,*43
2026-06-18T12:41:30.000Z $IIMWV,209.9,T,14.3,N,A*0F
2026-06-18T12:41:30.000Z $IIDBT,65.8,f,20.1,M,11.0,F*29
2026-06-18T12:41:30.000Z $IIRPM,E,1,0,,A*66
2026-06-18T12:41:30.000Z $GPVTG,188.2,T,,M,8.0,N,14.8,K,A*3B
2026-06-18T12:41:40.000Z $GPRMC,124140.00,A,5248.4372,N,00434.6170,E,8.0,189.3,180626,,,A*56
2026-06-18T12:41:40.000Z $IIHDG,190.3,,,,*42
2026-06-18T12:41:40.000Z $IIMWV,205.3,T,13.4,N,A*09
2026-06-18T12:41:40.000Z $IIRPM,E,1,0,,A*66
2026-06-18T12:41:50.000Z $GPRMC,124150.00,A,5248.4132,N,00434.6045,E,8.0,187.3,180626,,,A*58
2026-06-18T12:41:50.000Z $IIHDG,187.3,,,,*44
2026-06-18T12:41:50.000Z $IIMWV,204.5,T,12.9,N,A*02
2026-06-18T12:41:50.000Z $IIRPM,E,1,0,,A*66
2026-06-18T12:42:00.000Z $GPRMC,124200.00,A,5248.4062,N,00434.5854,E,8.0,187.4,180626,,,A*56
2026-06-18T12:42:00.000Z $GPGGA,124200.00,5248.4062,N,00434.5854,E,1,8,0.9,0.0,M,0.0,M,,*6C
2026-06-18T12:42:00.000Z $IIHDG,189.9,,,,*40
2026-06-18T12:42:00.000Z $IIMWV,213.1,T,12.5,N,A*0C
2026-06-18T12:42:00.000Z $IIDBT,69.2,f,21.1,M,11.5,F*2B
2026-06-18T12:42:00.000Z $IIRPM,E,1,0,,A*66
2026-06-18T12:42:00.000Z $IIXDR,V,12.70,V,BATT*67
2026-06-18T12:42:00.000Z $GPVTG,187.4,T,,M,8.0,N,14.8,K,A*32
2026-06-18T12:42:10.000Z $GPRMC,124210.00,A,5248.3803,N,00434.6059,E,8.0,188.3,180626,,,A*51
2026-06-18T12:42:10.000Z $IIHDG,187.8,,,,*4F
2026-06-18T12:42:10.000Z $IIMWV,207.7,T,15.1,N,A*0C
2026-06-18T12:42:10.000Z $IIRPM,E,1,0,,A*66
2026-06-18T12:42:20.000Z $GPRMC,124220.00,A,5248.3788,N,00434.5857,E,7.9,188.0,180626,,,A*5E
2026-06-18T12:42:20.000Z $IIHDG,190.3,,,,*42
2026-06-18T12:42:20.000Z $IIMWV,204.7,T,12.8,N,A*01
2026-06-18T12:42:20.000Z $IIRPM,E,1,0,,A*66
2026-06-18T12:42:30.000Z $GPRMC,124230.00,A,5248.3614,N,00434.5708,E,8.0,187.3,180626,,,A*54
2026-06-18T12:42:30.000Z $GPGGA,124230.00,5248.3614,N,00434.5708,E,1,11,0.9,0.0,M,0.0,M,,*51
2026-06-18T12:42:30.000Z $IIHDG,190.6,,,,*47
2026-06-18T12:42:30.000Z $IIMWV,213.3,T,15.1,N,A*0D
2026-06-18T12:42:30.000Z $IIDBT,63.9,f,19.5,M,10.7,F*26
2026-06-18T12:42:30.000Z $IIRPM,E,1,0,,A*66
2026-06-18T12:42:30.000Z $GPVTG,187.3,T,,M,8.0,N,14.8,K,A*35
2026-06-18T12:42:40.000Z $GPRMC,124240.00,A,5248.3301,N,00434.5699,E,7.9,188.7,180626,,,A*56
2026-06-18T12:42:40.000Z $IIHDG,187.2,,,,*45
2026-06-18T12:42:40.000Z $IIMWV,212.6,T,15.5,N,A*0D
2026-06-18T12:42:40.000Z $IIRPM,E,1,0,,A*66
2026-06-18T12:42:50.000Z $GPRMC,124250.00,A,5248.2827,N,00434.5994,E,8.0,187.8,180626,,,A*5D
2026-06-18T12:42:50.000Z $IIHDG,186.4,,,,*42
2026-06-18T12:42:50.000Z $IIMWV,210.3,T,14.9,N,A*07
2026-06-18T12:42:50.000Z $IIRPM,E,1,0,,A*66
2026-06-18T12:43:00.000Z $GPRMC,124300.00,A,5248.2539,N,00434.5698,E,8.0,187.5,180626,,,A*55
2026-06-18T12:43:00.000Z $GPGGA,124300.00,5248.2539,N,00434.5698,E,1,10,0.9,0.0,M,0.0,M,,*57
2026-06-18T12:43:00.000Z $IIHDG,187.4,,,,*43
2026-06-18T12:43:00.000Z $IIMWV,208.2,T,14.8,N,A*0E
2026-06-18T12:43:00.000Z $IIDBT,64.1,f,19.5,M,10.7,F*29
2026-06-18T12:43:00.000Z $IIRPM,E,1,0,,A*66
2026-06-18T12:43:00.000Z $IIXDR,V,12.65,V,BATT*63
2026-06-18T12:43:00.000Z $GPVTG,187.5,T,,M,8.0,N,14.8,K,A*33
2026-06-18T12:43:10.000Z $GPRMC,124310.00,A,5248.2717,N,00434.5850,E,8.0,188.1,180626,,,A*5B
2026-06-18T12:43:10.000Z $IIHDG,189.7,,,,*4E
2026-06-18T12:43:10.000Z $IIMWV,209.9,T,13.0,N,A*0B
2026-06-18T12:43:10.000Z $IIRPM,E,1,0,,A*66
2026-06-18T12:43:20.000Z $GPRMC,124320.00,A,5248.1965,N,00434.5780,E,8.0,187.2,180626,,,A*5E
2026-06-18T12:43:20.000Z $IIHDG,189.5,,,,*4C
2026-06-18T12:43:20.000Z $IIMWV,206.8,T,13.0,N,A*05
2026-06-18T12:43:20.000Z $IIRPM,E,1,0,,A*66
2026-06-18T12:43:30.000Z $GPRMC,124330.00,A,5248.1982,N,00434.5358,E,8.0,188.1,180626,,,A*5B
2026-06-18T12:43:30.000Z $GPGGA,124330.00,5248.1982,N,00434.5358,E,1,11,0.9,0.0,M,0.0,M,,*53
2026-06-18T12:43:30.000Z $IIHDG,186.3,,,,*45
2026-06-18T12:43:30.000Z $IIMWV,210.1,T,14.4,N,A*08
2026-06-18T12:43:30.000Z $IIDBT,68.5,f,20.9,M,11.4,F*25
2026-06-18T12:43:30.000Z $IIRPM,E,1,0,,A*66
2026-06-18T12:43:30.000Z $GPVTG,188.1,T,,M,8.0,N,14.8,K,A*38
2026-06-18T12:43:40.000Z $GPRMC,124340.00,A,5248.1622,N,00434.5260,E,8.0,188.4,180626,,,A*56
2026-06-18T12:43:40.000Z $IIHDG,187.7,,,,*40
2026-06-18T12:43:40.000Z $IIMWV,211.5,T,15.0,N,A*08
2026-06-18T12:43:40.000Z $IIRPM,E,1,0,,A*66
2026-06-18T12:43:50.000Z $GPRMC,124350.00,A,5248.1662,N,00434.5103,E,8.0,188.3,180626,,,A*52
2026-06-18T12:43:50.000Z $IIHDG,187.9,,,,*4E
2026-06-18T12:43:50.000Z $IIMWV,210.2,T,13.9,N,A*01
2026-06-18T12:43:50.000Z $IIRPM,E,1,0,,A*66
2026-06-18T12:44:00.000Z $GPRMC,124400.00,A,5248.1496,N,00434.5414,E,8.0,188.6,180626,,,A*5F
2026-06-18T12:44:00.000Z $GPGGA,124400.00,5248.1496,N,00434.5414,E,1,12,0.9,0.0,M,0.0,M,,*53
2026-06-18T12:44:00.000Z $IIHDG,188.3,,,,*4B
2026-06-18T12:44:00.000Z $IIMWV,207.6,T,13.3,N,A*09
2026-06-18T12:44:00.000Z $IIDBT,70.6,f,21.5,M,11.8,F*2E
2026-06-18T12:44:00.000Z $IIRPM,E,1,0,,A*66
2026-06-18T12:44:00.000Z $IIXDR,V,12.43,V,BATT*67
2026-06-18T12:44:00.000Z $GPVTG,188.6,T,,M,8.0,N,14.8,K,A*3F
2026-06-18T12:44:10.000Z $GPRMC,124410.00,A,5248.0862,N,00434.5125,E,8.0,187.7,180626,,,A*51
2026-06-18T12:44:10.000Z $IIHDG,187.8,,,,*4F
2026-06-18T12:44:10.000Z $IIMWV,212.9,T,13.3,N,A*02
2026-06-18T12:44:10.000Z $IIRPM,E,1,0,,A*66
2026-06-18T12:44:20.000Z $GPRMC,124420.00,A,5248.1058,N,00434.5038,E,8.0,188.0,180626,,,A*57
2026-06-18T12:44:20.000Z $IIHDG,186.5,,,,*43
2026-06-18T12:44:20.000Z $IIMWV,212.2,T,13.8,N,A*02
2026-06-18T12:44:20.000Z $IIRPM,E,1,0,,A*66
2026-06-18T12:44:30.000Z $GPRMC,124430.00,A,5248.0499,N,00434.4903,E,8.0,188.9,180626,,,A*57
2026-06-18T12:44:30.000Z $GPGGA,124430.00,5248.0499,N,00434.4903,E,1,12,0.9,0.0,M,0.0,M,,*54
2026-06-18T12:44:30.000Z $IIHDG,189.9,,,,*40
2026-06-18T12:44:30.000Z $IIMWV,213.4,T,14.7,N,A*0D
2026-06-18T12:44:30.000Z $IIDBT,68.3,f,20.8,M,11.4,F*22
2026-06-18T12:44:30.000Z $IIRPM,E,1,0,,A*66
2026-06-18T12:44:30.000Z $GPVTG,188.9,T,,M,8.0,N,14.8,K,A*30
2026-06-18T12:44:40.000Z $GPRMC,124440.00,A,5248.0663,N,00434.4935,E,8.0,187.7,180626,,,A*53
2026-06-18T12:44:40.000Z $IIHDG,187.7,,,,*40
2026-06-18T12:44:40.000Z $IIMWV,212.1,T,13.8,N,A*01
2026-06-18T12:44:40.000Z $IIRPM,E,1,0,,A*66
2026-06-18T12:44:50.000Z $GPRMC,124450.00,A,5248.0319,N,00434.4975,E,8.0,190.1,180626,,,A*5E
2026-06-18T12:44:50.000Z $IIHDG,186.8,,,,*4E
2026-06-18T12:44:50.000Z $IIMWV,208.3,T,13.8,N,A*08
2026-06-18T12:44:50.000Z $IIRPM,E,1,0,,A*66
2026-06-18T12:45:00.000Z $GPRMC,124500.00,A,5247.9961,N,00434.5023,E,8.0,188.6,180626,,,A*5C
2026-06-18T12:45:00.000Z $GPGGA,124500.00,5247.9961,N,00434.5023,E,1,10,0.9,0.0,M,0.0,M,,*52
2026-06-18T12:45:00.000Z $IIHDG,186.7,,,,*41
2026-06-18T12:45:00.000Z $IIMWV,204.0,T,15.0,N,A*09
2026-06-18T12:45:00.000Z $IIDBT,62.6,f,19.1,M,10.4,F*2F
2026-06-18T12:45:00.000Z $IIRPM,E,1,0,,A*66
2026-06-18T12:45:00.000Z $IIXDR,V,12.67,V,BATT*61
2026-06-18T12:45:00.000Z $IIMTA,19.1,C*0C
2026-06-18T12:45:00.000Z $GPVTG,188.6,T,,M,8.0,N,14.8,K,A*3F
2026-06-18T12:45:10.000Z $GPRMC,124510.00,A,5247.9710,N,00434.4834,E,7.9,188.9,180626,,,A*53
2026-06-18T12:45:10.000Z $IIHDG,189.1,,,,*48
2026-06-18T12:45:10.000Z $IIMWV,204.8,T,15.0,N,A*01
2026-06-18T12:45:10.000Z $IIRPM,E,1,0,,A*66
2026-06-18T12:45:20.000Z $GPRMC,124520.00,A,5247.9772,N,00434.5104,E,8.0,189.4,180626,,,A*55
2026-06-18T12:45:20.000Z $IIHDG,186.3,,,,*45
2026-06-18T12:45:20.000Z $IIMWV,205.3,T,14.1,N,A*0B
2026-06-18T12:45:20.000Z $IIRPM,E,1,0,,A*66
2026-06-18T12:45:30.000Z $GPRMC,124530.00,A,5247.9459,N,00434.4864,E,8.0,189.0,180626,,,A*54
2026-06-18T12:45:30.000Z $GPGGA,124530.00,5247.9459,N,00434.4864,E,1,12,0.9,0.0,M,0.0,M,,*5F
2026-06-18T12:45:30.000Z $IIHDG,186.1,,,,*47
2026-06-18T12:45:30.000Z $IIMWV,211.4,T,14.0,N,A*08
2026-06-18T12:45:30.000Z $IIDBT,64.4,f,19.6,M,10.7,F*2F
2026-06-18T12:45:30.000Z $IIRPM,E,1,0,,A*66
2026-06-18T12:45:30.000Z $GPVTG,189.0,T,,M,8.0,N,14.8,K,A*38
2026-06-18T12:45:40.000Z $GPRMC,124540.00,A,5247.8964,N,00434.4606,E,8.0,188.9,180626,,,A*53
2026-06-18T12:45:40.000Z $IIHDG,188.5,,,,*4D
2026-06-18T12:45:40.000Z $IIMWV,209.3,T,12.8,N,A*08
2026-06-18T12:45:40.000Z $IIRPM,E,1,0,,A*66
2026-06-18T12:45:50.000Z $GPRMC,124550.00,A,5247.8894,N,00434.4648,E,8.0,188.3,180626,,,A*5C
2026-06-18T12:45:50.000Z $IIHDG,186.3,,,,*45
2026-06-18T12:45:50.000Z $IIMWV,208.3,T,15.3,N,A*05
2026-06-18T12:45:50.000Z $IIRPM,E,1,0,,A*66
2026-06-18T12:46:00.000Z $GPRMC,124600.00,A,5247.8468,N,00434.4683,E,8.0,188.6,180626,,,A*57
2026-06-18T12:46:00.000Z $GPGGA,124600.00,5247.8468,N,00434.4683,E,1,11,0.9,0.0,M,0.0,M,,*58
2026-06-18T12:46:00.000Z $IIHDG,187.7,,,,*40
2026-06-18T12:46:00.000Z $IIMWV,204.9,T,13.7,N,A*01
2026-06-18T12:46:00.000Z $IIDBT,70.5,f,21.5,M,11.7,F*22
2026-06-18T12:46:00.000Z $IIRPM,E,1,0,,A*66
2026-06-18T12:46:00.000Z $IIXDR,V,12.62,V,BATT*64
2026-06-18T12:46:00.000Z $GPVTG,188.6,T,,M,8.0,N,14.8,K,A*3F
2026-06-18T12:46:10.000Z $GPRMC,124610.00,A,5247.8147,N,00434.4588,E,8.0,188.2,180626,,,A*52
2026-06-18T12:46:10.000Z $IIHDG,188.3,,,,*4B
2026-06-18T12:46:10.000Z $IIMWV,205.4,T,15.3,N,A*0F
2026-06-18T12:46:10.000Z $IIRPM,E,1,0,,A*66
2026-06-18T12:46:20.000Z $GPRMC,124620.00,A,5247.8288,N,00434.4346,E,8.0,189.6,180626,,,A*50
2026-06-18T12:46:20.000Z $IIHDG,187.6,,,,*41
2026-06-18T12:46:20.000Z $IIMWV,208.5,T,15.2,N,A*02
2026-06-18T12:46:20.000Z $IIRPM,E,1,0,,A*66
2026-06-18T12:46:30.000Z $GPRMC,124630.00,A,5247.8264,N,00434.4670,E,8.0,187.3,180626,,,A*58
2026-06-18T12:46:30.000Z $GPGGA,124630.00,5247.8264,N,00434.4670,E,1,8,0.9,0.0,M,0.0,M,,*65
2026-06-18T12:46:30.000Z $IIHDG,188.5,,,,*4D
2026-06-18T12:46:30.000Z $IIMWV,210.5,T,14.3,N,A*0B
2026-06-18T12:46:30.000Z $IIDBT,62.8,f,19.1,M,10.5,F*20
2026-06-18T12:46:30.000Z $IIRPM,E,1,0,,A*66
2026-06-18T12:46:30.000Z $GPVTG,187.3,T,,M,8.0,N,14.8,K,A*35
2026-06-18T12:46:40.000Z $GPRMC,124640.00,A,5247.7761,N,00434.4223,E,8.0,189.5,180626,,,A*5A
2026-06-18T12:46:40.000Z $IIHDG,189.2,,,,*4B
2026-06-18T12:46:40.000Z $IIMWV,207.9,T,13.5,N,A*00
2026-06-18T12:46:40.000Z $IIRPM,E,1,0,,A*66
2026-06-18T12:46:50.000Z $GPRMC,124650.00,A,5247.7380,N,00434.4600,E,8.0,188.7,180626,,,A*56
2026-06-18T12:46:50.000Z $IIHDG,186.5,,,,*43
2026-06-18T12:46:50.000Z $IIMWV,212.7,T,14.9,N,A*01
2026-06-18T12:46:50.000Z $IIRPM,E,1,0,,A*66
2026-06-18T12:47:00.000Z $GPRMC,124700.00,A,5247.7256,N,00434.4240,E,8.0,189.5,180626,,,A*5B
2026-06-18T12:47:00.000Z $GPGGA,124700.00,5247.7256,N,00434.4240,E,1,10,0.9,0.0,M,0.0,M,,*57
2026-06-18T12:47:00.000Z $IIHDG,189.4,,,,*4D
2026-06-18T12:47:00.000Z $IIMWV,210.3,T,13.0,N,A*09
2026-06-18T12:47:00.000Z $IIDBT,69.2,f,21.1,M,11.5,F*2B
2026-06-18T12:47:00.000Z $IIRPM,E,1,0,,A*66
2026-06-18T12:47:00.000Z $IIXDR,V,12.57,V,BATT*62
2026-06-18T12:47:00.000Z $GPVTG,189.5,T,,M,8.0,N,14.8,K,A*3D
2026-06-18T12:47:10.000Z $GPRMC,124710.00,A,5247.7277,N,00434.4220,E,8.0,190.1,180626,,,A*53
2026-06-18T12:47:10.000Z $IIHDG,187.0,,,,*47
2026-06-18T12:47:10.000Z $IIMWV,208.0,T,13.2,N,A*01
2026-06-18T12:47:10.000Z $IIRPM,E,1,0,,A*66
2026-06-18T12:47:20.000Z $GPRMC,124720.00,A,5247.6619,N,00434.4164,E,8.0,190.1,180626,,,A*5E
2026-06-18T12:47:20.000Z $IIHDG,189.2,,,,*4B
2026-06-18T12:47:20.000Z $IIMWV,204.4,T,14.0,N,A*0C
2026-06-18T12:47:20.000Z $IIRPM,E,1,0,,A*66
2026-06-18T12:47:30.000Z $GPRMC,124730.00,A,5247.6612,N,00434.3882,E,8.0,187.8,180626,,,A*5D
2026-06-18T12:47:30.000Z $GPGGA,124730.00,5247.6612,N,00434.3882,E,1,11,0.9,0.0,M,0.0,M,,*53
2026-06-18T12:47:30.000Z $IIHDG,188.7,,,,*4F
2026-06-18T12:47:30.000Z $IIMWV,211.8,T,12.9,N,A*0B
2026-06-18T12:47:30.000Z $IIDBT,60.7,f,18.5,M,10.1,F*2C
2026-06-18T12:47:30.000Z $IIRPM,E,1,0,,A*66
2026-06-18T12:47:30.000Z $GPVTG,187.8,T,,M,8.0,N,14.8,K,A*3E
2026-06-18T12:47:40.000Z $GPRMC,124740.00,A,5247.6711,N,00434.4158,E,8.0,189.9,180626,,,A*5E
2026-06-18T12:47:40.000Z $IIHDG,190.3,,,,*42
2026-06-18T12:47:40.000Z $IIMWV,204.2,T,14.8,N,A*02
2026-06-18T12:47:40.000Z $IIRPM,E,1,0,,A*66
2026-06-18T12:47:50.000Z $GPRMC,124750.00,A,5247.6507,N,00434.3776,E,8.0,187.9,180626,,,A*59
2026-06-18T12:47:50.000Z $IIHDG,186.3,,,,*45
2026-06-18T12:47:50.000Z $IIMWV,205.9,T,15.1,N,A*00
2026-06-18T12:47:50.000Z $IIRPM,E,1,0,,A*66
2026-06-18T12:48:00.000Z $GPRMC,124800.00,A,5247.6230,N,00434.4220,E,8.0,187.7,180626,,,A*5F
2026-06-18T12:48:00.000Z $GPGGA,124800.00,5247.6230,N,00434.4220,E,1,12,0.9,0.0,M,0.0,M,,*5D
2026-06-18T12:48:00.000Z $IIHDG,190.0,,,,*41
2026-06-18T12:48:00.000Z $IIMWV,206.7,T,12.9,N,A*02
2026-06-18T12:48:00.000Z $IIDBT,68.5,f,20.9,M,11.4,F*25
2026-06-18T12:48:00.000Z $IIRPM,E,1,0,,A*66
2026-06-18T12:48:00.000Z $IIXDR,V,12.46,V,BATT*62
2026-06-18T12:48:00.000Z $GPVTG,187.7,T,,M,8.0,N,14.8,K,A*31
2026-06-18T12:48:10.000Z $GPRMC,124810.00,A,5247.5491,N,00434.3943,E,8.0,189.5,180626,,,A*55
2026-06-18T12:48:10.000Z $IIHDG,189.1,,,,*48
2026-06-18T12:48:10.000Z $IIMWV,206.6,T,15.1,N,A*0C
2026-06-18T12:48:10.000Z $IIRPM,E,1,0,,A*66
2026-06-18T12:48:20.000Z $GPRMC,124820.00,A,5247.5497,N,00434.4162,E,8.0,189.0,180626,,,A*59
2026-06-18T12:48:20.000Z $IIHDG,188.7,,,,*4F
2026-06-18T12:48:20.000Z $IIMWV,206.4,T,13.8,N,A*01
2026-06-18T12:48:20.000Z $IIRPM,E,1,0,,A*66
2026-06-18T12:48:30.000Z $GPRMC,124830.00,A,5247.5518,N,00434.3630,E,8.0,188.4,180626,,,A*5C
2026-06-18T12:48:30.000Z $GPGGA,124830.00,5247.5518,N,00434.3630,E,1,8,0.9,0.0,M,0.0,M,,*69
2026-06-18T12:48:30.000Z $IIHDG,187.9,,,,*4E
2026-06-18T12:48:30.000Z $IIMWV,205.1,T,14.3,N,A*0B
2026-06-18T12:48:30.000Z $IIDBT,68.7,f,20.9,M,11.4,F*27
2026-06-18T12:48:30.000Z $IIRPM,E,1,0,,A*66
2026-06-18T12:48:30.000Z $GPVTG,188.4,T,,M,8.0,N,14.8,K,A*3D
2026-06-18T12:48:40.000Z $GPRMC,124840.00,A,5247.5230,N,00434.3947,E,8.0,189.8,180626,,,A*54
2026-06-18T12:48:40.000Z $IIHDG,187.4,,,,*43
2026-06-18T12:48:40.000Z $IIMWV,205.5,T,13.6,N,A*0D
2026-06-18T12:48:40.000Z $IIRPM,E,1,0,,A*66
2026-06-18T12:48:50.000Z $GPRMC,124850.00,A,5247.4754,N,00434.3794,E,8.0,188.5,180626,,,A*5F
2026-06-18T12:48:50.000Z $IIHDG,189.9,,,,*40
2026-06-18T12:48:50.000Z $IIMWV,207.4,T,15.1,N,A*0F
2026-06-18T12:48:50.000Z $IIRPM,E,1,0,,A*66
2026-06-18T12:49:00.000Z $GPRMC,124900.00,A,5247.4889,N,00434.3846,E,8.0,187.2,180626,,,A*5C
2026-06-18T12:49:00.000Z $GPGGA,124900.00,5247.4889,N,00434.3846,E,1,11,0.9,0.0,M,0.0,M,,*58
2026-06-18T12:49:00.000Z $IIHDG,189.6,,,,*4F
2026-06-18T12:49:00.000Z $IIMWV,205.6,T,15.2,N,A*0C
2026-06-18T12:49:00.000Z $IIDBT,65.0,f,19.8,M,10.8,F*2B
2026-06-18T12:49:00.000Z $IIRPM,E,1,0,,A*66
2026-06-18T12:49:00.000Z $IIXDR,V,12.59,V,BATT*6C
2026-06-18T12:49:00.000Z $GPVTG,187.2,T,,M,8.0,N,14.8,K,A*34
2026-06-18T12:49:10.000Z $GPRMC,124910.00,A,5247.4391,N,00434.3765,E,7.9,190.0,180626,,,A*53
2026-06-18T12:49:10.000Z $IIHDG,190.9,,,,*48
2026-06-18T12:49:10.000Z $IIMWV,203.8,T,14.0,N,A*07
2026-06-18T12:49:10.000Z $IIRPM,E,1,0,,A*66
2026-06-18T12:49:20.000Z $GPRMC,124920.00,A,5247.4493,N,00434.3592,E,8.0,188.0,180626,,,A*50
2026-06-18T12:49:20.000Z $IIHDG,186.4,,,,*42
2026-06-18T12:49:20.000Z $IIMWV,210.8,T,14.8,N,A*0D
2026-06-18T12:49:20.000Z $IIRPM,E,1,0,,A*66
2026-06-18T12:49:30.000Z $GPRMC,124930.00,A,5247.3910,N,00434.3387,E,8.0,187.4,180626,,,A*59
2026-06-18T12:49:30.000Z $GPGGA,124930.00,5247.3910,N,00434.3387,E,1,12,0.9,0.0,M,0.0,M,,*58
2026-06-18T12:49:30.000Z $IIHDG,186.6,,,,*40
2026-06-18T12:49:30.000Z $IIMWV,207.9,T,13.2,N,A*07
2026-06-18T12:49:30.000Z $IIDBT,62.9,f,19.2,M,10.5,F*22
2026-06-18T12:49:30.000Z $IIRPM,E,1,0,,A*66
2026-06-18T12:49:30.000Z $GPVTG,187.4,T,,M,8.0,N,14.8,K,A*32
2026-06-18T12:49:40.000Z $GPRMC,124940.00,A,5247.3904,N,00434.3378,E,7.9,187.8,180626,,,A*51
2026-06-18T12:49:40.000Z $IIHDG,186.5,,,,*43
2026-06-18T12:49:40.000Z $IIMWV,206.4,T,14.6,N,A*08
2026-06-18T12:49:40.000Z $IIRPM,E,1,0,,A*66
2026-06-18T12:49:50.000Z $GPRMC,124950.00,A,5247.3820,N,00434.3651,E,8.0,187.9,180626,,,A*5E
2026-06-18T12:49:50.000Z $IIHDG,186.5,,,,*43
2026-06-18T12:49:50.000Z $IIMWV,210.0,T,13.6,N,A*0C
2026-06-18T12:49:50.000Z $IIRPM,E,1,0,,A*66
2026-06-18T12:50:00.000Z $GPRMC,125000.00,A,5247.3508,N,00434.3155,E,8.0,189.5,180626,,,A*55
2026-06-18T12:50:00.000Z $GPGGA,125000.00,5247.3508,N,00434.3155,E,1,9,0.9,0.0,M,0.0,M,,*61
2026-06-18T12:50:00.000Z $IIHDG,187.9,,,,*4E
2026-06-18T12:50:00.000Z $IIMWV,213.0,T,15.3,N,A*0C
2026-06-18T12:50:00.000Z $IIDBT,63.2,f,19.3,M,10.5,F*29
2026-06-18T12:50:00.000Z $IIRPM,E,1,0,,A*66
2026-06-18T12:50:00.000Z $IIXDR,V,12.60,V,BATT*66
2026-06-18T12:50:00.000Z $IIMTA,18.8,C*04
2026-06-18T12:50:00.000Z $GPVTG,189.5,T,,M,8.0,N,14.8,K,A*3D
2026-06-18T12:50:10.000Z $GPRMC,125010.00,A,5247.3245,N,00434.3556,E,7.9,189.6,180626,,,A*58
2026-06-18T12:50:10.000Z $IIHDG,190.6,,,,*47
2026-06-18T12:50:10.000Z $IIMWV,204.4,T,13.9,N,A*02
2026-06-18T12:50:10.000Z $IIRPM,E,1,0,,A*66
2026-06-18T12:50:20.000Z $GPRMC,125020.00,A,5247.2643,N,00434.3223,E,8.0,187.4,180626,,,A*57
2026-06-18T12:50:20.000Z $IIHDG,189.2,,,,*4B
2026-06-18T12:50:20.000Z $IIMWV,208.8,T,15.3,N,A*0E
2026-06-18T12:50:20.000Z $IIRPM,E,1,0,,A*66
2026-06-18T12:50:30.000Z $GPRMC,125030.00,A,5247.2540,N,00434.2971,E,8.0,189.9,180626,,,A*58
2026-06-18T12:50:30.000Z $GPGGA,125030.00,5247.2540,N,00434.2971,E,1,12,0.9,0.0,M,0.0,M,,*5A
2026-06-18T12:50:30.000Z $IIHDG,186.3,,,,*45
2026-06-18T12:50:30.000Z $IIMWV,205.0,T,15.4,N,A*0C
2026-06-18T12:50:30.000Z $IIDBT,62.1,f,18.9,M,10.4,F*21
2026-06-18T12:50:30.000Z $IIRPM,E,1,0,,A*66
2026-06-18T12:50:30.000Z $GPVTG,189.9,T,,M,8.0,N,14.8,K,A*31
2026-06-18T12:50:40.000Z $GPRMC,125040.00,A,5247.2510,N,00434.3012,E,8.0,187.6,180626,,,A*56
2026-06-18T12:50:40.000Z $IIHDG,189.8,,,,*41
2026-06-18T12:50:40.000Z $IIMWV,210.3,T,14.1,N,A*0F
2026-06-18T12:50:40.000Z $IIRPM,E,1,0,,A*66
2026-06-18T12:50:50.000Z $GPRMC,125050.00,A,5247.2166,N,00434.3262,E,8.0,187.2,180626,,,A*53
2026-06-18T12:50:50.000Z $IIHDG,189.4,,,,*4D
2026-06-18T12:50:50.000Z $IIMWV,204.2,T,15.3,N,A*08
2026-06-18T12:50:50.000Z $IIRPM,E,1,0,,A*66
2026-06-18T12:51:00.000Z $GPRMC,125100.00,A,5247.2069,N,00434.3252,E,8.0,188.6,180626,,,A*51
2026-06-18T12:51:00.000Z $GPGGA,125100.00,5247.2069,N,00434.3252,E,1,8,0.9,0.0,M,0.0,M,,*66
2026-06-18T12:51:00.000Z $IIHDG,189.4,,,,*4D
2026-06-18T12:51:00.000Z $IIMWV,209.7,T,13.8,N,A*0D
2026-06-18T12:51:00.000Z $IIDBT,64.7,f,19.7,M,10.8,F*22
2026-06-18T12:51:00.000Z $IIRPM,E,1,0,,A*66
2026-06-18T12:51:00.000Z $IIXDR,V,12.50,V,BATT*65
2026-06-18T12:51:00.000Z $GPVTG,188.6,T,,M,8.0,N,14.8,K,A*3F
2026-06-18T12:51:10.000Z $GPRMC,125110.00,A,5247.1589,N,00434.2998,E,8.0,188.3,180626,,,A*51
2026-06-18T12:51:10.000Z $IIHDG,187.0,,,,*47
2026-06-18T12:51:10.000Z $IIMWV,211.8,T,14.7,N,A*03
2026-06-18T12:51:10.000Z $IIRPM,E,1,0,,A*66
2026-06-18T12:51:20.000Z $GPRMC,125120.00,A,5247.1358,N,00434.3070,E,8.0,187.8,180626,,,A*52
2026-06-18T12:51:20.000Z $IIHDG,187.4,,,,*43
2026-06-18T12:51:20.000Z $IIMWV,212.8,T,14.5,N,A*02
2026-06-18T12:51:20.000Z $IIRPM,E,1,0,,A*66
2026-06-18T12:51:30.000Z $GPRMC,125130.00,A,5247.1523,N,00434.2857,E,8.0,187.8,180626,,,A*55
2026-06-18T12:51:30.000Z $GPGGA,125130.00,5247.1523,N,00434.2857,E,1,12,0.9,0.0,M,0.0,M,,*58
2026-06-18T12:51:30.000Z $IIHDG,190.0,,,,*41
2026-06-18T12:51:30.000Z $IIMWV,211.4,T,15.0,N,A*09
2026-06-18T12:51:30.000Z $IIDBT,61.0,f,18.6,M,10.2,F*2A
2026-06-18T12:51:30.000Z $IIRPM,E,1,0,,A*66
2026-06-18T12:51:30.000Z $GPVTG,187.8,T,,M,8.0,N,14.8,K,A*3E
2026-06-18T12:51:40.000Z $GPRMC,125140.00,A,5247.1273,N,00434.2943,E,8.0,189.3,180626,,,A*51
2026-06-18T12:51:40.000Z $IIHDG,188.6,,,,*4E
2026-06-18T12:51:40.000Z $IIMWV,212.4,T,13.0,N,A*0C
2026-06-18T12:51:40.000Z $IIRPM,E,1,0,,A*66
2026-06-18T12:51:50.000Z $GPRMC,125150.00,A,5247.0706,N,00434.2578,E,8.0,188.3,180626,,,A*53
2026-06-18T12:51:50.000Z $IIHDG,191.1,,,,*41
2026-06-18T12:51:50.000Z $IIMWV,211.5,T,13.6,N,A*08
2026-06-18T12:51:50.000Z $IIRPM,E,1,0,,A*66
2026-06-18T12:52:00.000Z $GPRMC,125200.00,A,5247.0473,N,00434.2885,E,7.9,188.6,180626,,,A*58
2026-06-18T12:52:00.000Z $GPGGA,125200.00,5247.0473,N,00434.2885,E,1,11,0.9,0.0,M,0.0,M,,*51
2026-06-18T12:52:00.000Z $IIHDG,189.8,,,,*41
2026-06-18T12:52:00.000Z $IIMWV,207.2,T,13.6,N,A*08
2026-06-18T12:52:00.000Z $IIDBT,63.2,f,19.3,M,10.5,F*29
2026-06-18T12:52:00.000Z $IIRPM,E,1,0,,A*66
2026-06-18T12:52:00.000Z $IIXDR,V,12.48,V,BATT*6C
2026-06-18T12:52:00.000Z $GPVTG,188.6,T,,M,7.9,N,14.6,K,A*37
2026-06-18T12:52:10.000Z $GPRMC,125210.00,A,5247.0213,N,00434.2760,E,8.0,188.2,180626,,,A*5F
2026-06-18T12:52:10.000Z $IIHDG,190.0,,,,*41
2026-06-18T12:52:10.000Z $IIMWV,207.8,T,15.4,N,A*06
2026-06-18T12:52:10.000Z $IIRPM,E,1,0,,A*66
2026-06-18T12:52:20.000Z $GPRMC,125220.00,A,5247.0317,N,00434.2401,E,8.0,187.4,180626,,,A*54
2026-06-18T12:52:20.000Z $IIHDG,189.6,,,,*4F
2026-06-18T12:52:20.000Z $IIMWV,208.7,T,14.6,N,A*05
2026-06-18T12:52:20.000Z $IIRPM,E,1,0,,A*66
2026-06-18T12:52:30.000Z $GPRMC,125230.00,A,5247.0013,N,00434.2427,E,8.0,188.8,180626,,,A*55
2026-06-18T12:52:30.000Z $GPGGA,125230.00,5247.0013,N,00434.2427,E,1,12,0.9,0.0,M,0.0,M,,*57
2026-06-18T12:52:30.000Z $IIHDG,188.9,,,,*41
2026-06-18T12:52:30.000Z $IIMWV,205.0,T,13.7,N,A*09
2026-06-18T12:52:30.000Z $IIDBT,69.3,f,21.1,M,11.5,F*2A
2026-06-18T12:52:30.000Z $IIRPM,E,1,0,,A*66
2026-06-18T12:52:30.000Z $GPVTG,188.8,T,,M,8.0,N,14.8,K,A*31
2026-06-18T12:52:40.000Z $GPRMC,125240.00,A,5247.0071,N,00434.2524,E,8.0,188.8,180626,,,A*54
2026-06-18T12:52:40.000Z $IIHDG,187.8,,,,*4F
2026-06-18T12:52:40.000Z $IIMWV,206.5,T,12.7,N,A*0E
2026-06-18T12:52:40.000Z $IIRPM,E,1,0,,A*66
2026-06-18T12:52:50.000Z $GPRMC,125250.00,A,5246.9451,N,00434.2470,E,8.0,188.1,180626,,,A*52
2026-06-18T12:52:50.000Z $IIHDG,187.8,,,,*4F
2026-06-18T12:52:50.000Z $IIMWV,206.0,T,13.7,N,A*0A
2026-06-18T12:52:50.000Z $IIRPM,E,1,0,,A*66
2026-06-18T12:53:00.000Z $GPRMC,125300.00,A,5246.9324,N,00434.2065,E,8.0,189.2,180626,,,A*51
2026-06-18T12:53:00.000Z $GPGGA,125300.00,5246.9324,N,00434.2065,E,1,10,0.9,0.0,M,0.0,M,,*5A
2026-06-18T12:53:00.000Z $IIHDG,188.8,,,,*40
2026-06-18T12:53:00.000Z $IIMWV,209.9,T,13.1,N,A*0A
2026-06-18T12:53:00.000Z $IIDBT,59.6,f,18.2,M,9.9,F*10
2026-06-18T12:53:00.000Z $IIRPM,E,1,0,,A*66
2026-06-18T12:53:00.000Z $IIXDR,V,12.54,V,BATT*61
2026-06-18T12:53:00.000Z $GPVTG,189.2,T,,M,8.0,N,14.8,K,A*3A
2026-06-18T12:53:10.000Z $GPRMC,125310.00,A,5246.9341,N,00434.2456,E,8.0,189.4,180626,,,A*51
2026-06-18T12:53:10.000Z $IIHDG,190.8,,,,*49
2026-06-18T12:53:10.000Z $IIMWV,203.7,T,15.0,N,A*09
2026-06-18T12:53:10.000Z $IIRPM,E,1,0,,A*66
2026-06-18T12:53:20.000Z $GPRMC,125320.00,A,5246.9014,N,00434.2113,E,8.0,189.6,180626,,,A*57
2026-06-18T12:53:20.000Z $IIHDG,188.1,,,,*49
2026-06-18T12:53:20.000Z $IIMWV,206.9,T,12.6,N,A*03
2026-06-18T12:53:20.000Z $IIRPM,E,1,0,,A*66
2026-06-18T12:53:30.000Z $GPRMC,125330.00,A,5246.8696,N,00434.2070,E,8.0,188.0,180626,,,A*58
2026-06-18T12:53:30.000Z $GPGGA,125330.00,5246.8696,N,00434.2070,E,1,12,0.9,0.0,M,0.0,M,,*52
2026-06-18T12:53:30.000Z $IIHDG,189.4,,,,*4D
2026-06-18T12:53:30.000Z $IIMWV,209.5,T,12.7,N,A*01
2026-06-18T12:53:30.000Z $IIDBT,59.9,f,18.3,M,10.0,F*2F
2026-06-18T12:53:30.000Z $IIRPM,E,1,0,,A*66
2026-06-18T12:53:30.000Z $GPVTG,188.0,T,,M,8.0,N,14.8,K,A*39
2026-06-18T12:53:40.000Z $GPRMC,125340.00,A,5246.8270,N,00434.1911,E,8.0,189.5,180626,,,A*5A
2026-06-18T12:53:40.000Z $IIHDG,188.3,,,,*4B
2026-06-18T12:53:40.000Z $IIMWV,209.0,T,15.1,N,A*05
2026-06-18T12:53:40.000Z $IIRPM,E,1,0,,A*66
2026-06-18T12:53:50.000Z $GPRMC,125350.00,A,5246.7996,N,00434.1894,E,8.0,188.7,180626,,,A*58
2026-06-18T12:53:50.000Z $IIHDG,187.8,,,,*4F
2026-06-18T12:53:50.000Z $IIMWV,204.9,T,14.1,N,A*00
2026-06-18T12:53:50.000Z $IIRPM,E,1,0,,A*66
2026-06-18T12:54:00.000Z $GPRMC,125400.00,A,5246.7999,N,00434.2003,E,8.0,189.3,180626,,,A*55
2026-06-18T12:54:00.000Z $GPGGA,125400.00,5246.7999,N,00434.2003,E,1,8,0.9,0.0,M,0.0,M,,*66
2026-06-18T12:54:00.000Z $IIHDG,189.5,,,,*4C
2026-06-18T12:54:00.000Z $IIMWV,209.1,T,13.2,N,A*01
2026-06-18T12:54:00.000Z $IIDBT,62.0,f,18.9,M,10.3,F*27
2026-06-18T12:54:00.000Z $IIRPM,E,1,0,,A*66
2026-06-18T12:54:00.000Z $IIXDR,V,12.57,V,BATT*62
2026-06-18T12:54:00.000Z $GPVTG,189.3,T,,M,8.0,N,14.8,K,A*3B
2026-06-18T12:54:10.000Z $GPRMC,125410.00,A,5246.7871,N,00434.2140,E,8.0,189.7,180626,,,A*51
2026-06-18T12:54:10.000Z $IIHDG,187.1,,,,*46
2026-06-18T12:54:10.000Z $IIMWV,204.1,T,14.4,N,A*0D
2026-06-18T12:54:10.000Z $IIRPM,E,1,0,,A*66
2026-06-18T12:54:20.000Z $GPRMC,125420.00,A,5246.7453,N,00434.2144,E,8.0,189.4,180626,,,A*59
2026-06-18T12:54:20.000Z $IIHDG,190.6,,,,*47
2026-06-18T12:54:20.000Z $IIMWV,212.7,T,14.1,N,A*09
2026-06-18T12:54:20.000Z $IIRPM,E,1,0,,A*66
2026-06-18T12:54:30.000Z $GPRMC,125430.00,A,5246.7230,N,00434.1818,E,8.0,187.3,180626,,,A*51
2026-06-18T12:54:30.000Z $GPGGA,125430.00,5246.7230,N,00434.1818,E,1,8,0.9,0.0,M,0.0,M,,*6C
2026-06-18T12:54:30.000Z $IIHDG,188.0,,,,*48
2026-06-18T12:54:30.000Z $IIMWV,204.8,T,15.3,N,A*02
2026-06-18T12:54:30.000Z $IIDBT,62.3,f,19.0,M,10.4,F*2B
2026-06-18T12:54:30.000Z $IIRPM,E,1,0,,A*66
2026-06-18T12:54:30.000Z $GPVTG,187.3,T,,M,8.0,N,14.8,K,A*35
2026-06-18T12:54:40.000Z $GPRMC,125440.00,A,5246.7215,N,00434.1887,E,8.0,188.9,180626,,,A*52
2026-06-18T12:54:40.000Z $IIHDG,187.8,,,,*4F
2026-06-18T12:54:40.000Z $IIMWV,205.8,T,15.5,N,A*05
2026-06-18T12:54:40.000Z $IIRPM,E,1,0,,A*66
2026-06-18T12:54:50.000Z $GPRMC,125450.00,A,5246.6964,N,00434.1430,E,7.9,190.0,180626,,,A*59
2026-06-18T12:54:50.000Z $IIHDG,188.4,,,,*4C
2026-06-18T12:54:50.000Z $IIMWV,204.4,T,12.5,N,A*0F
2026-06-18T12:54:50.000Z $IIRPM,E,1,0,,A*66
2026-06-18T12:55:00.000Z $GPRMC,125500.00,A,5246.6833,N,00434.1833,E,8.0,190.1,180626,,,A*56
2026-06-18T12:55:00.000Z $GPGGA,125500.00,5246.6833,N,00434.1833,E,1,12,0.9,0.0,M,0.0,M,,*54
2026-06-18T12:55:00.000Z $IIHDG,186.9,,,,*4F
2026-06-18T12:55:00.000Z $IIMWV,207.3,T,12.5,N,A*0B
2026-06-18T12:55:00.000Z $IIDBT,64.4,f,19.6,M,10.7,F*2F
2026-06-18T12:55:00.000Z $IIRPM,E,1,0,,A*66
2026-06-18T12:55:00.000Z $IIXDR,V,12.66,V,BATT*60
2026-06-18T12:55:00.000Z $IIMTA,18.9,C*05
2026-06-18T12:55:00.000Z $GPVTG,190.1,T,,M,8.0,N,14.8,K,A*31
2026-06-18T12:55:10.000Z $GPRMC,125510.00,A,5246.6145,N,00434.1573,E,8.0,189.6,180626,,,A*59
2026-06-18T12:55:10.000Z $IIHDG,187.1,,,,*46
2026-06-18T12:55:10.000Z $IIMWV,205.6,T,13.9,N,A*01
2026-06-18T12:55:10.000Z $IIRPM,E,1,0,,A*66
2026-06-18T12:55:20.000Z $GPRMC,125520.00,A,5246.6075,N,00434.1789,E,7.9,188.2,180626,,,A*5C
2026-06-18T12:55:20.000Z $IIHDG,188.5,,,,*4D
2026-06-18T12:55:20.000Z $IIMWV,207.1,T,15.5,N,A*0E
2026-06-18T12:55:20.000Z $IIRPM,E,1,0,,A*66
2026-06-18T12:55:30.000Z $GPRMC,125530.00,A,5246.5801,N,00434.1795,E,8.0,190.0,180626,,,A*55
2026-06-18T12:55:30.000Z $GPGGA,125530.00,5246.5801,N,00434.1795,E,1,9,0.9,0.0,M,0.0,M,,*6C
2026-06-18T12:55:30.000Z $IIHDG,190.8,,,,*49
2026-06-18T12:55:30.000Z $IIMWV,206.6,T,15.2,N,A*0F
2026-06-18T12:55:30.000Z $IIDBT,61.2,f,18.6,M,10.2,F*28
2026-06-18T12:55:30.000Z $IIRPM,E,1,0,,A*66
2026-06-18T12:55:30.000Z $GPVTG,190.0,T,,M,8.0,N,14.8,K,A*30
2026-06-18T12:55:40.000Z $GPRMC,125540.00,A,5246.5654,N,00434.1465,E,8.0,187.1,180626,,,A*57
2026-06-18T12:55:40.000Z $IIHDG,187.2,,,,*45
2026-06-18T12:55:40.000Z $IIMWV,205.8,T,12.6,N,A*01
2026-06-18T12:55:40.000Z $IIRPM,E,1,0,,A*66
2026-06-18T12:55:50.000Z $GPRMC,125550.00,A,5246.5750,N,00434.1280,E,8.0,188.8,180626,,,A*58
2026-06-18T12:55:50.000Z $IIHDG,189.2,,,,*4B
2026-06-18T12:55:50.000Z $IIMWV,210.4,T,15.2,N,A*0A
2026-06-18T12:55:50.000Z $IIRPM,E,1,0,,A*66
2026-06-18T12:56:00.000Z $GPRMC,125600.00,A,5246.5519,N,00434.1242,E,8.0,188.9,180626,,,A*5E
2026-06-18T12:56:00.000Z $GPGGA,125600.00,5246.5519,N,00434.1242,E,1,8,0.9,0.0,M,0.0,M,,*66
2026-06-18T12:56:00.000Z $IIHDG,190.1,,,,*40
2026-06-18T12:56:00.000Z $IIMWV,205.4,T,12.6,N,A*0D
2026-06-18T12:56:00.000Z $IIDBT,63.9,f,19.5,M,10.6,F*27
2026-06-18T12:56:00.000Z $IIRPM,E,1,0,,A*66
2026-06-18T12:56:00.000Z $IIXDR,V,12.43,V,BATT*67
2026-06-18T12:56:00.000Z $GPVTG,188.9,T,,M,8.0,N,14.8,K,A*30
2026-06-18T12:56:10.000Z $GPRMC,125610.00,A,5246.5321,N,00434.1201,E,7.9,187.8,180626,,,A*5D
2026-06-18T12:56:10.000Z $IIHDG,189.2,,,,*4B
2026-06-18T12:56:10.000Z $IIMWV,209.4,T,13.0,N,A*06
2026-06-18T12:56:10.000Z $IIRPM,E,1,0,,A*66
2026-06-18T12:56:20.000Z $GPRMC,125620.00,A,5246.4855,N,00434.1063,E,8.0,188.6,180626,,,A*56
2026-06-18T12:56:20.000Z $IIHDG,188.7,,,,*4F
2026-06-18T12:56:20.000Z $IIMWV,212.0,T,14.0,N,A*0F
2026-06-18T12:56:20.000Z $IIRPM,E,1,0,,A*66
2026-06-18T12:56:30.000Z $GPRMC,125630.00,A,5246.4778,N,00434.1357,E,8.0,188.4,180626,,,A*51
2026-06-18T12:56:30.000Z $GPGGA,125630.00,5246.4778,N,00434.1357,E,1,11,0.9,0.0,M,0.0,M,,*5C
2026-06-18T12:56:30.000Z $IIHDG,189.6,,,,*4F
2026-06-18T12:56:30.000Z $IIMWV,210.6,T,13.7,N,A*0B
2026-06-18T12:56:30.000Z $IIDBT,63.2,f,19.3,M,10.5,F*29
2026-06-18T12:56:30.000Z $IIRPM,E,1,0,,A*66
2026-06-18T12:56:30.000Z $GPVTG,188.4,T,,M,8.0,N,14.8,K,A*3D
2026-06-18T12:56:40.000Z $GPRMC,125640.00,A,5246.4688,N,00434.1059,E,8.0,189.4,180626,,,A*54
2026-06-18T12:56:40.000Z $IIHDG,190.3,,,,*42
2026-06-18T12:56:40.000Z $IIMWV,207.1,T,15.5,N,A*0E
2026-06-18T12:56:40.000Z $IIRPM,E,1,0,,A*66
2026-06-18T12:56:50.000Z $GPRMC,125650.00,A,5246.4286,N,00434.1348,E,8.0,187.5,180626,,,A*53
2026-06-18T12:56:50.000Z $IIHDG,189.7,,,,*4E
2026-06-18T12:56:50.000Z $IIMWV,205.9,T,13.6,N,A*01
2026-06-18T12:56:50.000Z $IIRPM,E,1,0,,A*66
2026-06-18T12:57:00.000Z $GPRMC,125700.00,A,5246.4130,N,00434.1036,E,8.0,188.1,180626,,,A*58
2026-06-18T12:57:00.000Z $GPGGA,125700.00,5246.4130,N,00434.1036,E,1,9,0.9,0.0,M,0.0,M,,*69
2026-06-18T12:57:00.000Z $IIHDG,189.9,,,,*40
2026-06-18T12:57:00.000Z $IIMWV,209.6,T,14.6,N,A*05
2026-06-18T12:57:00.000Z $IIDBT,67.0,f,20.4,M,11.2,F*24
2026-06-18T12:57:00.000Z $IIRPM,E,1,0,,A*66
2026-06-18T12:57:00.000Z $IIXDR,V,12.70,V,BATT*67
2026-06-18T12:57:00.000Z $GPVTG,188.1,T,,M,8.0,N,14.8,K,A*38
2026-06-18T12:57:10.000Z $GPRMC,125710.00,A,5246.3734,N,00434.0761,E,8.0,187.5,180626,,,A*53
2026-06-18T12:57:10.000Z $IIHDG,187.8,,,,*4F
2026-06-18T12:57:10.000Z $IIMWV,209.9,T,15.1,N,A*0C
2026-06-18T12:57:10.000Z $IIRPM,E,1,0,,A*66
2026-06-18T12:57:20.000Z $GPRMC,125720.00,A,5246.3586,N,00434.1006,E,7.9,187.6,180626,,,A*59
2026-06-18T12:57:20.000Z $IIHDG,187.6,,,,*41
2026-06-18T12:57:20.000Z $IIMWV,206.5,T,13.7,N,A*0F
2026-06-18T12:57:20.000Z $IIRPM,E,1,0,,A*66
2026-06-18T12:57:30.000Z $GPRMC,125730.00,A,5246.3313,N,00434.0551,E,8.0,188.0,180626,,,A*5B
2026-06-18T12:57:30.000Z $GPGGA,125730.00,5246.3313,N,00434.0551,E,1,11,0.9,0.0,M,0.0,M,,*52
2026-06-18T12:57:30.000Z $IIHDG,186.8,,,,*4E
2026-06-18T12:57:30.000Z $IIMWV,212.7,T,14.8,N,A*00
2026-06-18T12:57:30.000Z $IIDBT,67.8,f,20.7,M,11.3,F*2E
2026-06-18T12:57:30.000Z $IIRPM,E,1,0,,A*66
2026-06-18T12:57:30.000Z $GPVTG,188.0,T,,M,8.0,N,14.8,K,A*39
2026-06-18T12:57:40.000Z $GPRMC,125740.00,A,5246.3140,N,00434.0717,E,7.9,189.3,180626,,,A*5C
2026-06-18T12:57:40.000Z $IIHDG,190.0,,,,*41
2026-06-18T12:57:40.000Z $IIMWV,208.2,T,13.6,N,A*07
2026-06-18T12:57:40.000Z $IIRPM,E,1,0,,A*66
2026-06-18T12:57:50.000Z $GPRMC,125750.00,A,5246.2742,N,00434.0684,E,8.0,188.1,180626,,,A*56
2026-06-18T12:57:50.000Z $IIHDG,189.5,,,,*4C
2026-06-18T12:57:50.000Z $IIMWV,206.8,T,12.7,N,A*03
2026-06-18T12:57:50.000Z $IIRPM,E,1,0,,A*66
2026-06-18T12:58:00.000Z $GPRMC,125800.00,A,5246.2762,N,00434.0421,E,8.0,189.2,180626,,,A*51
2026-06-18T12:58:00.000Z $GPGGA,125800.00,5246.2762,N,00434.0421,E,1,9,0.9,0.0,M,0.0,M,,*62
2026-06-18T12:58:00.000Z $IIHDG,190.4,,,,*45
2026-06-18T12:58:00.000Z $IIMWV,204.2,T,14.9,N,A*03
2026-06-18T12:58:00.000Z $IIDBT,58.9,f,18.0,M,9.8,F*1D
2026-06-18T12:58:00.000Z $IIRPM,E,1,0,,A*66
2026-06-18T12:58:00.000Z $IIXDR,V,12.58,V,BATT*6D
2026-06-18T12:58:00.000Z $GPVTG,189.2,T,,M,8.0,N,14.8,K,A*3A
2026-06-18T12:58:10.000Z $GPRMC,125810.00,A,5246.2288,N,00434.0871,E,8.0,188.9,180626,,,A*52
2026-06-18T12:58:10.000Z $IIHDG,189.9,,,,*40
2026-06-18T12:58:10.000Z $IIMWV,204.2,T,12.9,N,A*05
2026-06-18T12:58:10.000Z $IIRPM,E,1,0,,A*66
2026-06-18T12:58:20.000Z $GPRMC,125820.00,A,5246.1980,N,00434.0574,E,8.0,188.9,180626,,,A*59
2026-06-18T12:58:20.000Z $IIHDG,190.4,,,,*45
2026-06-18T12:58:20.000Z $IIMWV,213.4,T,13.9,N,A*04
2026-06-18T12:58:20.000Z $IIRPM,E,1,0,,A*66
2026-06-18T12:58:30.000Z $GPRMC,125830.00,A,5246.1774,N,00434.0508,E,8.0,189.5,180626,,,A*5B
2026-06-18T12:58:30.000Z $GPGGA,125830.00,5246.1774,N,00434.0508,E,1,12,0.9,0.0,M,0.0,M,,*55
2026-06-18T12:58:30.000Z $IIHDG,187.9,,,,*4E
2026-06-18T12:58:30.000Z $IIMWV,210.3,T,13.8,N,A*01
2026-06-18T12:58:30.000Z $IIDBT,59.1,f,18.0,M,9.9,F*15
2026-06-18T12:58:30.000Z $IIRPM,E,1,0,,A*66
2026-06-18T12:58:30.000Z $GPVTG,189.5,T,,M,8.0,N,14.8,K,A*3D
2026-06-18T12:58:40.000Z $GPRMC,125840.00,A,5246.1904,N,00434.0659,E,8.0,187.5,180626,,,A*5C
2026-06-18T12:58:40.000Z $IIHDG,188.8,,,,*40
2026-06-18T12:58:40.000Z $IIMWV,212.5,T,14.6,N,A*0C
2026-06-18T12:58:40.000Z $IIRPM,E,1,0,,A*66
2026-06-18T12:58:50.000Z $GPRMC,125850.00,A,5246.1834,N,00434.0519,E,8.0,188.2,180626,,,A*50
2026-06-18T12:58:50.000Z $IIHDG,189.3,,,,*4A
2026-06-18T12:58:50.000Z $IIMWV,210.6,T,13.7,N,A*0B
2026-06-18T12:58:50.000Z $IIRPM,E,1,0,,A*66
2026-06-18T12:59:00.000Z $GPRMC,125900.00,A,5246.1147,N,00434.0129,E,8.0,190.0,180626,,,A*55
2026-06-18T12:59:00.000Z $GPGGA,125900.00,5246.1147,N,00434.0129,E,1,9,0.9,0.0,M,0.0,M,,*6C
2026-06-18T12:59:00.000Z $IIHDG,189.2,,,,*4B
2026-06-18T12:59:00.000Z $IIMWV,212.2,T,13.7,N,A*0D
2026-06-18T12:59:00.000Z $IIDBT,60.9,f,18.6,M,10.2,F*22
2026-06-18T12:59:00.000Z $IIRPM,E,1,0,,A*66
2026-06-18T12:59:00.000Z $IIXDR,V,12.51,V,BATT*64
2026-06-18T12:59:00.000Z $GPVTG,190.0,T,,M,8.0,N,14.8,K,A*30
2026-06-18T12:59:10.000Z $GPRMC,125910.00,A,5246.1258,N,00434.0414,E,8.0,188.3,180626,,,A*58
2026-06-18T12:59:10.000Z $IIHDG,188.5,,,,*4D
2026-06-18T12:59:10.000Z $IIMWV,212.2,T,14.1,N,A*0C
2026-06-18T12:59:10.000Z $IIRPM,E,1,0,,A*66
2026-06-18T12:59:20.000Z $GPRMC,125920.00,A,5246.0599,N,00434.0313,E,8.0,189.4,180626,,,A*56
2026-06-18T12:59:20.000Z $IIHDG,187.4,,,,*43
2026-06-18T12:59:20.000Z $IIMWV,208.8,T,13.9,N,A*02
2026-06-18T12:59:20.000Z $IIRPM,E,1,0,,A*66
2026-06-18T12:59:30.000Z $GPRMC,125930.00,A,5246.0469,N,00434.0234,E,8.0,187.4,180626,,,A*53
2026-06-18T12:59:30.000Z $GPGGA,125930.00,5246.0469,N,00434.0234,E,1,12,0.9,0.0,M,0.0,M,,*52
2026-06-18T12:59:30.000Z $IIHDG,187.2,,,,*45
2026-06-18T12:59:30.000Z $IIMWV,206.0,T,14.4,N,A*0E
2026-06-18T12:59:30.000Z $IIDBT,67.2,f,20.5,M,11.2,F*27
2026-06-18T12:59:30.000Z $IIRPM,E,1,0,,A*66
2026-06-18T12:59:30.000Z $GPVTG,187.4,T,,M,8.0,N,14.8,K,A*32
2026-06-18T12:59:40.000Z $GPRMC,125940.00,A,5246.0503,N,00433.9864,E,8.0,187.1,180626,,,A*5D
2026-06-18T12:59:40.000Z $IIHDG,189.5,,,,*4C
2026-06-18T12:59:40.000Z $IIMWV,207.5,T,12.7,N,A*0F
2026-06-18T12:59:40.000Z $IIRPM,E,1,0,,A*66
2026-06-18T12:59:50.000Z $GPRMC,125950.00,A,5246.0324,N,00433.9937,E,8.0,189.0,180626,,,A*57
2026-06-18T12:59:50.000Z $IIHDG,188.8,,,,*40
2026-06-18T12:59:50.000Z $IIMWV,213.2,T,13.6,N,A*0D
2026-06-18T12:59:50.000Z $IIRPM,E,1,0,,A*66
2026-06-18T13:00:00.000Z $GPRMC,130000.00,A,5245.9807,N,00433.9736,E,8.0,187.7,180626,,,A*59
2026-06-18T13:00:00.000Z $GPGGA,130000.00,5245.9807,N,00433.9736,E,1,8,0.9,0.0,M,0.0,M,,*60
2026-06-18T13:00:00.000Z $IIHDG,191.0,,,,*40
2026-06-18T13:00:00.000Z $IIMWV,183.2,T,8.2,N,A*39
2026-06-18T13:00:00.000Z $IIDBT,60.2,f,18.3,M,10.0,F*2E
2026-06-18T13:00:00.000Z $IIRPM,E,1,0,,A*66
2026-06-18T13:00:00.000Z $IIXDR,V,12.59,V,BATT*6C
2026-06-18T13:00:00.000Z $IIMTA,18.6,C*0A
2026-06-18T13:00:00.000Z $GPVTG,187.7,T,,M,8.0,N,14.8,K,A*31
2026-06-18T13:00:10.000Z $GPRMC,130010.00,A,5245.9980,N,00433.9813,E,8.0,189.9,180626,,,A*5E
2026-06-18T13:00:10.000Z $IIHDG,187.1,,,,*46
2026-06-18T13:00:10.000Z $IIMWV,179.5,T,8.3,N,A*3A
2026-06-18T13:00:10.000Z $IIRPM,E,1,0,,A*66
2026-06-18T13:00:20.000Z $GPRMC,130020.00,A,5245.9667,N,00433.9921,E,8.0,190.0,180626,,,A*5A
2026-06-18T13:00:20.000Z $IIHDG,188.3,,,,*4B
2026-06-18T13:00:20.000Z $IIMWV,182.6,T,7.5,N,A*34
2026-06-18T13:00:20.000Z $IIRPM,E,1,0,,A*66
2026-06-18T13:00:30.000Z $GPRMC,130030.00,A,5245.9049,N,00434.0029,E,8.0,188.6,180626,,,A*51
2026-06-18T13:00:30.000Z $GPGGA,130030.00,5245.9049,N,00434.0029,E,1,12,0.9,0.0,M,0.0,M,,*5D
2026-06-18T13:00:30.000Z $IIHDG,188.8,,,,*40
2026-06-18T13:00:30.000Z $IIMWV,174.8,T,7.8,N,A*3E
2026-06-18T13:00:30.000Z $IIDBT,67.4,f,20.6,M,11.2,F*22
2026-06-18T13:00:30.000Z $IIRPM,E,1,0,,A*66
2026-06-18T13:00:30.000Z $GPVTG,188.6,T,,M,8.0,N,14.8,K,A*3F
2026-06-18T13:00:40.000Z $GPRMC,130040.00,A,5245.9180,N,00433.9747,E,7.9,187.8,180626,,,A*54
2026-06-18T13:00:40.000Z $IIHDG,187.6,,,,*41
2026-06-18T13:00:40.000Z $IIMWV,181.1,T,8.1,N,A*3B
2026-06-18T13:00:40.000Z $IIRPM,E,1,0,,A*66
2026-06-18T13:00:50.000Z $GPRMC,130050.00,A,5245.8877,N,00433.9965,E,8.0,188.4,180626,,,A*5E
2026-06-18T13:00:50.000Z $IIHDG,189.5,,,,*4C
2026-06-18T13:00:50.000Z $IIMWV,181.9,T,6.8,N,A*34
2026-06-18T13:00:50.000Z $IIRPM,E,1,0,,A*66
2026-06-18T13:01:00.000Z $GPRMC,130100.00,A,5245.8377,N,00433.9456,E,8.0,188.1,180626,,,A*59
2026-06-18T13:01:00.000Z $GPGGA,130100.00,5245.8377,N,00433.9456,E,1,9,0.9,0.0,M,0.0,M,,*68
2026-06-18T13:01:00.000Z $IIHDG,188.0,,,,*48
2026-06-18T13:01:00.000Z $IIMWV,174.6,T,8.5,N,A*32
2026-06-18T13:01:00.000Z $IIDBT,61.7,f,18.8,M,10.3,F*22
2026-06-18T13:01:00.000Z $IIRPM,E,1,0,,A*66
2026-06-18T13:01:00.000Z $IIXDR,V,12.56,V,BATT*63
2026-06-18T13:01:00.000Z $GPVTG,188.1,T,,M,8.0,N,14.8,K,A*38
2026-06-18T13:01:10.000Z $GPRMC,130110.00,A,5245.8695,N,00433.9493,E,8.0,189.9,180626,,,A*51
2026-06-18T13:01:10.000Z $IIHDG,190.6,,,,*47
2026-06-18T13:01:10.000Z $IIMWV,178.8,T,9.3,N,A*37
2026-06-18T13:01:10.000Z $IIRPM,E,1,0,,A*66
2026-06-18T13:01:20.000Z $GPRMC,130120.00,A,5245.8009,N,00433.9497,E,8.0,187.7,180626,,,A*55
2026-06-18T13:01:20.000Z $IIHDG,186.1,,,,*47
2026-06-18T13:01:20.000Z $IIMWV,182.1,T,7.7,N,A*31
2026-06-18T13:01:20.000Z $IIRPM,E,1,0,,A*66
2026-06-18T13:01:30.000Z $GPRMC,130130.00,A,5245.7787,N,00433.9211,E,8.0,188.1,180626,,,A*5B
2026-06-18T13:01:30.000Z $GPGGA,130130.00,5245.7787,N,00433.9211,E,1,12,0.9,0.0,M,0.0,M,,*50
2026-06-18T13:01:30.000Z $IIHDG,186.2,,,,*44
2026-06-18T13:01:30.000Z $IIMWV,175.0,T,7.0,N,A*3F
2026-06-18T13:01:30.000Z $IIDBT,59.8,f,18.2,M,10.0,F*2F
2026-06-18T13:01:30.000Z $IIRPM,E,1,0,,A*66
2026-06-18T13:01:30.000Z $GPVTG,188.1,T,,M,8.0,N,14.8,K,A*38
2026-06-18T13:01:40.000Z $GPRMC,130140.00,A,5245.7887,N,00433.9454,E,7.9,188.0,180626,,,A*53
2026-06-18T13:01:40.000Z $IIHDG,189.5,,,,*4C
2026-06-18T13:01:40.000Z $IIMWV,178.8,T,8.5,N,A*30
2026-06-18T13:01:40.000Z $IIRPM,E,1,0,,A*66
2026-06-18T13:01:50.000Z $GPRMC,130150.00,A,5245.7495,N,00433.9423,E,8.0,188.1,180626,,,A*5A
2026-06-18T13:01:50.000Z $IIHDG,189.0,,,,*49
2026-06-18T13:01:50.000Z $IIMWV,175.7,T,7.6,N,A*3E
2026-06-18T13:01:50.000Z $IIRPM,E,1,0,,A*66
2026-06-18T13:02:00.000Z $GPRMC,130200.00,A,5245.7373,N,00433.9170,E,8.0,188.5,180626,,,A*54
2026-06-18T13:02:00.000Z $GPGGA,130200.00,5245.7373,N,00433.9170,E,1,8,0.9,0.0,M,0.0,M,,*60
2026-06-18T13:02:00.000Z $IIHDG,186.2,,,,*44
2026-06-18T13:02:00.000Z $IIMWV,178.2,T,9.4,N,A*3A
2026-06-18T13:02:00.000Z $IIDBT,60.5,f,18.4,M,10.1,F*2F
2026-06-18T13:02:00.000Z $IIRPM,E,1,0,,A*66
2026-06-18T13:02:00.000Z $IIXDR,V,12.58,V,BATT*6D
2026-06-18T13:02:00.000Z $GPVTG,188.5,T,,M,8.0,N,14.8,K,A*3C
2026-06-18T13:02:10.000Z $GPRMC,130210.00,A,5245.7246,N,00433.9155,E,8.0,188.5,180626,,,A*55
2026-06-18T13:02:10.000Z $IIHDG,187.8,,,,*4F
2026-06-18T13:02:10.000Z $IIMWV,181.8,T,7.0,N,A*3C
2026-06-18T13:02:10.000Z $IIRPM,E,1,0,,A*66
2026-06-18T13:02:20.000Z $GPRMC,130220.00,A,5245.6826,N,00433.9208,E,8.0,187.8,180626,,,A*52
2026-06-18T13:02:20.000Z $IIHDG,190.7,,,,*46
2026-06-18T13:02:20.000Z $IIMWV,183.0,T,8.4,N,A*3D
2026-06-18T13:02:20.000Z $IIRPM,E,1,0,,A*66
2026-06-18T13:02:30.000Z $GPRMC,130230.00,A,5245.6877,N,00433.9223,E,8.0,187.8,180626,,,A*5E
2026-06-18T13:02:30.000Z $GPGGA,130230.00,5245.6877,N,00433.9223,E,1,12,0.9,0.0,M,0.0,M,,*53
2026-06-18T13:02:30.000Z $IIHDG,188.7,,,,*4F
2026-06-18T13:02:30.000Z $IIMWV,174.4,T,6.6,N,A*3D
2026-06-18T13:02:30.000Z $IIDBT,65.0,f,19.8,M,10.8,F*2B
2026-06-18T13:02:30.000Z $IIRPM,E,1,0,,A*66
2026-06-18T13:02:30.000Z $GPVTG,187.8,T,,M,8.0,N,14.8,K,A*3E
2026-06-18T13:02:40.000Z $GPRMC,130240.00,A,5245.6367,N,00433.9122,E,8.0,187.5,180626,,,A*5C
2026-06-18T13:02:40.000Z $IIHDG,189.9,,,,*40
2026-06-18T13:02:40.000Z $IIMWV,179.5,T,7.7,N,A*31
2026-06-18T13:02:40.000Z $IIRPM,E,1,0,,A*66
2026-06-18T13:02:50.000Z $GPRMC,130250.00,A,5245.6105,N,00433.9221,E,8.0,189.4,180626,,,A*54
2026-06-18T13:02:50.000Z $IIHDG,190.7,,,,*46
2026-06-18T13:02:50.000Z $IIMWV,174.2,T,7.4,N,A*38
2026-06-18T13:02:50.000Z $IIRPM,E,1,0,,A*66
2026-06-18T13:03:00.000Z $GPRMC,130300.00,A,5245.6173,N,00433.8791,E,8.0,190.1,180626,,,A*53
2026-06-18T13:03:00.000Z $GPGGA,130300.00,5245.6173,N,00433.8791,E,1,9,0.9,0.0,M,0.0,M,,*6B
2026-06-18T13:03:00.000Z $IIHDG,187.3,,,,*44
2026-06-18T13:03:00.000Z $IIMWV,182.8,T,9.3,N,A*32
2026-06-18T13:03:00.000Z $IIDBT,62.2,f,18.9,M,10.4,F*22
2026-06-18T13:03:00.000Z $IIRPM,E,1,0,,A*66
2026-06-18T13:03:00.000Z $IIXDR,V,12.41,V,BATT*65
2026-06-18T13:03:00.000Z $GPVTG,190.1,T,,M,8.0,N,14.8,K,A*31
2026-06-18T13:03:10.000Z $GPRMC,130310.00,A,5245.5583,N,00433.8712,E,8.0,189.1,180626,,,A*59
2026-06-18T13:03:10.000Z $IIHDG,187.6,,,,*41
2026-06-18T13:03:10.000Z $IIMWV,181.1,T,7.7,N,A*32
2026-06-18T13:03:10.000Z $IIRPM,E,1,0,,A*66
2026-06-18T13:03:20.000Z $GPRMC,130320.00,A,5245.5373,N,00433.9055,E,8.0,189.1,180626,,,A*56
2026-06-18T13:03:20.000Z $IIHDG,189.9,,,,*40
2026-06-18T13:03:20.000Z $IIMWV,174.6,T,7.9,N,A*31
2026-06-18T13:03:20.000Z $IIRPM,E,1,0,,A*66
2026-06-18T13:03:30.000Z $GPRMC,130330.00,A,5245.5085,N,00433.8886,E,8.0,188.0,180626,,,A*5A
2026-06-18T13:03:30.000Z $GPGGA,130330.00,5245.5085,N,00433.8886,E,1,10,0.9,0.0,M,0.0,M,,*52
2026-06-18T13:03:30.000Z $IIHDG,187.1,,,,*46
2026-06-18T13:03:30.000Z $IIMWV,180.3,T,8.5,N,A*3C
2026-06-18T13:03:30.000Z $IIDBT,60.0,f,18.3,M,10.0,F*2C
2026-06-18T13:03:30.000Z $IIRPM,E,1,0,,A*66
2026-06-18T13:03:30.000Z $GPVTG,188.0,T,,M,8.0,N,14.8,K,A*39
2026-06-18T13:03:40.000Z $GPRMC,130340.00,A,5245.4986,N,00433.8686,E,8.0,190.0,180626,,,A*51
2026-06-18T13:03:40.000Z $IIHDG,190.3,,,,*42
2026-06-18T13:03:40.000Z $IIMWV,177.9,T,6.7,N,A*32
2026-06-18T13:03:40.000Z $IIRPM,E,1,0,,A*66
2026-06-18T13:03:50.000Z $GPRMC,130350.00,A,5245.5171,N,00433.8978,E,7.9,187.2,180626,,,A*5D
2026-06-18T13:03:50.000Z $IIHDG,190.4,,,,*45
2026-06-18T13:03:50.000Z $IIMWV,178.6,T,7.3,N,A*37
2026-06-18T13:03:50.000Z $IIRPM,E,1,0,,A*66
2026-06-18T13:04:00.000Z $GPRMC,130400.00,A,5245.4642,N,00433.8754,E,8.0,189.3,180626,,,A*50
2026-06-18T13:04:00.000Z $GPGGA,130400.00,5245.4642,N,00433.8754,E,1,8,0.9,0.0,M,0.0,M,,*63
2026-06-18T13:04:00.000Z $IIHDG,190.5,,,,*44
2026-06-18T13:04:00.000Z $IIMWV,177.5,T,6.7,N,A*3E
2026-06-18T13:04:00.000Z $IIDBT,64.0,f,19.5,M,10.7,F*28
2026-06-18T13:04:00.000Z $IIRPM,E,1,0,,A*66
2026-06-18T13:04:00.000Z $IIXDR,V,12.49,V,BATT*6D
2026-06-18T13:04:00.000Z $GPVTG,189.3,T,,M,8.0,N,14.8,K,A*3B
2026-06-18T13:04:10.000Z $GPRMC,130410.00,A,5245.4415,N,00433.8696,E,8.0,190.0,180626,,,A*55
2026-06-18T13:04:10.000Z $IIHDG,189.2,,,,*4B
2026-06-18T13:04:10.000Z $IIMWV,182.2,T,8.4,N,A*3E
2026-06-18T13:04:10.000Z $IIRPM,E,1,0,,A*66
2026-06-18T13:04:20.000Z $GPRMC,130420.00,A,5245.4189,N,00433.8749,E,8.0,188.1,180626,,,A*5D
2026-06-18T13:04:20.000Z $IIHDG,189.3,,,,*4A
2026-06-18T13:04:20.000Z $IIMWV,183.4,T,9.4,N,A*38
2026-06-18T13:04:20.000Z $IIRPM,E,1,0,,A*66
2026-06-18T13:04:30.000Z $GPRMC,130430.00,A,5245.3831,N,00433.8509,E,8.0,188.4,180626,,,A*52
2026-06-18T13:04:30.000Z $GPGGA,130430.00,5245.3831,N,00433.8509,E,1,12,0.9,0.0,M,0.0,M,,*5C
2026-06-18T13:04:30.000Z $IIHDG,189.3,,,,*4A
2026-06-18T13:04:30.000Z $IIMWV,174.9,T,8.1,N,A*39
2026-06-18T13:04:30.000Z $IIDBT,64.9,f,19.8,M,10.8,F*23
2026-06-18T13:04:30.000Z $IIRPM,E,1,0,,A*66
2026-06-18T13:04:30.000Z $GPVTG,188.4,T,,M,8.0,N,14.8,K,A*3D
2026-06-18T13:04:40.000Z $GPRMC,130440.00,A,5245.3480,N,00433.8191,E,8.0,188.5,180626,,,A*57
2026-06-18T13:04:40.000Z $IIHDG,186.3,,,,*45
2026-06-18T13:04:40.000Z $IIMWV,183.2,T,6.7,N,A*32
2026-06-18T13:04:40.000Z $IIRPM,E,1,0,,A*66
2026-06-18T13:04:50.000Z $GPRMC,130450.00,A,5245.3292,N,00433.8215,E,8.0,189.1,180626,,,A*59
2026-06-18T13:04:50.000Z $IIHDG,190.8,,,,*49
2026-06-18T13:04:50.000Z $IIMWV,178.1,T,6.9,N,A*3B
2026-06-18T13:04:50.000Z $IIRPM,E,1,0,,A*66
2026-06-18T13:05:00.000Z $GPRMC,130500.00,A,5245.3564,N,00433.8040,E,8.0,188.4,180626,,,A*55
2026-06-18T13:05:00.000Z $GPGGA,130500.00,5245.3564,N,00433.8040,E,1,12,0.9,0.0,M,0.0,M,,*5B
2026-06-18T13:05:00.000Z $IIHDG,189.8,,,,*41
2026-06-18T13:05:00.000Z $IIMWV,182.6,T,8.9,N,A*37
2026-06-18T13:05:00.000Z $IIDBT,66.1,f,20.2,M,11.0,F*20
2026-06-18T13:05:00.000Z $IIRPM,E,1,0,,A*66
2026-06-18T13:05:00.000Z $IIXDR,V,12.55,V,BATT*60
2026-06-18T13:05:00.000Z $IIMTA,18.8,C*04
2026-06-18T13:05:00.000Z $GPVTG,188.4,T,,M,8.0,N,14.8,K,A*3D
2026-06-18T13:05:10.000Z $GPRMC,130510.00,A,5245.2945,N,00433.8044,E,8.0,189.9,180626,,,A*52
2026-06-18T13:05:10.000Z $IIHDG,189.1,,,,*48
2026-06-18T13:05:10.000Z $IIMWV,180.7,T,9.4,N,A*38
2026-06-18T13:05:10.000Z $IIRPM,E,1,0,,A*66
2026-06-18T13:05:20.000Z $GPRMC,130520.00,A,5245.3185,N,00433.8107,E,8.0,187.8,180626,,,A*5D
2026-06-18T13:05:20.000Z $IIHDG,189.3,,,,*4A
2026-06-18T13:05:20.000Z $IIMWV,179.0,T,6.8,N,A*3A
2026-06-18T13:05:20.000Z $IIRPM,E,1,0,,A*66
2026-06-18T13:05:30.000Z $GPRMC,130530.00,A,5245.2725,N,00433.8019,E,7.9,188.6,180626,,,A*58
2026-06-18T13:05:30.000Z $GPGGA,130530.00,5245.2725,N,00433.8019,E,1,9,0.9,0.0,M,0.0,M,,*68
2026-06-18T13:05:30.000Z $IIHDG,189.5,,,,*4C
2026-06-18T13:05:30.000Z $IIMWV,178.8,T,6.9,N,A*32
2026-06-18T13:05:30.000Z $IIDBT,64.6,f,19.7,M,10.8,F*23
2026-06-18T13:05:30.000Z $IIRPM,E,1,0,,A*66
2026-06-18T13:05:30.000Z $GPVTG,188.6,T,,M,7.9,N,14.7,K,A*36
2026-06-18T13:05:40.000Z $GPRMC,130540.00,A,5245.2231,N,00433.8120,E,7.9,187.1,180626,,,A*5C
2026-06-18T13:05:40.000Z $IIHDG,188.1,,,,*49
2026-06-18T13:05:40.000Z $IIMWV,182.7,T,7.5,N,A*35
2026-06-18T13:05:40.000Z $IIRPM,E,1,0,,A*66
2026-06-18T13:05:50.000Z $GPRMC,130550.00,A,5245.2262,N,00433.7977,E,8.0,187.1,180626,,,A*58
2026-06-18T13:05:50.000Z $IIHDG,190.2,,,,*43
2026-06-18T13:05:50.000Z $IIMWV,174.9,T,8.6,N,A*3E
2026-06-18T13:05:50.000Z $IIRPM,E,1,0,,A*66
2026-06-18T13:06:00.000Z $GPRMC,130600.00,A,5245.1766,N,00433.8149,E,8.0,187.3,180626,,,A*54
2026-06-18T13:06:00.000Z $GPGGA,130600.00,5245.1766,N,00433.8149,E,1,11,0.9,0.0,M,0.0,M,,*51
2026-06-18T13:06:00.000Z $IIHDG,188.8,,,,*40
2026-06-18T13:06:00.000Z $IIMWV,181.5,T,8.0,N,A*3E
2026-06-18T13:06:00.000Z $IIDBT,59.6,f,18.2,M,9.9,F*10
2026-06-18T13:06:00.000Z $IIRPM,E,1,0,,A*66
2026-06-18T13:06:00.000Z $IIXDR,V,12.69,V,BATT*6F
2026-06-18T13:06:00.000Z $GPVTG,187.3,T,,M,8.0,N,14.8,K,A*35
2026-06-18T13:06:10.000Z $GPRMC,130610.00,A,5245.1890,N,00433.8185,E,8.0,187.7,180626,,,A*57
2026-06-18T13:06:10.000Z $IIHDG,190.0,,,,*41
2026-06-18T13:06:10.000Z $IIMWV,180.0,T,8.5,N,A*3F
2026-06-18T13:06:10.000Z $IIRPM,E,1,0,,A*66
2026-06-18T13:06:20.000Z $GPRMC,130620.00,A,5245.1349,N,00433.7696,E,8.0,188.5,180626,,,A*5C
2026-06-18T13:06:20.000Z $IIHDG,188.2,,,,*4A
2026-06-18T13:06:20.000Z $IIMWV,178.2,T,8.4,N,A*3B
2026-06-18T13:06:20.000Z $IIRPM,E,1,0,,A*66
2026-06-18T13:06:30.000Z $GPRMC,130630.00,A,5245.1467,N,00433.7537,E,8.0,187.8,180626,,,A*5C
2026-06-18T13:06:30.000Z $GPGGA,130630.00,5245.1467,N,00433.7537,E,1,10,0.9,0.0,M,0.0,M,,*53
2026-06-18T13:06:30.000Z $IIHDG,188.8,,,,*40
2026-06-18T13:06:30.000Z $IIMWV,177.6,T,7.2,N,A*39
2026-06-18T13:06:30.000Z $IIDBT,56.9,f,17.3,M,9.5,F*12
2026-06-18T13:06:30.000Z $IIRPM,E,1,0,,A*66
2026-06-18T13:06:30.000Z $GPVTG,187.8,T,,M,8.0,N,14.8,K,A*3E
2026-06-18T13:06:40.000Z $GPRMC,130640.00,A,5245.1283,N,00433.7606,E,8.0,187.6,180626,,,A*58
2026-06-18T13:06:40.000Z $IIHDG,189.9,,,,*40
2026-06-18T13:06:40.000Z $IIMWV,177.8,T,7.4,N,A*31
2026-06-18T13:06:40.000Z $IIRPM,E,1,0,,A*66
2026-06-18T13:06:50.000Z $GPRMC,130650.00,A,5245.1117,N,00433.7723,E,8.0,189.7,180626,,,A*5E
2026-06-18T13:06:50.000Z $IIHDG,190.1,,,,*40
2026-06-18T13:06:50.000Z $IIMWV,176.5,T,8.2,N,A*34
2026-06-18T13:06:50.000Z $IIRPM,E,1,0,,A*66
2026-06-18T13:07:00.000Z $GPRMC,130700.00,A,5245.0953,N,00433.7806,E,8.0,187.6,180626,,,A*54
2026-06-18T13:07:00.000Z $GPGGA,130700.00,5245.0953,N,00433.7806,E,1,8,0.9,0.0,M,0.0,M,,*6C
2026-06-18T13:07:00.000Z $IIHDG,189.9,,,,*40
2026-06-18T13:07:00.000Z $IIMWV,177.8,T,9.3,N,A*38
2026-06-18T13:07:00.000Z $IIDBT,61.2,f,18.7,M,10.2,F*29
2026-06-18T13:07:00.000Z $IIRPM,E,1,0,,A*66
2026-06-18T13:07:00.000Z $IIXDR,V,12.55,V,BATT*60
2026-06-18T13:07:00.000Z $GPVTG,187.6,T,,M,8.0,N,14.8,K,A*30
2026-06-18T13:07:10.000Z $GPRMC,130710.00,A,5245.0429,N,00433.7435,E,8.0,189.1,180626,,,A*50
2026-06-18T13:07:10.000Z $IIHDG,186.9,,,,*4F
2026-06-18T13:07:10.000Z $IIMWV,175.9,T,7.7,N,A*31
2026-06-18T13:07:10.000Z $IIRPM,E,1,0,,A*66
2026-06-18T13:07:20.000Z $GPRMC,130720.00,A,5245.0360,N,00433.7309,E,8.0,188.1,180626,,,A*50
2026-06-18T13:07:20.000Z $IIHDG,190.9,,,,*48
2026-06-18T13:07:20.000Z $IIMWV,174.3,T,9.4,N,A*37
2026-06-18T13:07:20.000Z $IIRPM,E,1,0,,A*66
2026-06-18T13:07:30.000Z $GPRMC,130730.00,A,5244.9740,N,00433.7658,E,8.0,190.0,180626,,,A*56
2026-06-18T13:07:30.000Z $GPGGA,130730.00,5244.9740,N,00433.7658,E,1,10,0.9,0.0,M,0.0,M,,*57
2026-06-18T13:07:30.000Z $IIHDG,190.6,,,,*47
2026-06-18T13:07:30.000Z $IIMWV,175.5,T,9.0,N,A*34
2026-06-18T13:07:30.000Z $IIDBT,60.0,f,18.3,M,10.0,F*2C
2026-06-18T13:07:30.000Z $IIRPM,E,1,0,,A*66
2026-06-18T13:07:30.000Z $GPVTG,190.0,T,,M,8.0,N,14.8,K,A*30
2026-06-18T13:07:40.000Z $GPRMC,130740.00,A,5244.9822,N,00433.7737,E,8.0,188.5,180626,,,A*5E
2026-06-18T13:07:40.000Z $IIHDG,187.2,,,,*45
2026-06-18T13:07:40.000Z $IIMWV,181.8,T,6.6,N,A*3B
2026-06-18T13:07:40.000Z $IIRPM,E,1,0,,A*66
2026-06-18T13:07:50.000Z $GPRMC,130750.00,A,5244.9757,N,00433.7596,E,8.0,189.2,180626,,,A*5D
2026-06-18T13:07:50.000Z $IIHDG,190.8,,,,*49
2026-06-18T13:07:50.000Z $IIMWV,174.9,T,7.2,N,A*35
2026-06-18T13:07:50.000Z $IIRPM,E,1,0,,A*66
2026-06-18T13:08:00.000Z $GPRMC,130800.00,A,5244.9348,N,00433.7115,E,8.0,189.0,180626,,,A*50
2026-06-18T13:08:00.000Z $GPGGA,130800.00,5244.9348,N,00433.7115,E,1,11,0.9,0.0,M,0.0,M,,*58
2026-06-18T13:08:00.000Z $IIHDG,186.3,,,,*45
2026-06-18T13:08:00.000Z $IIMWV,182.2,T,7.7,N,A*32
2026-06-18T13:08:00.000Z $IIDBT,60.8,f,18.5,M,10.1,F*23
2026-06-18T13:08:00.000Z $IIRPM,E,1,0,,A*66
2026-06-18T13:08:00.000Z $IIXDR,V,12.50,V,BATT*65
2026-06-18T13:08:00.000Z $GPVTG,189.0,T,,M,8.0,N,14.8,K,A*38
2026-06-18T13:08:10.000Z $GPRMC,130810.00,A,5244.9260,N,00433.7099,E,8.0,190.0,180626,,,A*57
2026-06-18T13:08:10.000Z $IIHDG,189.3,,,,*4A
2026-06-18T13:08:10.000Z $IIMWV,176.5,T,7.7,N,A*3E
2026-06-18T13:08:10.000Z $IIRPM,E,1,0,,A*66
2026-06-18T13:08:20.000Z $GPRMC,130820.00,A,5244.9144,N,00433.7500,E,8.0,189.8,180626,,,A*54
2026-06-18T13:08:20.000Z $IIHDG,187.5,,,,*42
2026-06-18T13:08:20.000Z $IIMWV,179.0,T,7.1,N,A*32
2026-06-18T13:08:20.000Z $IIRPM,E,1,0,,A*66
2026-06-18T13:08:30.000Z $GPRMC,130830.00,A,5244.8488,N,00433.7044,E,7.9,188.7,180626,,,A*5C
2026-06-18T13:08:30.000Z $GPGGA,130830.00,5244.8488,N,00433.7044,E,1,11,0.9,0.0,M,0.0,M,,*54
2026-06-18T13:08:30.000Z $IIHDG,186.4,,,,*42
2026-06-18T13:08:30.000Z $IIMWV,182.4,T,6.5,N,A*37
2026-06-18T13:08:30.000Z $IIDBT,62.4,f,19.0,M,10.4,F*2C
2026-06-18T13:08:30.000Z $IIRPM,E,1,0,,A*66
2026-06-18T13:08:30.000Z $GPVTG,188.7,T,,M,7.9,N,14.6,K,A*36
2026-06-18T13:08:40.000Z $GPRMC,130840.00,A,5244.8293,N,00433.7145,E,8.0,188.0,180626,,,A*56
2026-06-18T13:08:40.000Z $IIHDG,188.1,,,,*49
2026-06-18T13:08:40.000Z $IIMWV,179.1,T,9.5,N,A*39
2026-06-18T13:08:40.000Z $IIRPM,E,1,0,,A*66
2026-06-18T13:08:50.000Z $GPRMC,130850.00,A,5244.7977,N,00433.6819,E,8.0,188.7,180626,,,A*5F
2026-06-18T13:08:50.000Z $IIHDG,187.2,,,,*45
2026-06-18T13:08:50.000Z $IIMWV,181.8,T,9.1,N,A*33
2026-06-18T13:08:50.000Z $IIRPM,E,1,0,,A*66
2026-06-18T13:09:00.000Z $GPRMC,130900.00,A,5244.7957,N,00433.7230,E,8.0,188.9,180626,,,A*57
2026-06-18T13:09:00.000Z $GPGGA,130900.00,5244.7957,N,00433.7230,E,1,10,0.9,0.0,M,0.0,M,,*56
2026-06-18T13:09:00.000Z $IIHDG,186.8,,,,*4E
2026-06-18T13:09:00.000Z $IIMWV,177.6,T,8.5,N,A*31
2026-06-18T13:09:00.000Z $IIDBT,62.3,f,19.0,M,10.4,F*2B
2026-06-18T13:09:00.000Z $IIRPM,E,1,0,,A*66
2026-06-18T13:09:00.000Z $IIXDR,V,12.46,V,BATT*62
2026-06-18T13:09:00.000Z $GPVTG,188.9,T,,M,8.0,N,14.8,K,A*30
2026-06-18T13:09:10.000Z $GPRMC,130910.00,A,5244.7712,N,00433.7107,E,8.0,188.8,180626,,,A*5F
2026-06-18T13:09:10.000Z $IIHDG,187.8,,,,*4F
2026-06-18T13:09:10.000Z $IIMWV,183.2,T,7.9,N,A*3D
2026-06-18T13:09:10.000Z $IIRPM,E,1,0,,A*66
2026-06-18T13:09:20.000Z $GPRMC,130920.00,A,5244.7844,N,00433.6960,E,8.0,189.5,180626,,,A*54
2026-06-18T13:09:20.000Z $IIHDG,187.7,,,,*40
2026-06-18T13:09:20.000Z $IIMWV,183.3,T,7.2,N,A*37
2026-06-18T13:09:20.000Z $IIRPM,E,1,0,,A*66
2026-06-18T13:09:30.000Z $GPRMC,130930.00,A,5244.7450,N,00433.7023,E,8.0,189.6,180626,,,A*50
2026-06-18T13:09:30.000Z $GPGGA,130930.00,5244.7450,N,00433.7023,E,1,8,0.9,0.0,M,0.0,M,,*66
2026-06-18T13:09:30.000Z $IIHDG,189.7,,,,*4E
2026-06-18T13:09:30.000Z $IIMWV,177.7,T,9.0,N,A*34
2026-06-18T13:09:30.000Z $IIDBT,64.2,f,19.6,M,10.7,F*29
2026-06-18T13:09:30.000Z $IIRPM,E,1,0,,A*66
2026-06-18T13:09:30.000Z $GPVTG,189.6,T,,M,8.0,N,14.8,K,A*3E
2026-06-18T13:09:40.000Z $GPRMC,130940.00,A,5244.6991,N,00433.6762,E,8.0,188.3,180626,,,A*51
2026-06-18T13:09:40.000Z $IIHDG,190.5,,,,*44
2026-06-18T13:09:40.000Z $IIMWV,173.7,T,7.3,N,A*3D
2026-06-18T13:09:40.000Z $IIRPM,E,1,0,,A*66
2026-06-18T13:09:50.000Z $GPRMC,130950.00,A,5244.6833,N,00433.6995,E,8.0,188.8,180626,,,A*54
2026-06-18T13:09:50.000Z $IIHDG,188.6,,,,*4E
2026-06-18T13:09:50.000Z $IIMWV,183.5,T,7.8,N,A*3B
2026-06-18T13:09:50.000Z $IIRPM,E,1,0,,A*66
2026-06-18T13:10:00.000Z $GPRMC,131000.00,A,5244.6954,N,00433.6453,E,7.9,189.7,180626,,,A*56
2026-06-18T13:10:00.000Z $GPGGA,131000.00,5244.6954,N,00433.6453,E,1,10,0.9,0.0,M,0.0,M,,*5E
2026-06-18T13:10:00.000Z $IIHDG,189.6,,,,*4F
2026-06-18T13:10:00.000Z $IIMWV,181.6,T,8.8,N,A*35
2026-06-18T13:10:00.000Z $IIDBT,62.2,f,18.9,M,10.4,F*22
2026-06-18T13:10:00.000Z $IIRPM,E,1,0,,A*66
2026-06-18T13:10:00.000Z $IIXDR,V,12.43,V,BATT*67
2026-06-18T13:10:00.000Z $IIMTA,18.4,C*08
2026-06-18T13:10:00.000Z $GPVTG,189.7,T,,M,7.9,N,14.6,K,A*37
2026-06-18T13:10:10.000Z $GPRMC,131010.00,A,5244.6741,N,00433.6510,E,8.0,188.7,180626,,,A*5C
2026-06-18T13:10:10.000Z $IIHDG,190.2,,,,*43
2026-06-18T13:10:10.000Z $IIMWV,181.4,T,6.9,N,A*38
2026-06-18T13:10:10.000Z $IIRPM,E,1,0,,A*66
2026-06-18T13:10:20.000Z $GPRMC,131020.00,A,5244.6330,N,00433.6572,E,8.0,189.7,180626,,,A*58
2026-06-18T13:10:20.000Z $IIHDG,188.1,,,,*49
2026-06-18T13:10:20.000Z $IIMWV,175.1,T,7.1,N,A*3F
2026-06-18T13:10:20.000Z $IIRPM,E,1,0,,A*66
2026-06-18T13:10:30.000Z $GPRMC,131030.00,A,5244.5777,N,00433.6738,E,8.0,189.1,180626,,,A*57
2026-06-18T13:10:30.000Z $GPGGA,131030.00,5244.5777,N,00433.6738,E,1,11,0.9,0.0,M,0.0,M,,*5E
2026-06-18T13:10:30.000Z $IIHDG,187.6,,,,*41
2026-06-18T13:10:30.000Z $IIMWV,176.1,T,7.5,N,A*38
2026-06-18T13:10:30.000Z $IIDBT,63.0,f,19.2,M,10.5,F*2A
2026-06-18T13:10:30.000Z $IIRPM,E,1,0,,A*66
2026-06-18T13:10:30.000Z $GPVTG,189.1,T,,M,8.0,N,14.8,K,A*39
2026-06-18T13:10:40.000Z $GPRMC,131040.00,A,5244.5916,N,00433.6565,E,8.0,189.9,180626,,,A*5B
2026-06-18T13:10:40.000Z $IIHDG,186.2,,,,*44
2026-06-18T13:10:40.000Z $IIMWV,183.5,T,8.4,N,A*38
2026-06-18T13:10:40.000Z $IIRPM,E,1,0,,A*66
2026-06-18T13:10:50.000Z $GPRMC,131050.00,A,5244.5569,N,00433.6621,E,8.0,190.0,180626,,,A*5C
2026-06-18T13:10:50.000Z $IIHDG,188.7,,,,*4F
2026-06-18T13:10:50.000Z $IIMWV,176.1,T,7.5,N,A*38
2026-06-18T13:10:50.000Z $IIRPM,E,1,0,,A*66
2026-06-18T13:11:00.000Z $GPRMC,131100.00,A,5244.5524,N,00433.6453,E,8.0,187.3,180626,,,A*53
2026-06-18T13:11:00.000Z $GPGGA,131100.00,5244.5524,N,00433.6453,E,1,12,0.9,0.0,M,0.0,M,,*55
2026-06-18T13:11:00.000Z $IIHDG,186.3,,,,*45
2026-06-18T13:11:00.000Z $IIMWV,176.8,T,8.3,N,A*38
2026-06-18T13:11:00.000Z $IIDBT,56.7,f,17.3,M,9.5,F*1C
2026-06-18T13:11:00.000Z $IIRPM,E,1,0,,A*66
2026-06-18T13:11:00.000Z $IIXDR,V,12.61,V,BATT*67
2026-06-18T13:11:00.000Z $GPVTG,187.3,T,,M,8.0,N,14.8,K,A*35
2026-06-18T13:11:10.000Z $GPRMC,131110.00,A,5244.4832,N,00433.6427,E,8.0,188.5,180626,,,A*53
2026-06-18T13:11:10.000Z $IIHDG,188.4,,,,*4C
2026-06-18T13:11:10.000Z $IIMWV,176.6,T,8.9,N,A*3C
2026-06-18T13:11:10.000Z $IIRPM,E,1,0,,A*66
2026-06-18T13:11:20.000Z $GPRMC,131120.00,A,5244.4727,N,00433.6294,E,8.0,187.7,180626,,,A*58
2026-06-18T13:11:20.000Z $IIHDG,190.0,,,,*41
2026-06-18T13:11:20.000Z $IIMWV,177.8,T,8.1,N,A*3B
2026-06-18T13:11:20.000Z $IIRPM,E,1,0,,A*66
2026-06-18T13:11:30.000Z $GPRMC,131130.00,A,5244.4570,N,00433.6211,E,8.0,187.3,180626,,,A*50
2026-06-18T13:11:30.000Z $GPGGA,131130.00,5244.4570,N,00433.6211,E,1,12,0.9,0.0,M,0.0,M,,*56
2026-06-18T13:11:30.000Z $IIHDG,188.2,,,,*4A
2026-06-18T13:11:30.000Z $IIMWV,173.7,T,7.7,N,A*39
2026-06-18T13:11:30.000Z $IIDBT,58.3,f,17.8,M,9.7,F*1F
2026-06-18T13:11:30.000Z $IIRPM,E,1,0,,A*66
2026-06-18T13:11:30.000Z $GPVTG,187.3,T,,M,8.0,N,14.8,K,A*35
2026-06-18T13:11:40.000Z $GPRMC,131140.00,A,5244.4538,N,00433.6407,E,8.0,188.1,180626,,,A*57
2026-06-18T13:11:40.000Z $IIHDG,191.1,,,,*41
2026-06-18T13:11:40.000Z $IIMWV,175.4,T,8.4,N,A*30
2026-06-18T13:11:40.000Z $IIRPM,E,1,0,,A*66
2026-06-18T13:11:50.000Z $GPRMC,131150.00,A,5244.4194,N,00433.5805,E,7.9,188.6,180626,,,A*58
2026-06-18T13:11:50.000Z $IIHDG,191.0,,,,*40
2026-06-18T13:11:50.000Z $IIMWV,173.9,T,7.4,N,A*34
2026-06-18T13:11:50.000Z $IIRPM,E,1,0,,A*66
2026-06-18T13:12:00.000Z $GPRMC,131200.00,A,5244.4166,N,00433.5968,E,8.0,187.8,180626,,,A*5E
2026-06-18T13:12:00.000Z $GPGGA,131200.00,5244.4166,N,00433.5968,E,1,11,0.9,0.0,M,0.0,M,,*50
2026-06-18T13:12:00.000Z $IIHDG,189.3,,,,*4A
2026-06-18T13:12:00.000Z $IIMWV,176.0,T,7.1,N,A*3D
2026-06-18T13:12:00.000Z $IIDBT,58.2,f,17.8,M,9.7,F*1E
2026-06-18T13:12:00.000Z $IIRPM,E,1,0,,A*66
2026-06-18T13:12:00.000Z $IIXDR,V,12.56,V,BATT*63
2026-06-18T13:12:00.000Z $GPVTG,187.8,T,,M,8.0,N,14.8,K,A*3E
2026-06-18T13:12:10.000Z $GPRMC,131210.00,A,5244.3856,N,00433.5760,E,8.0,188.6,180626,,,A*55
2026-06-18T13:12:10.000Z $IIHDG,190.5,,,,*44
2026-06-18T13:12:10.000Z $IIMWV,178.7,T,7.9,N,A*3C
2026-06-18T13:12:10.000Z $IIRPM,E,1,0,,A*66
2026-06-18T13:12:20.000Z $GPRMC,131220.00,A,5244.3833,N,00433.6145,E,8.0,189.6,180626,,,A*56
2026-06-18T13:12:20.000Z $IIHDG,189.3,,,,*4A
2026-06-18T13:12:20.000Z $IIMWV,175.4,T,8.5,N,A*31
2026-06-18T13:12:20.000Z $IIRPM,E,1,0,,A*66
2026-06-18T13:12:30.000Z $GPRMC,131230.00,A,5244.3054,N,00433.5749,E,8.0,189.4,180626,,,A*55
2026-06-18T13:12:30.000Z $GPGGA,131230.00,5244.3054,N,00433.5749,E,1,8,0.9,0.0,M,0.0,M,,*61
2026-06-18T13:12:30.000Z $IIHDG,186.4,,,,*42
2026-06-18T13:12:30.000Z $IIMWV,175.9,T,7.4,N,A*32
2026-06-18T13:12:30.000Z $IIDBT,57.5,f,17.5,M,9.6,F*1A
2026-06-18T13:12:30.000Z $IIRPM,E,1,0,,A*66
2026-06-18T13:12:30.000Z $GPVTG,189.4,T,,M,8.0,N,14.8,K,A*3C
2026-06-18T13:12:40.000Z $GPRMC,131240.00,A,5244.3343,N,00433.5720,E,8.0,188.5,180626,,,A*58
2026-06-18T13:12:40.000Z $IIHDG,191.1,,,,*41
2026-06-18T13:12:40.000Z $IIMWV,176.2,T,8.1,N,A*30
2026-06-18T13:12:40.000Z $IIRPM,E,1,0,,A*66
2026-06-18T13:12:50.000Z $GPRMC,131250.00,A,5244.2655,N,00433.5450,E,8.0,188.3,180626,,,A*58
2026-06-18T13:12:50.000Z $IIHDG,191.0,,,,*40
2026-06-18T13:12:50.000Z $IIMWV,179.9,T,6.8,N,A*33
2026-06-18T13:12:50.000Z $IIRPM,E,1,0,,A*66
2026-06-18T13:13:00.000Z $GPRMC,131300.00,A,5244.2697,N,00433.5369,E,8.0,187.7,180626,,,A*54
2026-06-18T13:13:00.000Z $GPGGA,131300.00,5244.2697,N,00433.5369,E,1,10,0.9,0.0,M,0.0,M,,*54
2026-06-18T13:13:00.000Z $IIHDG,186.4,,,,*42
2026-06-18T13:13:00.000Z $IIMWV,175.1,T,7.6,N,A*38
2026-06-18T13:13:00.000Z $IIDBT,57.0,f,17.4,M,9.5,F*1D
2026-06-18T13:13:00.000Z $IIRPM,E,1,0,,A*66
2026-06-18T13:13:00.000Z $IIXDR,V,12.66,V,BATT*60
2026-06-18T13:13:00.000Z $GPVTG,187.7,T,,M,8.0,N,14.8,K,A*31
2026-06-18T13:13:10.000Z $GPRMC,131310.00,A,5244.2243,N,00433.5441,E,7.8,189.1,180626,,,A*5A
2026-06-18T13:13:10.000Z $IIHDG,186.5,,,,*43
2026-06-18T13:13:10.000Z $IIMWV,181.7,T,7.0,N,A*33
2026-06-18T13:13:10.000Z $IIRPM,E,1,0,,A*66
2026-06-18T13:13:20.000Z $GPRMC,131320.00,A,5244.2290,N,00433.5461,E,8.0,188.6,180626,,,A*54
2026-06-18T13:13:20.000Z $IIHDG,188.1,,,,*49
2026-06-18T13:13:20.000Z $IIMWV,182.9,T,6.7,N,A*38
2026-06-18T13:13:20.000Z $IIRPM,E,1,0,,A*66
2026-06-18T13:13:30.000Z $GPRMC,131330.00,A,5244.1781,N,00433.5347,E,8.0,189.5,180626,,,A*52
2026-06-18T13:13:30.000Z $GPGGA,131330.00,5244.1781,N,00433.5347,E,1,8,0.9,0.0,M,0.0,M,,*67
2026-06-18T13:13:30.000Z $IIHDG,189.2,,,,*4B
2026-06-18T13:13:30.000Z $IIMWV,178.2,T,7.5,N,A*35
2026-06-18T13:13:30.000Z $IIDBT,64.5,f,19.7,M,10.7,F*2F
2026-06-18T13:13:30.000Z $IIRPM,E,1,0,,A*66
2026-06-18T13:13:30.000Z $GPVTG,189.5,T,,M,8.0,N,14.8,K,A*3D
2026-06-18T13:13:40.000Z $GPRMC,131340.00,A,5244.1582,N,00433.5474,E,8.0,190.1,180626,,,A*5F
2026-06-18T13:13:40.000Z $IIHDG,190.2,,,,*43
2026-06-18T13:13:40.000Z $IIMWV,178.4,T,7.8,N,A*3E
2026-06-18T13:13:40.000Z $IIRPM,E,1,0,,A*66
2026-06-18T13:13:50.000Z $GPRMC,131350.00,A,5244.1819,N,00433.5342,E,8.0,187.2,180626,,,A*56
2026-06-18T13:13:50.000Z $IIHDG,187.8,,,,*4F
2026-06-18T13:13:50.000Z $IIMWV,179.0,T,9.4,N,A*39
2026-06-18T13:13:50.000Z $IIRPM,E,1,0,,A*66
2026-06-18T13:14:00.000Z $GPRMC,131400.00,A,5244.1497,N,00433.5605,E,7.9,189.5,180626,,,A*57
2026-06-18T13:14:00.000Z $GPGGA,131400.00,5244.1497,N,00433.5605,E,1,8,0.9,0.0,M,0.0,M,,*64
2026-06-18T13:14:00.000Z $IIHDG,190.2,,,,*43
2026-06-18T13:14:00.000Z $IIMWV,181.2,T,7.6,N,A*30
2026-06-18T13:14:00.000Z $IIDBT,61.5,f,18.7,M,10.2,F*2E
2026-06-18T13:14:00.000Z $IIRPM,E,1,0,,A*66
2026-06-18T13:14:00.000Z $IIXDR,V,12.57,V,BATT*62
2026-06-18T13:14:00.000Z $GPVTG,189.5,T,,M,7.9,N,14.7,K,A*34
2026-06-18T13:14:10.000Z $GPRMC,131410.00,A,5244.1353,N,00433.5500,E,8.0,188.6,180626,,,A*5B
2026-06-18T13:14:10.000Z $IIHDG,188.0,,,,*48
2026-06-18T13:14:10.000Z $IIMWV,183.5,T,6.5,N,A*37
2026-06-18T13:14:10.000Z $IIRPM,E,1,0,,A*66
2026-06-18T13:14:20.000Z $GPRMC,131420.00,A,5244.1136,N,00433.4923,E,7.9,189.9,180626,,,A*5D
2026-06-18T13:14:20.000Z $IIHDG,187.8,,,,*4F
2026-06-18T13:14:20.000Z $IIMWV,183.1,T,8.8,N,A*30
2026-06-18T13:14:20.000Z $IIRPM,E,1,0,,A*66
2026-06-18T13:14:30.000Z $GPRMC,131430.00,A,5244.0503,N,00433.5188,E,8.0,188.9,180626,,,A*50
2026-06-18T13:14:30.000Z $GPGGA,131430.00,5244.0503,N,00433.5188,E,1,8,0.9,0.0,M,0.0,M,,*68
2026-06-18T13:14:30.000Z $IIHDG,189.1,,,,*48
2026-06-18T13:14:30.000Z $IIMWV,178.8,T,9.0,N,A*34
2026-06-18T13:14:30.000Z $IIDBT,56.7,f,17.3,M,9.4,F*1D
2026-06-18T13:14:30.000Z $IIRPM,E,1,0,,A*66
2026-06-18T13:14:30.000Z $GPVTG,188.9,T,,M,8.0,N,14.8,K,A*30
2026-06-18T13:14:40.000Z $GPRMC,131440.00,A,5244.0681,N,00433.4897,E,8.0,189.5,180626,,,A*55
2026-06-18T13:14:40.000Z $IIHDG,188.4,,,,*4C
2026-06-18T13:14:40.000Z $IIMWV,183.0,T,7.8,N,A*3E
2026-06-18T13:14:40.000Z $IIRPM,E,1,0,,A*66
2026-06-18T13:14:50.000Z $GPRMC,131450.00,A,5244.0320,N,00433.4928,E,8.0,188.0,180626,,,A*5B
2026-06-18T13:14:50.000Z $IIHDG,189.4,,,,*4D
2026-06-18T13:14:50.000Z $IIMWV,180.4,T,8.0,N,A*3E
2026-06-18T13:14:50.000Z $IIRPM,E,1,0,,A*66
2026-06-18T13:15:00.000Z $GPRMC,131500.00,A,5243.9822,N,00433.5300,E,8.0,188.5,180626,,,A*5C
2026-06-18T13:15:00.000Z $GPGGA,131500.00,5243.9822,N,00433.5300,E,1,10,0.9,0.0,M,0.0,M,,*51
2026-06-18T13:15:00.000Z $IIHDG,186.7,,,,*41
2026-06-18T13:15:00.000Z $IIMWV,179.9,T,8.0,N,A*35
2026-06-18T13:15:00.000Z $IIDBT,56.0,f,17.1,M,9.3,F*1F
2026-06-18T13:15:00.000Z $IIRPM,E,1,0,,A*66
2026-06-18T13:15:00.000Z $IIXDR,V,12.69,V,BATT*6F
2026-06-18T13:15:00.000Z $IIMTA,18.8,C*04
2026-06-18T13:15:00.000Z $GPVTG,188.5,T,,M,8.0,N,14.8,K,A*3C
2026-06-18T13:15:10.000Z $GPRMC,131510.00,A,5243.9585,N,00433.4809,E,8.0,189.4,180626,,,A*5E
2026-06-18T13:15:10.000Z $IIHDG,188.0,,,,*48
2026-06-18T13:15:10.000Z $IIMWV,177.8,T,8.3,N,A*39
2026-06-18T13:15:10.000Z $IIRPM,E,1,0,,A*66
2026-06-18T13:15:20.000Z $GPRMC,131520.00,A,5243.9560,N,00433.4732,E,8.0,188.3,180626,,,A*57
2026-06-18T13:15:20.000Z $IIHDG,188.8,,,,*40
2026-06-18T13:15:20.000Z $IIMWV,175.8,T,9.2,N,A*3B
2026-06-18T13:15:20.000Z $IIRPM,E,1,0,,A*66
2026-06-18T13:15:30.000Z $GPRMC,131530.00,A,5243.9064,N,00433.5058,E,8.0,187.3,180626,,,A*52
2026-06-18T13:15:30.000Z $GPGGA,131530.00,5243.9064,N,00433.5058,E,1,12,0.9,0.0,M,0.0,M,,*54
2026-06-18T13:15:30.000Z $IIHDG,186.9,,,,*4F
2026-06-18T13:15:30.000Z $IIMWV,180.6,T,6.6,N,A*34
2026-06-18T13:15:30.000Z $IIDBT,59.8,f,18.2,M,10.0,F*2F
2026-06-18T13:15:30.000Z $IIRPM,E,1,0,,A*66
2026-06-18T13:15:30.000Z $GPVTG,187.3,T,,M,8.0,N,14.8,K,A*35
2026-06-18T13:15:40.000Z $GPRMC,131540.00,A,5243.9230,N,00433.4858,E,8.0,189.0,180626,,,A*52
2026-06-18T13:15:40.000Z $IIHDG,188.5,,,,*4D
2026-06-18T13:15:40.000Z $IIMWV,176.0,T,9.2,N,A*30
2026-06-18T13:15:40.000Z $IIRPM,E,1,0,,A*66
2026-06-18T13:15:50.000Z $GPRMC,131550.00,A,5243.9037,N,00433.4851,E,7.9,187.8,180626,,,A*5F
2026-06-18T13:15:50.000Z $IIHDG,188.8,,,,*40
2026-06-18T13:15:50.000Z $IIMWV,175.8,T,8.0,N,A*38
2026-06-18T13:15:50.000Z $IIRPM,E,1,0,,A*66
2026-06-18T13:16:00.000Z $GPRMC,131600.00,A,5243.8481,N,00433.4398,E,8.0,189.5,180626,,,A*5A
2026-06-18T13:16:00.000Z $GPGGA,131600.00,5243.8481,N,00433.4398,E,1,8,0.9,0.0,M,0.0,M,,*6F
2026-06-18T13:16:00.000Z $IIHDG,189.6,,,,*4F
2026-06-18T13:16:00.000Z $IIMWV,176.3,T,6.8,N,A*36
2026-06-18T13:16:00.000Z $IIDBT,63.9,f,19.5,M,10.7,F*26
2026-06-18T13:16:00.000Z $IIRPM,E,1,0,,A*66
2026-06-18T13:16:00.000Z $IIXDR,V,12.66,V,BATT*60
2026-06-18T13:16:00.000Z $GPVTG,189.5,T,,M,8.0,N,14.8,K,A*3D
2026-06-18T13:16:10.000Z $GPRMC,131610.00,A,5243.8507,N,00433.4790,E,8.0,187.2,180626,,,A*51
2026-06-18T13:16:10.000Z $IIHDG,189.9,,,,*40
2026-06-18T13:16:10.000Z $IIMWV,181.4,T,8.1,N,A*3E
2026-06-18T13:16:10.000Z $IIRPM,E,1,0,,A*66
2026-06-18T13:16:20.000Z $GPRMC,131620.00,A,5243.8101,N,00433.4410,E,8.0,188.5,180626,,,A*53
2026-06-18T13:16:20.000Z $IIHDG,186.8,,,,*4E
2026-06-18T13:16:20.000Z $IIMWV,183.1,T,7.0,N,A*37
2026-06-18T13:16:20.000Z $IIRPM,E,1,0,,A*66
2026-06-18T13:16:30.000Z $GPRMC,131630.00,A,5243.7718,N,00433.4445,E,8.0,189.6,180626,,,A*51
2026-06-18T13:16:30.000Z $GPGGA,131630.00,5243.7718,N,00433.4445,E,1,8,0.9,0.0,M,0.0,M,,*67
2026-06-18T13:16:30.000Z $IIHDG,189.7,,,,*4E
2026-06-18T13:16:30.000Z $IIMWV,183.6,T,8.8,N,A*37
2026-06-18T13:16:30.000Z $IIDBT,62.5,f,19.0,M,10.4,F*2D
2026-06-18T13:16:30.000Z $IIRPM,E,1,0,,A*66
2026-06-18T13:16:30.000Z $GPVTG,189.6,T,,M,8.0,N,14.8,K,A*3E
2026-06-18T13:16:40.000Z $GPRMC,131640.00,A,5243.7643,N,00433.4374,E,8.0,187.7,180626,,,A*53
2026-06-18T13:16:40.000Z $IIHDG,188.5,,,,*4D
2026-06-18T13:16:40.000Z $IIMWV,173.8,T,7.5,N,A*34
2026-06-18T13:16:40.000Z $IIRPM,E,1,0,,A*66
2026-06-18T13:16:50.000Z $GPRMC,131650.00,A,5243.7260,N,00433.4571,E,8.0,187.6,180626,,,A*55
2026-06-18T13:16:50.000Z $IIHDG,190.0,,,,*41
2026-06-18T13:16:50.000Z $IIMWV,174.3,T,8.5,N,A*37
2026-06-18T13:16:50.000Z $IIRPM,E,1,0,,A*66
2026-06-18T13:17:00.000Z $GPRMC,131700.00,A,5243.7592,N,00433.4070,E,8.0,187.2,180626,,,A*5B
2026-06-18T13:17:00.000Z $GPGGA,131700.00,5243.7592,N,00433.4070,E,1,10,0.9,0.0,M,0.0,M,,*5E
2026-06-18T13:17:00.000Z $IIHDG,186.3,,,,*45
2026-06-18T13:17:00.000Z $IIMWV,174.2,T,9.4,N,A*36
2026-06-18T13:17:00.000Z $IIDBT,57.8,f,17.6,M,9.6,F*14
2026-06-18T13:17:00.000Z $IIRPM,E,1,0,,A*66
2026-06-18T13:17:00.000Z $IIXDR,V,12.68,V,BATT*6E
2026-06-18T13:17:00.000Z $GPVTG,187.2,T,,M,8.0,N,14.8,K,A*34
2026-06-18T13:17:10.000Z $GPRMC,131710.00,A,5243.7403,N,00433.4279,E,8.0,187.3,180626,,,A*59
2026-06-18T13:17:10.000Z $IIHDG,186.9,,,,*4F
2026-06-18T13:17:10.000Z $IIMWV,174.6,T,7.5,N,A*3D
2026-06-18T13:17:10.000Z $IIRPM,E,1,0,,A*66
2026-06-18T13:17:20.000Z $GPRMC,131720.00,A,5243.6807,N,00433.4309,E,8.0,188.8,180626,,,A*51
2026-06-18T13:17:20.000Z $IIHDG,187.3,,,,*44
2026-06-18T13:17:20.000Z $IIMWV,180.2,T,9.5,N,A*3C
2026-06-18T13:17:20.000Z $IIRPM,E,1,0,,A*66
2026-06-18T13:17:30.000Z $GPRMC,131730.00,A,5243.6909,N,00433.3882,E,8.0,187.9,180626,,,A*5E
2026-06-18T13:17:30.000Z $GPGGA,131730.00,5243.6909,N,00433.3882,E,1,11,0.9,0.0,M,0.0,M,,*51
2026-06-18T13:17:30.000Z $IIHDG,189.8,,,,*41
2026-06-18T13:17:30.000Z $IIMWV,179.1,T,9.1,N,A*3D
2026-06-18T13:17:30.000Z $IIDBT,57.7,f,17.6,M,9.6,F*1B
2026-06-18T13:17:30.000Z $IIRPM,E,1,0,,A*66
2026-06-18T13:17:30.000Z $GPVTG,187.9,T,,M,8.0,N,14.8,K,A*3F
2026-06-18T13:17:40.000Z $GPRMC,131740.00,A,5243.6400,N,00433.3817,E,8.0,189.2,180626,,,A*54
2026-06-18T13:17:40.000Z $IIHDG,191.1,,,,*41
2026-06-18T13:17:40.000Z $IIMWV,180.6,T,8.7,N,A*3B
2026-06-18T13:17:40.000Z $IIRPM,E,1,0,,A*66
2026-06-18T13:17:50.000Z $GPRMC,131750.00,A,5243.6447,N,00433.4254,E,8.0,187.2,180626,,,A*52
2026-06-18T13:17:50.000Z $IIHDG,187.9,,,,*4E
2026-06-18T13:17:50.000Z $IIMWV,178.2,T,9.3,N,A*3D
2026-06-18T13:17:50.000Z $IIRPM,E,1,0,,A*66
2026-06-18T13:18:00.000Z $GPRMC,131800.00,A,5243.5969,N,00433.3789,E,8.0,188.9,180626,,,A*5C
2026-06-18T13:18:00.000Z $GPGGA,131800.00,5243.5969,N,00433.3789,E,1,11,0.9,0.0,M,0.0,M,,*5C
2026-06-18T13:18:00.000Z $IIHDG,190.3,,,,*42
2026-06-18T13:18:00.000Z $IIMWV,176.5,T,8.8,N,A*3E
2026-06-18T13:18:00.000Z $IIDBT,58.3,f,17.8,M,9.7,F*1F
2026-06-18T13:18:00.000Z $IIRPM,E,1,0,,A*66
2026-06-18T13:18:00.000Z $IIXDR,V,12.41,V,BATT*65
2026-06-18T13:18:00.000Z $GPVTG,188.9,T,,M,8.0,N,14.8,K,A*30
2026-06-18T13:18:10.000Z $GPRMC,131810.00,A,5243.5882,N,00433.3872,E,8.0,189.8,180626,,,A*52
2026-06-18T13:18:10.000Z $IIHDG,186.9,,,,*4F
2026-06-18T13:18:10.000Z $IIMWV,174.5,T,8.7,N,A*33
2026-06-18T13:18:10.000Z $IIRPM,E,1,0,,A*66
2026-06-18T13:18:20.000Z $GPRMC,131820.00,A,5243.5743,N,00433.3819,E,7.9,188.1,180626,,,A*50
2026-06-18T13:18:20.000Z $IIHDG,191.0,,,,*40
2026-06-18T13:18:20.000Z $IIMWV,175.8,T,8.5,N,A*3D
2026-06-18T13:18:20.000Z $IIRPM,E,1,0,,A*66
2026-06-18T13:18:30.000Z $GPRMC,131830.00,A,5243.5160,N,00433.3627,E,8.0,190.1,180626,,,A*5A
2026-06-18T13:18:30.000Z $GPGGA,131830.00,5243.5160,N,00433.3627,E,1,8,0.9,0.0,M,0.0,M,,*63
2026-06-18T13:18:30.000Z $IIHDG,190.2,,,,*43
2026-06-18T13:18:30.000Z $IIMWV,177.2,T,7.1,N,A*3E
2026-06-18T13:18:30.000Z $IIDBT,58.7,f,17.9,M,9.8,F*15
2026-06-18T13:18:30.000Z $IIRPM,E,1,0,,A*66
2026-06-18T13:18:30.000Z $GPVTG,190.1,T,,M,8.0,N,14.8,K,A*31
2026-06-18T13:18:40.000Z $GPRMC,131840.00,A,5243.5119,N,00433.4062,E,8.0,188.1,180626,,,A*5A
2026-06-18T13:18:40.000Z $IIHDG,190.1,,,,*40
2026-06-18T13:18:40.000Z $IIMWV,183.0,T,6.7,N,A*30
2026-06-18T13:18:40.000Z $IIRPM,E,1,0,,A*66
2026-06-18T13:18:50.000Z $GPRMC,131850.00,A,5243.4900,N,00433.3510,E,8.0,188.6,180626,,,A*5A
2026-06-18T13:18:50.000Z $IIHDG,188.4,,,,*4C
2026-06-18T13:18:50.000Z $IIMWV,173.8,T,7.5,N,A*34
2026-06-18T13:18:50.000Z $IIRPM,E,1,0,,A*66
2026-06-18T13:19:00.000Z $GPRMC,131900.00,A,5243.4888,N,00433.3747,E,8.0,190.0,180626,,,A*50
2026-06-18T13:19:00.000Z $GPGGA,131900.00,5243.4888,N,00433.3747,E,1,11,0.9,0.0,M,0.0,M,,*50
2026-06-18T13:19:00.000Z $IIHDG,190.0,,,,*41
2026-06-18T13:19:00.000Z $IIMWV,178.2,T,7.5,N,A*35
2026-06-18T13:19:00.000Z $IIDBT,56.5,f,17.2,M,9.4,F*1E
2026-06-18T13:19:00.000Z $IIRPM,E,1,0,,A*66
2026-06-18T13:19:00.000Z $IIXDR,V,12.48,V,BATT*6C
2026-06-18T13:19:00.000Z $GPVTG,190.0,T,,M,8.0,N,14.8,K,A*30
2026-06-18T13:19:10.000Z $GPRMC,131910.00,A,5243.4572,N,00433.3502,E,8.0,188.9,180626,,,A*5A
2026-06-18T13:19:10.000Z $IIHDG,187.7,,,,*40
2026-06-18T13:19:10.000Z $IIMWV,177.3,T,8.0,N,A*31
2026-06-18T13:19:10.000Z $IIRPM,E,1,0,,A*66
2026-06-18T13:19:20.000Z $GPRMC,131920.00,A,5243.4075,N,00433.3527,E,8.0,188.1,180626,,,A*54
2026-06-18T13:19:20.000Z $IIHDG,187.5,,,,*42
2026-06-18T13:19:20.000Z $IIMWV,173.8,T,7.5,N,A*34
2026-06-18T13:19:20.000Z $IIRPM,E,1,0,,A*66
2026-06-18T13:19:30.000Z $GPRMC,131930.00,A,5243.4279,N,00433.3417,E,8.0,188.4,180626,,,A*5C
2026-06-18T13:19:30.000Z $GPGGA,131930.00,5243.4279,N,00433.3417,E,1,8,0.9,0.0,M,0.0,M,,*69
2026-06-18T13:19:30.000Z $IIHDG,189.3,,,,*4A
2026-06-18T13:19:30.000Z $IIMWV,182.3,T,7.8,N,A*3C
2026-06-18T13:19:30.000Z $IIDBT,59.7,f,18.2,M,10.0,F*20
2026-06-18T13:19:30.000Z $IIRPM,E,1,0,,A*66
2026-06-18T13:19:30.000Z $GPVTG,188.4,T,,M,8.0,N,14.8,K,A*3D
2026-06-18T13:19:40.000Z $GPRMC,131940.00,A,5243.3555,N,00433.3537,E,7.9,188.7,180626,,,A*53
2026-06-18T13:19:40.000Z $IIHDG,186.7,,,,*41
2026-06-18T13:19:40.000Z $IIMWV,180.4,T,9.2,N,A*3D
2026-06-18T13:19:40.000Z $IIRPM,E,1,0,,A*66
2026-06-18T13:19:50.000Z $GPRMC,131950.00,A,5243.3849,N,00433.3399,E,8.0,187.7,180626,,,A*59
2026-06-18T13:19:50.000Z $IIHDG,190.6,,,,*47
2026-06-18T13:19:50.000Z $IIMWV,175.5,T,9.0,N,A*34
2026-06-18T13:19:50.000Z $IIRPM,E,1,0,,A*66
2026-06-18T13:20:00.000Z $GPRMC,132000.00,A,5243.3037,N,00433.3529,E,7.9,189.0,180626,,,A*55
2026-06-18T13:20:00.000Z $GPGGA,132000.00,5243.3037,N,00433.3529,E,1,10,0.9,0.0,M,0.0,M,,*5A
2026-06-18T13:20:00.000Z $IIHDG,190.3,,,,*42
2026-06-18T13:20:00.000Z $IIMWV,176.5,T,8.7,N,A*31
2026-06-18T13:20:00.000Z $IIDBT,61.9,f,18.9,M,10.3,F*2D
2026-06-18T13:20:00.000Z $IIRPM,E,1,0,,A*66
2026-06-18T13:20:00.000Z $IIXDR,V,12.57,V,BATT*62
2026-06-18T13:20:00.000Z $IIMTA,18.6,C*0A
2026-06-18T13:20:00.000Z $GPVTG,189.0,T,,M,7.9,N,14.5,K,A*33
2026-06-18T13:20:10.000Z $GPRMC,132010.00,A,5243.3169,N,00433.3476,E,8.0,189.5,180626,,,A*56
2026-06-18T13:20:10.000Z $IIHDG,187.4,,,,*43
2026-06-18T13:20:10.000Z $IIMWV,183.0,T,7.7,N,A*31
2026-06-18T13:20:10.000Z $IIRPM,E,1,0,,A*66
2026-06-18T13:20:20.000Z $GPRMC,132020.00,A,5243.2792,N,00433.3128,E,8.0,187.6,180626,,,A*55
2026-06-18T13:20:20.000Z $IIHDG,189.4,,,,*4D
2026-06-18T13:20:20.000Z $IIMWV,180.6,T,7.2,N,A*31
2026-06-18T13:20:20.000Z $IIRPM,E,1,0,,A*66
2026-06-18T13:20:30.000Z $GPRMC,132030.00,A,5243.2539,N,00433.2971,E,7.9,190.0,180626,,,A*54
2026-06-18T13:20:30.000Z $GPGGA,132030.00,5243.2539,N,00433.2971,E,1,11,0.9,0.0,M,0.0,M,,*52
2026-06-18T13:20:30.000Z $IIHDG,190.8,,,,*49
2026-06-18T13:20:30.000Z $IIMWV,180.4,T,6.7,N,A*37
2026-06-18T13:20:30.000Z $IIDBT,53.4,f,16.3,M,8.9,F*16
2026-06-18T13:20:30.000Z $IIRPM,E,1,0,,A*66
2026-06-18T13:20:30.000Z $GPVTG,190.0,T,,M,7.9,N,14.6,K,A*38
2026-06-18T13:20:40.000Z $GPRMC,132040.00,A,5243.2167,N,00433.2964,E,8.0,189.8,180626,,,A*5E
2026-06-18T13:20:40.000Z $IIHDG,188.5,,,,*4D
2026-06-18T13:20:40.000Z $IIMWV,178.5,T,7.9,N,A*3E
2026-06-18T13:20:40.000Z $IIRPM,E,1,0,,A*66
2026-06-18T13:20:50.000Z $GPRMC,132050.00,A,5243.2197,N,00433.2786,E,8.0,188.9,180626,,,A*52
2026-06-18T13:20:50.000Z $IIHDG,187.9,,,,*4E
2026-06-18T13:20:50.000Z $IIMWV,181.3,T,9.2,N,A*3B
2026-06-18T13:20:50.000Z $IIRPM,E,1,0,,A*66
2026-06-18T13:21:00.000Z $GPRMC,132100.00,A,5243.1885,N,00433.3173,E,7.9,188.2,180626,,,A*5F
2026-06-18T13:21:00.000Z $GPGGA,132100.00,5243.1885,N,00433.3173,E,1,12,0.9,0.0,M,0.0,M,,*51
2026-06-18T13:21:00.000Z $IIHDG,187.3,,,,*44
2026-06-18T13:21:00.000Z $IIMWV,174.7,T,8.2,N,A*34
2026-06-18T13:21:00.000Z $IIDBT,54.9,f,16.7,M,9.2,F*12
2026-06-18T13:21:00.000Z $IIRPM,E,1,0,,A*66
2026-06-18T13:21:00.000Z $IIXDR,V,12.62,V,BATT*64
2026-06-18T13:21:00.000Z $GPVTG,188.2,T,,M,7.9,N,14.6,K,A*33
2026-06-18T13:21:10.000Z $GPRMC,132110.00,A,5243.2010,N,00433.2807,E,8.0,189.3,180626,,,A*54
2026-06-18T13:21:10.000Z $IIHDG,188.1,,,,*49
2026-06-18T13:21:10.000Z $IIMWV,177.1,T,8.4,N,A*37
2026-06-18T13:21:10.000Z $IIRPM,E,1,0,,A*66
2026-06-18T13:21:20.000Z $GPRMC,132120.00,A,5243.1791,N,00433.2816,E,8.0,189.3,180626,,,A*5A
2026-06-18T13:21:20.000Z $IIHDG,188.3,,,,*4B
2026-06-18T13:21:20.000Z $IIMWV,178.3,T,6.8,N,A*38
2026-06-18T13:21:20.000Z $IIRPM,E,1,0,,A*66
2026-06-18T13:21:30.000Z $GPRMC,132130.00,A,5243.1224,N,00433.2766,E,8.0,190.0,180626,,,A*53
2026-06-18T13:21:30.000Z $GPGGA,132130.00,5243.1224,N,00433.2766,E,1,11,0.9,0.0,M,0.0,M,,*53
2026-06-18T13:21:30.000Z $IIHDG,190.8,,,,*49
2026-06-18T13:21:30.000Z $IIMWV,175.9,T,6.7,N,A*30
2026-06-18T13:21:30.000Z $IIDBT,63.0,f,19.2,M,10.5,F*2A
2026-06-18T13:21:30.000Z $IIRPM,E,1,0,,A*66
2026-06-18T13:21:30.000Z $GPVTG,190.0,T,,M,8.0,N,14.8,K,A*30
2026-06-18T13:21:40.000Z $GPRMC,132140.00,A,5243.0882,N,00433.2610,E,8.0,188.4,180626,,,A*5E
2026-06-18T13:21:40.000Z $IIHDG,188.6,,,,*4E
2026-06-18T13:21:40.000Z $IIMWV,179.4,T,7.3,N,A*34
2026-06-18T13:21:40.000Z $IIRPM,E,1,0,,A*66
2026-06-18T13:21:50.000Z $GPRMC,132150.00,A,5243.0695,N,00433.2526,E,8.0,188.9,180626,,,A*5C
2026-06-18T13:21:50.000Z $IIHDG,189.6,,,,*4F
2026-06-18T13:21:50.000Z $IIMWV,179.6,T,9.3,N,A*38
2026-06-18T13:21:50.000Z $IIRPM,E,1,0,,A*66
2026-06-18T13:22:00.000Z $GPRMC,132200.00,A,5243.0828,N,00433.2723,E,8.0,189.1,180626,,,A*5C
2026-06-18T13:22:00.000Z $GPGGA,132200.00,5243.0828,N,00433.2723,E,1,12,0.9,0.0,M,0.0,M,,*56
2026-06-18T13:22:00.000Z $IIHDG,188.8,,,,*40
2026-06-18T13:22:00.000Z $IIMWV,180.5,T,8.6,N,A*39
2026-06-18T13:22:00.000Z $IIDBT,61.4,f,18.7,M,10.2,F*2F
2026-06-18T13:22:00.000Z $IIRPM,E,1,0,,A*66
2026-06-18T13:22:00.000Z $IIXDR,V,12.70,V,BATT*67
2026-06-18T13:22:00.000Z $GPVTG,189.1,T,,M,8.0,N,14.8,K,A*39
2026-06-18T13:22:10.000Z $GPRMC,132210.00,A,5243.0303,N,00433.2861,E,8.0,188.0,180626,,,A*56
2026-06-18T13:22:10.000Z $IIHDG,189.2,,,,*4B
2026-06-18T13:22:10.000Z $IIMWV,179.3,T,7.3,N,A*33
2026-06-18T13:22:10.000Z $IIRPM,E,1,0,,A*66
2026-06-18T13:22:20.000Z $GPRMC,132220.00,A,5243.0411,N,00433.2317,E,8.0,189.4,180626,,,A*5E
2026-06-18T13:22:20.000Z $IIHDG,190.5,,,,*44
2026-06-18T13:22:20.000Z $IIMWV,183.0,T,7.7,N,A*31
2026-06-18T13:22:20.000Z $IIRPM,E,1,0,,A*66
2026-06-18T13:22:30.000Z $GPRMC,132230.00,A,5243.0150,N,00433.2759,E,8.0,188.9,180626,,,A*5D
2026-06-18T13:22:30.000Z $GPGGA,132230.00,5243.0150,N,00433.2759,E,1,9,0.9,0.0,M,0.0,M,,*64
2026-06-18T13:22:30.000Z $IIHDG,187.2,,,,*45
2026-06-18T13:22:30.000Z $IIMWV,182.1,T,8.6,N,A*3F
2026-06-18T13:22:30.000Z $IIDBT,57.3,f,17.5,M,9.5,F*1F
2026-06-18T13:22:30.000Z $IIRPM,E,1,0,,A*66
2026-06-18T13:22:30.000Z $GPVTG,188.9,T,,M,8.0,N,14.8,K,A*30
2026-06-18T13:22:40.000Z $GPRMC,132240.00,A,5242.9894,N,00433.2281,E,8.0,187.7,180626,,,A*52
2026-06-18T13:22:40.000Z $IIHDG,187.9,,,,*4E
2026-06-18T13:22:40.000Z $IIMWV,181.8,T,7.1,N,A*3D
2026-06-18T13:22:40.000Z $IIRPM,E,1,0,,A*66
2026-06-18T13:22:50.000Z $GPRMC,132250.00,A,5242.9395,N,00433.2298,E,8.0,188.4,180626,,,A*5D
2026-06-18T13:22:50.000Z $IIHDG,187.6,,,,*41
2026-06-18T13:22:50.000Z $IIMWV,175.6,T,6.5,N,A*3D
2026-06-18T13:22:50.000Z $IIRPM,E,1,0,,A*66
2026-06-18T13:23:00.000Z $GPRMC,132300.00,A,5242.9199,N,00433.2414,E,8.0,187.9,180626,,,A*57
2026-06-18T13:23:00.000Z $GPGGA,132300.00,5242.9199,N,00433.2414,E,1,9,0.9,0.0,M,0.0,M,,*61
2026-06-18T13:23:00.000Z $IIHDG,190.7,,,,*46
2026-06-18T13:23:00.000Z $IIMWV,180.3,T,9.5,N,A*3D
2026-06-18T13:23:00.000Z $IIDBT,54.0,f,16.5,M,9.0,F*1B
2026-06-18T13:23:00.000Z $IIRPM,E,1,0,,A*66
2026-06-18T13:23:00.000Z $IIXDR,V,12.48,V,BATT*6C
2026-06-18T13:23:00.000Z $GPVTG,187.9,T,,M,8.0,N,14.8,K,A*3F
2026-06-18T13:23:10.000Z $GPRMC,132310.00,A,5242.9234,N,00433.2087,E,8.0,187.3,180626,,,A*56
2026-06-18T13:23:10.000Z $IIHDG,189.7,,,,*4E
2026-06-18T13:23:10.000Z $IIMWV,180.3,T,9.3,N,A*3B
2026-06-18T13:23:10.000Z $IIRPM,E,1,0,,A*66
2026-06-18T13:23:20.000Z $GPRMC,132320.00,A,5242.8955,N,00433.2486,E,7.9,187.8,180626,,,A*50
2026-06-18T13:23:20.000Z $IIHDG,186.6,,,,*40
2026-06-18T13:23:20.000Z $IIMWV,180.1,T,7.1,N,A*35
2026-06-18T13:23:20.000Z $IIRPM,E,1,0,,A*66
2026-06-18T13:23:30.000Z $GPRMC,132330.00,A,5242.8629,N,00433.2433,E,7.9,189.2,180626,,,A*5F
2026-06-18T13:23:30.000Z $GPGGA,132330.00,5242.8629,N,00433.2433,E,1,9,0.9,0.0,M,0.0,M,,*6A
2026-06-18T13:23:30.000Z $IIHDG,188.2,,,,*4A
2026-06-18T13:23:30.000Z $IIMWV,179.4,T,6.7,N,A*31
2026-06-18T13:23:30.000Z $IIDBT,53.2,f,16.2,M,8.9,F*11
2026-06-18T13:23:30.000Z $IIRPM,E,1,0,,A*66
2026-06-18T13:23:30.000Z $GPVTG,189.2,T,,M,7.9,N,14.6,K,A*32
2026-06-18T13:23:40.000Z $GPRMC,132340.00,A,5242.8344,N,00433.1819,E,8.0,189.3,180626,,,A*56
2026-06-18T13:23:40.000Z $IIHDG,188.3,,,,*4B
2026-06-18T13:23:40.000Z $IIMWV,179.8,T,8.6,N,A*32
2026-06-18T13:23:40.000Z $IIRPM,E,1,0,,A*66
2026-06-18T13:23:50.000Z $GPRMC,132350.00,A,5242.8336,N,00433.2337,E,8.0,189.0,180626,,,A*55
2026-06-18T13:23:50.000Z $IIHDG,187.1,,,,*46
2026-06-18T13:23:50.000Z $IIMWV,178.5,T,8.8,N,A*30
2026-06-18T13:23:50.000Z $IIRPM,E,1,0,,A*66
2026-06-18T13:24:00.000Z $GPRMC,132400.00,A,5242.8243,N,00433.1981,E,8.0,189.7,180626,,,A*57
2026-06-18T13:24:00.000Z $GPGGA,132400.00,5242.8243,N,00433.1981,E,1,12,0.9,0.0,M,0.0,M,,*5B
2026-06-18T13:24:00.000Z $IIHDG,190.6,,,,*47
2026-06-18T13:24:00.000Z $IIMWV,175.1,T,8.2,N,A*33
2026-06-18T13:24:00.000Z $IIDBT,56.2,f,17.1,M,9.4,F*1A
2026-06-18T13:24:00.000Z $IIRPM,E,1,0,,A*66
2026-06-18T13:24:00.000Z $IIXDR,V,12.47,V,BATT*63
2026-06-18T13:24:00.000Z $GPVTG,189.7,T,,M,8.0,N,14.8,K,A*3F
2026-06-18T13:24:10.000Z $GPRMC,132410.00,A,5242.7841,N,00433.1646,E,8.0,188.0,180626,,,A*53
2026-06-18T13:24:10.000Z $IIHDG,186.9,,,,*4F
2026-06-18T13:24:10.000Z $IIMWV,183.4,T,9.2,N,A*3E
2026-06-18T13:24:10.000Z $IIRPM,E,1,0,,A*66
2026-06-18T13:24:20.000Z $GPRMC,132420.00,A,5242.7274,N,00433.2064,E,8.0,188.1,180626,,,A*58
2026-06-18T13:24:20.000Z $IIHDG,186.6,,,,*40
2026-06-18T13:24:20.000Z $IIMWV,174.3,T,8.8,N,A*3A
2026-06-18T13:24:20.000Z $IIRPM,E,1,0,,A*66
2026-06-18T13:24:30.000Z $GPRMC,132430.00,A,5242.7253,N,00433.1957,E,7.9,188.5,180626,,,A*54
2026-06-18T13:24:30.000Z $GPGGA,132430.00,5242.7253,N,00433.1957,E,1,8,0.9,0.0,M,0.0,M,,*66
2026-06-18T13:24:30.000Z $IIHDG,187.4,,,,*43
2026-06-18T13:24:30.000Z $IIMWV,181.2,T,9.2,N,A*3A
2026-06-18T13:24:30.000Z $IIDBT,61.4,f,18.7,M,10.2,F*2F
2026-06-18T13:24:30.000Z $IIRPM,E,1,0,,A*66
2026-06-18T13:24:30.000Z $GPVTG,188.5,T,,M,7.9,N,14.5,K,A*37
2026-06-18T13:24:40.000Z $GPRMC,132440.00,A,5242.7368,N,00433.1518,E,8.0,189.6,180626,,,A*59
2026-06-18T13:24:40.000Z $IIHDG,188.2,,,,*4A
2026-06-18T13:24:40.000Z $IIMWV,176.2,T,9.3,N,A*33
2026-06-18T13:24:40.000Z $IIRPM,E,1,0,,A*66
2026-06-18T13:24:50.000Z $GPRMC,132450.00,A,5242.6680,N,00433.1458,E,8.0,189.2,180626,,,A*5B
2026-06-18T13:24:50.000Z $IIHDG,187.7,,,,*40
2026-06-18T13:24:50.000Z $IIMWV,179.6,T,6.6,N,A*32
2026-06-18T13:24:50.000Z $IIRPM,E,1,0,,A*66
2026-06-18T13:25:00.000Z $GPRMC,132500.00,A,5242.6779,N,00433.1936,E,8.0,189.9,180626,,,A*56
2026-06-18T13:25:00.000Z $GPGGA,132500.00,5242.6779,N,00433.1936,E,1,11,0.9,0.0,M,0.0,M,,*57
2026-06-18T13:25:00.000Z $IIHDG,186.4,,,,*42
2026-06-18T13:25:00.000Z $IIMWV,178.1,T,9.1,N,A*3C
2026-06-18T13:25:00.000Z $IIDBT,53.4,f,16.3,M,8.9,F*16
2026-06-18T13:25:00.000Z $IIRPM,E,1,0,,A*66
2026-06-18T13:25:00.000Z $IIXDR,V,12.49,V,BATT*6D
2026-06-18T13:25:00.000Z $IIMTA,18.7,C*0B
2026-06-18T13:25:00.000Z $GPVTG,189.9,T,,M,8.0,N,14.8,K,A*31
2026-06-18T13:25:10.000Z $GPRMC,132510.00,A,5242.6490,N,00433.1656,E,8.0,188.4,180626,,,A*56
2026-06-18T13:25:10.000Z $IIHDG,186.8,,,,*4E
2026-06-18T13:25:10.000Z $IIMWV,174.7,T,9.4,N,A*33
2026-06-18T13:25:10.000Z $IIRPM,E,1,0,,A*66
2026-06-18T13:25:20.000Z $GPRMC,132520.00,A,5242.5971,N,00433.1295,E,8.0,188.3,180626,,,A*58
2026-06-18T13:25:20.000Z $IIHDG,188.0,,,,*48
2026-06-18T13:25:20.000Z $IIMWV,181.7,T,8.2,N,A*3E
2026-06-18T13:25:20.000Z $IIRPM,E,1,0,,A*66
2026-06-18T13:25:30.000Z $GPRMC,132530.00,A,5242.6003,N,00433.1785,E,8.0,188.5,180626,,,A*54
2026-06-18T13:25:30.000Z $GPGGA,132530.00,5242.6003,N,00433.1785,E,1,11,0.9,0.0,M,0.0,M,,*58
2026-06-18T13:25:30.000Z $IIHDG,186.5,,,,*43
2026-06-18T13:25:30.000Z $IIMWV,176.2,T,7.9,N,A*37
2026-06-18T13:25:30.000Z $IIDBT,58.5,f,17.8,M,9.7,F*19
2026-06-18T13:25:30.000Z $IIRPM,E,1,0,,A*66
2026-06-18T13:25:30.000Z $GPVTG,188.5,T,,M,8.0,N,14.8,K,A*3C
2026-06-18T13:25:40.000Z $GPRMC,132540.00,A,5242.5996,N,00433.1619,E,8.0,188.3,180626,,,A*57
2026-06-18T13:25:40.000Z $IIHDG,186.5,,,,*43
2026-06-18T13:25:40.000Z $IIMWV,177.2,T,9.1,N,A*30
2026-06-18T13:25:40.000Z $IIRPM,E,1,0,,A*66
2026-06-18T13:25:50.000Z $GPRMC,132550.00,A,5242.5505,N,00433.1492,E,8.0,188.2,180626,,,A*50
2026-06-18T13:25:50.000Z $IIHDG,191.0,,,,*40
2026-06-18T13:25:50.000Z $IIMWV,179.4,T,9.2,N,A*3B
2026-06-18T13:25:50.000Z $IIRPM,E,1,0,,A*66
2026-06-18T13:26:00.000Z $GPRMC,132600.00,A,5242.5517,N,00433.1240,E,8.0,187.2,180626,,,A*53
2026-06-18T13:26:00.000Z $GPGGA,132600.00,5242.5517,N,00433.1240,E,1,10,0.9,0.0,M,0.0,M,,*56
2026-06-18T13:26:00.000Z $IIHDG,189.1,,,,*48
2026-06-18T13:26:00.000Z $IIMWV,176.3,T,8.0,N,A*30
2026-06-18T13:26:00.000Z $IIDBT,54.3,f,16.5,M,9.0,F*18
2026-06-18T13:26:00.000Z $IIRPM,E,1,0,,A*66
2026-06-18T13:26:00.000Z $IIXDR,V,12.68,V,BATT*6E
2026-06-18T13:26:00.000Z $GPVTG,187.2,T,,M,8.0,N,14.8,K,A*34
2026-06-18T13:26:10.000Z $GPRMC,132610.00,A,5242.5163,N,00433.1026,E,8.0,188.1,180626,,,A*5B
2026-06-18T13:26:10.000Z $IIHDG,190.7,,,,*46
2026-06-18T13:26:10.000Z $IIMWV,177.6,T,8.0,N,A*34
2026-06-18T13:26:10.000Z $IIRPM,E,1,0,,A*66
2026-06-18T13:26:20.000Z $GPRMC,132620.00,A,5242.4909,N,00433.1371,E,8.0,187.8,180626,,,A*5A
2026-06-18T13:26:20.000Z $IIHDG,186.4,,,,*42
2026-06-18T13:26:20.000Z $IIMWV,179.5,T,8.4,N,A*3D
2026-06-18T13:26:20.000Z $IIRPM,E,1,0,,A*66
2026-06-18T13:26:30.000Z $GPRMC,132630.00,A,5242.4800,N,00433.1240,E,8.0,189.4,180626,,,A*52
2026-06-18T13:26:30.000Z $GPGGA,132630.00,5242.4800,N,00433.1240,E,1,12,0.9,0.0,M,0.0,M,,*5D
2026-06-18T13:26:30.000Z $IIHDG,190.0,,,,*41
2026-06-18T13:26:30.000Z $IIMWV,179.5,T,6.8,N,A*3F
2026-06-18T13:26:30.000Z $IIDBT,52.3,f,15.9,M,8.7,F*17
2026-06-18T13:26:30.000Z $IIRPM,E,1,0,,A*66
2026-06-18T13:26:30.000Z $GPVTG,189.4,T,,M,8.0,N,14.8,K,A*3C
2026-06-18T13:26:40.000Z $GPRMC,132640.00,A,5242.4297,N,00433.1294,E,7.9,189.3,180626,,,A*59
2026-06-18T13:26:40.000Z $IIHDG,188.4,,,,*4C
2026-06-18T13:26:40.000Z $IIMWV,176.7,T,8.0,N,A*34
2026-06-18T13:26:40.000Z $IIRPM,E,1,0,,A*66
2026-06-18T13:26:50.000Z $GPRMC,132650.00,A,5242.4009,N,00433.0855,E,8.0,187.5,180626,,,A*55
2026-06-18T13:26:50.000Z $IIHDG,187.5,,,,*42
2026-06-18T13:26:50.000Z $IIMWV,177.8,T,8.3,N,A*39
2026-06-18T13:26:50.000Z $IIRPM,E,1,0,,A*66
2026-06-18T13:27:00.000Z $GPRMC,132700.00,A,5242.4028,N,00433.0886,E,8.0,188.5,180626,,,A*53
2026-06-18T13:27:00.000Z $GPGGA,132700.00,5242.4028,N,00433.0886,E,1,12,0.9,0.0,M,0.0,M,,*5C
2026-06-18T13:27:00.000Z $IIHDG,187.7,,,,*40
2026-06-18T13:27:00.000Z $IIMWV,175.0,T,7.1,N,A*3E
2026-06-18T13:27:00.000Z $IIDBT,61.0,f,18.6,M,10.2,F*2A
2026-06-18T13:27:00.000Z $IIRPM,E,1,0,,A*66
2026-06-18T13:27:00.000Z $IIXDR,V,12.70,V,BATT*67
2026-06-18T13:27:00.000Z $GPVTG,188.5,T,,M,8.0,N,14.8,K,A*3C
2026-06-18T13:27:10.000Z $GPRMC,132710.00,A,5242.4006,N,00433.0957,E,8.0,189.8,180626,,,A*5F
2026-06-18T13:27:10.000Z $IIHDG,190.4,,,,*45
2026-06-18T13:27:10.000Z $IIMWV,180.4,T,7.3,N,A*32
2026-06-18T13:27:10.000Z $IIRPM,E,1,0,,A*66
2026-06-18T13:27:20.000Z $GPRMC,132720.00,A,5242.3687,N,00433.1088,E,8.0,189.5,180626,,,A*53
2026-06-18T13:27:20.000Z $IIHDG,188.6,,,,*4E
2026-06-18T13:27:20.000Z $IIMWV,177.9,T,8.3,N,A*38
2026-06-18T13:27:20.000Z $IIRPM,E,1,0,,A*66
2026-06-18T13:27:30.000Z $GPRMC,132730.00,A,5242.3179,N,00433.0768,E,7.9,188.2,180626,,,A*5C
2026-06-18T13:27:30.000Z $GPGGA,132730.00,5242.3179,N,00433.0768,E,1,11,0.9,0.0,M,0.0,M,,*51
2026-06-18T13:27:30.000Z $IIHDG,189.4,,,,*4D
2026-06-18T13:27:30.000Z $IIMWV,183.4,T,9.2,N,A*3E
2026-06-18T13:27:30.000Z $IIDBT,60.0,f,18.3,M,10.0,F*2C
2026-06-18T13:27:30.000Z $IIRPM,E,1,0,,A*66
2026-06-18T13:27:30.000Z $GPVTG,188.2,T,,M,7.9,N,14.7,K,A*32
2026-06-18T13:27:40.000Z $GPRMC,132740.00,A,5242.3162,N,00433.0496,E,8.0,188.9,180626,,,A*5E
2026-06-18T13:27:40.000Z $IIHDG,187.4,,,,*43
2026-06-18T13:27:40.000Z $IIMWV,179.4,T,7.6,N,A*31
2026-06-18T13:27:40.000Z $IIRPM,E,1,0,,A*66
2026-06-18T13:27:50.000Z $GPRMC,132750.00,A,5242.2731,N,00433.0759,E,8.0,189.0,180626,,,A*56
2026-06-18T13:27:50.000Z $IIHDG,189.4,,,,*4D
2026-06-18T13:27:50.000Z $IIMWV,181.1,T,7.2,N,A*37
2026-06-18T13:27:50.000Z $IIRPM,E,1,0,,A*66
2026-06-18T13:28:00.000Z $GPRMC,132800.00,A,5242.2548,N,00433.0706,E,8.0,188.1,180626,,,A*5A
2026-06-18T13:28:00.000Z $GPGGA,132800.00,5242.2548,N,00433.0706,E,1,12,0.9,0.0,M,0.0,M,,*51
2026-06-18T13:28:00.000Z $IIHDG,189.8,,,,*41
2026-06-18T13:28:00.000Z $IIMWV,182.1,T,9.2,N,A*3A
2026-06-18T13:28:00.000Z $IIDBT,59.5,f,18.1,M,9.9,F*10
2026-06-18T13:28:00.000Z $IIRPM,E,1,0,,A*66
2026-06-18T13:28:00.000Z $IIXDR,V,12.58,V,BATT*6D
2026-06-18T13:28:00.000Z $GPVTG,188.1,T,,M,8.0,N,14.8,K,A*38
2026-06-18T13:28:10.000Z $GPRMC,132810.00,A,5242.2265,N,00433.0854,E,8.0,188.9,180626,,,A*53
2026-06-18T13:28:10.000Z $IIHDG,186.8,,,,*4E
2026-06-18T13:28:10.000Z $IIMWV,176.7,T,8.1,N,A*35
2026-06-18T13:28:10.000Z $IIRPM,E,1,0,,A*66
2026-06-18T13:28:20.000Z $GPRMC,132820.00,A,5242.2052,N,00433.0396,E,8.0,187.4,180626,,,A*51
2026-06-18T13:28:20.000Z $IIHDG,187.6,,,,*41
2026-06-18T13:28:20.000Z $IIMWV,182.8,T,7.5,N,A*3A
2026-06-18T13:28:20.000Z $IIRPM,E,1,0,,A*66
2026-06-18T13:28:30.000Z $GPRMC,132830.00,A,5242.1866,N,00433.0660,E,8.0,187.2,180626,,,A*56
2026-06-18T13:28:30.000Z $GPGGA,132830.00,5242.1866,N,00433.0660,E,1,10,0.9,0.0,M,0.0,M,,*53
2026-06-18T13:28:30.000Z $IIHDG,190.3,,,,*42
2026-06-18T13:28:30.000Z $IIMWV,179.9,T,8.6,N,A*33
2026-06-18T13:28:30.000Z $IIDBT,57.4,f,17.5,M,9.6,F*1B
2026-06-18T13:28:30.000Z $IIRPM,E,1,0,,A*66
2026-06-18T13:28:30.000Z $GPVTG,187.2,T,,M,8.0,N,14.8,K,A*34
2026-06-18T13:28:40.000Z $GPRMC,132840.00,A,5242.1711,N,00433.0195,E,8.0,189.7,180626,,,A*58
2026-06-18T13:28:40.000Z $IIHDG,187.3,,,,*44
2026-06-18T13:28:40.000Z $IIMWV,180.8,T,7.3,N,A*3E
2026-06-18T13:28:40.000Z $IIRPM,E,1,0,,A*66
2026-06-18T13:28:50.000Z $GPRMC,132850.00,A,5242.1405,N,00433.0660,E,8.0,187.2,180626,,,A*59
2026-06-18T13:28:50.000Z $IIHDG,188.6,,,,*4E
2026-06-18T13:28:50.000Z $IIMWV,178.6,T,7.0,N,A*34
2026-06-18T13:28:50.000Z $IIRPM,E,1,0,,A*66
2026-06-18T13:29:00.000Z $GPRMC,132900.00,A,5242.1317,N,00433.0294,E,8.0,188.0,180626,,,A*5B
2026-06-18T13:29:00.000Z $GPGGA,132900.00,5242.1317,N,00433.0294,E,1,9,0.9,0.0,M,0.0,M,,*6B
2026-06-18T13:29:00.000Z $IIHDG,190.2,,,,*43
2026-06-18T13:29:00.000Z $IIMWV,178.0,T,7.6,N,A*34
2026-06-18T13:29:00.000Z $IIDBT,59.8,f,18.2,M,10.0,F*2F
2026-06-18T13:29:00.000Z $IIRPM,E,1,0,,A*66
2026-06-18T13:29:00.000Z $IIXDR,V,12.65,V,BATT*63
2026-06-18T13:29:00.000Z $GPVTG,188.0,T,,M,8.0,N,14.8,K,A*39
2026-06-18T13:29:10.000Z $GPRMC,132910.00,A,5242.1313,N,00433.0195,E,7.9,190.1,180626,,,A*52
2026-06-18T13:29:10.000Z $IIHDG,189.1,,,,*48
2026-06-18T13:29:10.000Z $IIMWV,179.4,T,8.6,N,A*3E
2026-06-18T13:29:10.000Z $IIRPM,E,1,0,,A*66
2026-06-18T13:29:20.000Z $GPRMC,132920.00,A,5242.0592,N,00433.0458,E,8.0,188.9,180626,,,A*5C
2026-06-18T13:29:20.000Z $IIHDG,189.4,,,,*4D
2026-06-18T13:29:20.000Z $IIMWV,179.9,T,6.6,N,A*3D
2026-06-18T13:29:20.000Z $IIRPM,E,1,0,,A*66
2026-06-18T13:29:30.000Z $GPRMC,132930.00,A,5242.0407,N,00433.0306,E,8.0,188.2,180626,,,A*57
2026-06-18T13:29:30.000Z $GPGGA,132930.00,5242.0407,N,00433.0306,E,1,11,0.9,0.0,M,0.0,M,,*5C
2026-06-18T13:29:30.000Z $IIHDG,186.2,,,,*44
2026-06-18T13:29:30.000Z $IIMWV,183.5,T,9.2,N,A*3F
2026-06-18T13:29:30.000Z $IIDBT,57.4,f,17.5,M,9.6,F*1B
2026-06-18T13:29:30.000Z $IIRPM,E,1,0,,A*66
2026-06-18T13:29:30.000Z $GPVTG,188.2,T,,M,8.0,N,14.8,K,A*3B
2026-06-18T13:29:40.000Z $GPRMC,132940.00,A,5242.0271,N,00432.9872,E,8.0,188.8,180626,,,A*5D
2026-06-18T13:29:40.000Z $IIHDG,187.0,,,,*47
2026-06-18T13:29:40.000Z $IIMWV,175.7,T,7.6,N,A*3E
2026-06-18T13:29:40.000Z $IIRPM,E,1,0,,A*66
2026-06-18T13:29:50.000Z $GPRMC,132950.00,A,5241.9975,N,00433.0119,E,8.0,187.8,180626,,,A*5A
2026-06-18T13:29:50.000Z $IIHDG,187.0,,,,*47
2026-06-18T13:29:50.000Z $IIMWV,178.1,T,9.4,N,A*39
2026-06-18T13:29:50.000Z $IIRPM,E,1,0,,A*66
2026-06-18T13:30:00.000Z $GPRMC,133000.00,A,5241.9704,N,00433.0076,E,8.0,189.7,180626,,,A*56
2026-06-18T13:30:00.000Z $GPGGA,133000.00,5241.9704,N,00433.0076,E,1,9,0.9,0.0,M,0.0,M,,*60
2026-06-18T13:30:00.000Z $IIHDG,190.0,,,,*41
2026-06-18T13:30:00.000Z $IIMWV,174.9,T,9.3,N,A*3A
2026-06-18T13:30:00.000Z $IIDBT,52.3,f,16.0,M,8.7,F*1D
2026-06-18T13:30:00.000Z $IIRPM,E,1,0,,A*66
2026-06-18T13:30:00.000Z $IIXDR,V,12.48,V,BATT*6C
2026-06-18T13:30:00.000Z $IIMTA,18.6,C*0A
2026-06-18T13:30:00.000Z $GPVTG,189.7,T,,M,8.0,N,14.8,K,A*3F
2026-06-18T13:30:00.000Z !AIVDM,1,1,,A,B3b;QlPt?059aj7PaBiD93P000000,0*2C
2026-06-18T13:30:10.000Z $GPRMC,133010.00,A,5241.9454,N,00433.0025,E,8.0,176.2,180626,,,A*52
2026-06-18T13:30:10.000Z $IIHDG,176.7,,,,*4E
2026-06-18T13:30:10.000Z $IIMWV,166.6,T,8.6,N,A*32
2026-06-18T13:30:10.000Z $IIRPM,E,1,0,,A*66
2026-06-18T13:30:20.000Z $GPRMC,133020.00,A,5241.9618,N,00432.9969,E,8.0,178.1,180626,,,A*5F
2026-06-18T13:30:20.000Z $IIHDG,179.1,,,,*47
2026-06-18T13:30:20.000Z $IIMWV,164.1,T,7.3,N,A*3D
2026-06-18T13:30:20.000Z $IIRPM,E,1,0,,A*66
2026-06-18T13:30:30.000Z $GPRMC,133030.00,A,5241.9058,N,00432.9977,E,8.0,178.7,180626,,,A*55
2026-06-18T13:30:30.000Z $GPGGA,133030.00,5241.9058,N,00432.9977,E,1,11,0.9,0.0,M,0.0,M,,*54
2026-06-18T13:30:30.000Z $IIHDG,179.8,,,,*4E
2026-06-18T13:30:30.000Z $IIMWV,168.4,T,6.8,N,A*3E
2026-06-18T13:30:30.000Z $IIDBT,58.7,f,17.9,M,9.8,F*15
2026-06-18T13:30:30.000Z $IIRPM,E,1,0,,A*66
2026-06-18T13:30:30.000Z $GPVTG,178.7,T,,M,8.0,N,14.8,K,A*31
2026-06-18T13:30:30.000Z !AIVDM,1,1,,A,B3b;QlPt?059Um7Pa<1D93P000000,0*39
2026-06-18T13:30:40.000Z $GPRMC,133040.00,A,5241.8963,N,00432.9804,E,8.0,178.3,180626,,,A*53
2026-06-18T13:30:40.000Z $IIHDG,179.9,,,,*4F
2026-06-18T13:30:40.000Z $IIMWV,172.5,T,7.6,N,A*3B
2026-06-18T13:30:40.000Z $IIRPM,E,1,0,,A*66
2026-06-18T13:30:50.000Z $GPRMC,133050.00,A,5241.8846,N,00432.9928,E,8.0,176.6,180626,,,A*50
2026-06-18T13:30:50.000Z $IIHDG,178.9,,,,*4E
2026-06-18T13:30:50.000Z $IIMWV,171.4,T,7.8,N,A*37
2026-06-18T13:30:50.000Z $IIRPM,E,1,0,,A*66
2026-06-18T13:31:00.000Z $GPRMC,133100.00,A,5241.8356,N,00433.0010,E,8.0,179.2,180626,,,A*5F
2026-06-18T13:31:00.000Z $GPGGA,133100.00,5241.8356,N,00433.0010,E,1,8,0.9,0.0,M,0.0,M,,*62
2026-06-18T13:31:00.000Z $IIHDG,175.7,,,,*4D
2026-06-18T13:31:00.000Z $IIMWV,163.7,T,7.6,N,A*39
2026-06-18T13:31:00.000Z $IIDBT,51.7,f,15.8,M,8.6,F*10
2026-06-18T13:31:00.000Z $IIRPM,E,1,0,,A*66
2026-06-18T13:31:00.000Z $IIXDR,V,12.53,V,BATT*66
2026-06-18T13:31:00.000Z $GPVTG,179.2,T,,M,8.0,N,14.8,K,A*35
2026-06-18T13:31:00.000Z !AIVDM,1,1,,A,B3b;QlPt?059STWPaBqD93P000000,0*58
2026-06-18T13:31:10.000Z $GPRMC,133110.00,A,5241.8332,N,00433.0085,E,8.0,177.6,180626,,,A*5A
2026-06-18T13:31:10.000Z $IIHDG,179.3,,,,*45
2026-06-18T13:31:10.000Z $IIMWV,170.7,T,7.5,N,A*38
2026-06-18T13:31:10.000Z $IIRPM,E,1,0,,A*66
2026-06-18T13:31:20.000Z $GPRMC,133120.00,A,5241.8241,N,00433.0341,E,8.0,178.0,180626,,,A*5E
2026-06-18T13:31:20.000Z $IIHDG,176.4,,,,*4D
2026-06-18T13:31:20.000Z $IIMWV,172.5,T,7.0,N,A*3D
2026-06-18T13:31:20.000Z $IIRPM,E,1,0,,A*66
2026-06-18T13:31:30.000Z $GPRMC,133130.00,A,5241.7947,N,00433.0211,E,8.0,178.0,180626,,,A*59
2026-06-18T13:31:30.000Z $GPGGA,133130.00,5241.7947,N,00433.0211,E,1,8,0.9,0.0,M,0.0,M,,*67
2026-06-18T13:31:30.000Z $IIHDG,178.8,,,,*4F
2026-06-18T13:31:30.000Z $IIMWV,162.8,T,8.4,N,A*3A
2026-06-18T13:31:30.000Z $IIDBT,54.3,f,16.5,M,9.0,F*18
2026-06-18T13:31:30.000Z $IIRPM,E,1,0,,A*66
2026-06-18T13:31:30.000Z $GPVTG,178.0,T,,M,8.0,N,14.8,K,A*36
2026-06-18T13:31:30.000Z !AIVDM,1,1,,A,B3b;QlPt?059co7PafED93P000000,0*23
2026-06-18T13:31:40.000Z $GPRMC,133140.00,A,5241.7335,N,00433.0057,E,8.0,176.5,180626,,,A*5A
2026-06-18T13:31:40.000Z $IIHDG,176.7,,,,*4E
2026-06-18T13:31:40.000Z $IIMWV,172.0,T,8.8,N,A*3F
2026-06-18T13:31:40.000Z $IIRPM,E,1,0,,A*66
2026-06-18T13:31:50.000Z $GPRMC,133150.00,A,5241.7289,N,00432.9958,E,8.0,177.3,180626,,,A*54
2026-06-18T13:31:50.000Z $IIHDG,179.1,,,,*47
2026-06-18T13:31:50.000Z $IIMWV,169.4,T,7.9,N,A*3F
2026-06-18T13:31:50.000Z $IIRPM,E,1,0,,A*66
2026-06-18T13:32:00.000Z $GPRMC,133200.00,A,5241.7063,N,00433.0103,E,8.0,177.1,180626,,,A*58
2026-06-18T13:32:00.000Z $GPGGA,133200.00,5241.7063,N,00433.0103,E,1,9,0.9,0.0,M,0.0,M,,*69
2026-06-18T13:32:00.000Z $IIHDG,175.2,,,,*48
2026-06-18T13:32:00.000Z $IIMWV,165.7,T,8.8,N,A*3E
2026-06-18T13:32:00.000Z $IIDBT,53.6,f,16.3,M,8.9,F*14
2026-06-18T13:32:00.000Z $IIRPM,E,1,0,,A*66
2026-06-18T13:32:00.000Z $IIXDR,V,12.54,V,BATT*61
2026-06-18T13:32:00.000Z $GPVTG,177.1,T,,M,8.0,N,14.8,K,A*38
2026-06-18T13:32:00.000Z !AIVDM,1,1,,A,B3b;QlPt?059co7P`p=D93P000000,0*4C
2026-06-18T13:32:10.000Z $GPRMC,133210.00,A,5241.6782,N,00432.9929,E,8.0,178.1,180626,,,A*57
2026-06-18T13:32:10.000Z $IIHDG,179.5,,,,*43
2026-06-18T13:32:10.000Z $IIMWV,163.6,T,8.7,N,A*36
2026-06-18T13:32:10.000Z $IIRPM,E,1,0,,A*66
2026-06-18T13:32:20.000Z $GPRMC,133220.00,A,5241.6466,N,00433.0099,E,8.0,177.0,180626,,,A*59
2026-06-18T13:32:20.000Z $IIHDG,180.0,,,,*40
2026-06-18T13:32:20.000Z $IIMWV,171.1,T,7.2,N,A*38
2026-06-18T13:32:20.000Z $IIRPM,E,1,0,,A*66
2026-06-18T13:32:30.000Z $GPRMC,133230.00,A,5241.6098,N,00433.0411,E,8.0,178.9,180626,,,A*5F
2026-06-18T13:32:30.000Z $GPGGA,133230.00,5241.6098,N,00433.0411,E,1,8,0.9,0.0,M,0.0,M,,*68
2026-06-18T13:32:30.000Z $IIHDG,175.9,,,,*43
2026-06-18T13:32:30.000Z $IIMWV,166.8,T,8.7,N,A*3D
2026-06-18T13:32:30.000Z $IIDBT,54.3,f,16.5,M,9.0,F*18
2026-06-18T13:32:30.000Z $IIRPM,E,1,0,,A*66
2026-06-18T13:32:30.000Z $GPVTG,178.9,T,,M,8.0,N,14.8,K,A*3F
2026-06-18T13:32:30.000Z !AIVDM,1,1,,A,B3b;QlPt?059bL7P`tiD93P000000,0*3E
2026-06-18T13:32:40.000Z $GPRMC,133240.00,A,5241.5959,N,00433.0044,E,8.0,177.6,180626,,,A*5B
2026-06-18T13:32:40.000Z $IIHDG,179.4,,,,*42
2026-06-18T13:32:40.000Z $IIMWV,172.6,T,8.4,N,A*35
2026-06-18T13:32:40.000Z $IIRPM,E,1,0,,A*66
2026-06-18T13:32:50.000Z $GPRMC,133250.00,A,5241.5963,N,00433.0077,E,8.0,177.5,180626,,,A*50
2026-06-18T13:32:50.000Z $IIHDG,177.2,,,,*4A
2026-06-18T13:32:50.000Z $IIMWV,168.8,T,7.1,N,A*3A
2026-06-18T13:32:50.000Z $IIRPM,E,1,0,,A*66
2026-06-18T13:33:00.000Z $GPRMC,133300.00,A,5241.5476,N,00433.0401,E,8.0,178.9,180626,,,A*5B
2026-06-18T13:33:00.000Z $GPGGA,133300.00,5241.5476,N,00433.0401,E,1,12,0.9,0.0,M,0.0,M,,*57
2026-06-18T13:33:00.000Z $IIHDG,179.0,,,,*46
2026-06-18T13:33:00.000Z $IIMWV,167.1,T,7.1,N,A*3C
2026-06-18T13:33:00.000Z $IIDBT,55.8,f,17.0,M,9.3,F*15
2026-06-18T13:33:00.000Z $IIRPM,E,1,0,,A*66
2026-06-18T13:33:00.000Z $IIXDR,V,12.69,V,BATT*6F
2026-06-18T13:33:00.000Z $GPVTG,178.9,T,,M,8.0,N,14.8,K,A*3F
2026-06-18T13:33:00.000Z !AIVDM,1,1,,A,B3b;QlPt?059deWPaOMD93P000000,0*6F
2026-06-18T13:33:10.000Z $GPRMC,133310.00,A,5241.5062,N,00433.0280,E,8.0,176.2,180626,,,A*51
2026-06-18T13:33:10.000Z $IIHDG,177.7,,,,*4F
2026-06-18T13:33:10.000Z $IIMWV,167.3,T,8.9,N,A*39
2026-06-18T13:33:10.000Z $IIRPM,E,1,0,,A*66
2026-06-18T13:33:20.000Z $GPRMC,133320.00,A,5241.5127,N,00433.0143,E,8.0,179.1,180626,,,A*52
2026-06-18T13:33:20.000Z $IIHDG,175.7,,,,*4D
2026-06-18T13:33:20.000Z $IIMWV,172.0,T,8.0,N,A*37
2026-06-18T13:33:20.000Z $IIRPM,E,1,0,,A*66
2026-06-18T13:33:30.000Z $GPRMC,133330.00,A,5241.4589,N,00433.0300,E,8.0,178.1,180626,,,A*56
2026-06-18T13:33:30.000Z $GPGGA,133330.00,5241.4589,N,00433.0300,E,1,12,0.9,0.0,M,0.0,M,,*52
2026-06-18T13:33:30.000Z $IIHDG,179.1,,,,*47
2026-06-18T13:33:30.000Z $IIMWV,166.6,T,9.2,N,A*37
2026-06-18T13:33:30.000Z $IIDBT,52.1,f,15.9,M,8.7,F*15
2026-06-18T13:33:30.000Z $IIRPM,E,1,0,,A*66
2026-06-18T13:33:30.000Z $GPVTG,178.1,T,,M,8.0,N,14.8,K,A*37
2026-06-18T13:33:30.000Z !AIVDM,1,1,,A,B3b;QlPt?059eCWPaAiD93P000000,0*62
2026-06-18T13:33:40.000Z $GPRMC,133340.00,A,5241.4539,N,00433.0141,E,8.0,176.6,180626,,,A*54
2026-06-18T13:33:40.000Z $IIHDG,180.1,,,,*41
2026-06-18T13:33:40.000Z $IIMWV,170.1,T,7.7,N,A*3C
2026-06-18T13:33:40.000Z $IIRPM,E,1,0,,A*66
2026-06-18T13:33:50.000Z $GPRMC,133350.00,A,5241.4179,N,00433.0611,E,8.0,178.8,180626,,,A*57
2026-06-18T13:33:50.000Z $IIHDG,175.3,,,,*49
2026-06-18T13:33:50.000Z $IIMWV,170.1,T,7.1,N,A*3A
2026-06-18T13:33:50.000Z $IIRPM,E,1,0,,A*66
2026-06-18T13:34:00.000Z $GPRMC,133400.00,A,5241.4115,N,00433.0246,E,8.0,178.1,180626,,,A*50
2026-06-18T13:34:00.000Z $GPGGA,133400.00,5241.4115,N,00433.0246,E,1,8,0.9,0.0,M,0.0,M,,*6F
2026-06-18T13:34:00.000Z $IIHDG,177.8,,,,*40
2026-06-18T13:34:00.000Z $IIMWV,166.1,T,9.4,N,A*36
2026-06-18T13:34:00.000Z $IIDBT,51.1,f,15.6,M,8.5,F*1B
2026-06-18T13:34:00.000Z $IIRPM,E,1,0,,A*66
2026-06-18T13:34:00.000Z $IIXDR,V,12.62,V,BATT*64
2026-06-18T13:34:00.000Z $GPVTG,178.1,T,,M,8.0,N,14.8,K,A*37
2026-06-18T13:34:00.000Z !AIVDM,1,1,,A,B3b;QlPt?059iGWP`liD93P000000,0*46
2026-06-18T13:34:10.000Z $GPRMC,133410.00,A,5241.3521,N,00433.0304,E,8.0,177.8,180626,,,A*54
2026-06-18T13:34:10.000Z $IIHDG,179.8,,,,*4E
2026-06-18T13:34:10.000Z $IIMWV,172.3,T,7.0,N,A*3B
2026-06-18T13:34:10.000Z $IIRPM,E,1,0,,A*66
2026-06-18T13:34:20.000Z $GPRMC,133420.00,A,5241.3774,N,00433.0662,E,8.0,178.8,180626,,,A*5F
2026-06-18T13:34:20.000Z $IIHDG,179.8,,,,*4E
2026-06-18T13:34:20.000Z $IIMWV,166.4,T,7.8,N,A*31
2026-06-18T13:34:20.000Z $IIRPM,E,1,0,,A*66
2026-06-18T13:34:30.000Z $GPRMC,133430.00,A,5241.2974,N,00433.0591,E,8.0,178.6,180626,,,A*50
2026-06-18T13:34:30.000Z $GPGGA,133430.00,5241.2974,N,00433.0591,E,1,11,0.9,0.0,M,0.0,M,,*50
2026-06-18T13:34:30.000Z $IIHDG,180.1,,,,*41
2026-06-18T13:34:30.000Z $IIMWV,169.3,T,7.0,N,A*31
2026-06-18T13:34:30.000Z $IIDBT,52.6,f,16.0,M,8.8,F*17
2026-06-18T13:34:30.000Z $IIRPM,E,1,0,,A*66
2026-06-18T13:34:30.000Z $GPVTG,178.6,T,,M,8.0,N,14.8,K,A*30
2026-06-18T13:34:30.000Z !AIVDM,1,1,,A,B3b;QlPt?059f:7P`qMD93P000000,0*6D
2026-06-18T13:34:40.000Z $GPRMC,133440.00,A,5241.3246,N,00433.0313,E,8.0,176.4,180626,,,A*5C
2026-06-18T13:34:40.000Z $IIHDG,179.1,,,,*47
2026-06-18T13:34:40.000Z $IIMWV,164.1,T,7.0,N,A*3E
2026-06-18T13:34:40.000Z $IIRPM,E,1,0,,A*66
2026-06-18T13:34:50.000Z $GPRMC,133450.00,A,5241.2453,N,00433.0552,E,8.0,176.5,180626,,,A*5C
2026-06-18T13:34:50.000Z $IIHDG,175.8,,,,*42
2026-06-18T13:34:50.000Z $IIMWV,169.4,T,7.2,N,A*34
2026-06-18T13:34:50.000Z $IIRPM,E,1,0,,A*66
2026-06-18T13:35:00.000Z $GPRMC,133500.00,A,5241.2714,N,00433.0306,E,8.0,178.3,180626,,,A*57
2026-06-18T13:35:00.000Z $GPGGA,133500.00,5241.2714,N,00433.0306,E,1,12,0.9,0.0,M,0.0,M,,*51
2026-06-18T13:35:00.000Z $IIHDG,180.0,,,,*40
2026-06-18T13:35:00.000Z $IIMWV,167.4,T,7.8,N,A*30
2026-06-18T13:35:00.000Z $IIDBT,57.8,f,17.6,M,9.6,F*14
2026-06-18T13:35:00.000Z $IIRPM,E,1,0,,A*66
2026-06-18T13:35:00.000Z $IIXDR,V,12.49,V,BATT*6D
2026-06-18T13:35:00.000Z $IIMTA,19.2,C*0F
2026-06-18T13:35:00.000Z $GPVTG,178.3,T,,M,8.0,N,14.8,K,A*35
2026-06-18T13:35:00.000Z !AIVDM,1,1,,A,B3b;QlPt?059cK7P`UID93P000000,0*39
2026-06-18T13:35:10.000Z $GPRMC,133510.00,A,5241.2325,N,00433.0496,E,8.0,177.2,180626,,,A*50
2026-06-18T13:35:10.000Z $IIHDG,175.4,,,,*4E
2026-06-18T13:35:10.000Z $IIMWV,169.0,T,7.0,N,A*32
2026-06-18T13:35:10.000Z $IIRPM,E,1,0,,A*66
2026-06-18T13:35:20.000Z $GPRMC,133520.00,A,5241.2057,N,00433.0294,E,8.0,179.1,180626,,,A*5C
2026-06-18T13:35:20.000Z $IIHDG,175.2,,,,*48
2026-06-18T13:35:20.000Z $IIMWV,169.2,T,8.7,N,A*38
2026-06-18T13:35:20.000Z $IIRPM,E,1,0,,A*66
2026-06-18T13:35:30.000Z $GPRMC,133530.00,A,5241.1514,N,00433.0509,E,8.0,178.9,180626,,,A*56
2026-06-18T13:35:30.000Z $GPGGA,133530.00,5241.1514,N,00433.0509,E,1,9,0.9,0.0,M,0.0,M,,*60
2026-06-18T13:35:30.000Z $IIHDG,180.0,,,,*40
2026-06-18T13:35:30.000Z $IIMWV,167.1,T,7.8,N,A*35
2026-06-18T13:35:30.000Z $IIDBT,52.1,f,15.9,M,8.7,F*15
2026-06-18T13:35:30.000Z $IIRPM,E,1,0,,A*66
2026-06-18T13:35:30.000Z $GPVTG,178.9,T,,M,8.0,N,14.8,K,A*3F
2026-06-18T13:35:30.000Z !AIVDM,1,1,,A,B3b;QlPt?059is7PaEUD93P000000,0*06
2026-06-18T13:35:40.000Z $GPRMC,133540.00,A,5241.1420,N,00433.0782,E,8.0,178.5,180626,,,A*5A
2026-06-18T13:35:40.000Z $IIHDG,176.3,,,,*4A
2026-06-18T13:35:40.000Z $IIMWV,163.5,T,8.0,N,A*32
2026-06-18T13:35:40.000Z $IIRPM,E,1,0,,A*66
2026-06-18T13:35:50.000Z $GPRMC,133550.00,A,5241.1310,N,00433.0514,E,8.0,176.7,180626,,,A*5E
2026-06-18T13:35:50.000Z $IIHDG,177.0,,,,*48
2026-06-18T13:35:50.000Z $IIMWV,163.1,T,9.4,N,A*33
2026-06-18T13:35:50.000Z $IIRPM,E,1,0,,A*66
2026-06-18T13:36:00.000Z $GPRMC,133600.00,A,5241.0748,N,00433.0766,E,8.0,177.7,180626,,,A*56
2026-06-18T13:36:00.000Z $GPGGA,133600.00,5241.0748,N,00433.0766,E,1,10,0.9,0.0,M,0.0,M,,*59
2026-06-18T13:36:00.000Z $IIHDG,175.6,,,,*4C
2026-06-18T13:36:00.000Z $IIMWV,165.9,T,8.7,N,A*3F
2026-06-18T13:36:00.000Z $IIDBT,59.7,f,18.2,M,10.0,F*20
2026-06-18T13:36:00.000Z $IIRPM,E,1,0,,A*66
2026-06-18T13:36:00.000Z $IIXDR,V,12.67,V,BATT*61
2026-06-18T13:36:00.000Z $GPVTG,177.7,T,,M,8.0,N,14.8,K,A*3E
2026-06-18T13:36:00.000Z !AIVDM,1,1,,A,B3b;QlPt?059mnWPa5qD93P000000,0*2B
2026-06-18T13:36:10.000Z $GPRMC,133610.00,A,5241.0763,N,00433.0605,E,8.0,178.2,180626,,,A*50
2026-06-18T13:36:10.000Z $IIHDG,177.6,,,,*4E
2026-06-18T13:36:10.000Z $IIMWV,167.9,T,6.9,N,A*3D
2026-06-18T13:36:10.000Z $IIRPM,E,1,0,,A*66
2026-06-18T13:36:20.000Z $GPRMC,133620.00,A,5241.0290,N,00433.0697,E,8.0,176.3,180626,,,A*5E
2026-06-18T13:36:20.000Z $IIHDG,176.0,,,,*49
2026-06-18T13:36:20.000Z $IIMWV,170.9,T,7.8,N,A*3B
2026-06-18T13:36:20.000Z $IIRPM,E,1,0,,A*66
2026-06-18T13:36:30.000Z $GPRMC,133630.00,A,5241.0323,N,00433.0831,E,8.0,178.0,180626,,,A*59
2026-06-18T13:36:30.000Z $GPGGA,133630.00,5241.0323,N,00433.0831,E,1,8,0.9,0.0,M,0.0,M,,*67
2026-06-18T13:36:30.000Z $IIHDG,179.4,,,,*42
2026-06-18T13:36:30.000Z $IIMWV,166.3,T,6.5,N,A*3A
2026-06-18T13:36:30.000Z $IIDBT,54.2,f,16.5,M,9.0,F*19
2026-06-18T13:36:30.000Z $IIRPM,E,1,0,,A*66
2026-06-18T13:36:30.000Z $GPVTG,178.0,T,,M,8.0,N,14.8,K,A*36
2026-06-18T13:36:30.000Z !AIVDM,1,1,,A,B3b;QlPt?059l@7P`>ED93P000000,0*5A
2026-06-18T13:36:40.000Z $GPRMC,133640.00,A,5240.9859,N,00433.0675,E,8.0,177.1,180626,,,A*50
2026-06-18T13:36:40.000Z $IIHDG,178.9,,,,*4E
2026-06-18T13:36:40.000Z $IIMWV,170.2,T,8.5,N,A*32
2026-06-18T13:36:40.000Z $IIRPM,E,1,0,,A*66
2026-06-18T13:36:50.000Z $GPRMC,133650.00,A,5240.9589,N,00433.0434,E,8.0,177.8,180626,,,A*5F
2026-06-18T13:36:50.000Z $IIHDG,176.5,,,,*4C
2026-06-18T13:36:50.000Z $IIMWV,169.3,T,8.6,N,A*38
2026-06-18T13:36:50.000Z $IIRPM,E,1,0,,A*66
2026-06-18T13:37:00.000Z $GPRMC,133700.00,A,5240.9315,N,00433.0681,E,8.0,177.8,180626,,,A*54
2026-06-18T13:37:00.000Z $GPGGA,133700.00,5240.9315,N,00433.0681,E,1,12,0.9,0.0,M,0.0,M,,*56
2026-06-18T13:37:00.000Z $IIHDG,176.9,,,,*40
2026-06-18T13:37:00.000Z $IIMWV,164.8,T,6.9,N,A*3F
2026-06-18T13:37:00.000Z $IIDBT,50.8,f,15.5,M,8.5,F*10
2026-06-18T13:37:00.000Z $IIRPM,E,1,0,,A*66
2026-06-18T13:37:00.000Z $IIXDR,V,12.44,V,BATT*60
2026-06-18T13:37:00.000Z $GPVTG,177.8,T,,M,8.0,N,14.8,K,A*31
2026-06-18T13:37:00.000Z !AIVDM,1,1,,A,B3b;QlPt?059mQ7P`mED93P000000,0*19
2026-06-18T13:37:10.000Z $GPRMC,133710.00,A,5240.9204,N,00433.0827,E,8.0,178.4,180626,,,A*55
2026-06-18T13:37:10.000Z $IIHDG,175.5,,,,*4F
2026-06-18T13:37:10.000Z $IIMWV,169.3,T,6.8,N,A*38
2026-06-18T13:37:10.000Z $IIRPM,E,1,0,,A*66
2026-06-18T13:37:20.000Z $GPRMC,133720.00,A,5240.8998,N,00433.0988,E,8.0,179.1,180626,,,A*59
2026-06-18T13:37:20.000Z $IIHDG,177.5,,,,*4D
2026-06-18T13:37:20.000Z $IIMWV,169.9,T,6.7,N,A*3D
2026-06-18T13:37:20.000Z $IIRPM,E,1,0,,A*66
2026-06-18T13:37:30.000Z $GPRMC,133730.00,A,5240.8536,N,00433.1031,E,8.0,178.4,180626,,,A*5E
2026-06-18T13:37:30.000Z $GPGGA,133730.00,5240.8536,N,00433.1031,E,1,9,0.9,0.0,M,0.0,M,,*65
2026-06-18T13:37:30.000Z $IIHDG,178.4,,,,*43
2026-06-18T13:37:30.000Z $IIMWV,172.5,T,6.7,N,A*3B
2026-06-18T13:37:30.000Z $IIDBT,53.2,f,16.2,M,8.9,F*11
2026-06-18T13:37:30.000Z $IIRPM,E,1,0,,A*66
2026-06-18T13:37:30.000Z $GPVTG,178.4,T,,M,8.0,N,14.8,K,A*32
2026-06-18T13:37:30.000Z !AIVDM,1,1,,A,B3b;QlPt?059ie7P`jAD93P000000,0*2A
2026-06-18T13:37:40.000Z $GPRMC,133740.00,A,5240.8379,N,00433.0634,E,8.0,177.4,180626,,,A*59
2026-06-18T13:37:40.000Z $IIHDG,177.2,,,,*4A
2026-06-18T13:37:40.000Z $IIMWV,169.0,T,7.2,N,A*30
2026-06-18T13:37:40.000Z $IIRPM,E,1,0,,A*66
2026-06-18T13:37:50.000Z $GPRMC,133750.00,A,5240.8382,N,00433.1064,E,8.0,178.9,180626,,,A*5C
2026-06-18T13:37:50.000Z $IIHDG,180.2,,,,*42
2026-06-18T13:37:50.000Z $IIMWV,171.6,T,7.6,N,A*3B
2026-06-18T13:37:50.000Z $IIRPM,E,1,0,,A*66
2026-06-18T13:38:00.000Z $GPRMC,133800.00,A,5240.7753,N,00433.0704,E,8.0,179.1,180626,,,A*58
2026-06-18T13:38:00.000Z $GPGGA,133800.00,5240.7753,N,00433.0704,E,1,9,0.9,0.0,M,0.0,M,,*67
2026-06-18T13:38:00.000Z $IIHDG,175.9,,,,*43
2026-06-18T13:38:00.000Z $IIMWV,171.6,T,9.4,N,A*37
2026-06-18T13:38:00.000Z $IIDBT,55.9,f,17.1,M,9.3,F*15
2026-06-18T13:38:00.000Z $IIRPM,E,1,0,,A*66
2026-06-18T13:38:00.000Z $IIXDR,V,12.68,V,BATT*6E
2026-06-18T13:38:00.000Z $GPVTG,179.1,T,,M,8.0,N,14.8,K,A*36
2026-06-18T13:38:00.000Z !AIVDM,1,1,,A,B3b;QlPt?059j9WP`NQD93P000000,0*21
2026-06-18T13:38:10.000Z $GPRMC,133810.00,A,5240.8015,N,00433.0730,E,8.0,177.4,180626,,,A*5F
2026-06-18T13:38:10.000Z $IIHDG,176.4,,,,*4D
2026-06-18T13:38:10.000Z $IIMWV,172.2,T,8.0,N,A*35
2026-06-18T13:38:10.000Z $IIRPM,E,1,0,,A*66
2026-06-18T13:38:20.000Z $GPRMC,133820.00,A,5240.7460,N,00433.0670,E,8.0,176.8,180626,,,A*5D
2026-06-18T13:38:20.000Z $IIHDG,177.8,,,,*40
2026-06-18T13:38:20.000Z $IIMWV,169.2,T,7.4,N,A*34
2026-06-18T13:38:20.000Z $IIRPM,E,1,0,,A*66
2026-06-18T13:38:30.000Z $GPRMC,133830.00,A,5240.7447,N,00433.0732,E,8.0,178.7,180626,,,A*5F
2026-06-18T13:38:30.000Z $GPGGA,133830.00,5240.7447,N,00433.0732,E,1,8,0.9,0.0,M,0.0,M,,*66
2026-06-18T13:38:30.000Z $IIHDG,175.4,,,,*4E
2026-06-18T13:38:30.000Z $IIMWV,168.6,T,7.6,N,A*33
2026-06-18T13:38:30.000Z $IIDBT,54.0,f,16.5,M,9.0,F*1B
2026-06-18T13:38:30.000Z $IIRPM,E,1,0,,A*66
2026-06-18T13:38:30.000Z $GPVTG,178.7,T,,M,8.0,N,14.8,K,A*31
2026-06-18T13:38:30.000Z !AIVDM,1,1,,A,B3b;QlPt?059qOWP`mqD93P000000,0*4F
2026-06-18T13:38:40.000Z $GPRMC,133840.00,A,5240.7262,N,00433.0843,E,8.0,178.1,180626,,,A*56
2026-06-18T13:38:40.000Z $IIHDG,179.7,,,,*41
2026-06-18T13:38:40.000Z $IIMWV,162.7,T,9.3,N,A*33
2026-06-18T13:38:40.000Z $IIRPM,E,1,0,,A*66
2026-06-18T13:38:50.000Z $GPRMC,133850.00,A,5240.6960,N,00433.0891,E,8.0,177.7,180626,,,A*59
2026-06-18T13:38:50.000Z $IIHDG,176.8,,,,*41
2026-06-18T13:38:50.000Z $IIMWV,171.3,T,6.8,N,A*31
2026-06-18T13:38:50.000Z $IIRPM,E,1,0,,A*66
2026-06-18T13:39:00.000Z $GPRMC,133900.00,A,5240.6513,N,00433.1161,E,8.0,176.5,180626,,,A*51
2026-06-18T13:39:00.000Z $GPGGA,133900.00,5240.6513,N,00433.1161,E,1,12,0.9,0.0,M,0.0,M,,*5F
2026-06-18T13:39:00.000Z $IIHDG,177.4,,,,*4C
2026-06-18T13:39:00.000Z $IIMWV,172.2,T,9.1,N,A*35
2026-06-18T13:39:00.000Z $IIDBT,58.4,f,17.8,M,9.7,F*18
2026-06-18T13:39:00.000Z $IIRPM,E,1,0,,A*66
2026-06-18T13:39:00.000Z $IIXDR,V,12.68,V,BATT*6E
2026-06-18T13:39:00.000Z $GPVTG,176.5,T,,M,8.0,N,14.8,K,A*3D
2026-06-18T13:39:00.000Z !AIVDM,1,1,,A,B3b;QlPt?059l4WP`;AD93P000000,0*4F
2026-06-18T13:39:10.000Z $GPRMC,133910.00,A,5240.6082,N,00433.0701,E,8.0,176.3,180626,,,A*5A
2026-06-18T13:39:10.000Z $IIHDG,179.8,,,,*4E
2026-06-18T13:39:10.000Z $IIMWV,163.2,T,8.4,N,A*31
2026-06-18T13:39:10.000Z $IIRPM,E,1,0,,A*66
2026-06-18T13:39:20.000Z $GPRMC,133920.00,A,5240.6110,N,00433.0653,E,8.0,178.5,180626,,,A*5D
2026-06-18T13:39:20.000Z $IIHDG,179.3,,,,*45
2026-06-18T13:39:20.000Z $IIMWV,170.2,T,7.6,N,A*3E
2026-06-18T13:39:20.000Z $IIRPM,E,1,0,,A*66
2026-06-18T13:39:30.000Z $GPRMC,133930.00,A,5240.5746,N,00433.1075,E,8.0,177.4,180626,,,A*57
2026-06-18T13:39:30.000Z $GPGGA,133930.00,5240.5746,N,00433.1075,E,1,11,0.9,0.0,M,0.0,M,,*5A
2026-06-18T13:39:30.000Z $IIHDG,177.6,,,,*4E
2026-06-18T13:39:30.000Z $IIMWV,167.0,T,9.3,N,A*31
2026-06-18T13:39:30.000Z $IIDBT,56.3,f,17.2,M,9.4,F*18
2026-06-18T13:39:30.000Z $IIRPM,E,1,0,,A*66
2026-06-18T13:39:30.000Z $GPVTG,177.4,T,,M,8.0,N,14.8,K,A*3D
2026-06-18T13:39:30.000Z !AIVDM,1,1,,A,B3b;QlPt?059o77P`diD93P000000,0*58
2026-06-18T13:39:40.000Z $GPRMC,133940.00,A,5240.5756,N,00433.0966,E,8.0,177.4,180626,,,A*5B
2026-06-18T13:39:40.000Z $IIHDG,178.8,,,,*4F
2026-06-18T13:39:40.000Z $IIMWV,164.0,T,8.7,N,A*37
2026-06-18T13:39:40.000Z $IIRPM,E,1,0,,A*66
2026-06-18T13:39:50.000Z $GPRMC,133950.00,A,5240.5202,N,00433.0937,E,8.0,176.9,180626,,,A*56
2026-06-18T13:39:50.000Z $IIHDG,179.4,,,,*42
2026-06-18T13:39:50.000Z $IIMWV,165.4,T,8.3,N,A*36
2026-06-18T13:39:50.000Z $IIRPM,E,1,0,,A*66
2026-06-18T13:40:00.000Z $GPRMC,134000.00,A,5240.4736,N,00433.1008,E,8.0,178.8,180626,,,A*55
2026-06-18T13:40:00.000Z $GPGGA,134000.00,5240.4736,N,00433.1008,E,1,11,0.9,0.0,M,0.0,M,,*5B
2026-06-18T13:40:00.000Z $IIHDG,178.9,,,,*4E
2026-06-18T13:40:00.000Z $IIMWV,172.5,T,7.6,N,A*3B
2026-06-18T13:40:00.000Z $IIDBT,54.2,f,16.5,M,9.0,F*19
2026-06-18T13:40:00.000Z $IIRPM,E,1,0,,A*66
2026-06-18T13:40:00.000Z $IIXDR,V,12.56,V,BATT*63
2026-06-18T13:40:00.000Z $IIMTA,19.2,C*0F
2026-06-18T13:40:00.000Z $GPVTG,178.8,T,,M,8.0,N,14.8,K,A*3E
2026-06-18T13:40:00.000Z !AIVDM,1,1,,A,B3b;QlPt?059nFWP`guD93P000000,0*57
2026-06-18T13:40:10.000Z $GPRMC,134010.00,A,5240.4488,N,00433.0749,E,8.0,178.1,180626,,,A*58
2026-06-18T13:40:10.000Z $IIHDG,179.1,,,,*47
2026-06-18T13:40:10.000Z $IIMWV,165.5,T,7.2,N,A*39
2026-06-18T13:40:10.000Z $IIRPM,E,1,0,,A*66
2026-06-18T13:40:20.000Z $GPRMC,134020.00,A,5240.4626,N,00433.0935,E,8.0,178.1,180626,,,A*58
2026-06-18T13:40:20.000Z $IIHDG,176.2,,,,*4B
2026-06-18T13:40:20.000Z $IIMWV,169.1,T,6.7,N,A*35
2026-06-18T13:40:20.000Z $IIRPM,E,1,0,,A*66
2026-06-18T13:40:30.000Z $GPRMC,134030.00,A,5240.4116,N,00433.1062,E,8.0,176.3,180626,,,A*5B
2026-06-18T13:40:30.000Z $GPGGA,134030.00,5240.4116,N,00433.1062,E,1,12,0.9,0.0,M,0.0,M,,*53
2026-06-18T13:40:30.000Z $IIHDG,179.4,,,,*42
2026-06-18T13:40:30.000Z $IIMWV,169.6,T,9.0,N,A*3A
2026-06-18T13:40:30.000Z $IIDBT,51.7,f,15.7,M,8.6,F*1F
2026-06-18T13:40:30.000Z $IIRPM,E,1,0,,A*66
2026-06-18T13:40:30.000Z $GPVTG,176.3,T,,M,8.0,N,14.8,K,A*3B
2026-06-18T13:40:30.000Z !AIVDM,1,1,,A,B3b;QlPt?059rJWP`=qD93P000000,0*19
2026-06-18T13:40:40.000Z $GPRMC,134040.00,A,5240.4094,N,00433.1325,E,8.0,177.2,180626,,,A*57
2026-06-18T13:40:40.000Z $IIHDG,176.0,,,,*49
2026-06-18T13:40:40.000Z $IIMWV,163.1,T,9.0,N,A*37
2026-06-18T13:40:40.000Z $IIRPM,E,1,0,,A*66
2026-06-18T13:40:50.000Z $GPRMC,134050.00,A,5240.3583,N,00433.1067,E,8.0,177.7,180626,,,A*52
2026-06-18T13:40:50.000Z $IIHDG,178.6,,,,*41
2026-06-18T13:40:50.000Z $IIMWV,164.1,T,8.2,N,A*33
2026-06-18T13:40:50.000Z $IIRPM,E,1,0,,A*66
2026-06-18T13:41:00.000Z $GPRMC,134100.00,A,5240.3510,N,00433.0834,E,8.0,176.5,180626,,,A*50
2026-06-18T13:41:00.000Z $GPGGA,134100.00,5240.3510,N,00433.0834,E,1,9,0.9,0.0,M,0.0,M,,*64
2026-06-18T13:41:00.000Z $IIHDG,176.7,,,,*4E
2026-06-18T13:41:00.000Z $IIMWV,163.1,T,7.2,N,A*3B
2026-06-18T13:41:00.000Z $IIDBT,52.8,f,16.1,M,8.8,F*18
2026-06-18T13:41:00.000Z $IIRPM,E,1,0,,A*66
2026-06-18T13:41:00.000Z $IIXDR,V,12.68,V,BATT*6E
2026-06-18T13:41:00.000Z $GPVTG,176.5,T,,M,8.0,N,14.8,K,A*3D
2026-06-18T13:41:00.000Z !AIVDM,1,1,,A,B3b;QlPt?059rO7PWSaD93P000000,0*35
2026-06-18T13:41:10.000Z $GPRMC,134110.00,A,5240.3320,N,00433.1052,E,8.0,176.3,180626,,,A*5B
2026-06-18T13:41:10.000Z $IIHDG,176.5,,,,*4C
2026-06-18T13:41:10.000Z $IIMWV,165.2,T,8.0,N,A*33
2026-06-18T13:41:10.000Z $IIRPM,E,1,0,,A*66
2026-06-18T13:41:20.000Z $GPRMC,134120.00,A,5240.3192,N,00433.1309,E,8.0,179.2,180626,,,A*50
2026-06-18T13:41:20.000Z $IIHDG,178.7,,,,*40
2026-06-18T13:41:20.000Z $IIMWV,163.1,T,6.6,N,A*3E
2026-06-18T13:41:20.000Z $IIRPM,E,1,0,,A*66
2026-06-18T13:41:30.000Z $GPRMC,134130.00,A,5240.2867,N,00433.1277,E,8.0,178.8,180626,,,A*50
2026-06-18T13:41:30.000Z $GPGGA,134130.00,5240.2867,N,00433.1277,E,1,11,0.9,0.0,M,0.0,M,,*5E
2026-06-18T13:41:30.000Z $IIHDG,179.5,,,,*43
2026-06-18T13:41:30.000Z $IIMWV,170.7,T,9.3,N,A*30
2026-06-18T13:41:30.000Z $IIDBT,50.2,f,15.3,M,8.4,F*1D
2026-06-18T13:41:30.000Z $IIRPM,E,1,0,,A*66
2026-06-18T13:41:30.000Z $GPVTG,178.8,T,,M,8.0,N,14.8,K,A*3E
2026-06-18T13:41:30.000Z !AIVDM,1,1,,A,B3b;QlPt?059wh7P`8=D93P000000,0*17
2026-06-18T13:41:40.000Z $GPRMC,134140.00,A,5240.2563,N,00433.1100,E,8.0,178.5,180626,,,A*50
2026-06-18T13:41:40.000Z $IIHDG,178.8,,,,*4F
2026-06-18T13:41:40.000Z $IIMWV,163.9,T,9.1,N,A*3E
2026-06-18T13:41:40.000Z $IIRPM,E,1,0,,A*66
2026-06-18T13:41:50.000Z $GPRMC,134150.00,A,5240.2312,N,00433.0944,E,8.0,176.2,180626,,,A*51
2026-06-18T13:41:50.000Z $IIHDG,177.6,,,,*4E
2026-06-18T13:41:50.000Z $IIMWV,165.5,T,7.2,N,A*39
2026-06-18T13:41:50.000Z $IIRPM,E,1,0,,A*66
2026-06-18T13:42:00.000Z $GPRMC,134200.00,A,5240.2002,N,00433.1136,E,8.0,177.3,180626,,,A*59
2026-06-18T13:42:00.000Z $GPGGA,134200.00,5240.2002,N,00433.1136,E,1,11,0.9,0.0,M,0.0,M,,*53
2026-06-18T13:42:00.000Z $IIHDG,179.2,,,,*44
2026-06-18T13:42:00.000Z $IIMWV,169.4,T,7.4,N,A*32
2026-06-18T13:42:00.000Z $IIDBT,57.0,f,17.4,M,9.5,F*1D
2026-06-18T13:42:00.000Z $IIRPM,E,1,0,,A*66
2026-06-18T13:42:00.000Z $IIXDR,V,12.46,V,BATT*62
2026-06-18T13:42:00.000Z $GPVTG,177.3,T,,M,8.0,N,14.8,K,A*3A
2026-06-18T13:42:00.000Z !AIVDM,1,1,,A,B3b;QlPt?059tO7PWQQD93P000000,0*01
2026-06-18T13:42:10.000Z $GPRMC,134210.00,A,5240.2039,N,00433.1450,E,8.0,178.5,180626,,,A*5C
2026-06-18T13:42:10.000Z $IIHDG,177.3,,,,*4B
2026-06-18T13:42:10.000Z $IIMWV,167.1,T,9.1,N,A*32
2026-06-18T13:42:10.000Z $IIRPM,E,1,0,,A*66
2026-06-18T13:42:20.000Z $GPRMC,134220.00,A,5240.1594,N,00433.1218,E,8.0,178.1,180626,,,A*50
2026-06-18T13:42:20.000Z $IIHDG,179.8,,,,*4E
2026-06-18T13:42:20.000Z $IIMWV,163.9,T,7.3,N,A*32
2026-06-18T13:42:20.000Z $IIRPM,E,1,0,,A*66
2026-06-18T13:42:30.000Z $GPRMC,134230.00,A,5240.1353,N,00433.1344,E,8.0,177.3,180626,,,A*59
2026-06-18T13:42:30.000Z $GPGGA,134230.00,5240.1353,N,00433.1344,E,1,9,0.9,0.0,M,0.0,M,,*6A
2026-06-18T13:42:30.000Z $IIHDG,177.3,,,,*4B
2026-06-18T13:42:30.000Z $IIMWV,167.6,T,8.2,N,A*37
2026-06-18T13:42:30.000Z $IIDBT,51.6,f,15.7,M,8.6,F*1E
2026-06-18T13:42:30.000Z $IIRPM,E,1,0,,A*66
2026-06-18T13:42:30.000Z $GPVTG,177.3,T,,M,8.0,N,14.8,K,A*3A
2026-06-18T13:42:30.000Z !AIVDM,1,1,,A,B3b;QlPt?059rmWPWMiD93P000000,0*61
2026-06-18T13:42:40.000Z $GPRMC,134240.00,A,5240.0846,N,00433.1555,E,8.0,178.9,180626,,,A*53
2026-06-18T13:42:40.000Z $IIHDG,179.5,,,,*43
2026-06-18T13:42:40.000Z $IIMWV,166.6,T,6.8,N,A*32
2026-06-18T13:42:40.000Z $IIRPM,E,1,0,,A*66
2026-06-18T13:42:50.000Z $GPRMC,134250.00,A,5240.0835,N,00433.1096,E,8.0,179.0,180626,,,A*54
2026-06-18T13:42:50.000Z $IIHDG,178.2,,,,*45
2026-06-18T13:42:50.000Z $IIMWV,164.7,T,6.6,N,A*3F
2026-06-18T13:42:50.000Z $IIRPM,E,1,0,,A*66
2026-06-18T13:43:00.000Z $GPRMC,134300.00,A,5240.0677,N,00433.1121,E,8.0,178.1,180626,,,A*55
2026-06-18T13:43:00.000Z $GPGGA,134300.00,5240.0677,N,00433.1121,E,1,11,0.9,0.0,M,0.0,M,,*52
2026-06-18T13:43:00.000Z $IIHDG,178.7,,,,*40
2026-06-18T13:43:00.000Z $IIMWV,162.8,T,8.1,N,A*3F
2026-06-18T13:43:00.000Z $IIDBT,49.4,f,15.0,M,8.2,F*16
2026-06-18T13:43:00.000Z $IIRPM,E,1,0,,A*66
2026-06-18T13:43:00.000Z $IIXDR,V,12.58,V,BATT*6D
2026-06-18T13:43:00.000Z $GPVTG,178.1,T,,M,8.0,N,14.8,K,A*37
2026-06-18T13:43:00.000Z !AIVDM,1,1,,A,B3b;QlPt?059wbWP`=1D93P000000,0*74
2026-06-18T13:43:10.000Z $GPRMC,134310.00,A,5240.0062,N,00433.1539,E,8.0,179.0,180626,,,A*5B
2026-06-18T13:43:10.000Z $IIHDG,179.1,,,,*47
2026-06-18T13:43:10.000Z $IIMWV,170.1,T,8.8,N,A*3C
2026-06-18T13:43:10.000Z $IIRPM,E,1,0,,A*66
2026-06-18T13:43:20.000Z $GPRMC,134320.00,A,5239.9797,N,00433.1496,E,8.0,178.9,180626,,,A*5E
2026-06-18T13:43:20.000Z $IIHDG,176.0,,,,*49
2026-06-18T13:43:20.000Z $IIMWV,169.6,T,7.0,N,A*34
2026-06-18T13:43:20.000Z $IIRPM,E,1,0,,A*66
2026-06-18T13:43:30.000Z $GPRMC,134330.00,A,5239.9866,N,00433.1297,E,8.0,176.9,180626,,,A*57
2026-06-18T13:43:30.000Z $GPGGA,134330.00,5239.9866,N,00433.1297,E,1,10,0.9,0.0,M,0.0,M,,*57
2026-06-18T13:43:30.000Z $IIHDG,178.1,,,,*46
2026-06-18T13:43:30.000Z $IIMWV,166.4,T,8.0,N,A*36
2026-06-18T13:43:30.000Z $IIDBT,53.8,f,16.4,M,9.0,F*15
2026-06-18T13:43:30.000Z $IIRPM,E,1,0,,A*66
2026-06-18T13:43:30.000Z $GPVTG,176.9,T,,M,8.0,N,14.8,K,A*31
2026-06-18T13:43:30.000Z !AIVDM,1,1,,A,B3b;QlPt?059vuWP`D9D93P000000,0*13
2026-06-18T13:43:40.000Z $GPRMC,134340.00,A,5239.9326,N,00433.1498,E,8.0,177.3,180626,,,A*5D
2026-06-18T13:43:40.000Z $IIHDG,177.8,,,,*40
2026-06-18T13:43:40.000Z $IIMWV,166.7,T,7.0,N,A*3A
2026-06-18T13:43:40.000Z $IIRPM,E,1,0,,A*66
2026-06-18T13:43:50.000Z $GPRMC,134350.00,A,5239.9531,N,00433.1495,E,8.0,177.5,180626,,,A*57
2026-06-18T13:43:50.000Z $IIHDG,176.4,,,,*4D
2026-06-18T13:43:50.000Z $IIMWV,165.1,T,6.6,N,A*38
2026-06-18T13:43:50.000Z $IIRPM,E,1,0,,A*66
2026-06-18T13:44:00.000Z $GPRMC,134400.00,A,5239.8994,N,00433.1635,E,8.0,176.3,180626,,,A*58
2026-06-18T13:44:00.000Z $GPGGA,134400.00,5239.8994,N,00433.1635,E,1,9,0.9,0.0,M,0.0,M,,*6A
2026-06-18T13:44:00.000Z $IIHDG,178.0,,,,*47
2026-06-18T13:44:00.000Z $IIMWV,164.4,T,7.2,N,A*39
2026-06-18T13:44:00.000Z $IIDBT,50.4,f,15.4,M,8.4,F*1C
2026-06-18T13:44:00.000Z $IIRPM,E,1,0,,A*66
2026-06-18T13:44:00.000Z $IIXDR,V,12.56,V,BATT*63
2026-06-18T13:44:00.000Z $GPVTG,176.3,T,,M,8.0,N,14.8,K,A*3B
2026-06-18T13:44:00.000Z !AIVDM,1,1,,A,B3b;QlPt?05:1BWPW:ED93P000000,0*55
2026-06-18T13:44:10.000Z $GPRMC,134410.00,A,5239.8797,N,00433.1515,E,8.0,179.2,180626,,,A*5B
2026-06-18T13:44:10.000Z $IIHDG,176.3,,,,*4A
2026-06-18T13:44:10.000Z $IIMWV,170.9,T,6.7,N,A*35
2026-06-18T13:44:10.000Z $IIRPM,E,1,0,,A*66
2026-06-18T13:44:20.000Z $GPRMC,134420.00,A,5239.8533,N,00433.1353,E,8.0,178.9,180626,,,A*5A
2026-06-18T13:44:20.000Z $IIHDG,180.0,,,,*40
2026-06-18T13:44:20.000Z $IIMWV,168.4,T,8.6,N,A*3E
2026-06-18T13:44:20.000Z $IIRPM,E,1,0,,A*66
2026-06-18T13:44:30.000Z $GPRMC,134430.00,A,5239.8028,N,00433.1555,E,8.0,178.1,180626,,,A*5C
2026-06-18T13:44:30.000Z $GPGGA,134430.00,5239.8028,N,00433.1555,E,1,8,0.9,0.0,M,0.0,M,,*63
2026-06-18T13:44:30.000Z $IIHDG,179.3,,,,*45
2026-06-18T13:44:30.000Z $IIMWV,172.4,T,6.9,N,A*34
2026-06-18T13:44:30.000Z $IIDBT,55.2,f,16.8,M,9.2,F*17
2026-06-18T13:44:30.000Z $IIRPM,E,1,0,,A*66
2026-06-18T13:44:30.000Z $GPVTG,178.1,T,,M,8.0,N,14.8,K,A*37
2026-06-18T13:44:30.000Z !AIVDM,1,1,,A,B3b;QlPt?05:3P7P`6aD93P000000,0*3A
2026-06-18T13:44:40.000Z $GPRMC,134440.00,A,5239.7943,N,00433.1223,E,8.0,178.0,180626,,,A*57
2026-06-18T13:44:40.000Z $IIHDG,177.2,,,,*4A
2026-06-18T13:44:40.000Z $IIMWV,165.9,T,8.4,N,A*3C
2026-06-18T13:44:40.000Z $IIRPM,E,1,0,,A*66
2026-06-18T13:44:50.000Z $GPRMC,134450.00,A,5239.8035,N,00433.1307,E,8.0,177.5,180626,,,A*5C
2026-06-18T13:44:50.000Z $IIHDG,175.2,,,,*48
2026-06-18T13:44:50.000Z $IIMWV,163.7,T,7.1,N,A*3E
2026-06-18T13:44:50.000Z $IIRPM,E,1,0,,A*66
2026-06-18T13:45:00.000Z $GPRMC,134500.00,A,5239.7272,N,00433.1553,E,8.0,179.0,180626,,,A*5A
2026-06-18T13:45:00.000Z $GPGGA,134500.00,5239.7272,N,00433.1553,E,1,12,0.9,0.0,M,0.0,M,,*5E
2026-06-18T13:45:00.000Z $IIHDG,179.9,,,,*4F
2026-06-18T13:45:00.000Z $IIMWV,165.2,T,9.2,N,A*30
2026-06-18T13:45:00.000Z $IIDBT,50.7,f,15.5,M,8.5,F*1F
2026-06-18T13:45:00.000Z $IIRPM,E,1,0,,A*66
2026-06-18T13:45:00.000Z $IIXDR,V,12.68,V,BATT*6E
2026-06-18T13:45:00.000Z $IIMTA,18.6,C*0A
2026-06-18T13:45:00.000Z $GPVTG,179.0,T,,M,8.0,N,14.8,K,A*37
2026-06-18T13:45:00.000Z !AIVDM,1,1,,A,B3b;QlPt?05:177PW7ID93P000000,0*41
2026-06-18T13:45:10.000Z $GPRMC,134510.00,A,5239.7326,N,00433.1321,E,8.0,176.8,180626,,,A*5F
2026-06-18T13:45:10.000Z $IIHDG,176.8,,,,*41
2026-06-18T13:45:10.000Z $IIMWV,172.6,T,9.1,N,A*31
2026-06-18T13:45:10.000Z $IIRPM,E,1,0,,A*66
2026-06-18T13:45:20.000Z $GPRMC,134520.00,A,5239.7009,N,00433.1545,E,8.0,178.8,180626,,,A*58
2026-06-18T13:45:20.000Z $IIHDG,177.3,,,,*4B
2026-06-18T13:45:20.000Z $IIMWV,163.1,T,6.5,N,A*3D
2026-06-18T13:45:20.000Z $IIRPM,E,1,0,,A*66
2026-06-18T13:45:30.000Z $GPRMC,134530.00,A,5239.6803,N,00433.1370,E,8.0,177.2,180626,,,A*5F
2026-06-18T13:45:30.000Z $GPGGA,134530.00,5239.6803,N,00433.1370,E,1,8,0.9,0.0,M,0.0,M,,*6C
2026-06-18T13:45:30.000Z $IIHDG,179.5,,,,*43
2026-06-18T13:45:30.000Z $IIMWV,171.3,T,8.0,N,A*37
2026-06-18T13:45:30.000Z $IIDBT,49.8,f,15.2,M,8.3,F*19
2026-06-18T13:45:30.000Z $IIRPM,E,1,0,,A*66
2026-06-18T13:45:30.000Z $GPVTG,177.2,T,,M,8.0,N,14.8,K,A*3B
2026-06-18T13:45:30.000Z !AIVDM,1,1,,A,B3b;QlPt?05:7U7PWW9D93P000000,0*35
2026-06-18T13:45:40.000Z $GPRMC,134540.00,A,5239.6653,N,00433.1844,E,8.0,177.4,180626,,,A*59
2026-06-18T13:45:40.000Z $IIHDG,177.4,,,,*4C
2026-06-18T13:45:40.000Z $IIMWV,171.2,T,7.5,N,A*3C
2026-06-18T13:45:40.000Z $IIRPM,E,1,0,,A*66
2026-06-18T13:45:50.000Z $GPRMC,134550.00,A,5239.6096,N,00433.1826,E,8.0,177.1,180626,,,A*56
2026-06-18T13:45:50.000Z $IIHDG,176.3,,,,*4A
2026-06-18T13:45:50.000Z $IIMWV,168.2,T,7.6,N,A*37
2026-06-18T13:45:50.000Z $IIRPM,E,1,0,,A*66
2026-06-18T13:46:00.000Z $GPRMC,134600.00,A,5239.5951,N,00433.1364,E,8.0,178.8,180626,,,A*5A
2026-06-18T13:46:00.000Z $GPGGA,134600.00,5239.5951,N,00433.1364,E,1,12,0.9,0.0,M,0.0,M,,*57
2026-06-18T13:46:00.000Z $IIHDG,178.9,,,,*4E
2026-06-18T13:46:00.000Z $IIMWV,166.6,T,7.6,N,A*3D
2026-06-18T13:46:00.000Z $IIDBT,49.2,f,15.0,M,8.2,F*10
2026-06-18T13:46:00.000Z $IIRPM,E,1,0,,A*66
2026-06-18T13:46:00.000Z $IIXDR,V,12.52,V,BATT*67
2026-06-18T13:46:00.000Z $GPVTG,178.8,T,,M,8.0,N,14.8,K,A*3E
2026-06-18T13:46:00.000Z !AIVDM,1,1,,A,B3b;QlPt?05:2h7PW6aD93P000000,0*34
2026-06-18T13:46:10.000Z $GPRMC,134610.00,A,5239.5811,N,00433.1765,E,8.0,176.3,180626,,,A*5E
2026-06-18T13:46:10.000Z $IIHDG,176.9,,,,*40
2026-06-18T13:46:10.000Z $IIMWV,164.0,T,8.2,N,A*32
2026-06-18T13:46:10.000Z $IIRPM,E,1,0,,A*66
2026-06-18T13:46:20.000Z $GPRMC,134620.00,A,5239.5349,N,00433.1824,E,8.0,177.8,180626,,,A*5B
2026-06-18T13:46:20.000Z $IIHDG,176.1,,,,*48
2026-06-18T13:46:20.000Z $IIMWV,168.3,T,7.5,N,A*35
2026-06-18T13:46:20.000Z $IIRPM,E,1,0,,A*66
2026-06-18T13:46:30.000Z $GPRMC,134630.00,A,5239.5370,N,00433.1892,E,8.0,177.4,180626,,,A*51
2026-06-18T13:46:30.000Z $GPGGA,134630.00,5239.5370,N,00433.1892,E,1,9,0.9,0.0,M,0.0,M,,*65
2026-06-18T13:46:30.000Z $IIHDG,176.7,,,,*4E
2026-06-18T13:46:30.000Z $IIMWV,169.7,T,7.2,N,A*37
2026-06-18T13:46:30.000Z $IIDBT,53.7,f,16.4,M,9.0,F*1A
2026-06-18T13:46:30.000Z $IIRPM,E,1,0,,A*66
2026-06-18T13:46:30.000Z $GPVTG,177.4,T,,M,8.0,N,14.8,K,A*3D
2026-06-18T13:46:30.000Z !AIVDM,1,1,,A,B3b;QlPt?05:3M7PWU9D93P000000,0*2B
2026-06-18T13:46:40.000Z $GPRMC,134640.00,A,5239.4964,N,00433.1657,E,8.0,177.1,180626,,,A*5A
2026-06-18T13:46:40.000Z $IIHDG,179.7,,,,*41
2026-06-18T13:46:40.000Z $IIMWV,163.0,T,7.9,N,A*31
2026-06-18T13:46:40.000Z $IIRPM,E,1,0,,A*66
2026-06-18T13:46:50.000Z $GPRMC,134650.00,A,5239.4477,N,00433.1402,E,8.0,176.6,180626,,,A*50
2026-06-18T13:46:50.000Z $IIHDG,176.6,,,,*4F
2026-06-18T13:46:50.000Z $IIMWV,169.0,T,9.5,N,A*39
2026-06-18T13:46:50.000Z $IIRPM,E,1,0,,A*66
2026-06-18T13:47:00.000Z $GPRMC,134700.00,A,5239.4435,N,00433.1648,E,8.0,177.8,180626,,,A*51
2026-06-18T13:47:00.000Z $GPGGA,134700.00,5239.4435,N,00433.1648,E,1,12,0.9,0.0,M,0.0,M,,*53
2026-06-18T13:47:00.000Z $IIHDG,179.2,,,,*44
2026-06-18T13:47:00.000Z $IIMWV,166.6,T,7.5,N,A*3E
2026-06-18T13:47:00.000Z $IIDBT,49.6,f,15.1,M,8.3,F*14
2026-06-18T13:47:00.000Z $IIRPM,E,1,0,,A*66
2026-06-18T13:47:00.000Z $IIXDR,V,12.46,V,BATT*62
2026-06-18T13:47:00.000Z $GPVTG,177.8,T,,M,8.0,N,14.8,K,A*31
2026-06-18T13:47:00.000Z !AIVDM,1,1,,A,B3b;QlPt?05:9v7PVhqD93P000000,0*6E
2026-06-18T13:47:10.000Z $GPRMC,134710.00,A,5239.4419,N,00433.1602,E,8.0,177.5,180626,,,A*5D
2026-06-18T13:47:10.000Z $IIHDG,177.8,,,,*40
2026-06-18T13:47:10.000Z $IIMWV,165.2,T,9.1,N,A*33
2026-06-18T13:47:10.000Z $IIRPM,E,1,0,,A*66
2026-06-18T13:47:20.000Z $GPRMC,134720.00,A,5239.3788,N,00433.1596,E,8.0,176.3,180626,,,A*5B
2026-06-18T13:47:20.000Z $IIHDG,177.8,,,,*40
2026-06-18T13:47:20.000Z $IIMWV,165.4,T,8.2,N,A*37
2026-06-18T13:47:20.000Z $IIRPM,E,1,0,,A*66
2026-06-18T13:47:30.000Z $GPRMC,134730.00,A,5239.3473,N,00433.1509,E,8.0,176.4,180626,,,A*5C
2026-06-18T13:47:30.000Z $GPGGA,134730.00,5239.3473,N,00433.1509,E,1,8,0.9,0.0,M,0.0,M,,*68
2026-06-18T13:47:30.000Z $IIHDG,175.5,,,,*4F
2026-06-18T13:47:30.000Z $IIMWV,168.0,T,6.9,N,A*3B
2026-06-18T13:47:30.000Z $IIDBT,49.0,f,14.9,M,8.2,F*1A
2026-06-18T13:47:30.000Z $IIRPM,E,1,0,,A*66
2026-06-18T13:47:30.000Z $GPVTG,176.4,T,,M,8.0,N,14.8,K,A*3C
2026-06-18T13:47:30.000Z !AIVDM,1,1,,A,B3b;QlPt?05:7KWPWaUD93P000000,0*11
2026-06-18T13:47:40.000Z $GPRMC,134740.00,A,5239.3221,N,00433.1958,E,8.0,176.5,180626,,,A*53
2026-06-18T13:47:40.000Z $IIHDG,177.7,,,,*4F
2026-06-18T13:47:40.000Z $IIMWV,166.3,T,7.8,N,A*36
2026-06-18T13:47:40.000Z $IIRPM,E,1,0,,A*66
2026-06-18T13:47:50.000Z $GPRMC,134750.00,A,5239.3034,N,00433.1779,E,8.0,178.2,180626,,,A*50
2026-06-18T13:47:50.000Z $IIHDG,178.8,,,,*4F
2026-06-18T13:47:50.000Z $IIMWV,167.4,T,8.3,N,A*34
2026-06-18T13:47:50.000Z $IIRPM,E,1,0,,A*66
2026-06-18T13:48:00.000Z $GPRMC,134800.00,A,5239.2829,N,00433.1560,E,8.0,177.4,180626,,,A*5C
2026-06-18T13:48:00.000Z $GPGGA,134800.00,5239.2829,N,00433.1560,E,1,9,0.9,0.0,M,0.0,M,,*68
2026-06-18T13:48:00.000Z $IIHDG,179.7,,,,*41
2026-06-18T13:48:00.000Z $IIMWV,172.5,T,7.0,N,A*3D
2026-06-18T13:48:00.000Z $IIDBT,50.5,f,15.4,M,8.4,F*1D
2026-06-18T13:48:00.000Z $IIRPM,E,1,0,,A*66
2026-06-18T13:48:00.000Z $IIXDR,V,12.43,V,BATT*67
2026-06-18T13:48:00.000Z $GPVTG,177.4,T,,M,8.0,N,14.8,K,A*3D
2026-06-18T13:48:00.000Z !AIVDM,1,1,,A,B3b;QlPt?05:=07PW2uD93P000000,0*73
2026-06-18T13:48:10.000Z $GPRMC,134810.00,A,5239.2874,N,00433.1860,E,8.0,177.4,180626,,,A*58
2026-06-18T13:48:10.000Z $IIHDG,178.6,,,,*41
2026-06-18T13:48:10.000Z $IIMWV,169.9,T,8.4,N,A*30
2026-06-18T13:48:10.000Z $IIRPM,E,1,0,,A*66
2026-06-18T13:48:20.000Z $GPRMC,134820.00,A,5239.2608,N,00433.2031,E,8.0,177.8,180626,,,A*5D
2026-06-18T13:48:20.000Z $IIHDG,177.5,,,,*4D
2026-06-18T13:48:20.000Z $IIMWV,167.4,T,8.7,N,A*30
2026-06-18T13:48:20.000Z $IIRPM,E,1,0,,A*66
2026-06-18T13:48:30.000Z $GPRMC,134830.00,A,5239.2402,N,00433.1937,E,8.0,177.7,180626,,,A*57
2026-06-18T13:48:30.000Z $GPGGA,134830.00,5239.2402,N,00433.1937,E,1,12,0.9,0.0,M,0.0,M,,*5A
2026-06-18T13:48:30.000Z $IIHDG,177.2,,,,*4A
2026-06-18T13:48:30.000Z $IIMWV,165.4,T,8.5,N,A*30
2026-06-18T13:48:30.000Z $IIDBT,56.1,f,17.1,M,9.3,F*1E
2026-06-18T13:48:30.000Z $IIRPM,E,1,0,,A*66
2026-06-18T13:48:30.000Z $GPVTG,177.7,T,,M,8.0,N,14.8,K,A*3E
2026-06-18T13:48:30.000Z !AIVDM,1,1,,A,B3b;QlPt?05:<jWPVOiD93P000000,0*28
2026-06-18T13:48:40.000Z $GPRMC,134840.00,A,5239.1926,N,00433.2109,E,8.0,178.1,180626,,,A*57
2026-06-18T13:48:40.000Z $IIHDG,176.9,,,,*40
2026-06-18T13:48:40.000Z $IIMWV,166.5,T,6.6,N,A*3F
2026-06-18T13:48:40.000Z $IIRPM,E,1,0,,A*66
2026-06-18T13:48:50.000Z $GPRMC,134850.00,A,5239.2017,N,00433.2089,E,8.0,177.7,180626,,,A*5E
2026-06-18T13:48:50.000Z $IIHDG,179.4,,,,*42
2026-06-18T13:48:50.000Z $IIMWV,169.3,T,8.5,N,A*3B
2026-06-18T13:48:50.000Z $IIRPM,E,1,0,,A*66
2026-06-18T13:49:00.000Z $GPRMC,134900.00,A,5239.1573,N,00433.2136,E,8.0,178.5,180626,,,A*56
2026-06-18T13:49:00.000Z $GPGGA,134900.00,5239.1573,N,00433.2136,E,1,12,0.9,0.0,M,0.0,M,,*56
2026-06-18T13:49:00.000Z $IIHDG,176.4,,,,*4D
2026-06-18T13:49:00.000Z $IIMWV,164.6,T,8.8,N,A*3E
2026-06-18T13:49:00.000Z $IIDBT,53.2,f,16.2,M,8.9,F*11
2026-06-18T13:49:00.000Z $IIRPM,E,1,0,,A*66
2026-06-18T13:49:00.000Z $IIXDR,V,12.50,V,BATT*65
2026-06-18T13:49:00.000Z $GPVTG,178.5,T,,M,8.0,N,14.8,K,A*33
2026-06-18T13:49:00.000Z !AIVDM,1,1,,A,B3b;QlPt?05:7l7PVdUD93P000000,0*52
2026-06-18T13:49:10.000Z $GPRMC,134910.00,A,5239.1479,N,00433.1924,E,8.0,176.3,180626,,,A*5C
2026-06-18T13:49:10.000Z $IIHDG,175.3,,,,*49
2026-06-18T13:49:10.000Z $IIMWV,164.3,T,8.0,N,A*33
2026-06-18T13:49:10.000Z $IIRPM,E,1,0,,A*66
2026-06-18T13:49:20.000Z $GPRMC,134920.00,A,5239.1007,N,00433.1967,E,8.0,177.4,180626,,,A*53
2026-06-18T13:49:20.000Z $IIHDG,176.4,,,,*4D
2026-06-18T13:49:20.000Z $IIMWV,165.4,T,9.4,N,A*30
2026-06-18T13:49:20.000Z $IIRPM,E,1,0,,A*66
2026-06-18T13:49:30.000Z $GPRMC,134930.00,A,5239.1040,N,00433.1741,E,8.0,177.9,180626,,,A*56
2026-06-18T13:49:30.000Z $GPGGA,134930.00,5239.1040,N,00433.1741,E,1,10,0.9,0.0,M,0.0,M,,*57
2026-06-18T13:49:30.000Z $IIHDG,176.6,,,,*4F
2026-06-18T13:49:30.000Z $IIMWV,168.4,T,7.2,N,A*35
2026-06-18T13:49:30.000Z $IIDBT,47.6,f,14.5,M,7.9,F*1A
2026-06-18T13:49:30.000Z $IIRPM,E,1,0,,A*66
2026-06-18T13:49:30.000Z $GPVTG,177.9,T,,M,8.0,N,14.8,K,A*30
2026-06-18T13:49:30.000Z !AIVDM,1,1,,A,B3b;QlPt?05:?pWPVmaD93P000000,0*1B
2026-06-18T13:49:40.000Z $GPRMC,134940.00,A,5239.0430,N,00433.2217,E,8.0,177.4,180626,,,A*5B
2026-06-18T13:49:40.000Z $IIHDG,177.2,,,,*4A
2026-06-18T13:49:40.000Z $IIMWV,170.6,T,8.8,N,A*3B
2026-06-18T13:49:40.000Z $IIRPM,E,1,0,,A*66
2026-06-18T13:49:50.000Z $GPRMC,134950.00,A,5239.0443,N,00433.2136,E,8.0,178.1,180626,,,A*54
2026-06-18T13:49:50.000Z $IIHDG,177.9,,,,*41
2026-06-18T13:49:50.000Z $IIMWV,169.1,T,8.2,N,A*3E
2026-06-18T13:49:50.000Z $IIRPM,E,1,0,,A*66
2026-06-18T13:50:00.000Z $GPRMC,135000.00,A,5238.9799,N,00433.2117,E,8.0,178.3,180626,,,A*54
2026-06-18T13:50:00.000Z $GPGGA,135000.00,5238.9799,N,00433.2117,E,1,11,0.9,0.0,M,0.0,M,,*51
2026-06-18T13:50:00.000Z $IIHDG,176.9,,,,*40
2026-06-18T13:50:00.000Z $IIMWV,172.6,T,6.8,N,A*37
2026-06-18T13:50:00.000Z $IIDBT,50.3,f,15.3,M,8.4,F*1C
2026-06-18T13:50:00.000Z $IIRPM,E,1,0,,A*66
2026-06-18T13:50:00.000Z $IIXDR,V,12.46,V,BATT*62
2026-06-18T13:50:00.000Z $IIMTA,18.8,C*04
2026-06-18T13:50:00.000Z $GPVTG,178.3,T,,M,8.0,N,14.8,K,A*35
2026-06-18T13:50:00.000Z !AIVDM,1,1,,A,B3b;QlPt?05:AGWPV?9D93P000000,0*58
2026-06-18T13:50:10.000Z $GPRMC,135010.00,A,5238.9634,N,00433.2189,E,8.0,179.0,180626,,,A*56
2026-06-18T13:50:10.000Z $IIHDG,177.3,,,,*4B
2026-06-18T13:50:10.000Z $IIMWV,165.5,T,9.2,N,A*37
2026-06-18T13:50:10.000Z $IIRPM,E,1,0,,A*66
2026-06-18T13:50:20.000Z $GPRMC,135020.00,A,5238.9329,N,00433.1869,E,8.0,178.5,180626,,,A*5C
2026-06-18T13:50:20.000Z $IIHDG,180.2,,,,*42
2026-06-18T13:50:20.000Z $IIMWV,167.9,T,8.2,N,A*38
2026-06-18T13:50:20.000Z $IIRPM,E,1,0,,A*66
2026-06-18T13:50:30.000Z $GPRMC,135030.00,A,5238.8967,N,00433.1847,E,8.0,177.2,180626,,,A*58
2026-06-18T13:50:30.000Z $GPGGA,135030.00,5238.8967,N,00433.1847,E,1,10,0.9,0.0,M,0.0,M,,*52
2026-06-18T13:50:30.000Z $IIHDG,175.5,,,,*4F
2026-06-18T13:50:30.000Z $IIMWV,164.0,T,7.2,N,A*3D
2026-06-18T13:50:30.000Z $IIDBT,54.6,f,16.6,M,9.1,F*1F
2026-06-18T13:50:30.000Z $IIRPM,E,1,0,,A*66
2026-06-18T13:50:30.000Z $GPVTG,177.2,T,,M,8.0,N,14.8,K,A*3B
2026-06-18T13:50:30.000Z !AIVDM,1,1,,A,B3b;QlPt?05:=p7PVcaD93P000000,0*77
2026-06-18T13:50:40.000Z $GPRMC,135040.00,A,5238.9231,N,00433.2214,E,8.0,178.1,180626,,,A*55
2026-06-18T13:50:40.000Z $IIHDG,176.7,,,,*4E
2026-06-18T13:50:40.000Z $IIMWV,166.6,T,7.4,N,A*3F
2026-06-18T13:50:40.000Z $IIRPM,E,1,0,,A*66
2026-06-18T13:50:50.000Z $GPRMC,135050.00,A,5238.8801,N,00433.2207,E,8.0,177.7,180626,,,A*57
2026-06-18T13:50:50.000Z $IIHDG,179.7,,,,*41
2026-06-18T13:50:50.000Z $IIMWV,168.7,T,6.8,N,A*3D
2026-06-18T13:50:50.000Z $IIRPM,E,1,0,,A*66
2026-06-18T13:51:00.000Z $GPRMC,135100.00,A,5238.8706,N,00433.1928,E,8.0,178.1,180626,,,A*57
2026-06-18T13:51:00.000Z $GPGGA,135100.00,5238.8706,N,00433.1928,E,1,11,0.9,0.0,M,0.0,M,,*50
2026-06-18T13:51:00.000Z $IIHDG,178.1,,,,*46
2026-06-18T13:51:00.000Z $IIMWV,164.1,T,7.9,N,A*37
2026-06-18T13:51:00.000Z $IIDBT,49.0,f,14.9,M,8.2,F*1A
2026-06-18T13:51:00.000Z $IIRPM,E,1,0,,A*66
2026-06-18T13:51:00.000Z $IIXDR,V,12.42,V,BATT*66
2026-06-18T13:51:00.000Z $GPVTG,178.1,T,,M,8.0,N,14.8,K,A*37
2026-06-18T13:51:00.000Z !AIVDM,1,1,,A,B3b;QlPt?05:;7WPVw9D93P000000,0*1A
2026-06-18T13:51:10.000Z $GPRMC,135110.00,A,5238.8077,N,00433.1991,E,8.0,176.4,180626,,,A*5E
2026-06-18T13:51:10.000Z $IIHDG,177.9,,,,*41
2026-06-18T13:51:10.000Z $IIMWV,171.0,T,9.3,N,A*36
2026-06-18T13:51:10.000Z $IIRPM,E,1,0,,A*66
2026-06-18T13:51:20.000Z $GPRMC,135120.00,A,5238.8118,N,00433.1929,E,8.0,178.7,180626,,,A*5B
2026-06-18T13:51:20.000Z $IIHDG,179.4,,,,*42
2026-06-18T13:51:20.000Z $IIMWV,168.6,T,7.0,N,A*35
2026-06-18T13:51:20.000Z $IIRPM,E,1,0,,A*66
2026-06-18T13:51:30.000Z $GPRMC,135130.00,A,5238.7636,N,00433.2139,E,8.0,177.3,180626,,,A*5F
2026-06-18T13:51:30.000Z $GPGGA,135130.00,5238.7636,N,00433.2139,E,1,8,0.9,0.0,M,0.0,M,,*6D
2026-06-18T13:51:30.000Z $IIHDG,178.6,,,,*41
2026-06-18T13:51:30.000Z $IIMWV,172.0,T,7.0,N,A*38
2026-06-18T13:51:30.000Z $IIDBT,52.3,f,15.9,M,8.7,F*17
2026-06-18T13:51:30.000Z $IIRPM,E,1,0,,A*66
2026-06-18T13:51:30.000Z $GPVTG,177.3,T,,M,8.0,N,14.8,K,A*3A
2026-06-18T13:51:30.000Z !AIVDM,1,1,,A,B3b;QlPt?05:;@7PVSmD93P000000,0*7D
2026-06-18T13:51:40.000Z $GPRMC,135140.00,A,5238.7443,N,00433.1897,E,8.0,178.4,180626,,,A*5E
2026-06-18T13:51:40.000Z $IIHDG,176.9,,,,*40
2026-06-18T13:51:40.000Z $IIMWV,170.2,T,8.7,N,A*30
2026-06-18T13:51:40.000Z $IIRPM,E,1,0,,A*66
2026-06-18T13:51:50.000Z $GPRMC,135150.00,A,5238.6999,N,00433.2102,E,8.0,176.2,180626,,,A*5A
2026-06-18T13:51:50.000Z $IIHDG,177.0,,,,*48
2026-06-18T13:51:50.000Z $IIMWV,166.5,T,6.6,N,A*3F
2026-06-18T13:51:50.000Z $IIRPM,E,1,0,,A*66
2026-06-18T13:52:00.000Z $GPRMC,135200.00,A,5238.7268,N,00433.2459,E,8.0,176.7,180626,,,A*56
2026-06-18T13:52:00.000Z $GPGGA,135200.00,5238.7268,N,00433.2459,E,1,12,0.9,0.0,M,0.0,M,,*5A
2026-06-18T13:52:00.000Z $IIHDG,176.0,,,,*49
2026-06-18T13:52:00.000Z $IIMWV,167.1,T,9.3,N,A*30
2026-06-18T13:52:00.000Z $IIDBT,50.8,f,15.5,M,8.5,F*10
2026-06-18T13:52:00.000Z $IIRPM,E,1,0,,A*66
2026-06-18T13:52:00.000Z $IIXDR,V,12.41,V,BATT*65
2026-06-18T13:52:00.000Z $GPVTG,176.7,T,,M,8.0,N,14.8,K,A*3F
2026-06-18T13:52:00.000Z !AIVDM,1,1,,A,B3b;QlPt?05:<V7PVbaD93P000000,0*51
2026-06-18T13:52:10.000Z $GPRMC,135210.00,A,5238.6710,N,00433.2095,E,8.0,179.1,180626,,,A*51
2026-06-18T13:52:10.000Z $IIHDG,178.6,,,,*41
2026-06-18T13:52:10.000Z $IIMWV,170.4,T,7.6,N,A*38
2026-06-18T13:52:10.000Z $IIRPM,E,1,0,,A*66
2026-06-18T13:52:20.000Z $GPRMC,135220.00,A,5238.6720,N,00433.2084,E,8.0,179.1,180626,,,A*51
2026-06-18T13:52:20.000Z $IIHDG,180.0,,,,*40
2026-06-18T13:52:20.000Z $IIMWV,164.6,T,7.0,N,A*39
2026-06-18T13:52:20.000Z $IIRPM,E,1,0,,A*66
2026-06-18T13:52:30.000Z $GPRMC,135230.00,A,5238.6446,N,00433.2426,E,8.0,178.1,180626,,,A*5E
2026-06-18T13:52:30.000Z $GPGGA,135230.00,5238.6446,N,00433.2426,E,1,9,0.9,0.0,M,0.0,M,,*60
2026-06-18T13:52:30.000Z $IIHDG,175.4,,,,*4E
2026-06-18T13:52:30.000Z $IIMWV,166.6,T,7.9,N,A*32
2026-06-18T13:52:30.000Z $IIDBT,47.5,f,14.5,M,7.9,F*19
2026-06-18T13:52:30.000Z $IIRPM,E,1,0,,A*66
2026-06-18T13:52:30.000Z $GPVTG,178.1,T,,M,8.0,N,14.8,K,A*37
2026-06-18T13:52:30.000Z !AIVDM,1,1,,A,B3b;QlPt?05:>FWPV=mD93P000000,0*70
2026-06-18T13:52:40.000Z $GPRMC,135240.00,A,5238.5907,N,00433.2366,E,8.0,178.1,180626,,,A*51
2026-06-18T13:52:40.000Z $IIHDG,176.4,,,,*4D
2026-06-18T13:52:40.000Z $IIMWV,164.1,T,9.5,N,A*35
2026-06-18T13:52:40.000Z $IIRPM,E,1,0,,A*66
2026-06-18T13:52:50.000Z $GPRMC,135250.00,A,5238.6049,N,00433.2196,E,8.0,177.5,180626,,,A*56
2026-06-18T13:52:50.000Z $IIHDG,178.3,,,,*44
2026-06-18T13:52:50.000Z $IIMWV,164.4,T,9.0,N,A*35
2026-06-18T13:52:50.000Z $IIRPM,E,1,0,,A*66
2026-06-18T13:53:00.000Z $GPRMC,135300.00,A,5238.5763,N,00433.2462,E,8.0,177.7,180626,,,A*52
2026-06-18T13:53:00.000Z $GPGGA,135300.00,5238.5763,N,00433.2462,E,1,11,0.9,0.0,M,0.0,M,,*5C
2026-06-18T13:53:00.000Z $IIHDG,175.5,,,,*4F
2026-06-18T13:53:00.000Z $IIMWV,170.4,T,7.6,N,A*38
2026-06-18T13:53:00.000Z $IIDBT,56.0,f,17.1,M,9.3,F*1F
2026-06-18T13:53:00.000Z $IIRPM,E,1,0,,A*66
2026-06-18T13:53:00.000Z $IIXDR,V,12.51,V,BATT*64
2026-06-18T13:53:00.000Z $GPVTG,177.7,T,,M,8.0,N,14.8,K,A*3E
2026-06-18T13:53:00.000Z !AIVDM,1,1,,A,B3b;QlPt?05:Fm7PV7MD93P000000,0*69
2026-06-18T13:53:10.000Z $GPRMC,135310.00,A,5238.5215,N,00433.2147,E,8.0,176.3,180626,,,A*50
2026-06-18T13:53:10.000Z $IIHDG,177.3,,,,*4B
2026-06-18T13:53:10.000Z $IIMWV,169.5,T,8.1,N,A*39
2026-06-18T13:53:10.000Z $IIRPM,E,1,0,,A*66
2026-06-18T13:53:20.000Z $GPRMC,135320.00,A,5238.4978,N,00433.2123,E,8.0,176.8,180626,,,A*5B
2026-06-18T13:53:20.000Z $IIHDG,177.0,,,,*48
2026-06-18T13:53:20.000Z $IIMWV,168.0,T,7.3,N,A*30
2026-06-18T13:53:20.000Z $IIRPM,E,1,0,,A*66
2026-06-18T13:53:30.000Z $GPRMC,135330.00,A,5238.4547,N,00433.2149,E,8.0,178.2,180626,,,A*52
2026-06-18T13:53:30.000Z $GPGGA,135330.00,5238.4547,N,00433.2149,E,1,12,0.9,0.0,M,0.0,M,,*55
2026-06-18T13:53:30.000Z $IIHDG,177.4,,,,*4C
2026-06-18T13:53:30.000Z $IIMWV,166.7,T,7.2,N,A*38
2026-06-18T13:53:30.000Z $IIDBT,48.8,f,14.9,M,8.1,F*10
2026-06-18T13:53:30.000Z $IIRPM,E,1,0,,A*66
2026-06-18T13:53:30.000Z $GPVTG,178.2,T,,M,8.0,N,14.8,K,A*34
2026-06-18T13:53:30.000Z !AIVDM,1,1,,A,B3b;QlPt?05:B<7PVMUD93P000000,0*5E
2026-06-18T13:53:40.000Z $GPRMC,135340.00,A,5238.4419,N,00433.2220,E,8.0,178.8,180626,,,A*59
2026-06-18T13:53:40.000Z $IIHDG,179.5,,,,*43
2026-06-18T13:53:40.000Z $IIMWV,169.0,T,6.9,N,A*3A
2026-06-18T13:53:40.000Z $IIRPM,E,1,0,,A*66
2026-06-18T13:53:50.000Z $GPRMC,135350.00,A,5238.4520,N,00433.2552,E,8.0,178.7,180626,,,A*5E
2026-06-18T13:53:50.000Z $IIHDG,179.5,,,,*43
2026-06-18T13:53:50.000Z $IIMWV,167.2,T,8.7,N,A*36
2026-06-18T13:53:50.000Z $IIRPM,E,1,0,,A*66
2026-06-18T13:54:00.000Z $GPRMC,135400.00,A,5238.4106,N,00433.2204,E,8.0,177.6,180626,,,A*56
2026-06-18T13:54:00.000Z $GPGGA,135400.00,5238.4106,N,00433.2204,E,1,10,0.9,0.0,M,0.0,M,,*58
2026-06-18T13:54:00.000Z $IIHDG,179.0,,,,*46
2026-06-18T13:54:00.000Z $IIMWV,165.0,T,9.2,N,A*32
2026-06-18T13:54:00.000Z $IIDBT,46.7,f,14.2,M,7.8,F*1C
2026-06-18T13:54:00.000Z $IIRPM,E,1,0,,A*66
2026-06-18T13:54:00.000Z $IIXDR,V,12.67,V,BATT*61
2026-06-18T13:54:00.000Z $GPVTG,177.6,T,,M,8.0,N,14.8,K,A*3F
2026-06-18T13:54:00.000Z !AIVDM,1,1,,A,B3b;QlPt?05:G07PVRAD93P000000,0*5C
2026-06-18T13:54:10.000Z $GPRMC,135410.00,A,5238.3632,N,00433.2396,E,8.0,177.6,180626,,,A*5A
2026-06-18T13:54:10.000Z $IIHDG,176.4,,,,*4D
2026-06-18T13:54:10.000Z $IIMWV,167.7,T,8.2,N,A*36
2026-06-18T13:54:10.000Z $IIRPM,E,1,0,,A*66
2026-06-18T13:54:20.000Z $GPRMC,135420.00,A,5238.3422,N,00433.2171,E,8.0,177.2,180626,,,A*55
2026-06-18T13:54:20.000Z $IIHDG,179.2,,,,*44
2026-06-18T13:54:20.000Z $IIMWV,163.2,T,9.5,N,A*31
2026-06-18T13:54:20.000Z $IIRPM,E,1,0,,A*66
2026-06-18T13:54:30.000Z $GPRMC,135430.00,A,5238.3162,N,00433.2692,E,8.0,178.9,180626,,,A*5B
2026-06-18T13:54:30.000Z $GPGGA,135430.00,5238.3162,N,00433.2692,E,1,8,0.9,0.0,M,0.0,M,,*6C
2026-06-18T13:54:30.000Z $IIHDG,178.2,,,,*45
2026-06-18T13:54:30.000Z $IIMWV,164.4,T,8.6,N,A*32
2026-06-18T13:54:30.000Z $IIDBT,55.0,f,16.8,M,9.2,F*15
2026-06-18T13:54:30.000Z $IIRPM,E,1,0,,A*66
2026-06-18T13:54:30.000Z $GPVTG,178.9,T,,M,8.0,N,14.8,K,A*3F
2026-06-18T13:54:30.000Z !AIVDM,1,1,,A,B3b;QlPt?05:HPWPVOmD93P000000,0*62
2026-06-18T13:54:40.000Z $GPRMC,135440.00,A,5238.2797,N,00433.2744,E,8.0,178.8,180626,,,A*5A
2026-06-18T13:54:40.000Z $IIHDG,180.1,,,,*41
2026-06-18T13:54:40.000Z $IIMWV,168.1,T,6.5,N,A*36
2026-06-18T13:54:40.000Z $IIRPM,E,1,0,,A*66
2026-06-18T13:54:50.000Z $GPRMC,135450.00,A,5238.2875,N,00433.2351,E,8.0,179.2,180626,,,A*53
2026-06-18T13:54:50.000Z $IIHDG,176.6,,,,*4F
2026-06-18T13:54:50.000Z $IIMWV,169.7,T,7.3,N,A*36
2026-06-18T13:54:50.000Z $IIRPM,E,1,0,,A*66
2026-06-18T13:55:00.000Z $GPRMC,135500.00,A,5238.2280,N,00433.2356,E,8.0,177.1,180626,,,A*5D
2026-06-18T13:55:00.000Z $GPGGA,135500.00,5238.2280,N,00433.2356,E,1,8,0.9,0.0,M,0.0,M,,*6D
2026-06-18T13:55:00.000Z $IIHDG,176.4,,,,*4D
2026-06-18T13:55:00.000Z $IIMWV,171.7,T,7.4,N,A*38
2026-06-18T13:55:00.000Z $IIDBT,46.3,f,14.1,M,7.7,F*14
2026-06-18T13:55:00.000Z $IIRPM,E,1,0,,A*66
2026-06-18T13:55:00.000Z $IIXDR,V,12.58,V,BATT*6D
2026-06-18T13:55:00.000Z $IIMTA,18.1,C*0D
2026-06-18T13:55:00.000Z $GPVTG,177.1,T,,M,8.0,N,14.8,K,A*38
2026-06-18T13:55:00.000Z !AIVDM,1,1,,A,B3b;QlPt?05:BEWPUTED93P000000,0*4D
2026-06-18T13:55:10.000Z $GPRMC,135510.00,A,5238.2275,N,00433.2438,E,8.0,178.3,180626,,,A*54
2026-06-18T13:55:10.000Z $IIHDG,178.1,,,,*46
2026-06-18T13:55:10.000Z $IIMWV,164.2,T,7.0,N,A*3D
2026-06-18T13:55:10.000Z $IIRPM,E,1,0,,A*66
2026-06-18T13:55:20.000Z $GPRMC,135520.00,A,5238.2230,N,00433.2824,E,8.0,176.7,180626,,,A*5D
2026-06-18T13:55:20.000Z $IIHDG,175.4,,,,*4E
2026-06-18T13:55:20.000Z $IIMWV,167.4,T,9.0,N,A*36
2026-06-18T13:55:20.000Z $IIRPM,E,1,0,,A*66
2026-06-18T13:55:30.000Z $GPRMC,135530.00,A,5238.1876,N,00433.2623,E,8.0,178.9,180626,,,A*5E
2026-06-18T13:55:30.000Z $GPGGA,135530.00,5238.1876,N,00433.2623,E,1,9,0.9,0.0,M,0.0,M,,*68
2026-06-18T13:55:30.000Z $IIHDG,177.6,,,,*4E
2026-06-18T13:55:30.000Z $IIMWV,170.5,T,6.7,N,A*39
2026-06-18T13:55:30.000Z $IIDBT,51.3,f,15.6,M,8.5,F*19
2026-06-18T13:55:30.000Z $IIRPM,E,1,0,,A*66
2026-06-18T13:55:30.000Z $GPVTG,178.9,T,,M,8.0,N,14.8,K,A*3F
2026-06-18T13:55:30.000Z !AIVDM,1,1,,A,B3b;QlPt?05:D97PUNeD93P000000,0*6D
2026-06-18T13:55:40.000Z $GPRMC,135540.00,A,5238.1688,N,00433.2431,E,8.0,176.9,180626,,,A*59
2026-06-18T13:55:40.000Z $IIHDG,178.1,,,,*46
2026-06-18T13:55:40.000Z $IIMWV,165.7,T,8.4,N,A*32
2026-06-18T13:55:40.000Z $IIRPM,E,1,0,,A*66
2026-06-18T13:55:50.000Z $GPRMC,135550.00,A,5238.1497,N,00433.2855,E,8.0,177.3,180626,,,A*51
2026-06-18T13:55:50.000Z $IIHDG,177.0,,,,*48
2026-06-18T13:55:50.000Z $IIMWV,168.1,T,7.0,N,A*32
2026-06-18T13:55:50.000Z $IIRPM,E,1,0,,A*66
2026-06-18T13:56:00.000Z $GPRMC,135600.00,A,5238.0931,N,00433.2605,E,8.0,178.8,180626,,,A*58
2026-06-18T13:56:00.000Z $GPGGA,135600.00,5238.0931,N,00433.2605,E,1,11,0.9,0.0,M,0.0,M,,*56
2026-06-18T13:56:00.000Z $IIHDG,179.3,,,,*45
2026-06-18T13:56:00.000Z $IIMWV,163.5,T,9.2,N,A*31
2026-06-18T13:56:00.000Z $IIDBT,46.3,f,14.1,M,7.7,F*14
2026-06-18T13:56:00.000Z $IIRPM,E,1,0,,A*66
2026-06-18T13:56:00.000Z $IIXDR,V,12.68,V,BATT*6E
2026-06-18T13:56:00.000Z $GPVTG,178.8,T,,M,8.0,N,14.8,K,A*3E
2026-06-18T13:56:00.000Z !AIVDM,1,1,,A,B3b;QlPt?05:LrWPUQUD93P000000,0*61
2026-06-18T13:56:10.000Z $GPRMC,135610.00,A,5238.0477,N,00433.2767,E,8.0,177.5,180626,,,A*51
2026-06-18T13:56:10.000Z $IIHDG,177.5,,,,*4D
2026-06-18T13:56:10.000Z $IIMWV,165.1,T,8.2,N,A*32
2026-06-18T13:56:10.000Z $IIRPM,E,1,0,,A*66
2026-06-18T13:56:20.000Z $GPRMC,135620.00,A,5238.0549,N,00433.2599,E,8.0,177.1,180626,,,A*59
2026-06-18T13:56:20.000Z $IIHDG,179.1,,,,*47
2026-06-18T13:56:20.000Z $IIMWV,169.1,T,8.9,N,A*35
2026-06-18T13:56:20.000Z $IIRPM,E,1,0,,A*66
2026-06-18T13:56:30.000Z $GPRMC,135630.00,A,5238.0450,N,00433.2796,E,8.0,176.5,180626,,,A*59
2026-06-18T13:56:30.000Z $GPGGA,135630.00,5238.0450,N,00433.2796,E,1,11,0.9,0.0,M,0.0,M,,*54
2026-06-18T13:56:30.000Z $IIHDG,177.8,,,,*40
2026-06-18T13:56:30.000Z $IIMWV,167.8,T,7.7,N,A*33
2026-06-18T13:56:30.000Z $IIDBT,54.4,f,16.6,M,9.1,F*1D
2026-06-18T13:56:30.000Z $IIRPM,E,1,0,,A*66
2026-06-18T13:56:30.000Z $GPVTG,176.5,T,,M,8.0,N,14.8,K,A*3D
2026-06-18T13:56:30.000Z !AIVDM,1,1,,A,B3b;QlPt?05:H<7PVJQD93P000000,0*57
2026-06-18T13:56:40.000Z $GPRMC,135640.00,A,5238.0154,N,00433.2482,E,8.0,178.6,180626,,,A*54
2026-06-18T13:56:40.000Z $IIHDG,179.0,,,,*46
2026-06-18T13:56:40.000Z $IIMWV,172.5,T,7.2,N,A*3F
2026-06-18T13:56:40.000Z $IIRPM,E,1,0,,A*66
2026-06-18T13:56:50.000Z $GPRMC,135650.00,A,5237.9789,N,00433.2388,E,8.0,178.1,180626,,,A*5F
2026-06-18T13:56:50.000Z $IIHDG,178.9,,,,*4E
2026-06-18T13:56:50.000Z $IIMWV,164.0,T,6.6,N,A*38
2026-06-18T13:56:50.000Z $IIRPM,E,1,0,,A*66
2026-06-18T13:57:00.000Z $GPRMC,135700.00,A,5237.9517,N,00433.2631,E,8.0,178.3,180626,,,A*5B
2026-06-18T13:57:00.000Z $GPGGA,135700.00,5237.9517,N,00433.2631,E,1,8,0.9,0.0,M,0.0,M,,*66
2026-06-18T13:57:00.000Z $IIHDG,179.2,,,,*44
2026-06-18T13:57:00.000Z $IIMWV,172.5,T,6.8,N,A*34
2026-06-18T13:57:00.000Z $IIDBT,50.3,f,15.3,M,8.4,F*1C
2026-06-18T13:57:00.000Z $IIRPM,E,1,0,,A*66
2026-06-18T13:57:00.000Z $IIXDR,V,12.43,V,BATT*67
2026-06-18T13:57:00.000Z $GPVTG,178.3,T,,M,8.0,N,14.8,K,A*35
2026-06-18T13:57:00.000Z !AIVDM,1,1,,A,B3b;QlPt?05:LPWPUsUD93P000000,0*61
2026-06-18T13:57:10.000Z $GPRMC,135710.00,A,5237.9498,N,00433.2889,E,8.0,178.9,180626,,,A*5B
2026-06-18T13:57:10.000Z $IIHDG,180.1,,,,*41
2026-06-18T13:57:10.000Z $IIMWV,164.5,T,9.0,N,A*34
2026-06-18T13:57:10.000Z $IIRPM,E,1,0,,A*66
2026-06-18T13:57:20.000Z $GPRMC,135720.00,A,5237.8880,N,00433.2875,E,8.0,178.4,180626,,,A*52
2026-06-18T13:57:20.000Z $IIHDG,175.6,,,,*4C
2026-06-18T13:57:20.000Z $IIMWV,172.1,T,8.1,N,A*37
2026-06-18T13:57:20.000Z $IIRPM,E,1,0,,A*66
2026-06-18T13:57:30.000Z $GPRMC,135730.00,A,5237.8483,N,00433.2974,E,8.0,177.8,180626,,,A*5F
2026-06-18T13:57:30.000Z $GPGGA,135730.00,5237.8483,N,00433.2974,E,1,10,0.9,0.0,M,0.0,M,,*5F
2026-06-18T13:57:30.000Z $IIHDG,179.0,,,,*46
2026-06-18T13:57:30.000Z $IIMWV,168.3,T,9.2,N,A*3C
2026-06-18T13:57:30.000Z $IIDBT,46.9,f,14.3,M,7.8,F*13
2026-06-18T13:57:30.000Z $IIRPM,E,1,0,,A*66
2026-06-18T13:57:30.000Z $GPVTG,177.8,T,,M,8.0,N,14.8,K,A*31
2026-06-18T13:57:30.000Z !AIVDM,1,1,,A,B3b;QlPt?05:IFWPV:ED93P000000,0*28
2026-06-18T13:57:40.000Z $GPRMC,135740.00,A,5237.8223,N,00433.3051,E,8.0,178.6,180626,,,A*5A
2026-06-18T13:57:40.000Z $IIHDG,179.6,,,,*40
2026-06-18T13:57:40.000Z $IIMWV,165.9,T,9.3,N,A*3A
2026-06-18T13:57:40.000Z $IIRPM,E,1,0,,A*66
2026-06-18T13:57:50.000Z $GPRMC,135750.00,A,5237.8419,N,00433.2855,E,8.0,176.4,180626,,,A*55
2026-06-18T13:57:50.000Z $IIHDG,177.0,,,,*48
2026-06-18T13:57:50.000Z $IIMWV,166.6,T,7.7,N,A*3C
2026-06-18T13:57:50.000Z $IIRPM,E,1,0,,A*66
2026-06-18T13:58:00.000Z $GPRMC,135800.00,A,5237.7801,N,00433.2642,E,8.0,176.4,180626,,,A*5D
2026-06-18T13:58:00.000Z $GPGGA,135800.00,5237.7801,N,00433.2642,E,1,9,0.9,0.0,M,0.0,M,,*68
2026-06-18T13:58:00.000Z $IIHDG,175.4,,,,*4E
2026-06-18T13:58:00.000Z $IIMWV,169.7,T,7.5,N,A*30
2026-06-18T13:58:00.000Z $IIDBT,45.7,f,13.9,M,7.6,F*1D
2026-06-18T13:58:00.000Z $IIRPM,E,1,0,,A*66
2026-06-18T13:58:00.000Z $IIXDR,V,12.69,V,BATT*6F
2026-06-18T13:58:00.000Z $GPVTG,176.4,T,,M,8.0,N,14.8,K,A*3C
2026-06-18T13:58:00.000Z !AIVDM,1,1,,A,B3b;QlPt?05:KcWPUa9D93P000000,0*2B
2026-06-18T13:58:10.000Z $GPRMC,135810.00,A,5237.7645,N,00433.2571,E,8.0,177.8,180626,,,A*5C
2026-06-18T13:58:10.000Z $IIHDG,178.4,,,,*43
2026-06-18T13:58:10.000Z $IIMWV,166.4,T,9.0,N,A*37
2026-06-18T13:58:10.000Z $IIRPM,E,1,0,,A*66
2026-06-18T13:58:20.000Z $GPRMC,135820.00,A,5237.7313,N,00433.2537,E,8.0,178.9,180626,,,A*55
2026-06-18T13:58:20.000Z $IIHDG,176.3,,,,*4A
2026-06-18T13:58:20.000Z $IIMWV,166.0,T,7.3,N,A*3E
2026-06-18T13:58:20.000Z $IIRPM,E,1,0,,A*66
2026-06-18T13:58:30.000Z $GPRMC,135830.00,A,5237.6980,N,00433.2823,E,8.0,178.1,180626,,,A*55
2026-06-18T13:58:30.000Z $GPGGA,135830.00,5237.6980,N,00433.2823,E,1,10,0.9,0.0,M,0.0,M,,*53
2026-06-18T13:58:30.000Z $IIHDG,175.5,,,,*4F
2026-06-18T13:58:30.000Z $IIMWV,172.5,T,7.4,N,A*39
2026-06-18T13:58:30.000Z $IIDBT,51.5,f,15.7,M,8.6,F*1D
2026-06-18T13:58:30.000Z $IIRPM,E,1,0,,A*66
2026-06-18T13:58:30.000Z $GPVTG,178.1,T,,M,8.0,N,14.8,K,A*37
2026-06-18T13:58:30.000Z !AIVDM,1,1,,A,B3b;QlPt?05:QR7PUV1D93P000000,0*5F
2026-06-18T13:58:40.000Z $GPRMC,135840.00,A,5237.7208,N,00433.2594,E,8.0,179.0,180626,,,A*59
2026-06-18T13:58:40.000Z $IIHDG,177.9,,,,*41
2026-06-18T13:58:40.000Z $IIMWV,164.7,T,8.7,N,A*30
2026-06-18T13:58:40.000Z $IIRPM,E,1,0,,A*66
2026-06-18T13:58:50.000Z $GPRMC,135850.00,A,5237.6661,N,00433.3117,E,8.0,176.2,180626,,,A*51
2026-06-18T13:58:50.000Z $IIHDG,175.2,,,,*48
2026-06-18T13:58:50.000Z $IIMWV,171.1,T,7.5,N,A*3F
2026-06-18T13:58:50.000Z $IIRPM,E,1,0,,A*66
2026-06-18T13:59:00.000Z $GPRMC,135900.00,A,5237.6244,N,00433.2902,E,8.0,176.4,180626,,,A*5D
2026-06-18T13:59:00.000Z $GPGGA,135900.00,5237.6244,N,00433.2902,E,1,9,0.9,0.0,M,0.0,M,,*68
2026-06-18T13:59:00.000Z $IIHDG,176.7,,,,*4E
2026-06-18T13:59:00.000Z $IIMWV,168.7,T,6.7,N,A*32
2026-06-18T13:59:00.000Z $IIDBT,52.6,f,16.0,M,8.8,F*17
2026-06-18T13:59:00.000Z $IIRPM,E,1,0,,A*66
2026-06-18T13:59:00.000Z $IIXDR,V,12.69,V,BATT*6F
2026-06-18T13:59:00.000Z $GPVTG,176.4,T,,M,8.0,N,14.8,K,A*3C
2026-06-18T13:59:00.000Z !AIVDM,1,1,,A,B3b;QlPt?05:Le7PUWUD93P000000,0*10
2026-06-18T13:59:10.000Z $GPRMC,135910.00,A,5237.6550,N,00433.2928,E,8.0,176.4,180626,,,A*56
2026-06-18T13:59:10.000Z $IIHDG,179.2,,,,*44
2026-06-18T13:59:10.000Z $IIMWV,164.2,T,8.4,N,A*36
2026-06-18T13:59:10.000Z $IIRPM,E,1,0,,A*66
2026-06-18T13:59:20.000Z $GPRMC,135920.00,A,5237.5750,N,00433.3000,E,8.0,178.0,180626,,,A*5C
2026-06-18T13:59:20.000Z $IIHDG,177.2,,,,*4A
2026-06-18T13:59:20.000Z $IIMWV,168.7,T,6.6,N,A*33
2026-06-18T13:59:20.000Z $IIRPM,E,1,0,,A*66
2026-06-18T13:59:30.000Z $GPRMC,135930.00,A,5237.5884,N,00433.3163,E,8.0,178.2,180626,,,A*5D
2026-06-18T13:59:30.000Z $GPGGA,135930.00,5237.5884,N,00433.3163,E,1,11,0.9,0.0,M,0.0,M,,*59
2026-06-18T13:59:30.000Z $IIHDG,178.2,,,,*45
2026-06-18T13:59:30.000Z $IIMWV,164.3,T,7.6,N,A*3A
2026-06-18T13:59:30.000Z $IIDBT,48.0,f,14.6,M,8.0,F*16
2026-06-18T13:59:30.000Z $IIRPM,E,1,0,,A*66
2026-06-18T13:59:30.000Z $GPVTG,178.2,T,,M,8.0,N,14.8,K,A*34
2026-06-18T13:59:30.000Z !AIVDM,1,1,,A,B3b;QlPt?05:Ln7PUliD93P000000,0*1C
2026-06-18T13:59:40.000Z $GPRMC,135940.00,A,5237.5727,N,00433.3245,E,8.0,177.9,180626,,,A*5F
2026-06-18T13:59:40.000Z $IIHDG,177.9,,,,*41
2026-06-18T13:59:40.000Z $IIMWV,164.4,T,8.9,N,A*3D
2026-06-18T13:59:40.000Z $IIRPM,E,1,0,,A*66
2026-06-18T13:59:50.000Z $GPRMC,135950.00,A,5237.5265,N,00433.3260,E,8.0,178.4,180626,,,A*58
2026-06-18T13:59:50.000Z $IIHDG,178.7,,,,*40
2026-06-18T13:59:50.000Z $IIMWV,170.5,T,6.5,N,A*3B
2026-06-18T13:59:50.000Z $IIRPM,E,1,0,,A*66
2026-06-18T14:00:00.000Z $GPRMC,140000.00,A,5237.4757,N,00433.3175,E,8.0,177.9,180626,,,A*56
2026-06-18T14:00:00.000Z $GPGGA,140000.00,5237.4757,N,00433.3175,E,1,11,0.9,0.0,M,0.0,M,,*56
2026-06-18T14:00:00.000Z $IIHDG,175.9,,,,*43
2026-06-18T14:00:00.000Z $IIMWV,169.4,T,8.6,N,A*3F
2026-06-18T14:00:00.000Z $IIDBT,50.7,f,15.5,M,8.5,F*1F
2026-06-18T14:00:00.000Z $IIRPM,E,1,0,,A*66
2026-06-18T14:00:00.000Z $IIXDR,V,12.43,V,BATT*67
2026-06-18T14:00:00.000Z $IIMTA,18.5,C*09
2026-06-18T14:00:00.000Z $GPVTG,177.9,T,,M,8.0,N,14.8,K,A*30
2026-06-18T14:00:00.000Z !AIVDM,1,1,,A,B3b;QlPt?05:Q;7PUqeD93P000000,0*45
2026-06-18T14:00:10.000Z $GPRMC,140010.00,A,5237.4503,N,00433.3011,E,8.0,176.3,180626,,,A*5C
2026-06-18T14:00:10.000Z $IIHDG,178.4,,,,*43
2026-06-18T14:00:10.000Z $IIMWV,165.4,T,7.0,N,A*3A
2026-06-18T14:00:10.000Z $IIRPM,E,1,0,,A*66
2026-06-18T14:00:20.000Z $GPRMC,140020.00,A,5237.4462,N,00433.2827,E,8.0,176.6,180626,,,A*50
2026-06-18T14:00:20.000Z $IIHDG,176.5,,,,*4C
2026-06-18T14:00:20.000Z $IIMWV,166.4,T,6.8,N,A*30
2026-06-18T14:00:20.000Z $IIRPM,E,1,0,,A*66
2026-06-18T14:00:30.000Z $GPRMC,140030.00,A,5237.4495,N,00433.3020,E,8.0,176.8,180626,,,A*59
2026-06-18T14:00:30.000Z $GPGGA,140030.00,5237.4495,N,00433.3020,E,1,9,0.9,0.0,M,0.0,M,,*60
2026-06-18T14:00:30.000Z $IIHDG,180.0,,,,*40
2026-06-18T14:00:30.000Z $IIMWV,164.0,T,6.6,N,A*38
2026-06-18T14:00:30.000Z $IIDBT,52.1,f,15.9,M,8.7,F*15
2026-06-18T14:00:30.000Z $IIRPM,E,1,0,,A*66
2026-06-18T14:00:30.000Z $GPVTG,176.8,T,,M,8.0,N,14.8,K,A*30
2026-06-18T14:00:30.000Z !AIVDM,1,1,,A,B3b;QlPt?05:MMWPTtqD93P000000,0*5F
2026-06-18T14:00:40.000Z $GPRMC,140040.00,A,5237.4287,N,00433.3021,E,8.0,176.3,180626,,,A*51
2026-06-18T14:00:40.000Z $IIHDG,178.2,,,,*45
2026-06-18T14:00:40.000Z $IIMWV,165.6,T,7.0,N,A*38
2026-06-18T14:00:40.000Z $IIRPM,E,1,0,,A*66
2026-06-18T14:00:50.000Z $GPRMC,140050.00,A,5237.3681,N,00433.3133,E,8.0,177.7,180626,,,A*52
2026-06-18T14:00:50.000Z $IIHDG,179.2,,,,*44
2026-06-18T14:00:50.000Z $IIMWV,166.0,T,8.1,N,A*33
2026-06-18T14:00:50.000Z $IIRPM,E,1,0,,A*66
2026-06-18T14:01:00.000Z $GPRMC,140100.00,A,5237.3338,N,00433.2962,E,8.0,176.8,180626,,,A*52
2026-06-18T14:01:00.000Z $GPGGA,140100.00,5237.3338,N,00433.2962,E,1,11,0.9,0.0,M,0.0,M,,*52
2026-06-18T14:01:00.000Z $IIHDG,179.3,,,,*45
2026-06-18T14:01:00.000Z $IIMWV,164.5,T,8.5,N,A*30
2026-06-18T14:01:00.000Z $IIDBT,54.0,f,16.4,M,9.0,F*1A
2026-06-18T14:01:00.000Z $IIRPM,E,1,0,,A*66
2026-06-18T14:01:00.000Z $IIXDR,V,12.48,V,BATT*6C
2026-06-18T14:01:00.000Z $GPVTG,176.8,T,,M,8.0,N,14.8,K,A*30
2026-06-18T14:01:00.000Z !AIVDM,1,1,,A,B3b;QlPt?05:VvWPTcQD93P000000,0*48
2026-06-18T14:01:10.000Z $GPRMC,140110.00,A,5237.3202,N,00433.3157,E,8.0,178.9,180626,,,A*5B
2026-06-18T14:01:10.000Z $IIHDG,179.9,,,,*4F
2026-06-18T14:01:10.000Z $IIMWV,169.8,T,8.8,N,A*3D
2026-06-18T14:01:10.000Z $IIRPM,E,1,0,,A*66
2026-06-18T14:01:20.000Z $GPRMC,140120.00,A,5237.2780,N,00433.3339,E,8.0,177.0,180626,,,A*5A
2026-06-18T14:01:20.000Z $IIHDG,178.7,,,,*40
2026-06-18T14:01:20.000Z $IIMWV,166.7,T,7.4,N,A*3E
2026-06-18T14:01:20.000Z $IIRPM,E,1,0,,A*66
2026-06-18T14:01:30.000Z $GPRMC,140130.00,A,5237.2862,N,00433.3252,E,8.0,177.1,180626,,,A*55
2026-06-18T14:01:30.000Z $GPGGA,140130.00,5237.2862,N,00433.3252,E,1,11,0.9,0.0,M,0.0,M,,*5D
2026-06-18T14:01:30.000Z $IIHDG,175.9,,,,*43
2026-06-18T14:01:30.000Z $IIMWV,168.0,T,8.1,N,A*3D
2026-06-18T14:01:30.000Z $IIDBT,54.4,f,16.6,M,9.1,F*1D
2026-06-18T14:01:30.000Z $IIRPM,E,1,0,,A*66
2026-06-18T14:01:30.000Z $GPVTG,177.1,T,,M,8.0,N,14.8,K,A*38
2026-06-18T14:01:30.000Z !AIVDM,1,1,,A,B3b;QlPt?05:S47PU0aD93P000000,0*0D
2026-06-18T14:01:40.000Z $GPRMC,140140.00,A,5237.2613,N,00433.3346,E,8.0,178.7,180626,,,A*57
2026-06-18T14:01:40.000Z $IIHDG,179.2,,,,*44
2026-06-18T14:01:40.000Z $IIMWV,166.7,T,9.1,N,A*35
2026-06-18T14:01:40.000Z $IIRPM,E,1,0,,A*66
2026-06-18T14:01:50.000Z $GPRMC,140150.00,A,5237.2284,N,00433.3449,E,8.0,177.9,180626,,,A*55
2026-06-18T14:01:50.000Z $IIHDG,175.2,,,,*48
2026-06-18T14:01:50.000Z $IIMWV,165.8,T,9.3,N,A*3B
2026-06-18T14:01:50.000Z $IIRPM,E,1,0,,A*66
2026-06-18T14:02:00.000Z $GPRMC,140200.00,A,5237.2120,N,00433.3161,E,8.0,178.7,180626,,,A*50
2026-06-18T14:02:00.000Z $GPGGA,140200.00,5237.2120,N,00433.3161,E,1,8,0.9,0.0,M,0.0,M,,*69
2026-06-18T14:02:00.000Z $IIHDG,179.7,,,,*41
2026-06-18T14:02:00.000Z $IIMWV,165.9,T,8.8,N,A*30
2026-06-18T14:02:00.000Z $IIDBT,54.1,f,16.5,M,9.0,F*1A
2026-06-18T14:02:00.000Z $IIRPM,E,1,0,,A*66
2026-06-18T14:02:00.000Z $IIXDR,V,12.47,V,BATT*63
2026-06-18T14:02:00.000Z $GPVTG,178.7,T,,M,8.0,N,14.8,K,A*31
2026-06-18T14:02:00.000Z !AIVDM,1,1,,A,B3b;QlPt?05:V57PULID93P000000,0*5D
2026-06-18T14:02:10.000Z $GPRMC,140210.00,A,5237.2005,N,00433.3410,E,8.0,178.3,180626,,,A*50
2026-06-18T14:02:10.000Z $IIHDG,177.8,,,,*40
2026-06-18T14:02:10.000Z $IIMWV,172.3,T,7.2,N,A*39
2026-06-18T14:02:10.000Z $IIRPM,E,1,0,,A*66
2026-06-18T14:02:20.000Z $GPRMC,140220.00,A,5237.1450,N,00433.3330,E,8.0,177.0,180626,,,A*5D
2026-06-18T14:02:20.000Z $IIHDG,179.0,,,,*46
2026-06-18T14:02:20.000Z $IIMWV,166.1,T,7.6,N,A*3A
2026-06-18T14:02:20.000Z $IIRPM,E,1,0,,A*66
2026-06-18T14:02:30.000Z $GPRMC,140230.00,A,5237.1537,N,00433.3178,E,8.0,177.2,180626,,,A*50
2026-06-18T14:02:30.000Z $GPGGA,140230.00,5237.1537,N,00433.3178,E,1,8,0.9,0.0,M,0.0,M,,*63
2026-06-18T14:02:30.000Z $IIHDG,177.4,,,,*4C
2026-06-18T14:02:30.000Z $IIMWV,168.7,T,8.5,N,A*3E
2026-06-18T14:02:30.000Z $IIDBT,49.1,f,15.0,M,8.2,F*13
2026-06-18T14:02:30.000Z $IIRPM,E,1,0,,A*66
2026-06-18T14:02:30.000Z $GPVTG,177.2,T,,M,8.0,N,14.8,K,A*3B
2026-06-18T14:02:30.000Z !AIVDM,1,1,,A,B3b;QlPt?05:W1WPU1aD93P000000,0*6D
2026-06-18T14:02:40.000Z $GPRMC,140240.00,A,5237.0811,N,00433.3522,E,8.0,177.4,180626,,,A*52
2026-06-18T14:02:40.000Z $IIHDG,180.1,,,,*41
2026-06-18T14:02:40.000Z $IIMWV,163.3,T,9.2,N,A*37
2026-06-18T14:02:40.000Z $IIRPM,E,1,0,,A*66
2026-06-18T14:02:50.000Z $GPRMC,140250.00,A,5237.0881,N,00433.3500,E,8.0,176.2,180626,,,A*5D
2026-06-18T14:02:50.000Z $IIHDG,177.2,,,,*4A
2026-06-18T14:02:50.000Z $IIMWV,165.2,T,7.8,N,A*34
2026-06-18T14:02:50.000Z $IIRPM,E,1,0,,A*66
2026-06-18T14:03:00.000Z $GPRMC,140300.00,A,5237.0227,N,00433.3465,E,8.0,178.8,180626,,,A*59
2026-06-18T14:03:00.000Z $GPGGA,140300.00,5237.0227,N,00433.3465,E,1,12,0.9,0.0,M,0.0,M,,*54
2026-06-18T14:03:00.000Z $IIHDG,179.6,,,,*40
2026-06-18T14:03:00.000Z $IIMWV,171.3,T,9.1,N,A*37
2026-06-18T14:03:00.000Z $IIDBT,47.1,f,14.4,M,7.9,F*1C
2026-06-18T14:03:00.000Z $IIRPM,E,1,0,,A*66
2026-06-18T14:03:00.000Z $IIXDR,V,12.43,V,BATT*67
2026-06-18T14:03:00.000Z $GPVTG,178.8,T,,M,8.0,N,14.8,K,A*3E
2026-06-18T14:03:00.000Z !AIVDM,1,1,,A,B3b;QlPt?05:R1WPTlMD93P000000,0*18
2026-06-18T14:03:10.000Z $GPRMC,140310.00,A,5237.0263,N,00433.3485,E,8.0,176.9,180626,,,A*59
2026-06-18T14:03:10.000Z $IIHDG,175.8,,,,*42
2026-06-18T14:03:10.000Z $IIMWV,163.2,T,6.6,N,A*3D
2026-06-18T14:03:10.000Z $IIRPM,E,1,0,,A*66
2026-06-18T14:03:20.000Z $GPRMC,140320.00,A,5237.0264,N,00433.3577,E,8.0,176.8,180626,,,A*50
2026-06-18T14:03:20.000Z $IIHDG,179.2,,,,*44
2026-06-18T14:03:20.000Z $IIMWV,168.0,T,8.5,N,A*39
2026-06-18T14:03:20.000Z $IIRPM,E,1,0,,A*66
2026-06-18T14:03:30.000Z $GPRMC,140330.00,A,5236.9933,N,00433.3085,E,8.0,177.0,180626,,,A*51
2026-06-18T14:03:30.000Z $GPGGA,140330.00,5236.9933,N,00433.3085,E,1,11,0.9,0.0,M,0.0,M,,*58
2026-06-18T14:03:30.000Z $IIHDG,177.0,,,,*48
2026-06-18T14:03:30.000Z $IIMWV,166.6,T,6.6,N,A*3C
2026-06-18T14:03:30.000Z $IIDBT,48.1,f,14.7,M,8.0,F*16
2026-06-18T14:03:30.000Z $IIRPM,E,1,0,,A*66
2026-06-18T14:03:30.000Z $GPVTG,177.0,T,,M,8.0,N,14.8,K,A*39
2026-06-18T14:03:30.000Z !AIVDM,1,1,,A,B3b;QlPt?05:VR7PTQ1D93P000000,0*5E
2026-06-18T14:03:40.000Z $GPRMC,140340.00,A,5236.9493,N,00433.3268,E,8.0,177.0,180626,,,A*50
2026-06-18T14:03:40.000Z $IIHDG,176.4,,,,*4D
2026-06-18T14:03:40.000Z $IIMWV,165.9,T,7.4,N,A*33
2026-06-18T14:03:40.000Z $IIRPM,E,1,0,,A*66
2026-06-18T14:03:50.000Z $GPRMC,140350.00,A,5236.9446,N,00433.3292,E,8.0,176.8,180626,,,A*55
2026-06-18T14:03:50.000Z $IIHDG,178.2,,,,*45
2026-06-18T14:03:50.000Z $IIMWV,170.5,T,8.5,N,A*35
2026-06-18T14:03:50.000Z $IIRPM,E,1,0,,A*66
2026-06-18T14:04:00.000Z $GPRMC,140400.00,A,5236.8790,N,00433.3254,E,8.0,178.0,180626,,,A*52
2026-06-18T14:04:00.000Z $GPGGA,140400.00,5236.8790,N,00433.3254,E,1,10,0.9,0.0,M,0.0,M,,*55
2026-06-18T14:04:00.000Z $IIHDG,177.0,,,,*48
2026-06-18T14:04:00.000Z $IIMWV,164.2,T,8.0,N,A*32
2026-06-18T14:04:00.000Z $IIDBT,47.0,f,14.3,M,7.8,F*1B
2026-06-18T14:04:00.000Z $IIRPM,E,1,0,,A*66
2026-06-18T14:04:00.000Z $IIXDR,V,12.43,V,BATT*67
2026-06-18T14:04:00.000Z $GPVTG,178.0,T,,M,8.0,N,14.8,K,A*36
2026-06-18T14:04:00.000Z !AIVDM,1,1,,A,B3b;QlPt?05:VT7PTgUD93P000000,0*0A
2026-06-18T14:04:10.000Z $GPRMC,140410.00,A,5236.8992,N,00433.3682,E,8.0,177.4,180626,,,A*5B
2026-06-18T14:04:10.000Z $IIHDG,176.5,,,,*4C
2026-06-18T14:04:10.000Z $IIMWV,172.6,T,7.6,N,A*38
2026-06-18T14:04:10.000Z $IIRPM,E,1,0,,A*66
2026-06-18T14:04:20.000Z $GPRMC,140420.00,A,5236.8523,N,00433.3430,E,8.0,176.2,180626,,,A*52
2026-06-18T14:04:20.000Z $IIHDG,177.2,,,,*4A
2026-06-18T14:04:20.000Z $IIMWV,167.8,T,8.7,N,A*3C
2026-06-18T14:04:20.000Z $IIRPM,E,1,0,,A*66
2026-06-18T14:04:30.000Z $GPRMC,140430.00,A,5236.8510,N,00433.3497,E,8.0,177.2,180626,,,A*5F
2026-06-18T14:04:30.000Z $GPGGA,140430.00,5236.8510,N,00433.3497,E,1,12,0.9,0.0,M,0.0,M,,*57
2026-06-18T14:04:30.000Z $IIHDG,177.8,,,,*40
2026-06-18T14:04:30.000Z $IIMWV,166.6,T,7.0,N,A*3B
2026-06-18T14:04:30.000Z $IIDBT,48.1,f,14.6,M,8.0,F*17
2026-06-18T14:04:30.000Z $IIRPM,E,1,0,,A*66
2026-06-18T14:04:30.000Z $GPVTG,177.2,T,,M,8.0,N,14.8,K,A*3B
2026-06-18T14:04:30.000Z !AIVDM,1,1,,A,B3b;QlPt?05:a=7PT;AD93P000000,0*1C
2026-06-18T14:04:40.000Z $GPRMC,140440.00,A,5236.7709,N,00433.3622,E,8.0,179.1,180626,,,A*5C
2026-06-18T14:04:40.000Z $IIHDG,180.1,,,,*41
2026-06-18T14:04:40.000Z $IIMWV,166.0,T,6.8,N,A*34
2026-06-18T14:04:40.000Z $IIRPM,E,1,0,,A*66
2026-06-18T14:04:50.000Z $GPRMC,140450.00,A,5236.7480,N,00433.3672,E,8.0,177.0,180626,,,A*55
2026-06-18T14:04:50.000Z $IIHDG,177.3,,,,*4B
2026-06-18T14:04:50.000Z $IIMWV,168.6,T,8.8,N,A*32
2026-06-18T14:04:50.000Z $IIRPM,E,1,0,,A*66
2026-06-18T14:05:00.000Z $GPRMC,140500.00,A,5236.7309,N,00433.3539,E,8.0,177.6,180626,,,A*5D
2026-06-18T14:05:00.000Z $GPGGA,140500.00,5236.7309,N,00433.3539,E,1,8,0.9,0.0,M,0.0,M,,*6A
2026-06-18T14:05:00.000Z $IIHDG,180.1,,,,*41
2026-06-18T14:05:00.000Z $IIMWV,165.3,T,7.6,N,A*3B
2026-06-18T14:05:00.000Z $IIDBT,44.9,f,13.7,M,7.5,F*1F
2026-06-18T14:05:00.000Z $IIRPM,E,1,0,,A*66
2026-06-18T14:05:00.000Z $IIXDR,V,12.56,V,BATT*63
2026-06-18T14:05:00.000Z $IIMTA,19.0,C*0D
2026-06-18T14:05:00.000Z $GPVTG,177.6,T,,M,8.0,N,14.8,K,A*3F
2026-06-18T14:05:00.000Z !AIVDM,1,1,,A,B3b;QlPt?05:f<7PTHiD93P000000,0*41
2026-06-18T14:05:10.000Z $GPRMC,140510.00,A,5236.7323,N,00433.3380,E,8.0,177.9,180626,,,A*5F
2026-06-18T14:05:10.000Z $IIHDG,178.6,,,,*41
2026-06-18T14:05:10.000Z $IIMWV,169.2,T,8.8,N,A*37
2026-06-18T14:05:10.000Z $IIRPM,E,1,0,,A*66
2026-06-18T14:05:20.000Z $GPRMC,140520.00,A,5236.7053,N,00433.3669,E,8.0,177.5,180626,,,A*56
2026-06-18T14:05:20.000Z $IIHDG,176.1,,,,*48
2026-06-18T14:05:20.000Z $IIMWV,165.4,T,8.8,N,A*3D
2026-06-18T14:05:20.000Z $IIRPM,E,1,0,,A*66
2026-06-18T14:05:30.000Z $GPRMC,140530.00,A,5236.6488,N,00433.3638,E,8.0,178.1,180626,,,A*5B
2026-06-18T14:05:30.000Z $GPGGA,140530.00,5236.6488,N,00433.3638,E,1,10,0.9,0.0,M,0.0,M,,*5D
2026-06-18T14:05:30.000Z $IIHDG,177.6,,,,*4E
2026-06-18T14:05:30.000Z $IIMWV,171.8,T,9.4,N,A*39
2026-06-18T14:05:30.000Z $IIDBT,49.9,f,15.2,M,8.3,F*18
2026-06-18T14:05:30.000Z $IIRPM,E,1,0,,A*66
2026-06-18T14:05:30.000Z $GPVTG,178.1,T,,M,8.0,N,14.8,K,A*37
2026-06-18T14:05:30.000Z !AIVDM,1,1,,A,B3b;QlPt?05:bP7PT0qD93P000000,0*49
2026-06-18T14:05:40.000Z $GPRMC,140540.00,A,5236.6783,N,00433.3590,E,8.0,177.1,180626,,,A*5A
2026-06-18T14:05:40.000Z $IIHDG,177.3,,,,*4B
2026-06-18T14:05:40.000Z $IIMWV,172.6,T,9.4,N,A*34
2026-06-18T14:05:40.000Z $IIRPM,E,1,0,,A*66
2026-06-18T14:05:50.000Z $GPRMC,140550.00,A,5236.6107,N,00433.3512,E,8.0,178.1,180626,,,A*54
2026-06-18T14:05:50.000Z $IIHDG,176.8,,,,*41
2026-06-18T14:05:50.000Z $IIMWV,166.0,T,8.9,N,A*3B
2026-06-18T14:05:50.000Z $IIRPM,E,1,0,,A*66
2026-06-18T14:06:00.000Z $GPRMC,140600.00,A,5236.6281,N,00433.3366,E,8.0,178.6,180626,,,A*5D
2026-06-18T14:06:00.000Z $GPGGA,140600.00,5236.6281,N,00433.3366,E,1,9,0.9,0.0,M,0.0,M,,*64
2026-06-18T14:06:00.000Z $IIHDG,177.9,,,,*41
2026-06-18T14:06:00.000Z $IIMWV,165.4,T,7.1,N,A*3B
2026-06-18T14:06:00.000Z $IIDBT,48.7,f,14.9,M,8.1,F*1F
2026-06-18T14:06:00.000Z $IIRPM,E,1,0,,A*66
2026-06-18T14:06:00.000Z $IIXDR,V,12.53,V,BATT*66
2026-06-18T14:06:00.000Z $GPVTG,178.6,T,,M,8.0,N,14.8,K,A*30
2026-06-18T14:06:00.000Z !AIVDM,1,1,,A,B3b;QlPt?05:hNWPTdaD93P000000,0*79
2026-06-18T14:06:10.000Z $GPRMC,140610.00,A,5236.5795,N,00433.3352,E,8.0,177.5,180626,,,A*54
2026-06-18T14:06:10.000Z $IIHDG,177.5,,,,*4D
2026-06-18T14:06:10.000Z $IIMWV,169.6,T,9.0,N,A*3A
2026-06-18T14:06:10.000Z $IIRPM,E,1,0,,A*66
2026-06-18T14:06:20.000Z $GPRMC,140620.00,A,5236.5243,N,00433.3692,E,8.0,177.6,180626,,,A*53
2026-06-18T14:06:20.000Z $IIHDG,178.0,,,,*47
2026-06-18T14:06:20.000Z $IIMWV,167.6,T,7.2,N,A*38
2026-06-18T14:06:20.000Z $IIRPM,E,1,0,,A*66
2026-06-18T14:06:30.000Z $GPRMC,140630.00,A,5236.5292,N,00433.3512,E,8.0,177.8,180626,,,A*5B
2026-06-18T14:06:30.000Z $GPGGA,140630.00,5236.5292,N,00433.3512,E,1,10,0.9,0.0,M,0.0,M,,*5B
2026-06-18T14:06:30.000Z $IIHDG,176.6,,,,*4F
2026-06-18T14:06:30.000Z $IIMWV,162.9,T,6.6,N,A*37
2026-06-18T14:06:30.000Z $IIDBT,51.6,f,15.7,M,8.6,F*1E
2026-06-18T14:06:30.000Z $IIRPM,E,1,0,,A*66
2026-06-18T14:06:30.000Z $GPVTG,177.8,T,,M,8.0,N,14.8,K,A*31
2026-06-18T14:06:30.000Z !AIVDM,1,1,,A,B3b;QlPt?05:g?WPSpmD93P000000,0*18
2026-06-18T14:06:40.000Z $GPRMC,140640.00,A,5236.5003,N,00433.3738,E,8.0,178.9,180626,,,A*52
2026-06-18T14:06:40.000Z $IIHDG,179.3,,,,*45
2026-06-18T14:06:40.000Z $IIMWV,172.5,T,7.3,N,A*3E
2026-06-18T14:06:40.000Z $IIRPM,E,1,0,,A*66
2026-06-18T14:06:50.000Z $GPRMC,140650.00,A,5236.4532,N,00433.3922,E,8.0,179.1,180626,,,A*59
2026-06-18T14:06:50.000Z $IIHDG,176.3,,,,*4A
2026-06-18T14:06:50.000Z $IIMWV,164.7,T,7.2,N,A*3A
2026-06-18T14:06:50.000Z $IIRPM,E,1,0,,A*66
2026-06-18T14:07:00.000Z $GPRMC,140700.00,A,5236.4515,N,00433.3809,E,8.0,177.9,180626,,,A*56
2026-06-18T14:07:00.000Z $GPGGA,140700.00,5236.4515,N,00433.3809,E,1,8,0.9,0.0,M,0.0,M,,*6E
2026-06-18T14:07:00.000Z $IIHDG,177.9,,,,*41
2026-06-18T14:07:00.000Z $IIMWV,164.9,T,8.4,N,A*3D
2026-06-18T14:07:00.000Z $IIDBT,46.7,f,14.2,M,7.8,F*1C
2026-06-18T14:07:00.000Z $IIRPM,E,1,0,,A*66
2026-06-18T14:07:00.000Z $IIXDR,V,12.49,V,BATT*6D
2026-06-18T14:07:00.000Z $GPVTG,177.9,T,,M,8.0,N,14.8,K,A*30
2026-06-18T14:07:00.000Z !AIVDM,1,1,,A,B3b;QlPt?05:cmWPSveD93P000000,0*40
2026-06-18T14:07:10.000Z $GPRMC,140710.00,A,5236.4231,N,00433.3873,E,8.0,176.7,180626,,,A*54
2026-06-18T14:07:10.000Z $IIHDG,179.5,,,,*43
2026-06-18T14:07:10.000Z $IIMWV,172.4,T,6.8,N,A*35
2026-06-18T14:07:10.000Z $IIRPM,E,1,0,,A*66
2026-06-18T14:07:20.000Z $GPRMC,140720.00,A,5236.4220,N,00433.3819,E,8.0,178.0,180626,,,A*52
2026-06-18T14:07:20.000Z $IIHDG,178.4,,,,*43
2026-06-18T14:07:20.000Z $IIMWV,165.1,T,9.2,N,A*33
2026-06-18T14:07:20.000Z $IIRPM,E,1,0,,A*66
2026-06-18T14:07:30.000Z $GPRMC,140730.00,A,5236.3959,N,00433.3667,E,8.0,176.6,180626,,,A*5E
2026-06-18T14:07:30.000Z $GPGGA,140730.00,5236.3959,N,00433.3667,E,1,11,0.9,0.0,M,0.0,M,,*50
2026-06-18T14:07:30.000Z $IIHDG,176.1,,,,*48
2026-06-18T14:07:30.000Z $IIMWV,172.6,T,7.4,N,A*3A
2026-06-18T14:07:30.000Z $IIDBT,52.1,f,15.9,M,8.7,F*15
2026-06-18T14:07:30.000Z $IIRPM,E,1,0,,A*66
2026-06-18T14:07:30.000Z $GPVTG,176.6,T,,M,8.0,N,14.8,K,A*3E
2026-06-18T14:07:30.000Z !AIVDM,1,1,,A,B3b;QlPt?05:hKWPT7UD93P000000,0*1B
2026-06-18T14:07:40.000Z $GPRMC,140740.00,A,5236.3396,N,00433.3788,E,8.0,177.7,180626,,,A*50
2026-06-18T14:07:40.000Z $IIHDG,179.9,,,,*4F
2026-06-18T14:07:40.000Z $IIMWV,165.8,T,7.8,N,A*3E
2026-06-18T14:07:40.000Z $IIRPM,E,1,0,,A*66
2026-06-18T14:07:50.000Z $GPRMC,140750.00,A,5236.3484,N,00433.3859,E,8.0,179.0,180626,,,A*5F
2026-06-18T14:07:50.000Z $IIHDG,175.8,,,,*42
2026-06-18T14:07:50.000Z $IIMWV,164.7,T,8.1,N,A*36
2026-06-18T14:07:50.000Z $IIRPM,E,1,0,,A*66
2026-06-18T14:08:00.000Z $GPRMC,140800.00,A,5236.2840,N,00433.3627,E,8.0,178.8,180626,,,A*5E
2026-06-18T14:08:00.000Z $GPGGA,140800.00,5236.2840,N,00433.3627,E,1,8,0.9,0.0,M,0.0,M,,*68
2026-06-18T14:08:00.000Z $IIHDG,175.4,,,,*4E
2026-06-18T14:08:00.000Z $IIMWV,166.8,T,7.2,N,A*37
2026-06-18T14:08:00.000Z $IIDBT,47.2,f,14.4,M,7.9,F*1F
2026-06-18T14:08:00.000Z $IIRPM,E,1,0,,A*66
2026-06-18T14:08:00.000Z $IIXDR,V,12.54,V,BATT*61
2026-06-18T14:08:00.000Z $GPVTG,178.8,T,,M,8.0,N,14.8,K,A*3E
2026-06-18T14:08:00.000Z !AIVDM,1,1,,A,B3b;QlPt?05:gj7PSgaD93P000000,0*36
2026-06-18T14:08:10.000Z $GPRMC,140810.00,A,5236.2919,N,00433.3604,E,8.0,177.3,180626,,,A*57
2026-06-18T14:08:10.000Z $IIHDG,178.3,,,,*44
2026-06-18T14:08:10.000Z $IIMWV,166.8,T,6.5,N,A*31
2026-06-18T14:08:10.000Z $IIRPM,E,1,0,,A*66
2026-06-18T14:08:20.000Z $GPRMC,140820.00,A,5236.2513,N,00433.3705,E,8.0,176.3,180626,,,A*53
2026-06-18T14:08:20.000Z $IIHDG,175.6,,,,*4C
2026-06-18T14:08:20.000Z $IIMWV,163.2,T,6.8,N,A*33
2026-06-18T14:08:20.000Z $IIRPM,E,1,0,,A*66
2026-06-18T14:08:30.000Z $GPRMC,140830.00,A,5236.2137,N,00433.4052,E,8.0,179.1,180626,,,A*5F
2026-06-18T14:08:30.000Z $GPGGA,140830.00,5236.2137,N,00433.4052,E,1,8,0.9,0.0,M,0.0,M,,*61
2026-06-18T14:08:30.000Z $IIHDG,180.1,,,,*41
2026-06-18T14:08:30.000Z $IIMWV,171.4,T,8.7,N,A*37
2026-06-18T14:08:30.000Z $IIDBT,47.4,f,14.4,M,7.9,F*19
2026-06-18T14:08:30.000Z $IIRPM,E,1,0,,A*66
2026-06-18T14:08:30.000Z $GPVTG,179.1,T,,M,8.0,N,14.8,K,A*36
2026-06-18T14:08:30.000Z !AIVDM,1,1,,A,B3b;QlPt?05:k=WPT71D93P000000,0*0A
2026-06-18T14:08:40.000Z $GPRMC,140840.00,A,5236.1845,N,00433.4090,E,8.0,178.4,180626,,,A*5D
2026-06-18T14:08:40.000Z $IIHDG,179.4,,,,*42
2026-06-18T14:08:40.000Z $IIMWV,170.9,T,7.7,N,A*34
2026-06-18T14:08:40.000Z $IIRPM,E,1,0,,A*66
2026-06-18T14:08:50.000Z $GPRMC,140850.00,A,5236.1657,N,00433.4085,E,8.0,177.6,180626,,,A*58
2026-06-18T14:08:50.000Z $IIHDG,179.6,,,,*40
2026-06-18T14:08:50.000Z $IIMWV,163.6,T,8.9,N,A*38
2026-06-18T14:08:50.000Z $IIRPM,E,1,0,,A*66
2026-06-18T14:09:00.000Z $GPRMC,140900.00,A,5236.1267,N,00433.3684,E,8.0,178.1,180626,,,A*53
2026-06-18T14:09:00.000Z $GPGGA,140900.00,5236.1267,N,00433.3684,E,1,10,0.9,0.0,M,0.0,M,,*55
2026-06-18T14:09:00.000Z $IIHDG,177.5,,,,*4D
2026-06-18T14:09:00.000Z $IIMWV,163.3,T,8.1,N,A*35
2026-06-18T14:09:00.000Z $IIDBT,51.7,f,15.8,M,8.6,F*10
2026-06-18T14:09:00.000Z $IIRPM,E,1,0,,A*66
2026-06-18T14:09:00.000Z $IIXDR,V,12.64,V,BATT*62
2026-06-18T14:09:00.000Z $GPVTG,178.1,T,,M,8.0,N,14.8,K,A*37
2026-06-18T14:09:00.000Z !AIVDM,1,1,,A,B3b;QlPt?05:ik7PScED93P000000,0*19
2026-06-18T14:09:10.000Z $GPRMC,140910.00,A,5236.1109,N,00433.3623,E,8.0,179.1,180626,,,A*55
2026-06-18T14:09:10.000Z $IIHDG,176.7,,,,*4E
2026-06-18T14:09:10.000Z $IIMWV,170.3,T,7.7,N,A*3E
2026-06-18T14:09:10.000Z $IIRPM,E,1,0,,A*66
2026-06-18T14:09:20.000Z $GPRMC,140920.00,A,5236.0814,N,00433.3643,E,8.0,178.9,180626,,,A*5D
2026-06-18T14:09:20.000Z $IIHDG,178.3,,,,*44
2026-06-18T14:09:20.000Z $IIMWV,164.7,T,9.4,N,A*32
2026-06-18T14:09:20.000Z $IIRPM,E,1,0,,A*66
2026-06-18T14:09:30.000Z $GPRMC,140930.00,A,5236.0516,N,00433.4103,E,8.0,177.4,180626,,,A*55
2026-06-18T14:09:30.000Z $GPGGA,140930.00,5236.0516,N,00433.4103,E,1,12,0.9,0.0,M,0.0,M,,*5B
2026-06-18T14:09:30.000Z $IIHDG,179.6,,,,*40
2026-06-18T14:09:30.000Z $IIMWV,163.3,T,6.6,N,A*3C
2026-06-18T14:09:30.000Z $IIDBT,46.0,f,14.0,M,7.7,F*16
2026-06-18T14:09:30.000Z $IIRPM,E,1,0,,A*66
2026-06-18T14:09:30.000Z $GPVTG,177.4,T,,M,8.0,N,14.8,K,A*3D
2026-06-18T14:09:30.000Z !AIVDM,1,1,,A,B3b;QlPt?05:mwWPT81D93P000000,0*49
2026-06-18T14:09:40.000Z $GPRMC,140940.00,A,5236.0421,N,00433.3948,E,8.0,176.3,180626,,,A*51
2026-06-18T14:09:40.000Z $IIHDG,177.9,,,,*41
2026-06-18T14:09:40.000Z $IIMWV,171.5,T,7.4,N,A*3A
2026-06-18T14:09:40.000Z $IIRPM,E,1,0,,A*66
2026-06-18T14:09:50.000Z $GPRMC,140950.00,A,5236.0081,N,00433.3838,E,8.0,176.5,180626,,,A*5E
2026-06-18T14:09:50.000Z $IIHDG,176.1,,,,*48
2026-06-18T14:09:50.000Z $IIMWV,163.0,T,6.5,N,A*3C
2026-06-18T14:09:50.000Z $IIRPM,E,1,0,,A*66
2026-06-18T14:10:00.000Z $GPRMC,141000.00,A,5236.0058,N,00433.4019,E,8.0,177.9,180626,,,A*56
2026-06-18T14:10:00.000Z $GPGGA,141000.00,5236.0058,N,00433.4019,E,1,11,0.9,0.0,M,0.0,M,,*56
2026-06-18T14:10:00.000Z $IIHDG,176.0,,,,*49
2026-06-18T14:10:00.000Z $IIMWV,172.0,T,6.8,N,A*31
2026-06-18T14:10:00.000Z $IIDBT,50.3,f,15.3,M,8.4,F*1C
2026-06-18T14:10:00.000Z $IIRPM,E,1,0,,A*66
2026-06-18T14:10:00.000Z $IIXDR,V,12.61,V,BATT*67
2026-06-18T14:10:00.000Z $IIMTA,18.4,C*08
2026-06-18T14:10:00.000Z $GPVTG,177.9,T,,M,8.0,N,14.8,K,A*30
2026-06-18T14:10:00.000Z !AIVDM,1,1,,A,B3b;QlPt?05:ke7PTFQD93P000000,0*23
2026-06-18T14:10:10.000Z $GPRMC,141010.00,A,5235.9594,N,00433.4199,E,8.0,177.3,180626,,,A*5B
2026-06-18T14:10:10.000Z $IIHDG,179.7,,,,*41
2026-06-18T14:10:10.000Z $IIMWV,167.0,T,7.3,N,A*3F
2026-06-18T14:10:10.000Z $IIRPM,E,1,0,,A*66
2026-06-18T14:10:20.000Z $GPRMC,141020.00,A,5235.9736,N,00433.3840,E,8.0,178.6,180626,,,A*52
2026-06-18T14:10:20.000Z $IIHDG,178.5,,,,*42
2026-06-18T14:10:20.000Z $IIMWV,163.5,T,9.2,N,A*31
2026-06-18T14:10:20.000Z $IIRPM,E,1,0,,A*66
2026-06-18T14:10:30.000Z $GPRMC,141030.00,A,5235.9509,N,00433.4170,E,8.0,178.9,180626,,,A*5F
2026-06-18T14:10:30.000Z $GPGGA,141030.00,5235.9509,N,00433.4170,E,1,11,0.9,0.0,M,0.0,M,,*50
2026-06-18T14:10:30.000Z $IIHDG,179.5,,,,*43
2026-06-18T14:10:30.000Z $IIMWV,166.0,T,7.4,N,A*39
2026-06-18T14:10:30.000Z $IIDBT,42.9,f,13.1,M,7.2,F*18
2026-06-18T14:10:30.000Z $IIRPM,E,1,0,,A*66
2026-06-18T14:10:30.000Z $GPVTG,178.9,T,,M,8.0,N,14.8,K,A*3F
2026-06-18T14:10:30.000Z !AIVDM,1,1,,A,B3b;QlPt?05:oEWPSO=D93P000000,0*05
2026-06-18T14:10:40.000Z $GPRMC,141040.00,A,5235.8763,N,00433.3995,E,8.0,176.4,180626,,,A*50
2026-06-18T14:10:40.000Z $IIHDG,176.4,,,,*4D
2026-06-18T14:10:40.000Z $IIMWV,167.4,T,7.2,N,A*3A
2026-06-18T14:10:40.000Z $IIRPM,E,1,0,,A*66
2026-06-18T14:10:50.000Z $GPRMC,141050.00,A,5235.8882,N,00433.4201,E,8.0,178.6,180626,,,A*5C
2026-06-18T14:10:50.000Z $IIHDG,177.4,,,,*4C
2026-06-18T14:10:50.000Z $IIMWV,168.0,T,8.7,N,A*3B
2026-06-18T14:10:50.000Z $IIRPM,E,1,0,,A*66
2026-06-18T14:11:00.000Z $GPRMC,141100.00,A,5235.8797,N,00433.4142,E,8.0,176.8,180626,,,A*57
2026-06-18T14:11:00.000Z $GPGGA,141100.00,5235.8797,N,00433.4142,E,1,11,0.9,0.0,M,0.0,M,,*57
2026-06-18T14:11:00.000Z $IIHDG,177.4,,,,*4C
2026-06-18T14:11:00.000Z $IIMWV,163.7,T,9.3,N,A*32
2026-06-18T14:11:00.000Z $IIDBT,48.6,f,14.8,M,8.1,F*1F
2026-06-18T14:11:00.000Z $IIRPM,E,1,0,,A*66
2026-06-18T14:11:00.000Z $IIXDR,V,12.54,V,BATT*61
2026-06-18T14:11:00.000Z $GPVTG,176.8,T,,M,8.0,N,14.8,K,A*30
2026-06-18T14:11:00.000Z !AIVDM,1,1,,A,B3b;QlPt?05:mS7PT5mD93P000000,0*5C
2026-06-18T14:11:10.000Z $GPRMC,141110.00,A,5235.8281,N,00433.3898,E,8.0,176.2,180626,,,A*57
2026-06-18T14:11:10.000Z $IIHDG,175.7,,,,*4D
2026-06-18T14:11:10.000Z $IIMWV,170.9,T,9.5,N,A*38
2026-06-18T14:11:10.000Z $IIRPM,E,1,0,,A*66
2026-06-18T14:11:20.000Z $GPRMC,141120.00,A,5235.7975,N,00433.4226,E,8.0,178.8,180626,,,A*57
2026-06-18T14:11:20.000Z $IIHDG,177.9,,,,*41
2026-06-18T14:11:20.000Z $IIMWV,164.5,T,9.2,N,A*36
2026-06-18T14:11:20.000Z $IIRPM,E,1,0,,A*66
2026-06-18T14:11:30.000Z $GPRMC,141130.00,A,5235.7527,N,00433.4057,E,8.0,178.0,180626,,,A*51
2026-06-18T14:11:30.000Z $GPGGA,141130.00,5235.7527,N,00433.4057,E,1,9,0.9,0.0,M,0.0,M,,*6E
2026-06-18T14:11:30.000Z $IIHDG,179.3,,,,*45
2026-06-18T14:11:30.000Z $IIMWV,169.1,T,8.6,N,A*3A
2026-06-18T14:11:30.000Z $IIDBT,45.6,f,13.9,M,7.6,F*1C
2026-06-18T14:11:30.000Z $IIRPM,E,1,0,,A*66
2026-06-18T14:11:30.000Z $GPVTG,178.0,T,,M,8.0,N,14.8,K,A*36
2026-06-18T14:11:30.000Z !AIVDM,1,1,,A,B3b;QlPt?05:pJWPS8iD93P000000,0*36
2026-06-18T14:11:40.000Z $GPRMC,141140.00,A,5235.7574,N,00433.4374,E,8.0,176.8,180626,,,A*54
2026-06-18T14:11:40.000Z $IIHDG,177.1,,,,*49
2026-06-18T14:11:40.000Z $IIMWV,163.9,T,8.9,N,A*37
2026-06-18T14:11:40.000Z $IIRPM,E,1,0,,A*66
2026-06-18T14:11:50.000Z $GPRMC,141150.00,A,5235.7221,N,00433.4464,E,8.0,179.1,180626,,,A*52
2026-06-18T14:11:50.000Z $IIHDG,178.3,,,,*44
2026-06-18T14:11:50.000Z $IIMWV,164.3,T,6.8,N,A*35
2026-06-18T14:11:50.000Z $IIRPM,E,1,0,,A*66
2026-06-18T14:12:00.000Z $GPRMC,141200.00,A,5235.6934,N,00433.4300,E,8.0,176.2,180626,,,A*53
2026-06-18T14:12:00.000Z $GPGGA,141200.00,5235.6934,N,00433.4300,E,1,11,0.9,0.0,M,0.0,M,,*59
2026-06-18T14:12:00.000Z $IIHDG,175.9,,,,*43
2026-06-18T14:12:00.000Z $IIMWV,163.2,T,7.9,N,A*33
2026-06-18T14:12:00.000Z $IIDBT,43.3,f,13.2,M,7.2,F*10
2026-06-18T14:12:00.000Z $IIRPM,E,1,0,,A*66
2026-06-18T14:12:00.000Z $IIXDR,V,12.48,V,BATT*6C
2026-06-18T14:12:00.000Z $GPVTG,176.2,T,,M,8.0,N,14.8,K,A*3A
2026-06-18T14:12:00.000Z !AIVDM,1,1,,A,B3b;QlPt?05:kM7PSq1D93P000000,0*5B
2026-06-18T14:12:10.000Z $GPRMC,141210.00,A,5235.6839,N,00433.4035,E,8.0,177.6,180626,,,A*5E
2026-06-18T14:12:10.000Z $IIHDG,175.4,,,,*4E
2026-06-18T14:12:10.000Z $IIMWV,168.5,T,8.9,N,A*30
2026-06-18T14:12:10.000Z $IIRPM,E,1,0,,A*66
2026-06-18T14:12:20.000Z $GPRMC,141220.00,A,5235.6373,N,00433.4122,E,8.0,176.6,180626,,,A*5E
2026-06-18T14:12:20.000Z $IIHDG,175.6,,,,*4C
2026-06-18T14:12:20.000Z $IIMWV,162.9,T,7.5,N,A*35
2026-06-18T14:12:20.000Z $IIRPM,E,1,0,,A*66
2026-06-18T14:12:30.000Z $GPRMC,141230.00,A,5235.6307,N,00433.4430,E,8.0,177.3,180626,,,A*5E
2026-06-18T14:12:30.000Z $GPGGA,141230.00,5235.6307,N,00433.4430,E,1,9,0.9,0.0,M,0.0,M,,*6D
2026-06-18T14:12:30.000Z $IIHDG,177.4,,,,*4C
2026-06-18T14:12:30.000Z $IIMWV,170.7,T,8.3,N,A*31
2026-06-18T14:12:30.000Z $IIDBT,46.3,f,14.1,M,7.7,F*14
2026-06-18T14:12:30.000Z $IIRPM,E,1,0,,A*66
2026-06-18T14:12:30.000Z $GPVTG,177.3,T,,M,8.0,N,14.8,K,A*3A
2026-06-18T14:12:30.000Z !AIVDM,1,1,,A,B3b;QlPt?05:tdWPS@ED93P000000,0*48
2026-06-18T14:12:40.000Z $GPRMC,141240.00,A,5235.5704,N,00433.4408,E,8.0,177.6,180626,,,A*53
2026-06-18T14:12:40.000Z $IIHDG,176.7,,,,*4E
2026-06-18T14:12:40.000Z $IIMWV,166.0,T,7.9,N,A*34
2026-06-18T14:12:40.000Z $IIRPM,E,1,0,,A*66
2026-06-18T14:12:50.000Z $GPRMC,141250.00,A,5235.5767,N,00433.4073,E,8.0,177.0,180626,,,A*59
2026-06-18T14:12:50.000Z $IIHDG,177.2,,,,*4A
2026-06-18T14:12:50.000Z $IIMWV,168.9,T,7.3,N,A*39
2026-06-18T14:12:50.000Z $IIRPM,E,1,0,,A*66
2026-06-18T14:13:00.000Z $GPRMC,141300.00,A,5235.5756,N,00433.4218,E,8.0,178.2,180626,,,A*5D
2026-06-18T14:13:00.000Z $GPGGA,141300.00,5235.5756,N,00433.4218,E,1,11,0.9,0.0,M,0.0,M,,*59
2026-06-18T14:13:00.000Z $IIHDG,177.3,,,,*4B
2026-06-18T14:13:00.000Z $IIMWV,166.7,T,7.7,N,A*3D
2026-06-18T14:13:00.000Z $IIDBT,51.3,f,15.6,M,8.6,F*1A
2026-06-18T14:13:00.000Z $IIRPM,E,1,0,,A*66
2026-06-18T14:13:00.000Z $IIXDR,V,12.46,V,BATT*62
2026-06-18T14:13:00.000Z $GPVTG,178.2,T,,M,8.0,N,14.8,K,A*34
2026-06-18T14:13:00.000Z !AIVDM,1,1,,A,B3b;QlPt?05:qS7PSNaD93P000000,0*30
2026-06-18T14:13:10.000Z $GPRMC,141310.00,A,5235.5507,N,00433.4489,E,8.0,177.2,180626,,,A*5B
2026-06-18T14:13:10.000Z $IIHDG,176.4,,,,*4D
2026-06-18T14:13:10.000Z $IIMWV,163.4,T,6.7,N,A*3A
2026-06-18T14:13:10.000Z $IIRPM,E,1,0,,A*66
2026-06-18T14:13:20.000Z $GPRMC,141320.00,A,5235.4769,N,00433.4065,E,8.0,178.3,180626,,,A*5B
2026-06-18T14:13:20.000Z $IIHDG,177.6,,,,*4E
2026-06-18T14:13:20.000Z $IIMWV,170.7,T,7.2,N,A*3F
2026-06-18T14:13:20.000Z $IIRPM,E,1,0,,A*66
2026-06-18T14:13:30.000Z $GPRMC,141330.00,A,5235.4773,N,00433.4287,E,8.0,178.0,180626,,,A*5C
2026-06-18T14:13:30.000Z $GPGGA,141330.00,5235.4773,N,00433.4287,E,1,9,0.9,0.0,M,0.0,M,,*63
2026-06-18T14:13:30.000Z $IIHDG,176.2,,,,*4B
2026-06-18T14:13:30.000Z $IIMWV,166.0,T,9.0,N,A*33
2026-06-18T14:13:30.000Z $IIDBT,51.2,f,15.6,M,8.5,F*18
2026-06-18T14:13:30.000Z $IIRPM,E,1,0,,A*66
2026-06-18T14:13:30.000Z $GPVTG,178.0,T,,M,8.0,N,14.8,K,A*36
2026-06-18T14:13:30.000Z !AIVDM,1,1,,A,B3b;QlPt?05:qi7PSjuD93P000000,0*3A
2026-06-18T14:13:40.000Z $GPRMC,141340.00,A,5235.4686,N,00433.4568,E,8.0,178.9,180626,,,A*5F
2026-06-18T14:13:40.000Z $IIHDG,179.0,,,,*46
2026-06-18T14:13:40.000Z $IIMWV,165.9,T,9.1,N,A*38
2026-06-18T14:13:40.000Z $IIRPM,E,1,0,,A*66
2026-06-18T14:13:50.000Z $GPRMC,141350.00,A,5235.3981,N,00433.4621,E,8.0,176.7,180626,,,A*5F
2026-06-18T14:13:50.000Z $IIHDG,176.1,,,,*48
2026-06-18T14:13:50.000Z $IIMWV,165.3,T,8.3,N,A*31
2026-06-18T14:13:50.000Z $IIRPM,E,1,0,,A*66
2026-06-18T14:14:00.000Z $GPRMC,141400.00,A,5235.3731,N,00433.4160,E,8.0,176.4,180626,,,A*59
2026-06-18T14:14:00.000Z $GPGGA,141400.00,5235.3731,N,00433.4160,E,1,8,0.9,0.0,M,0.0,M,,*6D
2026-06-18T14:14:00.000Z $IIHDG,176.9,,,,*40
2026-06-18T14:14:00.000Z $IIMWV,162.9,T,9.5,N,A*3B
2026-06-18T14:14:00.000Z $IIDBT,45.2,f,13.8,M,7.5,F*1A
2026-06-18T14:14:00.000Z $IIRPM,E,1,0,,A*66
2026-06-18T14:14:00.000Z $IIXDR,V,12.46,V,BATT*62
2026-06-18T14:14:00.000Z $GPVTG,176.4,T,,M,8.0,N,14.8,K,A*3C
2026-06-18T14:14:00.000Z !AIVDM,1,1,,A,B3b;QlPt?05:rQ7PSQiD93P000000,0*26
2026-06-18T14:14:10.000Z $GPRMC,141410.00,A,5235.3870,N,00433.4605,E,8.0,178.4,180626,,,A*58
2026-06-18T14:14:10.000Z $IIHDG,177.6,,,,*4E
2026-06-18T14:14:10.000Z $IIMWV,172.5,T,7.9,N,A*34
2026-06-18T14:14:10.000Z $IIRPM,E,1,0,,A*66
2026-06-18T14:14:20.000Z $GPRMC,141420.00,A,5235.3261,N,00433.4152,E,8.0,178.6,180626,,,A*56
2026-06-18T14:14:20.000Z $IIHDG,179.2,,,,*44
2026-06-18T14:14:20.000Z $IIMWV,166.6,T,6.8,N,A*32
2026-06-18T14:14:20.000Z $IIRPM,E,1,0,,A*66
2026-06-18T14:14:30.000Z $GPRMC,141430.00,A,5235.3055,N,00433.4637,E,8.0,178.7,180626,,,A*57
2026-06-18T14:14:30.000Z $GPGGA,141430.00,5235.3055,N,00433.4637,E,1,8,0.9,0.0,M,0.0,M,,*6E
2026-06-18T14:14:30.000Z $IIHDG,179.5,,,,*43
2026-06-18T14:14:30.000Z $IIMWV,171.6,T,7.9,N,A*34
2026-06-18T14:14:30.000Z $IIDBT,47.9,f,14.6,M,8.0,F*10
2026-06-18T14:14:30.000Z $IIRPM,E,1,0,,A*66
2026-06-18T14:14:30.000Z $GPVTG,178.7,T,,M,8.0,N,14.8,K,A*31
2026-06-18T14:14:30.000Z !AIVDM,1,1,,A,B3b;QlPt?05:vA7PRlmD93P000000,0*0A
2026-06-18T14:14:40.000Z $GPRMC,141440.00,A,5235.2910,N,00433.4743,E,8.0,178.0,180626,,,A*5C
2026-06-18T14:14:40.000Z $IIHDG,180.2,,,,*42
2026-06-18T14:14:40.000Z $IIMWV,163.4,T,8.9,N,A*3A
2026-06-18T14:14:40.000Z $IIRPM,E,1,0,,A*66
2026-06-18T14:14:50.000Z $GPRMC,141450.00,A,5235.2570,N,00433.4358,E,8.0,178.8,180626,,,A*51
2026-06-18T14:14:50.000Z $IIHDG,179.6,,,,*40
2026-06-18T14:14:50.000Z $IIMWV,169.5,T,7.9,N,A*3E
2026-06-18T14:14:50.000Z $IIRPM,E,1,0,,A*66
2026-06-18T14:15:00.000Z $GPRMC,141500.00,A,5235.2779,N,00433.4478,E,8.0,179.0,180626,,,A*52
2026-06-18T14:15:00.000Z $GPGGA,141500.00,5235.2779,N,00433.4478,E,1,8,0.9,0.0,M,0.0,M,,*6D
2026-06-18T14:15:00.000Z $IIHDG,179.9,,,,*4F
2026-06-18T14:15:00.000Z $IIMWV,167.6,T,7.8,N,A*32
2026-06-18T14:15:00.000Z $IIDBT,42.3,f,12.9,M,7.1,F*18
2026-06-18T14:15:00.000Z $IIRPM,E,1,0,,A*66
2026-06-18T14:15:00.000Z $IIXDR,V,12.57,V,BATT*62
2026-06-18T14:15:00.000Z $IIMTA,18.7,C*0B
2026-06-18T14:15:00.000Z $GPVTG,179.0,T,,M,8.0,N,14.8,K,A*37
2026-06-18T14:15:00.000Z !AIVDM,1,1,,A,B3b;QlPt?05:v5WPS@=D93P000000,0*63
2026-06-18T14:15:10.000Z $GPRMC,141510.00,A,5235.2347,N,00433.4751,E,8.0,176.8,180626,,,A*55
2026-06-18T14:15:10.000Z $IIHDG,175.6,,,,*4C
2026-06-18T14:15:10.000Z $IIMWV,168.4,T,7.4,N,A*33
2026-06-18T14:15:10.000Z $IIRPM,E,1,0,,A*66
2026-06-18T14:15:20.000Z $GPRMC,141520.00,A,5235.2283,N,00433.4598,E,8.0,178.1,180626,,,A*5F
2026-06-18T14:15:20.000Z $IIHDG,176.3,,,,*4A
2026-06-18T14:15:20.000Z $IIMWV,171.7,T,9.1,N,A*33
2026-06-18T14:15:20.000Z $IIRPM,E,1,0,,A*66
2026-06-18T14:15:30.000Z $GPRMC,141530.00,A,5235.1795,N,00433.4290,E,8.0,178.1,180626,,,A*50
2026-06-18T14:15:30.000Z $GPGGA,141530.00,5235.1795,N,00433.4290,E,1,10,0.9,0.0,M,0.0,M,,*56
2026-06-18T14:15:30.000Z $IIHDG,176.4,,,,*4D
2026-06-18T14:15:30.000Z $IIMWV,167.5,T,8.9,N,A*3F
2026-06-18T14:15:30.000Z $IIDBT,49.3,f,15.0,M,8.2,F*11
2026-06-18T14:15:30.000Z $IIRPM,E,1,0,,A*66
2026-06-18T14:15:30.000Z $GPVTG,178.1,T,,M,8.0,N,14.8,K,A*37
2026-06-18T14:15:30.000Z !AIVDM,1,1,,A,B3b;QlPt?05;137PS`iD93P000000,0*37
2026-06-18T14:15:40.000Z $GPRMC,141540.00,A,5235.1736,N,00433.4518,E,8.0,178.3,180626,,,A*5B
2026-06-18T14:15:40.000Z $IIHDG,177.2,,,,*4A
2026-06-18T14:15:40.000Z $IIMWV,167.6,T,7.2,N,A*38
2026-06-18T14:15:40.000Z $IIRPM,E,1,0,,A*66
2026-06-18T14:15:50.000Z $GPRMC,141550.00,A,5235.0963,N,00433.4595,E,8.0,177.6,180626,,,A*5A
2026-06-18T14:15:50.000Z $IIHDG,178.1,,,,*46
2026-06-18T14:15:50.000Z $IIMWV,167.9,T,7.8,N,A*3D
2026-06-18T14:15:50.000Z $IIRPM,E,1,0,,A*66
2026-06-18T14:16:00.000Z $GPRMC,141600.00,A,5235.0850,N,00433.4715,E,8.0,176.8,180626,,,A*58
2026-06-18T14:16:00.000Z $GPGGA,141600.00,5235.0850,N,00433.4715,E,1,12,0.9,0.0,M,0.0,M,,*5B
2026-06-18T14:16:00.000Z $IIHDG,178.0,,,,*47
2026-06-18T14:16:00.000Z $IIMWV,167.1,T,9.2,N,A*31
2026-06-18T14:16:00.000Z $IIDBT,46.3,f,14.1,M,7.7,F*14
2026-06-18T14:16:00.000Z $IIRPM,E,1,0,,A*66
2026-06-18T14:16:00.000Z $IIXDR,V,12.68,V,BATT*6E
2026-06-18T14:16:00.000Z $GPVTG,176.8,T,,M,8.0,N,14.8,K,A*30
2026-06-18T14:16:00.000Z !AIVDM,1,1,,A,B3b;QlPt?05;1`WPS31D93P000000,0*0F
2026-06-18T14:16:10.000Z $GPRMC,141610.00,A,5235.0502,N,00433.4828,E,8.0,177.2,180626,,,A*59
2026-06-18T14:16:10.000Z $IIHDG,175.6,,,,*4C
2026-06-18T14:16:10.000Z $IIMWV,163.2,T,7.7,N,A*3D
2026-06-18T14:16:10.000Z $IIRPM,E,1,0,,A*66
2026-06-18T14:16:20.000Z $GPRMC,141620.00,A,5235.0327,N,00433.4557,E,8.0,177.3,180626,,,A*5F
2026-06-18T14:16:20.000Z $IIHDG,179.1,,,,*47
2026-06-18T14:16:20.000Z $IIMWV,165.0,T,9.5,N,A*35
2026-06-18T14:16:20.000Z $IIRPM,E,1,0,,A*66
2026-06-18T14:16:30.000Z $GPRMC,141630.00,A,5235.0185,N,00433.4542,E,8.0,177.0,180626,,,A*53
2026-06-18T14:16:30.000Z $GPGGA,141630.00,5235.0185,N,00433.4542,E,1,8,0.9,0.0,M,0.0,M,,*62
2026-06-18T14:16:30.000Z $IIHDG,178.4,,,,*43
2026-06-18T14:16:30.000Z $IIMWV,165.5,T,7.4,N,A*3F
2026-06-18T14:16:30.000Z $IIDBT,50.7,f,15.5,M,8.5,F*1F
2026-06-18T14:16:30.000Z $IIRPM,E,1,0,,A*66
2026-06-18T14:16:30.000Z $GPVTG,177.0,T,,M,8.0,N,14.8,K,A*39
2026-06-18T14:16:30.000Z !AIVDM,1,1,,A,B3b;QlPt?05:urWPSDAD93P000000,0*5F
2026-06-18T14:16:40.000Z $GPRMC,141640.00,A,5234.9760,N,00433.4622,E,8.0,177.0,180626,,,A*54
2026-06-18T14:16:40.000Z $IIHDG,175.8,,,,*42
2026-06-18T14:16:40.000Z $IIMWV,169.3,T,8.9,N,A*37
2026-06-18T14:16:40.000Z $IIRPM,E,1,0,,A*66
2026-06-18T14:16:50.000Z $GPRMC,141650.00,A,5234.9516,N,00433.4536,E,8.0,178.2,180626,,,A*5D
2026-06-18T14:16:50.000Z $IIHDG,178.7,,,,*40
2026-06-18T14:16:50.000Z $IIMWV,167.6,T,8.1,N,A*34
2026-06-18T14:16:50.000Z $IIRPM,E,1,0,,A*66
2026-06-18T14:17:00.000Z $GPRMC,141700.00,A,5234.9575,N,00433.4878,E,8.0,177.4,180626,,,A*52
2026-06-18T14:17:00.000Z $GPGGA,141700.00,5234.9575,N,00433.4878,E,1,10,0.9,0.0,M,0.0,M,,*5E
2026-06-18T14:17:00.000Z $IIHDG,175.9,,,,*43
2026-06-18T14:17:00.000Z $IIMWV,167.8,T,8.7,N,A*3C
2026-06-18T14:17:00.000Z $IIDBT,47.9,f,14.6,M,8.0,F*10
2026-06-18T14:17:00.000Z $IIRPM,E,1,0,,A*66
2026-06-18T14:17:00.000Z $IIXDR,V,12.54,V,BATT*61
2026-06-18T14:17:00.000Z $GPVTG,177.4,T,,M,8.0,N,14.8,K,A*3D
2026-06-18T14:17:00.000Z !AIVDM,1,1,,A,B3b;QlPt?05;677PS11D93P000000,0*3D
2026-06-18T14:17:10.000Z $GPRMC,141710.00,A,5234.9436,N,00433.4758,E,8.0,177.0,180626,,,A*5C
2026-06-18T14:17:10.000Z $IIHDG,177.2,,,,*4A
2026-06-18T14:17:10.000Z $IIMWV,171.3,T,8.5,N,A*32
2026-06-18T14:17:10.000Z $IIRPM,E,1,0,,A*66
2026-06-18T14:17:20.000Z $GPRMC,141720.00,A,5234.8702,N,00433.4973,E,8.0,179.0,180626,,,A*53
2026-06-18T14:17:20.000Z $IIHDG,179.2,,,,*44
2026-06-18T14:17:20.000Z $IIMWV,168.3,T,7.4,N,A*34
2026-06-18T14:17:20.000Z $IIRPM,E,1,0,,A*66
2026-06-18T14:17:30.000Z $GPRMC,141730.00,A,5234.8615,N,00433.4960,E,8.0,177.8,180626,,,A*51
2026-06-18T14:17:30.000Z $GPGGA,141730.00,5234.8615,N,00433.4960,E,1,9,0.9,0.0,M,0.0,M,,*69
2026-06-18T14:17:30.000Z $IIHDG,180.1,,,,*41
2026-06-18T14:17:30.000Z $IIMWV,168.8,T,7.5,N,A*3E
2026-06-18T14:17:30.000Z $IIDBT,49.4,f,15.1,M,8.2,F*17
2026-06-18T14:17:30.000Z $IIRPM,E,1,0,,A*66
2026-06-18T14:17:30.000Z $GPVTG,177.8,T,,M,8.0,N,14.8,K,A*31
2026-06-18T14:17:30.000Z !AIVDM,1,1,,A,B3b;QlPt?05;6?7PS8UD93P000000,0*58
2026-06-18T14:17:40.000Z $GPRMC,141740.00,A,5234.8384,N,00433.4697,E,8.0,176.4,180626,,,A*51
2026-06-18T14:17:40.000Z $IIHDG,175.9,,,,*43
2026-06-18T14:17:40.000Z $IIMWV,168.9,T,9.3,N,A*37
2026-06-18T14:17:40.000Z $IIRPM,E,1,0,,A*66
2026-06-18T14:17:50.000Z $GPRMC,141750.00,A,5234.8275,N,00433.4489,E,8.0,176.8,180626,,,A*5E
2026-06-18T14:17:50.000Z $IIHDG,179.8,,,,*4E
2026-06-18T14:17:50.000Z $IIMWV,167.1,T,6.8,N,A*34
2026-06-18T14:17:50.000Z $IIRPM,E,1,0,,A*66
2026-06-18T14:18:00.000Z $GPRMC,141800.00,A,5234.8202,N,00433.5001,E,8.0,176.5,180626,,,A*5C
2026-06-18T14:18:00.000Z $GPGGA,141800.00,5234.8202,N,00433.5001,E,1,10,0.9,0.0,M,0.0,M,,*50
2026-06-18T14:18:00.000Z $IIHDG,175.3,,,,*49
2026-06-18T14:18:00.000Z $IIMWV,164.9,T,7.8,N,A*3E
2026-06-18T14:18:00.000Z $IIDBT,45.1,f,13.7,M,7.5,F*16
2026-06-18T14:18:00.000Z $IIRPM,E,1,0,,A*66
2026-06-18T14:18:00.000Z $IIXDR,V,12.42,V,BATT*66
2026-06-18T14:18:00.000Z $GPVTG,176.5,T,,M,8.0,N,14.8,K,A*3D
2026-06-18T14:18:00.000Z !AIVDM,1,1,,A,B3b;QlPt?05;2J7PS35D93P000000,0*42
2026-06-18T14:18:10.000Z $GPRMC,141810.00,A,5234.7778,N,00433.4684,E,8.0,177.3,180626,,,A*57
2026-06-18T14:18:10.000Z $IIHDG,177.0,,,,*48
2026-06-18T14:18:10.000Z $IIMWV,166.6,T,9.4,N,A*31
2026-06-18T14:18:10.000Z $IIRPM,E,1,0,,A*66
2026-06-18T14:18:20.000Z $GPRMC,141820.00,A,5234.7449,N,00433.4943,E,8.0,178.0,180626,,,A*5D
2026-06-18T14:18:20.000Z $IIHDG,177.7,,,,*4F
2026-06-18T14:18:20.000Z $IIMWV,165.3,T,7.1,N,A*3C
2026-06-18T14:18:20.000Z $IIRPM,E,1,0,,A*66
2026-06-18T14:18:30.000Z $GPRMC,141830.00,A,5234.7057,N,00433.4589,E,8.0,176.8,180626,,,A*5B
2026-06-18T14:18:30.000Z $GPGGA,141830.00,5234.7057,N,00433.4589,E,1,9,0.9,0.0,M,0.0,M,,*62
2026-06-18T14:18:30.000Z $IIHDG,176.1,,,,*48
2026-06-18T14:18:30.000Z $IIMWV,164.6,T,7.3,N,A*3A
2026-06-18T14:18:30.000Z $IIDBT,43.4,f,13.2,M,7.2,F*17
2026-06-18T14:18:30.000Z $IIRPM,E,1,0,,A*66
2026-06-18T14:18:30.000Z $GPVTG,176.8,T,,M,8.0,N,14.8,K,A*30
2026-06-18T14:18:30.000Z !AIVDM,1,1,,A,B3b;QlPt?05;6q7PRVMD93P000000,0*61
2026-06-18T14:18:40.000Z $GPRMC,141840.00,A,5234.7287,N,00433.5036,E,8.0,178.7,180626,,,A*52
2026-06-18T14:18:40.000Z $IIHDG,180.1,,,,*41
2026-06-18T14:18:40.000Z $IIMWV,169.9,T,8.0,N,A*34
2026-06-18T14:18:40.000Z $IIRPM,E,1,0,,A*66
2026-06-18T14:18:50.000Z $GPRMC,141850.00,A,5234.6649,N,00433.5092,E,8.0,176.6,180626,,,A*55
2026-06-18T14:18:50.000Z $IIHDG,176.6,,,,*4F
2026-06-18T14:18:50.000Z $IIMWV,166.4,T,7.6,N,A*3F
2026-06-18T14:18:50.000Z $IIRPM,E,1,0,,A*66
2026-06-18T14:19:00.000Z $GPRMC,141900.00,A,5234.6758,N,00433.4767,E,8.0,177.3,180626,,,A*58
2026-06-18T14:19:00.000Z $GPGGA,141900.00,5234.6758,N,00433.4767,E,1,8,0.9,0.0,M,0.0,M,,*6A
2026-06-18T14:19:00.000Z $IIHDG,179.6,,,,*40
2026-06-18T14:19:00.000Z $IIMWV,171.8,T,7.7,N,A*34
2026-06-18T14:19:00.000Z $IIDBT,47.9,f,14.6,M,8.0,F*10
2026-06-18T14:19:00.000Z $IIRPM,E,1,0,,A*66
2026-06-18T14:19:00.000Z $IIXDR,V,12.65,V,BATT*63
2026-06-18T14:19:00.000Z $GPVTG,177.3,T,,M,8.0,N,14.8,K,A*3A
2026-06-18T14:19:00.000Z !AIVDM,1,1,,A,B3b;QlPt?05;7C7PR7MD93P000000,0*33
2026-06-18T14:19:10.000Z $GPRMC,141910.00,A,5234.6421,N,00433.4723,E,8.0,177.7,180626,,,A*50
2026-06-18T14:19:10.000Z $IIHDG,177.0,,,,*48
2026-06-18T14:19:10.000Z $IIMWV,169.7,T,7.0,N,A*35
2026-06-18T14:19:10.000Z $IIRPM,E,1,0,,A*66
2026-06-18T14:19:20.000Z $GPRMC,141920.00,A,5234.5853,N,00433.4886,E,8.0,178.1,180626,,,A*50
2026-06-18T14:19:20.000Z $IIHDG,178.1,,,,*46
2026-06-18T14:19:20.000Z $IIMWV,163.3,T,7.2,N,A*39
2026-06-18T14:19:20.000Z $IIRPM,E,1,0,,A*66
2026-06-18T14:19:30.000Z $GPRMC,141930.00,A,5234.5788,N,00433.5060,E,8.0,176.5,180626,,,A*53
2026-06-18T14:19:30.000Z $GPGGA,141930.00,5234.5788,N,00433.5060,E,1,9,0.9,0.0,M,0.0,M,,*67
2026-06-18T14:19:30.000Z $IIHDG,175.8,,,,*42
2026-06-18T14:19:30.000Z $IIMWV,172.5,T,9.1,N,A*32
2026-06-18T14:19:30.000Z $IIDBT,45.6,f,13.9,M,7.6,F*1C
2026-06-18T14:19:30.000Z $IIRPM,E,1,0,,A*66
2026-06-18T14:19:30.000Z $GPVTG,176.5,T,,M,8.0,N,14.8,K,A*3D
2026-06-18T14:19:30.000Z !AIVDM,1,1,,A,B3b;QlPt?05;2=7PR1mD93P000000,0*6E
2026-06-18T14:19:40.000Z $GPRMC,141940.00,A,5234.5359,N,00433.4827,E,8.0,177.5,180626,,,A*57
2026-06-18T14:19:40.000Z $IIHDG,179.6,,,,*40
2026-06-18T14:19:40.000Z $IIMWV,170.9,T,7.3,N,A*30
2026-06-18T14:19:40.000Z $IIRPM,E,1,0,,A*66
2026-06-18T14:19:50.000Z $GPRMC,141950.00,A,5234.5012,N,00433.5005,E,8.0,178.9,180626,,,A*50
2026-06-18T14:19:50.000Z $IIHDG,176.1,,,,*48
2026-06-18T14:19:50.000Z $IIMWV,169.1,T,9.1,N,A*3C
2026-06-18T14:19:50.000Z $IIRPM,E,1,0,,A*66
2026-06-18T14:20:00.000Z $GPRMC,142000.00,A,5234.5201,N,00433.4982,E,8.0,177.1,180626,,,A*5F
2026-06-18T14:20:00.000Z $GPGGA,142000.00,5234.5201,N,00433.4982,E,1,11,0.9,0.0,M,0.0,M,,*57
2026-06-18T14:20:00.000Z $IIHDG,177.0,,,,*48
2026-06-18T14:20:00.000Z $IIMWV,163.2,T,8.4,N,A*31
2026-06-18T14:20:00.000Z $IIDBT,42.6,f,13.0,M,7.1,F*15
2026-06-18T14:20:00.000Z $IIRPM,E,1,0,,A*66
2026-06-18T14:20:00.000Z $IIXDR,V,12.62,V,BATT*64
2026-06-18T14:20:00.000Z $IIMTA,18.9,C*05
2026-06-18T14:20:00.000Z $GPVTG,177.1,T,,M,8.0,N,14.8,K,A*38
2026-06-18T14:20:00.000Z !AIVDM,1,1,,A,B3b;QlPt?05;6bWPRJAD93P000000,0*02
2026-06-18T14:20:10.000Z $GPRMC,142010.00,A,5234.4970,N,00433.4815,E,8.0,178.4,180626,,,A*57
2026-06-18T14:20:10.000Z $IIHDG,179.9,,,,*4F
2026-06-18T14:20:10.000Z $IIMWV,167.0,T,8.2,N,A*31
2026-06-18T14:20:10.000Z $IIRPM,E,1,0,,A*66
2026-06-18T14:20:20.000Z $GPRMC,142020.00,A,5234.4323,N,00433.4999,E,8.0,177.2,180626,,,A*54
2026-06-18T14:20:20.000Z $IIHDG,177.7,,,,*4F
2026-06-18T14:20:20.000Z $IIMWV,165.0,T,8.6,N,A*37
2026-06-18T14:20:20.000Z $IIRPM,E,1,0,,A*66
2026-06-18T14:20:30.000Z $GPRMC,142030.00,A,5234.4075,N,00433.4833,E,8.0,178.7,180626,,,A*5E
2026-06-18T14:20:30.000Z $GPGGA,142030.00,5234.4075,N,00433.4833,E,1,8,0.9,0.0,M,0.0,M,,*67
2026-06-18T14:20:30.000Z $IIHDG,175.8,,,,*42
2026-06-18T14:20:30.000Z $IIMWV,163.5,T,7.3,N,A*3E
2026-06-18T14:20:30.000Z $IIDBT,41.9,f,12.8,M,7.0,F*11
2026-06-18T14:20:30.000Z $IIRPM,E,1,0,,A*66
2026-06-18T14:20:30.000Z $GPVTG,178.7,T,,M,8.0,N,14.8,K,A*31
2026-06-18T14:20:30.000Z !AIVDM,1,1,,A,B3b;QlPt?05;8O7PRHmD93P000000,0*6F
2026-06-18T14:20:40.000Z $GPRMC,142040.00,A,5234.4199,N,00433.5357,E,8.0,176.6,180626,,,A*5D
2026-06-18T14:20:40.000Z $IIHDG,177.7,,,,*4F
2026-06-18T14:20:40.000Z $IIMWV,170.5,T,8.6,N,A*36
2026-06-18T14:20:40.000Z $IIRPM,E,1,0,,A*66
2026-06-18T14:20:50.000Z $GPRMC,142050.00,A,5234.4030,N,00433.4935,E,8.0,176.5,180626,,,A*52
2026-06-18T14:20:50.000Z $IIHDG,177.6,,,,*4E
2026-06-18T14:20:50.000Z $IIMWV,167.5,T,6.7,N,A*3F
2026-06-18T14:20:50.000Z $IIRPM,E,1,0,,A*66
2026-06-18T14:21:00.000Z $GPRMC,142100.00,A,5234.3566,N,00433.5358,E,8.0,177.1,180626,,,A*52
2026-06-18T14:21:00.000Z $GPGGA,142100.00,5234.3566,N,00433.5358,E,1,9,0.9,0.0,M,0.0,M,,*63
2026-06-18T14:21:00.000Z $IIHDG,175.4,,,,*4E
2026-06-18T14:21:00.000Z $IIMWV,164.9,T,9.5,N,A*3D
2026-06-18T14:21:00.000Z $IIDBT,42.1,f,12.8,M,7.0,F*1A
2026-06-18T14:21:00.000Z $IIRPM,E,1,0,,A*66
2026-06-18T14:21:00.000Z $IIXDR,V,12.47,V,BATT*63
2026-06-18T14:21:00.000Z $GPVTG,177.1,T,,M,8.0,N,14.8,K,A*38
2026-06-18T14:21:00.000Z !AIVDM,1,1,,A,B3b;QlPt?05;;I7PRVID93P000000,0*50
2026-06-18T14:21:10.000Z $GPRMC,142110.00,A,5234.3540,N,00433.4909,E,8.0,178.9,180626,,,A*5F
2026-06-18T14:21:10.000Z $IIHDG,179.6,,,,*40
2026-06-18T14:21:10.000Z $IIMWV,171.1,T,6.7,N,A*3C
2026-06-18T14:21:10.000Z $IIRPM,E,1,0,,A*66
2026-06-18T14:21:20.000Z $GPRMC,142120.00,A,5234.3099,N,00433.5244,E,8.0,177.5,180626,,,A*5D
2026-06-18T14:21:20.000Z $IIHDG,179.3,,,,*45
2026-06-18T14:21:20.000Z $IIMWV,163.1,T,9.4,N,A*33
2026-06-18T14:21:20.000Z $IIRPM,E,1,0,,A*66
2026-06-18T14:21:30.000Z $GPRMC,142130.00,A,5234.2872,N,00433.5307,E,8.0,178.2,180626,,,A*5E
2026-06-18T14:21:30.000Z $GPGGA,142130.00,5234.2872,N,00433.5307,E,1,12,0.9,0.0,M,0.0,M,,*59
2026-06-18T14:21:30.000Z $IIHDG,179.3,,,,*45
2026-06-18T14:21:30.000Z $IIMWV,165.1,T,8.7,N,A*37
2026-06-18T14:21:30.000Z $IIDBT,43.6,f,13.3,M,7.3,F*15
2026-06-18T14:21:30.000Z $IIRPM,E,1,0,,A*66
2026-06-18T14:21:30.000Z $GPVTG,178.2,T,,M,8.0,N,14.8,K,A*34
2026-06-18T14:21:30.000Z !AIVDM,1,1,,A,B3b;QlPt?05;6VWPRU=D93P000000,0*55
2026-06-18T14:21:40.000Z $GPRMC,142140.00,A,5234.2227,N,00433.5373,E,8.0,178.6,180626,,,A*54
2026-06-18T14:21:40.000Z $IIHDG,177.2,,,,*4A
2026-06-18T14:21:40.000Z $IIMWV,169.4,T,7.3,N,A*35
2026-06-18T14:21:40.000Z $IIRPM,E,1,0,,A*66
2026-06-18T14:21:50.000Z $GPRMC,142150.00,A,5234.2435,N,00433.5397,E,8.0,176.3,180626,,,A*51
2026-06-18T14:21:50.000Z $IIHDG,175.5,,,,*4F
2026-06-18T14:21:50.000Z $IIMWV,169.2,T,7.5,N,A*35
2026-06-18T14:21:50.000Z $IIRPM,E,1,0,,A*66
2026-06-18T14:22:00.000Z $GPRMC,142200.00,A,5234.2079,N,00433.5149,E,8.0,177.4,180626,,,A*5C
2026-06-18T14:22:00.000Z $GPGGA,142200.00,5234.2079,N,00433.5149,E,1,10,0.9,0.0,M,0.0,M,,*50
2026-06-18T14:22:00.000Z $IIHDG,178.7,,,,*40
2026-06-18T14:22:00.000Z $IIMWV,163.9,T,9.2,N,A*3D
2026-06-18T14:22:00.000Z $IIDBT,47.6,f,14.5,M,7.9,F*1A
2026-06-18T14:22:00.000Z $IIRPM,E,1,0,,A*66
2026-06-18T14:22:00.000Z $IIXDR,V,12.60,V,BATT*66
2026-06-18T14:22:00.000Z $GPVTG,177.4,T,,M,8.0,N,14.8,K,A*3D
2026-06-18T14:22:00.000Z !AIVDM,1,1,,A,B3b;QlPt?05;797PRC1D93P000000,0*41
2026-06-18T14:22:10.000Z $GPRMC,142210.00,A,5234.1659,N,00433.5272,E,8.0,178.2,180626,,,A*58
2026-06-18T14:22:10.000Z $IIHDG,179.2,,,,*44
2026-06-18T14:22:10.000Z $IIMWV,164.6,T,7.6,N,A*3F
2026-06-18T14:22:10.000Z $IIRPM,E,1,0,,A*66
2026-06-18T14:22:20.000Z $GPRMC,142220.00,A,5234.1762,N,00433.5428,E,8.0,179.0,180626,,,A*58
2026-06-18T14:22:20.000Z $IIHDG,176.1,,,,*48
2026-06-18T14:22:20.000Z $IIMWV,165.2,T,7.1,N,A*3D
2026-06-18T14:22:20.000Z $IIRPM,E,1,0,,A*66
2026-06-18T14:22:30.000Z $GPRMC,142230.00,A,5234.1105,N,00433.5006,E,8.0,177.6,180626,,,A*5E
2026-06-18T14:22:30.000Z $GPGGA,142230.00,5234.1105,N,00433.5006,E,1,8,0.9,0.0,M,0.0,M,,*69
2026-06-18T14:22:30.000Z $IIHDG,177.5,,,,*4D
2026-06-18T14:22:30.000Z $IIMWV,170.6,T,9.2,N,A*30
2026-06-18T14:22:30.000Z $IIDBT,42.6,f,13.0,M,7.1,F*15
2026-06-18T14:22:30.000Z $IIRPM,E,1,0,,A*66
2026-06-18T14:22:30.000Z $GPVTG,177.6,T,,M,8.0,N,14.8,K,A*3F
2026-06-18T14:22:30.000Z !AIVDM,1,1,,A,B3b;QlPt?05;:l7PQU9D93P000000,0*04
2026-06-18T14:22:40.000Z $GPRMC,142240.00,A,5234.1105,N,00433.5486,E,8.0,178.9,180626,,,A*55
2026-06-18T14:22:40.000Z $IIHDG,177.2,,,,*4A
2026-06-18T14:22:40.000Z $IIMWV,171.9,T,6.9,N,A*3A
2026-06-18T14:22:40.000Z $IIRPM,E,1,0,,A*66
2026-06-18T14:22:50.000Z $GPRMC,142250.00,A,5234.0569,N,00433.5142,E,8.0,176.4,180626,,,A*55
2026-06-18T14:22:50.000Z $IIHDG,176.5,,,,*4C
2026-06-18T14:22:50.000Z $IIMWV,166.0,T,6.5,N,A*39
2026-06-18T14:22:50.000Z $IIRPM,E,1,0,,A*66
2026-06-18T14:23:00.000Z $GPRMC,142300.00,A,5234.0421,N,00433.5249,E,8.0,177.6,180626,,,A*57
2026-06-18T14:23:00.000Z $GPGGA,142300.00,5234.0421,N,00433.5249,E,1,9,0.9,0.0,M,0.0,M,,*61
2026-06-18T14:23:00.000Z $IIHDG,177.6,,,,*4E
2026-06-18T14:23:00.000Z $IIMWV,170.9,T,6.7,N,A*35
2026-06-18T14:23:00.000Z $IIDBT,43.4,f,13.2,M,7.2,F*17
2026-06-18T14:23:00.000Z $IIRPM,E,1,0,,A*66
2026-06-18T14:23:00.000Z $IIXDR,V,12.53,V,BATT*66
2026-06-18T14:23:00.000Z $GPVTG,177.6,T,,M,8.0,N,14.8,K,A*3F
2026-06-18T14:23:00.000Z !AIVDM,1,1,,A,B3b;QlPt?05;=BWPR4UD93P000000,0*43
2026-06-18T14:23:10.000Z $GPRMC,142310.00,A,5234.0269,N,00433.5234,E,8.0,178.4,180626,,,A*5B
2026-06-18T14:23:10.000Z $IIHDG,177.2,,,,*4A
2026-06-18T14:23:10.000Z $IIMWV,164.3,T,7.4,N,A*38
2026-06-18T14:23:10.000Z $IIRPM,E,1,0,,A*66
2026-06-18T14:23:20.000Z $GPRMC,142320.00,A,5234.0255,N,00433.5481,E,8.0,176.5,180626,,,A*50
2026-06-18T14:23:20.000Z $IIHDG,175.7,,,,*4D
2026-06-18T14:23:20.000Z $IIMWV,162.9,T,7.0,N,A*30
2026-06-18T14:23:20.000Z $IIRPM,E,1,0,,A*66
2026-06-18T14:23:30.000Z $GPRMC,142330.00,A,5233.9585,N,00433.5065,E,8.0,177.3,180626,,,A*5C
2026-06-18T14:23:30.000Z $GPGGA,142330.00,5233.9585,N,00433.5065,E,1,10,0.9,0.0,M,0.0,M,,*57
2026-06-18T14:23:30.000Z $IIHDG,179.9,,,,*4F
2026-06-18T14:23:30.000Z $IIMWV,166.6,T,8.8,N,A*3C
2026-06-18T14:23:30.000Z $IIDBT,44.7,f,13.6,M,7.4,F*11
2026-06-18T14:23:30.000Z $IIRPM,E,1,0,,A*66
2026-06-18T14:23:30.000Z $GPVTG,177.3,T,,M,8.0,N,14.8,K,A*3A
2026-06-18T14:23:30.000Z !AIVDM,1,1,,A,B3b;QlPt?05;?E7PR=ID93P000000,0*33
2026-06-18T14:23:40.000Z $GPRMC,142340.00,A,5233.9713,N,00433.5159,E,8.0,179.0,180626,,,A*55
2026-06-18T14:23:40.000Z $IIHDG,176.7,,,,*4E
2026-06-18T14:23:40.000Z $IIMWV,168.6,T,7.8,N,A*3D
2026-06-18T14:23:40.000Z $IIRPM,E,1,0,,A*66
2026-06-18T14:23:50.000Z $GPRMC,142350.00,A,5233.9049,N,00433.5330,E,8.0,177.7,180626,,,A*58
2026-06-18T14:23:50.000Z $IIHDG,175.7,,,,*4D
2026-06-18T14:23:50.000Z $IIMWV,167.6,T,8.2,N,A*37
2026-06-18T14:23:50.000Z $IIRPM,E,1,0,,A*66
2026-06-18T14:24:00.000Z $GPRMC,142400.00,A,5233.8718,N,00433.5334,E,8.0,178.1,180626,,,A*55
2026-06-18T14:24:00.000Z $GPGGA,142400.00,5233.8718,N,00433.5334,E,1,12,0.9,0.0,M,0.0,M,,*51
2026-06-18T14:24:00.000Z $IIHDG,180.0,,,,*40
2026-06-18T14:24:00.000Z $IIMWV,169.1,T,7.3,N,A*30
2026-06-18T14:24:00.000Z $IIDBT,42.8,f,13.0,M,7.1,F*1B
2026-06-18T14:24:00.000Z $IIRPM,E,1,0,,A*66
2026-06-18T14:24:00.000Z $IIXDR,V,12.56,V,BATT*63
2026-06-18T14:24:00.000Z $GPVTG,178.1,T,,M,8.0,N,14.8,K,A*37
2026-06-18T14:24:00.000Z !AIVDM,1,1,,A,B3b;QlPt?05;@j7PQ>aD93P000000,0*4B
2026-06-18T14:24:10.000Z $GPRMC,142410.00,A,5233.8914,N,00433.5310,E,8.0,176.9,180626,,,A*56
2026-06-18T14:24:10.000Z $IIHDG,177.5,,,,*4D
2026-06-18T14:24:10.000Z $IIMWV,170.7,T,6.5,N,A*39
2026-06-18T14:24:10.000Z $IIRPM,E,1,0,,A*66
2026-06-18T14:24:20.000Z $GPRMC,142420.00,A,5233.8473,N,00433.5270,E,8.0,177.0,180626,,,A*56
2026-06-18T14:24:20.000Z $IIHDG,179.1,,,,*47
2026-06-18T14:24:20.000Z $IIMWV,164.5,T,9.2,N,A*36
2026-06-18T14:24:20.000Z $IIRPM,E,1,0,,A*66
2026-06-18T14:24:30.000Z $GPRMC,142430.00,A,5233.8106,N,00433.5692,E,8.0,178.2,180626,,,A*55
2026-06-18T14:24:30.000Z $GPGGA,142430.00,5233.8106,N,00433.5692,E,1,11,0.9,0.0,M,0.0,M,,*51
2026-06-18T14:24:30.000Z $IIHDG,176.6,,,,*4F
2026-06-18T14:24:30.000Z $IIMWV,171.9,T,7.8,N,A*3A
2026-06-18T14:24:30.000Z $IIDBT,45.1,f,13.8,M,7.5,F*19
2026-06-18T14:24:30.000Z $IIRPM,E,1,0,,A*66
2026-06-18T14:24:30.000Z $GPVTG,178.2,T,,M,8.0,N,14.8,K,A*34
2026-06-18T14:24:30.000Z !AIVDM,1,1,,A,B3b;QlPt?05;=O7PQWmD93P000000,0*76
2026-06-18T14:24:40.000Z $GPRMC,142440.00,A,5233.8275,N,00433.5654,E,8.0,178.3,180626,,,A*5E
2026-06-18T14:24:40.000Z $IIHDG,177.2,,,,*4A
2026-06-18T14:24:40.000Z $IIMWV,172.3,T,8.5,N,A*31
2026-06-18T14:24:40.000Z $IIRPM,E,1,0,,A*66
2026-06-18T14:24:50.000Z $GPRMC,142450.00,A,5233.7689,N,00433.5565,E,8.0,177.0,180626,,,A*5A
2026-06-18T14:24:50.000Z $IIHDG,178.8,,,,*4F
2026-06-18T14:24:50.000Z $IIMWV,167.3,T,8.3,N,A*33
2026-06-18T14:24:50.000Z $IIRPM,E,1,0,,A*66
2026-06-18T14:25:00.000Z $GPRMC,142500.00,A,5233.7548,N,00433.5369,E,8.0,176.7,180626,,,A*5C
2026-06-18T14:25:00.000Z $GPGGA,142500.00,5233.7548,N,00433.5369,E,1,12,0.9,0.0,M,0.0,M,,*50
2026-06-18T14:25:00.000Z $IIHDG,179.7,,,,*41
2026-06-18T14:25:00.000Z $IIMWV,170.3,T,6.8,N,A*30
2026-06-18T14:25:00.000Z $IIDBT,47.9,f,14.6,M,8.0,F*10
2026-06-18T14:25:00.000Z $IIRPM,E,1,0,,A*66
2026-06-18T14:25:00.000Z $IIXDR,V,12.67,V,BATT*61
2026-06-18T14:25:00.000Z $IIMTA,18.2,C*0E
2026-06-18T14:25:00.000Z $GPVTG,176.7,T,,M,8.0,N,14.8,K,A*3F
2026-06-18T14:25:00.000Z !AIVDM,1,1,,A,B3b;QlPt?05;<sWPQc1D93P000000,0*43
2026-06-18T14:25:10.000Z $GPRMC,142510.00,A,5233.7026,N,00433.5463,E,8.0,176.4,180626,,,A*5E
2026-06-18T14:25:10.000Z $IIHDG,176.2,,,,*4B
2026-06-18T14:25:10.000Z $IIMWV,166.7,T,8.8,N,A*3D
2026-06-18T14:25:10.000Z $IIRPM,E,1,0,,A*66
2026-06-18T14:25:20.000Z $GPRMC,142520.00,A,5233.7046,N,00433.5643,E,8.0,176.5,180626,,,A*5A
2026-06-18T14:25:20.000Z $IIHDG,178.2,,,,*45
2026-06-18T14:25:20.000Z $IIMWV,164.2,T,9.5,N,A*36
2026-06-18T14:25:20.000Z $IIRPM,E,1,0,,A*66
2026-06-18T14:25:30.000Z $GPRMC,142530.00,A,5233.7023,N,00433.5447,E,8.0,177.8,180626,,,A*52
2026-06-18T14:25:30.000Z $GPGGA,142530.00,5233.7023,N,00433.5447,E,1,9,0.9,0.0,M,0.0,M,,*6A
2026-06-18T14:25:30.000Z $IIHDG,178.7,,,,*40
2026-06-18T14:25:30.000Z $IIMWV,163.6,T,9.2,N,A*32
2026-06-18T14:25:30.000Z $IIDBT,44.9,f,13.7,M,7.5,F*1F
2026-06-18T14:25:30.000Z $IIRPM,E,1,0,,A*66
2026-06-18T14:25:30.000Z $GPVTG,177.8,T,,M,8.0,N,14.8,K,A*31
2026-06-18T14:25:30.000Z !AIVDM,1,1,,A,B3b;QlPt?05;Bp7PQrQD93P000000,0*2F
2026-06-18T14:25:40.000Z $GPRMC,142540.00,A,5233.6788,N,00433.5271,E,8.0,179.0,180626,,,A*57
2026-06-18T14:25:40.000Z $IIHDG,179.0,,,,*46
2026-06-18T14:25:40.000Z $IIMWV,163.5,T,8.3,N,A*31
2026-06-18T14:25:40.000Z $IIRPM,E,1,0,,A*66
2026-06-18T14:25:50.000Z $GPRMC,142550.00,A,5233.6422,N,00433.5744,E,8.0,176.4,180626,,,A*5D
2026-06-18T14:25:50.000Z $IIHDG,176.0,,,,*49
2026-06-18T14:25:50.000Z $IIMWV,169.3,T,7.5,N,A*34
2026-06-18T14:25:50.000Z $IIRPM,E,1,0,,A*66
2026-06-18T14:26:00.000Z $GPRMC,142600.00,A,5233.5769,N,00433.5357,E,8.0,176.4,180626,,,A*52
2026-06-18T14:26:00.000Z $GPGGA,142600.00,5233.5769,N,00433.5357,E,1,9,0.9,0.0,M,0.0,M,,*67
2026-06-18T14:26:00.000Z $IIHDG,179.2,,,,*44
2026-06-18T14:26:00.000Z $IIMWV,170.2,T,8.7,N,A*30
2026-06-18T14:26:00.000Z $IIDBT,47.1,f,14.4,M,7.9,F*1C
2026-06-18T14:26:00.000Z $IIRPM,E,1,0,,A*66
2026-06-18T14:26:00.000Z $IIXDR,V,12.49,V,BATT*6D
2026-06-18T14:26:00.000Z $GPVTG,176.4,T,,M,8.0,N,14.8,K,A*3C
2026-06-18T14:26:00.000Z !AIVDM,1,1,,A,B3b;QlPt?05;>MWPQm=D93P000000,0*7D
2026-06-18T14:26:10.000Z $GPRMC,142610.00,A,5233.5966,N,00433.5389,E,8.0,176.6,180626,,,A*53
2026-06-18T14:26:10.000Z $IIHDG,177.8,,,,*40
2026-06-18T14:26:10.000Z $IIMWV,164.1,T,8.6,N,A*37
2026-06-18T14:26:10.000Z $IIRPM,E,1,0,,A*66
2026-06-18T14:26:20.000Z $GPRMC,142620.00,A,5233.5403,N,00433.5718,E,8.0,177.0,180626,,,A*55
2026-06-18T14:26:20.000Z $IIHDG,178.6,,,,*41
2026-06-18T14:26:20.000Z $IIMWV,165.9,T,8.2,N,A*3A
2026-06-18T14:26:20.000Z $IIRPM,E,1,0,,A*66
2026-06-18T14:26:30.000Z $GPRMC,142630.00,A,5233.5426,N,00433.5576,E,8.0,177.3,180626,,,A*5A
2026-06-18T14:26:30.000Z $GPGGA,142630.00,5233.5426,N,00433.5576,E,1,8,0.9,0.0,M,0.0,M,,*68
2026-06-18T14:26:30.000Z $IIHDG,177.1,,,,*49
2026-06-18T14:26:30.000Z $IIMWV,168.5,T,7.5,N,A*33
2026-06-18T14:26:30.000Z $IIDBT,44.1,f,13.4,M,7.4,F*15
2026-06-18T14:26:30.000Z $IIRPM,E,1,0,,A*66
2026-06-18T14:26:30.000Z $GPVTG,177.3,T,,M,8.0,N,14.8,K,A*3A
2026-06-18T14:26:30.000Z !AIVDM,1,1,,A,B3b;QlPt?05;EEWPQwmD93P000000,0*44
2026-06-18T14:26:40.000Z $GPRMC,142640.00,A,5233.5185,N,00433.5606,E,8.0,179.0,180626,,,A*58
2026-06-18T14:26:40.000Z $IIHDG,177.9,,,,*41
2026-06-18T14:26:40.000Z $IIMWV,169.5,T,8.8,N,A*30
2026-06-18T14:26:40.000Z $IIRPM,E,1,0,,A*66
2026-06-18T14:26:50.000Z $GPRMC,142650.00,A,5233.4785,N,00433.5932,E,8.0,177.0,180626,,,A*58
2026-06-18T14:26:50.000Z $IIHDG,178.5,,,,*42
2026-06-18T14:26:50.000Z $IIMWV,170.9,T,7.9,N,A*3A
2026-06-18T14:26:50.000Z $IIRPM,E,1,0,,A*66
2026-06-18T14:27:00.000Z $GPRMC,142700.00,A,5233.4269,N,00433.5915,E,8.0,177.9,180626,,,A*57
2026-06-18T14:27:00.000Z $GPGGA,142700.00,5233.4269,N,00433.5915,E,1,10,0.9,0.0,M,0.0,M,,*56
2026-06-18T14:27:00.000Z $IIHDG,179.0,,,,*46
2026-06-18T14:27:00.000Z $IIMWV,164.3,T,8.9,N,A*3A
2026-06-18T14:27:00.000Z $IIDBT,42.9,f,13.1,M,7.2,F*18
2026-06-18T14:27:00.000Z $IIRPM,E,1,0,,A*66
2026-06-18T14:27:00.000Z $IIXDR,V,12.62,V,BATT*64
2026-06-18T14:27:00.000Z $GPVTG,177.9,T,,M,8.0,N,14.8,K,A*30
2026-06-18T14:27:00.000Z !AIVDM,1,1,,A,B3b;QlPt?05;Ao7PQGED93P000000,0*12
2026-06-18T14:27:10.000Z $GPRMC,142710.00,A,5233.4061,N,00433.5902,E,8.0,177.3,180626,,,A*50
2026-06-18T14:27:10.000Z $IIHDG,179.5,,,,*43
2026-06-18T14:27:10.000Z $IIMWV,165.4,T,6.8,N,A*33
2026-06-18T14:27:10.000Z $IIRPM,E,1,0,,A*66
2026-06-18T14:27:20.000Z $GPRMC,142720.00,A,5233.3810,N,00433.5786,E,8.0,178.3,180626,,,A*57
2026-06-18T14:27:20.000Z $IIHDG,179.2,,,,*44
2026-06-18T14:27:20.000Z $IIMWV,168.2,T,8.0,N,A*3E
2026-06-18T14:27:20.000Z $IIRPM,E,1,0,,A*66
2026-06-18T14:27:30.000Z $GPRMC,142730.00,A,5233.3479,N,00433.5741,E,8.0,177.6,180626,,,A*54
2026-06-18T14:27:30.000Z $GPGGA,142730.00,5233.3479,N,00433.5741,E,1,9,0.9,0.0,M,0.0,M,,*62
2026-06-18T14:27:30.000Z $IIHDG,176.0,,,,*49
2026-06-18T14:27:30.000Z $IIMWV,170.6,T,6.6,N,A*3B
2026-06-18T14:27:30.000Z $IIDBT,45.2,f,13.8,M,7.5,F*1A
2026-06-18T14:27:30.000Z $IIRPM,E,1,0,,A*66
2026-06-18T14:27:30.000Z $GPVTG,177.6,T,,M,8.0,N,14.8,K,A*3F
2026-06-18T14:27:30.000Z !AIVDM,1,1,,A,B3b;QlPt?05;I0WPQjED93P000000,0*08
2026-06-18T14:27:40.000Z $GPRMC,142740.00,A,5233.3506,N,00433.5718,E,8.0,177.0,180626,,,A*50
2026-06-18T14:27:40.000Z $IIHDG,175.6,,,,*4C
2026-06-18T14:27:40.000Z $IIMWV,167.8,T,8.9,N,A*32
2026-06-18T14:27:40.000Z $IIRPM,E,1,0,,A*66
2026-06-18T14:27:50.000Z $GPRMC,142750.00,A,5233.3062,N,00433.5824,E,8.0,178.9,180626,,,A*50
2026-06-18T14:27:50.000Z $IIHDG,178.4,,,,*43
2026-06-18T14:27:50.000Z $IIMWV,166.9,T,7.3,N,A*37
2026-06-18T14:27:50.000Z $IIRPM,E,1,0,,A*66
2026-06-18T14:28:00.000Z $GPRMC,142800.00,A,5233.3110,N,00433.5611,E,8.0,177.7,180626,,,A*57
2026-06-18T14:28:00.000Z $GPGGA,142800.00,5233.3110,N,00433.5611,E,1,9,0.9,0.0,M,0.0,M,,*60
2026-06-18T14:28:00.000Z $IIHDG,177.0,,,,*48
2026-06-18T14:28:00.000Z $IIMWV,172.6,T,6.7,N,A*38
2026-06-18T14:28:00.000Z $IIDBT,46.4,f,14.1,M,7.7,F*13
2026-06-18T14:28:00.000Z $IIRPM,E,1,0,,A*66
2026-06-18T14:28:00.000Z $IIXDR,V,12.66,V,BATT*60
2026-06-18T14:28:00.000Z $GPVTG,177.7,T,,M,8.0,N,14.8,K,A*3E
2026-06-18T14:28:00.000Z !AIVDM,1,1,,A,B3b;QlPt?05;GS7PPmmD93P000000,0*2B
2026-06-18T14:28:10.000Z $GPRMC,142810.00,A,5233.2823,N,00433.5675,E,8.0,177.1,180626,,,A*5A
2026-06-18T14:28:10.000Z $IIHDG,175.8,,,,*42
2026-06-18T14:28:10.000Z $IIMWV,168.3,T,8.0,N,A*3F
2026-06-18T14:28:10.000Z $IIRPM,E,1,0,,A*66
2026-06-18T14:28:20.000Z $GPRMC,142820.00,A,5233.2655,N,00433.5962,E,8.0,177.2,180626,,,A*5C
2026-06-18T14:28:20.000Z $IIHDG,179.0,,,,*46
2026-06-18T14:28:20.000Z $IIMWV,163.5,T,6.7,N,A*3B
2026-06-18T14:28:20.000Z $IIRPM,E,1,0,,A*66
2026-06-18T14:28:30.000Z $GPRMC,142830.00,A,5233.2006,N,00433.5682,E,8.0,177.4,180626,,,A*5A
2026-06-18T14:28:30.000Z $GPGGA,142830.00,5233.2006,N,00433.5682,E,1,9,0.9,0.0,M,0.0,M,,*6E
2026-06-18T14:28:30.000Z $IIHDG,176.6,,,,*4F
2026-06-18T14:28:30.000Z $IIMWV,165.8,T,8.5,N,A*3C
2026-06-18T14:28:30.000Z $IIDBT,39.7,f,12.1,M,6.6,F*1E
2026-06-18T14:28:30.000Z $IIRPM,E,1,0,,A*66
2026-06-18T14:28:30.000Z $GPVTG,177.4,T,,M,8.0,N,14.8,K,A*3D
2026-06-18T14:28:30.000Z !AIVDM,1,1,,A,B3b;QlPt?05;Cb7PQ;ID93P000000,0*6D
2026-06-18T14:28:40.000Z $GPRMC,142840.00,A,5233.2201,N,00433.6156,E,8.0,179.2,180626,,,A*5D
2026-06-18T14:28:40.000Z $IIHDG,177.5,,,,*4D
2026-06-18T14:28:40.000Z $IIMWV,171.1,T,8.1,N,A*34
2026-06-18T14:28:40.000Z $IIRPM,E,1,0,,A*66
2026-06-18T14:28:50.000Z $GPRMC,142850.00,A,5233.1461,N,00433.5658,E,8.0,179.0,180626,,,A*57
2026-06-18T14:28:50.000Z $IIHDG,179.0,,,,*46
2026-06-18T14:28:50.000Z $IIMWV,166.8,T,6.7,N,A*33
2026-06-18T14:28:50.000Z $IIRPM,E,1,0,,A*66
2026-06-18T14:29:00.000Z $GPRMC,142900.00,A,5233.1519,N,00433.6053,E,8.0,177.2,180626,,,A*5F
2026-06-18T14:29:00.000Z $GPGGA,142900.00,5233.1519,N,00433.6053,E,1,10,0.9,0.0,M,0.0,M,,*55
2026-06-18T14:29:00.000Z $IIHDG,176.1,,,,*48
2026-06-18T14:29:00.000Z $IIMWV,165.4,T,7.1,N,A*3B
2026-06-18T14:29:00.000Z $IIDBT,42.4,f,12.9,M,7.1,F*1F
2026-06-18T14:29:00.000Z $IIRPM,E,1,0,,A*66
2026-06-18T14:29:00.000Z $IIXDR,V,12.46,V,BATT*62
2026-06-18T14:29:00.000Z $GPVTG,177.2,T,,M,8.0,N,14.8,K,A*3B
2026-06-18T14:29:00.000Z !AIVDM,1,1,,A,B3b;QlPt?05;Jk7PQJ1D93P000000,0*64
2026-06-18T14:29:10.000Z $GPRMC,142910.00,A,5233.1292,N,00433.6180,E,8.0,178.8,180626,,,A*50
2026-06-18T14:29:10.000Z $IIHDG,177.8,,,,*40
2026-06-18T14:29:10.000Z $IIMWV,165.2,T,8.0,N,A*33
2026-06-18T14:29:10.000Z $IIRPM,E,1,0,,A*66
2026-06-18T14:29:20.000Z $GPRMC,142920.00,A,5233.1106,N,00433.5900,E,8.0,178.1,180626,,,A*57
2026-06-18T14:29:20.000Z $IIHDG,175.5,,,,*4F
2026-06-18T14:29:20.000Z $IIMWV,170.8,T,7.1,N,A*33
2026-06-18T14:29:20.000Z $IIRPM,E,1,0,,A*66
2026-06-18T14:29:30.000Z $GPRMC,142930.00,A,5233.0850,N,00433.5944,E,8.0,178.1,180626,,,A*5D
2026-06-18T14:29:30.000Z $GPGGA,142930.00,5233.0850,N,00433.5944,E,1,8,0.9,0.0,M,0.0,M,,*62
2026-06-18T14:29:30.000Z $IIHDG,179.4,,,,*42
2026-06-18T14:29:30.000Z $IIMWV,169.3,T,7.7,N,A*36
2026-06-18T14:29:30.000Z $IIDBT,43.1,f,13.1,M,7.2,F*11
2026-06-18T14:29:30.000Z $IIRPM,E,1,0,,A*66
2026-06-18T14:29:30.000Z $GPVTG,178.1,T,,M,8.0,N,14.8,K,A*37
2026-06-18T14:29:30.000Z !AIVDM,1,1,,A,B3b;QlPt?05;LwWPQ5=D93P000000,0*6D
2026-06-18T14:29:40.000Z $GPRMC,142940.00,A,5233.0676,N,00433.5922,E,8.0,177.1,180626,,,A*5F
2026-06-18T14:29:40.000Z $IIHDG,177.8,,,,*40
2026-06-18T14:29:40.000Z $IIMWV,168.1,T,9.2,N,A*3E
2026-06-18T14:29:40.000Z $IIRPM,E,1,0,,A*66
2026-06-18T14:29:50.000Z $GPRMC,142950.00,A,5233.0039,N,00433.5846,E,8.0,176.4,180626,,,A*54
2026-06-18T14:29:50.000Z $IIHDG,175.3,,,,*49
2026-06-18T14:29:50.000Z $IIMWV,165.1,T,9.0,N,A*31
2026-06-18T14:29:50.000Z $IIRPM,E,1,0,,A*66
2026-06-18T14:30:00.000Z $GPRMC,143000.00,A,5233.0202,N,00433.6047,E,8.0,177.5,180626,,,A*59
2026-06-18T14:30:00.000Z $GPGGA,143000.00,5233.0202,N,00433.6047,E,1,11,0.9,0.0,M,0.0,M,,*55
2026-06-18T14:30:00.000Z $IIHDG,178.8,,,,*4F
2026-06-18T14:30:00.000Z $IIMWV,171.7,T,7.6,N,A*3A
2026-06-18T14:30:00.000Z $IIDBT,47.1,f,14.3,M,7.8,F*1A
2026-06-18T14:30:00.000Z $IIRPM,E,1,2247,,A*55
2026-06-18T14:30:00.000Z $IIXDR,V,14.08,V,BATT*6E
2026-06-18T14:30:00.000Z $IIMTA,18.4,C*08
2026-06-18T14:30:00.000Z $GPVTG,177.5,T,,M,8.0,N,14.8,K,A*3C
2026-06-18T14:30:00.000Z !AIVDM,1,1,,A,B3b;QlPt?05;L:WPQ19D93P000000,0*20
2026-06-18T14:30:10.000Z $GPRMC,143010.00,A,5232.9606,N,00433.5932,E,8.0,183.8,180626,,,A*5E
2026-06-18T14:30:10.000Z $IIHDG,185.5,,,,*40
2026-06-18T14:30:10.000Z $IIMWV,173.0,T,8.4,N,A*32
2026-06-18T14:30:10.000Z $IIRPM,E,1,2143,,A*52
2026-06-18T14:30:20.000Z $GPRMC,143020.00,A,5232.9293,N,00433.6063,E,8.0,183.0,180626,,,A*53
2026-06-18T14:30:20.000Z $IIHDG,183.8,,,,*4B
2026-06-18T14:30:20.000Z $IIMWV,176.4,T,7.5,N,A*3D
2026-06-18T14:30:20.000Z $IIRPM,E,1,2200,,A*56
2026-06-18T14:30:30.000Z $GPRMC,143030.00,A,5232.9446,N,00433.6059,E,8.0,184.3,180626,,,A*51
2026-06-18T14:30:30.000Z $GPGGA,143030.00,5232.9446,N,00433.6059,E,1,10,0.9,0.0,M,0.0,M,,*56
2026-06-18T14:30:30.000Z $IIHDG,186.7,,,,*41
2026-06-18T14:30:30.000Z $IIMWV,173.2,T,7.7,N,A*3C
2026-06-18T14:30:30.000Z $IIDBT,39.1,f,11.9,M,6.5,F*10
2026-06-18T14:30:30.000Z $IIRPM,E,1,2196,,A*5A
2026-06-18T14:30:30.000Z $GPVTG,184.3,T,,M,8.0,N,14.8,K,A*36
2026-06-18T14:30:30.000Z !AIVDM,1,1,,A,B3b;QlPt?05;LwWPPlUD93P000000,0*5D
2026-06-18T14:30:40.000Z $GPRMC,143040.00,A,5232.9201,N,00433.5641,E,8.0,184.5,180626,,,A*59
2026-06-18T14:30:40.000Z $IIHDG,183.3,,,,*40
2026-06-18T14:30:40.000Z $IIMWV,175.8,T,7.0,N,A*37
2026-06-18T14:30:40.000Z $IIRPM,E,1,2101,,A*54
2026-06-18T14:30:50.000Z $GPRMC,143050.00,A,5232.8879,N,00433.5927,E,8.0,183.6,180626,,,A*57
2026-06-18T14:30:50.000Z $IIHDG,184.1,,,,*45
2026-06-18T14:30:50.000Z $IIMWV,175.8,T,8.9,N,A*31
2026-06-18T14:30:50.000Z $IIRPM,E,1,2140,,A*51
2026-06-18T14:31:00.000Z $GPRMC,143100.00,A,5232.8547,N,00433.5825,E,8.0,183.1,180626,,,A*57
2026-06-18T14:31:00.000Z $GPGGA,143100.00,5232.8547,N,00433.5825,E,1,12,0.9,0.0,M,0.0,M,,*57
2026-06-18T14:31:00.000Z $IIHDG,185.8,,,,*4D
2026-06-18T14:31:00.000Z $IIMWV,177.7,T,9.2,N,A*36
2026-06-18T14:31:00.000Z $IIDBT,45.1,f,13.8,M,7.5,F*19
2026-06-18T14:31:00.000Z $IIRPM,E,1,2194,,A*58
2026-06-18T14:31:00.000Z $IIXDR,V,13.99,V,BATT*61
2026-06-18T14:31:00.000Z $GPVTG,183.1,T,,M,8.0,N,14.8,K,A*33
2026-06-18T14:31:00.000Z !AIVDM,1,1,,A,B3b;QlPt?05;QCWPQ7UD93P000000,0*2E
2026-06-18T14:31:10.000Z $GPRMC,143110.00,A,5232.7995,N,00433.5788,E,8.0,184.3,180626,,,A*57
2026-06-18T14:31:10.000Z $IIHDG,186.2,,,,*44
2026-06-18T14:31:10.000Z $IIMWV,170.5,T,8.9,N,A*39
2026-06-18T14:31:10.000Z $IIRPM,E,1,2297,,A*58
2026-06-18T14:31:20.000Z $GPRMC,143120.00,A,5232.7825,N,00433.5545,E,8.0,185.0,180626,,,A*5F
2026-06-18T14:31:20.000Z $IIHDG,183.7,,,,*44
2026-06-18T14:31:20.000Z $IIMWV,172.6,T,9.4,N,A*34
2026-06-18T14:31:20.000Z $IIRPM,E,1,2163,,A*50
2026-06-18T14:31:30.000Z $GPRMC,143130.00,A,5232.7789,N,00433.5820,E,8.0,183.6,180626,,,A*59
2026-06-18T14:31:30.000Z $GPGGA,143130.00,5232.7789,N,00433.5820,E,1,10,0.9,0.0,M,0.0,M,,*5C
2026-06-18T14:31:30.000Z $IIHDG,182.5,,,,*47
2026-06-18T14:31:30.000Z $IIMWV,169.6,T,7.0,N,A*34
2026-06-18T14:31:30.000Z $IIDBT,46.3,f,14.1,M,7.7,F*14
2026-06-18T14:31:30.000Z $IIRPM,E,1,2286,,A*58
2026-06-18T14:31:30.000Z $GPVTG,183.6,T,,M,8.0,N,14.8,K,A*34
2026-06-18T14:31:30.000Z !AIVDM,1,1,,A,B3b;QlPt?05;NrWPPdaD93P000000,0*66
2026-06-18T14:31:40.000Z $GPRMC,143140.00,A,5232.7321,N,00433.5702,E,8.0,183.4,180626,,,A*55
2026-06-18T14:31:40.000Z $IIHDG,183.5,,,,*46
2026-06-18T14:31:40.000Z $IIMWV,174.8,T,8.7,N,A*3E
2026-06-18T14:31:40.000Z $IIRPM,E,1,2194,,A*58
2026-06-18T14:31:50.000Z $GPRMC,143150.00,A,5232.7322,N,00433.5542,E,8.0,184.4,180626,,,A*56
2026-06-18T14:31:50.000Z $IIHDG,185.8,,,,*4D
2026-06-18T14:31:50.000Z $IIMWV,174.4,T,9.4,N,A*30
2026-06-18T14:31:50.000Z $IIRPM,E,1,2180,,A*5D
2026-06-18T14:32:00.000Z $GPRMC,143200.00,A,5232.7021,N,00433.5632,E,8.0,184.4,180626,,,A*54
2026-06-18T14:32:00.000Z $GPGGA,143200.00,5232.7021,N,00433.5632,E,1,12,0.9,0.0,M,0.0,M,,*56
2026-06-18T14:32:00.000Z $IIHDG,182.5,,,,*47
2026-06-18T14:32:00.000Z $IIMWV,171.7,T,6.5,N,A*38
2026-06-18T14:32:00.000Z $IIDBT,44.6,f,13.6,M,7.4,F*10
2026-06-18T14:32:00.000Z $IIRPM,E,1,2215,,A*52
2026-06-18T14:32:00.000Z $IIXDR,V,13.92,V,BATT*6A
2026-06-18T14:32:00.000Z $GPVTG,184.4,T,,M,8.0,N,14.8,K,A*31
2026-06-18T14:32:00.000Z !AIVDM,1,1,,A,B3b;QlPt?05;OfWPPkID93P000000,0*54
2026-06-18T14:32:10.000Z $GPRMC,143210.00,A,5232.6508,N,00433.5471,E,8.0,184.3,180626,,,A*58
2026-06-18T14:32:10.000Z $IIHDG,182.8,,,,*4A
2026-06-18T14:32:10.000Z $IIMWV,177.2,T,8.7,N,A*37
2026-06-18T14:32:10.000Z $IIRPM,E,1,2180,,A*5D
2026-06-18T14:32:20.000Z $GPRMC,143220.00,A,5232.6209,N,00433.5509,E,8.0,185.1,180626,,,A*50
2026-06-18T14:32:20.000Z $IIHDG,184.2,,,,*46
2026-06-18T14:32:20.000Z $IIMWV,171.0,T,9.3,N,A*36
2026-06-18T14:32:20.000Z $IIRPM,E,1,2275,,A*54
2026-06-18T14:32:30.000Z $GPRMC,143230.00,A,5232.6242,N,00433.5626,E,8.0,182.9,180626,,,A*5F
2026-06-18T14:32:30.000Z $GPGGA,143230.00,5232.6242,N,00433.5626,E,1,12,0.9,0.0,M,0.0,M,,*56
2026-06-18T14:32:30.000Z $IIHDG,185.1,,,,*44
2026-06-18T14:32:30.000Z $IIMWV,176.3,T,8.6,N,A*36
2026-06-18T14:32:30.000Z $IIDBT,47.9,f,14.6,M,8.0,F*10
2026-06-18T14:32:30.000Z $IIRPM,E,1,2114,,A*50
2026-06-18T14:32:30.000Z $GPVTG,182.9,T,,M,8.0,N,14.8,K,A*3A
2026-06-18T14:32:30.000Z !AIVDM,1,1,,A,B3b;QlPt?05;RbWPPRiD93P000000,0*54
2026-06-18T14:32:40.000Z $GPRMC,143240.00,A,5232.5789,N,00433.5338,E,8.0,184.9,180626,,,A*55
2026-06-18T14:32:40.000Z $IIHDG,185.7,,,,*42
2026-06-18T14:32:40.000Z $IIMWV,175.6,T,7.0,N,A*39
2026-06-18T14:32:40.000Z $IIRPM,E,1,2183,,A*5E
2026-06-18T14:32:50.000Z $GPRMC,143250.00,A,5232.5621,N,00433.5374,E,8.0,185.1,180626,,,A*56
2026-06-18T14:32:50.000Z $IIHDG,184.6,,,,*42
2026-06-18T14:32:50.000Z $IIMWV,177.6,T,8.7,N,A*33
2026-06-18T14:32:50.000Z $IIRPM,E,1,2242,,A*50
2026-06-18T14:33:00.000Z $GPRMC,143300.00,A,5232.5328,N,00433.5390,E,8.0,183.6,180626,,,A*55
2026-06-18T14:33:00.000Z $GPGGA,143300.00,5232.5328,N,00433.5390,E,1,11,0.9,0.0,M,0.0,M,,*51
2026-06-18T14:33:00.000Z $IIHDG,185.4,,,,*41
2026-06-18T14:33:00.000Z $IIMWV,176.5,T,6.6,N,A*3E
2026-06-18T14:33:00.000Z $IIDBT,47.7,f,14.5,M,7.9,F*1B
2026-06-18T14:33:00.000Z $IIRPM,E,1,2270,,A*51
2026-06-18T14:33:00.000Z $IIXDR,V,13.89,V,BATT*60
2026-06-18T14:33:00.000Z $GPVTG,183.6,T,,M,8.0,N,14.8,K,A*34
2026-06-18T14:33:00.000Z !AIVDM,1,1,,A,B3b;QlPt?05;LgWPP@ID93P000000,0*7D
2026-06-18T14:33:10.000Z $GPRMC,143310.00,A,5232.4848,N,00433.5448,E,8.0,183.7,180626,,,A*5B
2026-06-18T14:33:10.000Z $IIHDG,184.8,,,,*4C
2026-06-18T14:33:10.000Z $IIMWV,171.7,T,9.4,N,A*36
2026-06-18T14:33:10.000Z $IIRPM,E,1,2201,,A*57
2026-06-18T14:33:20.000Z $GPRMC,143320.00,A,5232.4864,N,00433.5422,E,8.0,184.3,180626,,,A*59
2026-06-18T14:33:20.000Z $IIHDG,182.2,,,,*40
2026-06-18T14:33:20.000Z $IIMWV,176.1,T,6.7,N,A*3B
2026-06-18T14:33:20.000Z $IIRPM,E,1,2199,,A*55
2026-06-18T14:33:30.000Z $GPRMC,143330.00,A,5232.4302,N,00433.5103,E,8.0,183.4,180626,,,A*55
2026-06-18T14:33:30.000Z $GPGGA,143330.00,5232.4302,N,00433.5103,E,1,12,0.9,0.0,M,0.0,M,,*50
2026-06-18T14:33:30.000Z $IIHDG,183.8,,,,*4B
2026-06-18T14:33:30.000Z $IIMWV,175.9,T,6.8,N,A*3F
2026-06-18T14:33:30.000Z $IIDBT,42.1,f,12.8,M,7.0,F*1A
2026-06-18T14:33:30.000Z $IIRPM,E,1,2204,,A*52
2026-06-18T14:33:30.000Z $GPVTG,183.4,T,,M,8.0,N,14.8,K,A*36
2026-06-18T14:33:30.000Z !AIVDM,1,1,,A,B3b;QlPt?05;ONWPPG1D93P000000,0*28
2026-06-18T14:33:40.000Z $GPRMC,143340.00,A,5232.4002,N,00433.5115,E,8.0,183.0,180626,,,A*52
2026-06-18T14:33:40.000Z $IIHDG,183.7,,,,*44
2026-06-18T14:33:40.000Z $IIMWV,171.7,T,9.4,N,A*36
2026-06-18T14:33:40.000Z $IIRPM,E,1,2287,,A*59
2026-06-18T14:33:50.000Z $GPRMC,143350.00,A,5232.3784,N,00433.5511,E,8.0,185.7,180626,,,A*5C
2026-06-18T14:33:50.000Z $IIHDG,182.9,,,,*4B
2026-06-18T14:33:50.000Z $IIMWV,177.0,T,9.1,N,A*32
2026-06-18T14:33:50.000Z $IIRPM,E,1,2237,,A*52
2026-06-18T14:34:00.000Z $GPRMC,143400.00,A,5232.3739,N,00433.5330,E,8.0,184.8,180626,,,A*53
2026-06-18T14:34:00.000Z $GPGGA,143400.00,5232.3739,N,00433.5330,E,1,12,0.9,0.0,M,0.0,M,,*5D
2026-06-18T14:34:00.000Z $IIHDG,183.3,,,,*40
2026-06-18T14:34:00.000Z $IIMWV,172.1,T,7.1,N,A*38
2026-06-18T14:34:00.000Z $IIDBT,46.3,f,14.1,M,7.7,F*14
2026-06-18T14:34:00.000Z $IIRPM,E,1,2215,,A*52
2026-06-18T14:34:00.000Z $IIXDR,V,13.99,V,BATT*61
2026-06-18T14:34:00.000Z $GPVTG,184.8,T,,M,8.0,N,14.8,K,A*3D
2026-06-18T14:34:00.000Z !AIVDM,1,1,,A,B3b;QlPt?05;R:WPP2uD93P000000,0*70
2026-06-18T14:34:10.000Z $GPRMC,143410.00,A,5232.3067,N,00433.5407,E,8.0,185.6,180626,,,A*52
2026-06-18T14:34:10.000Z $IIHDG,182.3,,,,*41
2026-06-18T14:34:10.000Z $IIMWV,177.9,T,6.9,N,A*3C
2026-06-18T14:34:10.000Z $IIRPM,E,1,2106,,A*53
2026-06-18T14:34:20.000Z $GPRMC,143420.00,A,5232.3182,N,00433.5192,E,8.0,185.0,180626,,,A*54
2026-06-18T14:34:20.000Z $IIHDG,185.2,,,,*47
2026-06-18T14:34:20.000Z $IIMWV,170.6,T,7.1,N,A*3D
2026-06-18T14:34:20.000Z $IIRPM,E,1,2149,,A*58
2026-06-18T14:34:30.000Z $GPRMC,143430.00,A,5232.2627,N,00433.5244,E,8.0,184.2,180626,,,A*57
2026-06-18T14:34:30.000Z $GPGGA,143430.00,5232.2627,N,00433.5244,E,1,12,0.9,0.0,M,0.0,M,,*53
2026-06-18T14:34:30.000Z $IIHDG,183.1,,,,*42
2026-06-18T14:34:30.000Z $IIMWV,173.3,T,6.5,N,A*3E
2026-06-18T14:34:30.000Z $IIDBT,44.4,f,13.5,M,7.4,F*11
2026-06-18T14:34:30.000Z $IIRPM,E,1,2252,,A*51
2026-06-18T14:34:30.000Z $GPVTG,184.2,T,,M,8.0,N,14.8,K,A*37
2026-06-18T14:34:30.000Z !AIVDM,1,1,,A,B3b;QlPt?05;VC7PPOeD93P000000,0*00
2026-06-18T14:34:40.000Z $GPRMC,143440.00,A,5232.2775,N,00433.5338,E,8.0,183.0,180626,,,A*59
2026-06-18T14:34:40.000Z $IIHDG,185.7,,,,*42
2026-06-18T14:34:40.000Z $IIMWV,178.8,T,7.1,N,A*3B
2026-06-18T14:34:40.000Z $IIRPM,E,1,2238,,A*5D
2026-06-18T14:34:50.000Z $GPRMC,143450.00,A,5232.2373,N,00433.5194,E,8.0,185.5,180626,,,A*5D
2026-06-18T14:34:50.000Z $IIHDG,182.8,,,,*4A
2026-06-18T14:34:50.000Z $IIMWV,174.3,T,8.5,N,A*37
2026-06-18T14:34:50.000Z $IIRPM,E,1,2187,,A*5A
2026-06-18T14:35:00.000Z $GPRMC,143500.00,A,5232.1773,N,00433.5029,E,8.0,185.6,180626,,,A*5A
2026-06-18T14:35:00.000Z $GPGGA,143500.00,5232.1773,N,00433.5029,E,1,12,0.9,0.0,M,0.0,M,,*5B
2026-06-18T14:35:00.000Z $IIHDG,182.3,,,,*41
2026-06-18T14:35:00.000Z $IIMWV,176.6,T,7.0,N,A*3A
2026-06-18T14:35:00.000Z $IIDBT,42.2,f,12.9,M,7.0,F*18
2026-06-18T14:35:00.000Z $IIRPM,E,1,2178,,A*5A
2026-06-18T14:35:00.000Z $IIXDR,V,14.04,V,BATT*62
2026-06-18T14:35:00.000Z $IIMTA,18.2,C*0E
2026-06-18T14:35:00.000Z $GPVTG,185.6,T,,M,8.0,N,14.8,K,A*32
2026-06-18T14:35:00.000Z !AIVDM,1,1,,A,B3b;QlPt?05;`77PP1qD93P000000,0*28
2026-06-18T14:35:10.000Z $GPRMC,143510.00,A,5232.1633,N,00433.4689,E,8.0,184.4,180626,,,A*50
2026-06-18T14:35:10.000Z $IIHDG,183.7,,,,*44
2026-06-18T14:35:10.000Z $IIMWV,172.3,T,9.2,N,A*37
2026-06-18T14:35:10.000Z $IIRPM,E,1,2294,,A*5B
2026-06-18T14:35:20.000Z $GPRMC,143520.00,A,5232.1375,N,00433.5000,E,8.0,183.6,180626,,,A*57
2026-06-18T14:35:20.000Z $IIHDG,184.2,,,,*46
2026-06-18T14:35:20.000Z $IIMWV,177.8,T,7.1,N,A*34
2026-06-18T14:35:20.000Z $IIRPM,E,1,2275,,A*54
2026-06-18T14:35:30.000Z $GPRMC,143530.00,A,5232.1019,N,00433.4850,E,8.0,184.7,180626,,,A*55
2026-06-18T14:35:30.000Z $GPGGA,143530.00,5232.1019,N,00433.4850,E,1,12,0.9,0.0,M,0.0,M,,*54
2026-06-18T14:35:30.000Z $IIHDG,185.3,,,,*46
2026-06-18T14:35:30.000Z $IIMWV,169.5,T,7.8,N,A*3F
2026-06-18T14:35:30.000Z $IIDBT,40.2,f,12.3,M,6.7,F*16
2026-06-18T14:35:30.000Z $IIRPM,E,1,2245,,A*57
2026-06-18T14:35:30.000Z $GPVTG,184.7,T,,M,8.0,N,14.8,K,A*32
2026-06-18T14:35:30.000Z !AIVDM,1,1,,A,B3b;QlPt?05;a57PPV=D93P000000,0*00
2026-06-18T14:35:40.000Z $GPRMC,143540.00,A,5232.0685,N,00433.4926,E,8.0,185.0,180626,,,A*56
2026-06-18T14:35:40.000Z $IIHDG,185.1,,,,*44
2026-06-18T14:35:40.000Z $IIMWV,176.1,T,8.4,N,A*36
2026-06-18T14:35:40.000Z $IIRPM,E,1,2236,,A*53
2026-06-18T14:35:50.000Z $GPRMC,143550.00,A,5232.0809,N,00433.4718,E,8.0,182.9,180626,,,A*50
2026-06-18T14:35:50.000Z $IIHDG,183.8,,,,*4B
2026-06-18T14:35:50.000Z $IIMWV,174.9,T,9.0,N,A*39
2026-06-18T14:35:50.000Z $IIRPM,E,1,2153,,A*53
2026-06-18T14:36:00.000Z $GPRMC,143600.00,A,5232.0331,N,00433.4993,E,8.0,183.6,180626,,,A*55
2026-06-18T14:36:00.000Z $GPGGA,143600.00,5232.0331,N,00433.4993,E,1,12,0.9,0.0,M,0.0,M,,*52
2026-06-18T14:36:00.000Z $IIHDG,183.8,,,,*4B
2026-06-18T14:36:00.000Z $IIMWV,178.5,T,7.4,N,A*33
2026-06-18T14:36:00.000Z $IIDBT,42.4,f,12.9,M,7.1,F*1F
2026-06-18T14:36:00.000Z $IIRPM,E,1,2117,,A*53
2026-06-18T14:36:00.000Z $IIXDR,V,14.05,V,BATT*63
2026-06-18T14:36:00.000Z $GPVTG,183.6,T,,M,8.0,N,14.8,K,A*34
2026-06-18T14:36:00.000Z !AIVDM,1,1,,A,B3b;QlPt?05;R47PPUeD93P000000,0*69
2026-06-18T14:36:10.000Z $GPRMC,143610.00,A,5231.9835,N,00433.4928,E,8.0,185.8,180626,,,A*59
2026-06-18T14:36:10.000Z $IIHDG,183.5,,,,*46
2026-06-18T14:36:10.000Z $IIMWV,172.0,T,9.1,N,A*37
2026-06-18T14:36:10.000Z $IIRPM,E,1,2105,,A*50
2026-06-18T14:36:20.000Z $GPRMC,143620.00,A,5231.9650,N,00433.4683,E,8.0,184.1,180626,,,A*51
2026-06-18T14:36:20.000Z $IIHDG,184.2,,,,*46
2026-06-18T14:36:20.000Z $IIMWV,172.0,T,6.9,N,A*30
2026-06-18T14:36:20.000Z $IIRPM,E,1,2187,,A*5A
2026-06-18T14:36:30.000Z $GPRMC,143630.00,A,5231.9597,N,00433.4865,E,8.0,184.3,180626,,,A*5C
2026-06-18T14:36:30.000Z $GPGGA,143630.00,5231.9597,N,00433.4865,E,1,9,0.9,0.0,M,0.0,M,,*63
2026-06-18T14:36:30.000Z $IIHDG,186.1,,,,*47
2026-06-18T14:36:30.000Z $IIMWV,175.2,T,8.2,N,A*30
2026-06-18T14:36:30.000Z $IIDBT,46.3,f,14.1,M,7.7,F*14
2026-06-18T14:36:30.000Z $IIRPM,E,1,2280,,A*5E
2026-06-18T14:36:30.000Z $GPVTG,184.3,T,,M,8.0,N,14.8,K,A*36
2026-06-18T14:36:30.000Z !AIVDM,1,1,,A,B3b;QlPt?05;cQ7POPeD93P000000,0*27
2026-06-18T14:36:40.000Z $GPRMC,143640.00,A,5231.9606,N,00433.4769,E,8.0,183.5,180626,,,A*52
2026-06-18T14:36:40.000Z $IIHDG,182.7,,,,*45
2026-06-18T14:36:40.000Z $IIMWV,178.8,T,6.8,N,A*33
2026-06-18T14:36:40.000Z $IIRPM,E,1,2266,,A*56
2026-06-18T14:36:50.000Z $GPRMC,143650.00,A,5231.8880,N,00433.4619,E,8.0,185.2,180626,,,A*55
2026-06-18T14:36:50.000Z $IIHDG,184.4,,,,*40
2026-06-18T14:36:50.000Z $IIMWV,173.7,T,8.9,N,A*38
2026-06-18T14:36:50.000Z $IIRPM,E,1,2157,,A*57
2026-06-18T14:37:00.000Z $GPRMC,143700.00,A,5231.8991,N,00433.4359,E,8.0,185.6,180626,,,A*55
2026-06-18T14:37:00.000Z $GPGGA,143700.00,5231.8991,N,00433.4359,E,1,11,0.9,0.0,M,0.0,M,,*57
2026-06-18T14:37:00.000Z $IIHDG,182.7,,,,*45
2026-06-18T14:37:00.000Z $IIMWV,170.7,T,7.5,N,A*38
2026-06-18T14:37:00.000Z $IIDBT,47.2,f,14.4,M,7.9,F*1F
2026-06-18T14:37:00.000Z $IIRPM,E,1,2202,,A*54
2026-06-18T14:37:00.000Z $IIXDR,V,13.86,V,BATT*6F
2026-06-18T14:37:00.000Z $GPVTG,185.6,T,,M,8.0,N,14.8,K,A*32
2026-06-18T14:37:00.000Z !AIVDM,1,1,,A,B3b;QlPt?05;TU7POT9D93P000000,0*4C
2026-06-18T14:37:10.000Z $GPRMC,143710.00,A,5231.8819,N,00433.4295,E,8.0,183.9,180626,,,A*5D
2026-06-18T14:37:10.000Z $IIHDG,182.0,,,,*42
2026-06-18T14:37:10.000Z $IIMWV,177.5,T,8.2,N,A*35
2026-06-18T14:37:10.000Z $IIRPM,E,1,2228,,A*5C
2026-06-18T14:37:20.000Z $GPRMC,143720.00,A,5231.8525,N,00433.4408,E,8.0,183.2,180626,,,A*55
2026-06-18T14:37:20.000Z $IIHDG,186.1,,,,*47
2026-06-18T14:37:20.000Z $IIMWV,178.3,T,8.8,N,A*36
2026-06-18T14:37:20.000Z $IIRPM,E,1,2194,,A*58
2026-06-18T14:37:30.000Z $GPRMC,143730.00,A,5231.7984,N,00433.4681,E,8.0,185.7,180626,,,A*5C
2026-06-18T14:37:30.000Z $GPGGA,143730.00,5231.7984,N,00433.4681,E,1,10,0.9,0.0,M,0.0,M,,*5E
2026-06-18T14:37:30.000Z $IIHDG,184.1,,,,*45
2026-06-18T14:37:30.000Z $IIMWV,176.4,T,9.4,N,A*32
2026-06-18T14:37:30.000Z $IIDBT,42.2,f,12.9,M,7.0,F*18
2026-06-18T14:37:30.000Z $IIRPM,E,1,2286,,A*58
2026-06-18T14:37:30.000Z $GPVTG,185.7,T,,M,8.0,N,14.8,K,A*33
2026-06-18T14:37:30.000Z !AIVDM,1,1,,A,B3b;QlPt?05;bR7PP<=D93P000000,0*0E
2026-06-18T14:37:40.000Z $GPRMC,143740.00,A,5231.7678,N,00433.4639,E,8.0,183.5,180626,,,A*50
2026-06-18T14:37:40.000Z $IIHDG,186.1,,,,*47
2026-06-18T14:37:40.000Z $IIMWV,170.1,T,8.9,N,A*3D
2026-06-18T14:37:40.000Z $IIRPM,E,1,2177,,A*55
2026-06-18T14:37:50.000Z $GPRMC,143750.00,A,5231.7276,N,00433.4545,E,8.0,183.1,180626,,,A*57
2026-06-18T14:37:50.000Z $IIHDG,185.0,,,,*45
2026-06-18T14:37:50.000Z $IIMWV,179.0,T,9.0,N,A*3D
2026-06-18T14:37:50.000Z $IIRPM,E,1,2155,,A*55
2026-06-18T14:38:00.000Z $GPRMC,143800.00,A,5231.7159,N,00433.4554,E,8.0,182.9,180626,,,A*5A
2026-06-18T14:38:00.000Z $GPGGA,143800.00,5231.7159,N,00433.4554,E,1,11,0.9,0.0,M,0.0,M,,*50
2026-06-18T14:38:00.000Z $IIHDG,182.0,,,,*42
2026-06-18T14:38:00.000Z $IIMWV,170.9,T,8.7,N,A*3B
2026-06-18T14:38:00.000Z $IIDBT,40.1,f,12.2,M,6.7,F*14
2026-06-18T14:38:00.000Z $IIRPM,E,1,2158,,A*58
2026-06-18T14:38:00.000Z $IIXDR,V,14.09,V,BATT*6F
2026-06-18T14:38:00.000Z $GPVTG,182.9,T,,M,8.0,N,14.8,K,A*3A
2026-06-18T14:38:00.000Z !AIVDM,1,1,,A,B3b;QlPt?05;bu7PP<=D93P000000,0*29
2026-06-18T14:38:10.000Z $GPRMC,143810.00,A,5231.7165,N,00433.4459,E,8.0,185.8,180626,,,A*5E
2026-06-18T14:38:10.000Z $IIHDG,186.2,,,,*44
2026-06-18T14:38:10.000Z $IIMWV,175.7,T,6.7,N,A*3E
2026-06-18T14:38:10.000Z $IIRPM,E,1,2208,,A*5E
2026-06-18T14:38:20.000Z $GPRMC,143820.00,A,5231.6677,N,00433.4524,E,8.0,183.4,180626,,,A*59
2026-06-18T14:38:20.000Z $IIHDG,185.6,,,,*43
2026-06-18T14:38:20.000Z $IIMWV,171.3,T,7.5,N,A*3D
2026-06-18T14:38:20.000Z $IIRPM,E,1,2249,,A*5B
2026-06-18T14:38:30.000Z $GPRMC,143830.00,A,5231.6405,N,00433.4003,E,8.0,183.8,180626,,,A*53
2026-06-18T14:38:30.000Z $GPGGA,143830.00,5231.6405,N,00433.4003,E,1,11,0.9,0.0,M,0.0,M,,*59
2026-06-18T14:38:30.000Z $IIHDG,182.5,,,,*47
2026-06-18T14:38:30.000Z $IIMWV,178.8,T,6.7,N,A*3C
2026-06-18T14:38:30.000Z $IIDBT,40.1,f,12.2,M,6.7,F*14
2026-06-18T14:38:30.000Z $IIRPM,E,1,2178,,A*5A
2026-06-18T14:38:30.000Z $GPVTG,183.8,T,,M,8.0,N,14.8,K,A*3A
2026-06-18T14:38:30.000Z !AIVDM,1,1,,A,B3b;QlPt?05;guWPOM5D93P000000,0*2A
2026-06-18T14:38:40.000Z $GPRMC,143840.00,A,5231.6227,N,00433.4111,E,8.0,184.4,180626,,,A*5B
2026-06-18T14:38:40.000Z $IIHDG,185.8,,,,*4D
2026-06-18T14:38:40.000Z $IIMWV,176.8,T,8.4,N,A*3F
2026-06-18T14:38:40.000Z $IIRPM,E,1,2270,,A*51
2026-06-18T14:38:50.000Z $GPRMC,143850.00,A,5231.5829,N,00433.4324,E,8.0,182.9,180626,,,A*52
2026-06-18T14:38:50.000Z $IIHDG,183.2,,,,*41
2026-06-18T14:38:50.000Z $IIMWV,175.0,T,7.3,N,A*3C
2026-06-18T14:38:50.000Z $IIRPM,E,1,2186,,A*5B
2026-06-18T14:39:00.000Z $GPRMC,143900.00,A,5231.5605,N,00433.4422,E,8.0,184.1,180626,,,A*59
2026-06-18T14:39:00.000Z $GPGGA,143900.00,5231.5605,N,00433.4422,E,1,10,0.9,0.0,M,0.0,M,,*5C
2026-06-18T14:39:00.000Z $IIHDG,182.8,,,,*4A
2026-06-18T14:39:00.000Z $IIMWV,178.3,T,6.7,N,A*37
2026-06-18T14:39:00.000Z $IIDBT,38.8,f,11.8,M,6.5,F*19
2026-06-18T14:39:00.000Z $IIRPM,E,1,2196,,A*5A
2026-06-18T14:39:00.000Z $IIXDR,V,14.00,V,BATT*66
2026-06-18T14:39:00.000Z $GPVTG,184.1,T,,M,8.0,N,14.8,K,A*34
2026-06-18T14:39:00.000Z !AIVDM,1,1,,A,B3b;QlPt?05;cT7POWeD93P000000,0*25
2026-06-18T14:39:10.000Z $GPRMC,143910.00,A,5231.5613,N,00433.3971,E,8.0,183.7,180626,,,A*52
2026-06-18T14:39:10.000Z $IIHDG,186.8,,,,*4E
2026-06-18T14:39:10.000Z $IIMWV,175.7,T,8.2,N,A*35
2026-06-18T14:39:10.000Z $IIRPM,E,1,2213,,A*54
2026-06-18T14:39:20.000Z $GPRMC,143920.00,A,5231.4955,N,00433.3850,E,8.0,183.8,180626,,,A*50
2026-06-18T14:39:20.000Z $IIHDG,185.1,,,,*44
2026-06-18T14:39:20.000Z $IIMWV,177.9,T,7.8,N,A*3C
2026-06-18T14:39:20.000Z $IIRPM,E,1,2296,,A*59
2026-06-18T14:39:30.000Z $GPRMC,143930.00,A,5231.4863,N,00433.4322,E,8.0,185.3,180626,,,A*51
2026-06-18T14:39:30.000Z $GPGGA,143930.00,5231.4863,N,00433.4322,E,1,11,0.9,0.0,M,0.0,M,,*56
2026-06-18T14:39:30.000Z $IIHDG,181.9,,,,*48
2026-06-18T14:39:30.000Z $IIMWV,172.2,T,6.9,N,A*32
2026-06-18T14:39:30.000Z $IIDBT,44.6,f,13.6,M,7.4,F*10
2026-06-18T14:39:30.000Z $IIRPM,E,1,2104,,A*51
2026-06-18T14:39:30.000Z $GPVTG,185.3,T,,M,8.0,N,14.8,K,A*37
2026-06-18T14:39:30.000Z !AIVDM,1,1,,A,B3b;QlPt?05;e57PO<9D93P000000,0*75
2026-06-18T14:39:40.000Z $GPRMC,143940.00,A,5231.4360,N,00433.4158,E,8.0,183.5,180626,,,A*51
2026-06-18T14:39:40.000Z $IIHDG,184.3,,,,*47
2026-06-18T14:39:40.000Z $IIMWV,171.2,T,7.5,N,A*3C
2026-06-18T14:39:40.000Z $IIRPM,E,1,2202,,A*54
2026-06-18T14:39:50.000Z $GPRMC,143950.00,A,5231.4397,N,00433.4070,E,8.0,183.9,180626,,,A*5F
2026-06-18T14:39:50.000Z $IIHDG,184.3,,,,*47
2026-06-18T14:39:50.000Z $IIMWV,171.8,T,9.4,N,A*39
2026-06-18T14:39:50.000Z $IIRPM,E,1,2146,,A*57
2026-06-18T14:40:00.000Z $GPRMC,144000.00,A,5231.3744,N,00433.4152,E,8.0,185.4,180626,,,A*53
2026-06-18T14:40:00.000Z $GPGGA,144000.00,5231.3744,N,00433.4152,E,1,11,0.9,0.0,M,0.0,M,,*53
2026-06-18T14:40:00.000Z $IIHDG,183.3,,,,*40
2026-06-18T14:40:00.000Z $IIMWV,170.2,T,7.6,N,A*3E
2026-06-18T14:40:00.000Z $IIDBT,41.3,f,12.6,M,6.9,F*1D
2026-06-18T14:40:00.000Z $IIRPM,E,1,2136,,A*50
2026-06-18T14:40:00.000Z $IIXDR,V,14.04,V,BATT*62
2026-06-18T14:40:00.000Z $IIMTA,18.4,C*08
2026-06-18T14:40:00.000Z $GPVTG,185.4,T,,M,8.0,N,14.8,K,A*30
2026-06-18T14:40:00.000Z !AIVDM,1,1,,A,B3b;QlPt?05;bHWPOBeD93P000000,0*4D
2026-06-18T14:40:10.000Z $GPRMC,144010.00,A,5231.3658,N,00433.3704,E,8.0,184.7,180626,,,A*5E
2026-06-18T14:40:10.000Z $IIHDG,186.0,,,,*46
2026-06-18T14:40:10.000Z $IIMWV,174.1,T,8.1,N,A*31
2026-06-18T14:40:10.000Z $IIRPM,E,1,2248,,A*5A
2026-06-18T14:40:20.000Z $GPRMC,144020.00,A,5231.3726,N,00433.3732,E,8.0,184.3,180626,,,A*54
2026-06-18T14:40:20.000Z $IIHDG,185.6,,,,*43
2026-06-18T14:40:20.000Z $IIMWV,171.0,T,8.7,N,A*33
2026-06-18T14:40:20.000Z $IIRPM,E,1,2101,,A*54
2026-06-18T14:40:30.000Z $GPRMC,144030.00,A,5231.3359,N,00433.4195,E,8.0,185.2,180626,,,A*55
2026-06-18T14:40:30.000Z $GPGGA,144030.00,5231.3359,N,00433.4195,E,1,10,0.9,0.0,M,0.0,M,,*52
2026-06-18T14:40:30.000Z $IIHDG,184.2,,,,*46
2026-06-18T14:40:30.000Z $IIMWV,174.2,T,6.9,N,A*34
2026-06-18T14:40:30.000Z $IIDBT,46.9,f,14.3,M,7.8,F*13
2026-06-18T14:40:30.000Z $IIRPM,E,1,2109,,A*5C
2026-06-18T14:40:30.000Z $GPVTG,185.2,T,,M,8.0,N,14.8,K,A*36
2026-06-18T14:40:30.000Z !AIVDM,1,1,,A,B3b;QlPt?05;cw7PODUD93P000000,0*25
2026-06-18T14:40:40.000Z $GPRMC,144040.00,A,5231.3083,N,00433.4149,E,8.0,185.8,180626,,,A*5D
2026-06-18T14:40:40.000Z $IIHDG,185.9,,,,*4C
2026-06-18T14:40:40.000Z $IIMWV,175.2,T,8.5,N,A*37
2026-06-18T14:40:40.000Z $IIRPM,E,1,2111,,A*55
2026-06-18T14:40:50.000Z $GPRMC,144050.00,A,5231.2449,N,00433.3752,E,8.0,182.9,180626,,,A*52
2026-06-18T14:40:50.000Z $IIHDG,182.0,,,,*42
2026-06-18T14:40:50.000Z $IIMWV,178.3,T,9.3,N,A*3C
2026-06-18T14:40:50.000Z $IIRPM,E,1,2246,,A*54
2026-06-18T14:41:00.000Z $GPRMC,144100.00,A,5231.2393,N,00433.3869,E,8.0,183.1,180626,,,A*58
2026-06-18T14:41:00.000Z $GPGGA,144100.00,5231.2393,N,00433.3869,E,1,12,0.9,0.0,M,0.0,M,,*58
2026-06-18T14:41:00.000Z $IIHDG,185.7,,,,*42
2026-06-18T14:41:00.000Z $IIMWV,169.9,T,9.5,N,A*30
2026-06-18T14:41:00.000Z $IIDBT,38.4,f,11.7,M,6.4,F*1B
2026-06-18T14:41:00.000Z $IIRPM,E,1,2182,,A*5F
2026-06-18T14:41:00.000Z $IIXDR,V,14.03,V,BATT*65
2026-06-18T14:41:00.000Z $GPVTG,183.1,T,,M,8.0,N,14.8,K,A*33
2026-06-18T14:41:00.000Z !AIVDM,1,1,,A,B3b;QlPt?05;kGWPNgAD93P000000,0*4B
2026-06-18T14:41:10.000Z $GPRMC,144110.00,A,5231.2012,N,00433.4025,E,8.0,185.5,180626,,,A*56
2026-06-18T14:41:10.000Z $IIHDG,182.7,,,,*45
2026-06-18T14:41:10.000Z $IIMWV,174.5,T,6.6,N,A*3C
2026-06-18T14:41:10.000Z $IIRPM,E,1,2271,,A*50
2026-06-18T14:41:20.000Z $GPRMC,144120.00,A,5231.1856,N,00433.3770,E,8.0,182.9,180626,,,A*55
2026-06-18T14:41:20.000Z $IIHDG,186.6,,,,*40
2026-06-18T14:41:20.000Z $IIMWV,169.8,T,8.3,N,A*36
2026-06-18T14:41:20.000Z $IIRPM,E,1,2276,,A*57
2026-06-18T14:41:30.000Z $GPRMC,144130.00,A,5231.1487,N,00433.3851,E,8.0,185.4,180626,,,A*52
2026-06-18T14:41:30.000Z $GPGGA,144130.00,5231.1487,N,00433.3851,E,1,8,0.9,0.0,M,0.0,M,,*6A
2026-06-18T14:41:30.000Z $IIHDG,185.3,,,,*46
2026-06-18T14:41:30.000Z $IIMWV,175.2,T,7.8,N,A*35
2026-06-18T14:41:30.000Z $IIDBT,44.8,f,13.6,M,7.5,F*1F
2026-06-18T14:41:30.000Z $IIRPM,E,1,2162,,A*51
2026-06-18T14:41:30.000Z $GPVTG,185.4,T,,M,8.0,N,14.8,K,A*30
2026-06-18T14:41:30.000Z !AIVDM,1,1,,A,B3b;QlPt?05;mV7POlAD93P000000,0*36
2026-06-18T14:41:40.000Z $GPRMC,144140.00,A,5231.1279,N,00433.3489,E,8.0,184.3,180626,,,A*5D
2026-06-18T14:41:40.000Z $IIHDG,183.5,,,,*46
2026-06-18T14:41:40.000Z $IIMWV,175.7,T,8.3,N,A*34
2026-06-18T14:41:40.000Z $IIRPM,E,1,2141,,A*50
2026-06-18T14:41:50.000Z $GPRMC,144150.00,A,5231.0974,N,00433.3429,E,8.0,184.2,180626,,,A*50
2026-06-18T14:41:50.000Z $IIHDG,183.7,,,,*44
2026-06-18T14:41:50.000Z $IIMWV,179.2,T,7.8,N,A*39
2026-06-18T14:41:50.000Z $IIRPM,E,1,2133,,A*55
2026-06-18T14:42:00.000Z $GPRMC,144200.00,A,5231.0961,N,00433.3522,E,8.0,183.2,180626,,,A*5F
2026-06-18T14:42:00.000Z $GPGGA,144200.00,5231.0961,N,00433.3522,E,1,9,0.9,0.0,M,0.0,M,,*66
2026-06-18T14:42:00.000Z $IIHDG,183.2,,,,*41
2026-06-18T14:42:00.000Z $IIMWV,171.6,T,6.8,N,A*34
2026-06-18T14:42:00.000Z $IIDBT,40.7,f,12.4,M,6.8,F*1B
2026-06-18T14:42:00.000Z $IIRPM,E,1,2165,,A*56
2026-06-18T14:42:00.000Z $IIXDR,V,13.93,V,BATT*6B
2026-06-18T14:42:00.000Z $GPVTG,183.2,T,,M,8.0,N,14.8,K,A*30
2026-06-18T14:42:00.000Z !AIVDM,1,1,,A,B3b;QlPt?05;kr7PO1QD93P000000,0*59
2026-06-18T14:42:10.000Z $GPRMC,144210.00,A,5231.0439,N,00433.3283,E,8.0,183.7,180626,,,A*57
2026-06-18T14:42:10.000Z $IIHDG,182.5,,,,*47
2026-06-18T14:42:10.000Z $IIMWV,176.3,T,8.0,N,A*30
2026-06-18T14:42:10.000Z $IIRPM,E,1,2191,,A*5D
2026-06-18T14:42:20.000Z $GPRMC,144220.00,A,5231.0035,N,00433.3640,E,8.0,184.3,180626,,,A*54
2026-06-18T14:42:20.000Z $IIHDG,186.8,,,,*4E
2026-06-18T14:42:20.000Z $IIMWV,172.0,T,7.1,N,A*39
2026-06-18T14:42:20.000Z $IIRPM,E,1,2244,,A*56
2026-06-18T14:42:30.000Z $GPRMC,144230.00,A,5230.9812,N,00433.3296,E,8.0,184.3,180626,,,A*5F
2026-06-18T14:42:30.000Z $GPGGA,144230.00,5230.9812,N,00433.3296,E,1,9,0.9,0.0,M,0.0,M,,*60
2026-06-18T14:42:30.000Z $IIHDG,182.4,,,,*46
2026-06-18T14:42:30.000Z $IIMWV,173.8,T,8.2,N,A*3C
2026-06-18T14:42:30.000Z $IIDBT,37.6,f,11.5,M,6.3,F*13
2026-06-18T14:42:30.000Z $IIRPM,E,1,2156,,A*56
2026-06-18T14:42:30.000Z $GPVTG,184.3,T,,M,8.0,N,14.8,K,A*36
2026-06-18T14:42:30.000Z !AIVDM,1,1,,A,B3b;QlPt?05;g`WPOSQD93P000000,0*45
2026-06-18T14:42:40.000Z $GPRMC,144240.00,A,5230.9841,N,00433.3582,E,8.0,183.3,180626,,,A*5B
2026-06-18T14:42:40.000Z $IIHDG,182.0,,,,*42
2026-06-18T14:42:40.000Z $IIMWV,178.5,T,7.8,N,A*3F
2026-06-18T14:42:40.000Z $IIRPM,E,1,2219,,A*5E
2026-06-18T14:42:50.000Z $GPRMC,144250.00,A,5230.9571,N,00433.3256,E,8.0,183.1,180626,,,A*58
2026-06-18T14:42:50.000Z $IIHDG,184.6,,,,*42
2026-06-18T14:42:50.000Z $IIMWV,178.7,T,7.0,N,A*35
2026-06-18T14:42:50.000Z $IIRPM,E,1,2142,,A*53
2026-06-18T14:43:00.000Z $GPRMC,144300.00,A,5230.8930,N,00433.3659,E,8.0,183.1,180626,,,A*5F
2026-06-18T14:43:00.000Z $GPGGA,144300.00,5230.8930,N,00433.3659,E,1,12,0.9,0.0,M,0.0,M,,*5F
2026-06-18T14:43:00.000Z $IIHDG,182.4,,,,*46
2026-06-18T14:43:00.000Z $IIMWV,174.7,T,6.8,N,A*30
2026-06-18T14:43:00.000Z $IIDBT,41.6,f,12.7,M,6.9,F*19
2026-06-18T14:43:00.000Z $IIRPM,E,1,2275,,A*54
2026-06-18T14:43:00.000Z $IIXDR,V,13.96,V,BATT*6E
2026-06-18T14:43:00.000Z $GPVTG,183.1,T,,M,8.0,N,14.8,K,A*33
2026-06-18T14:43:00.000Z !AIVDM,1,1,,A,B3b;QlPt?05;l`WPNeiD93P000000,0*41
2026-06-18T14:43:10.000Z $GPRMC,144310.00,A,5230.8895,N,00433.3454,E,8.0,185.1,180626,,,A*59
2026-06-18T14:43:10.000Z $IIHDG,183.0,,,,*43
2026-06-18T14:43:10.000Z $IIMWV,178.8,T,9.3,N,A*37
2026-06-18T14:43:10.000Z $IIRPM,E,1,2267,,A*57
2026-06-18T14:43:20.000Z $GPRMC,144320.00,A,5230.8705,N,00433.3549,E,8.0,183.7,180626,,,A*51
2026-06-18T14:43:20.000Z $IIHDG,183.5,,,,*46
2026-06-18T14:43:20.000Z $IIMWV,174.6,T,8.8,N,A*3F
2026-06-18T14:43:20.000Z $IIRPM,E,1,2155,,A*55
2026-06-18T14:43:30.000Z $GPRMC,144330.00,A,5230.8591,N,00433.3246,E,8.0,183.0,180626,,,A*50
2026-06-18T14:43:30.000Z $GPGGA,144330.00,5230.8591,N,00433.3246,E,1,10,0.9,0.0,M,0.0,M,,*53
2026-06-18T14:43:30.000Z $IIHDG,183.0,,,,*43
2026-06-18T14:43:30.000Z $IIMWV,174.7,T,8.1,N,A*37
2026-06-18T14:43:30.000Z $IIDBT,39.9,f,12.2,M,6.7,F*12
2026-06-18T14:43:30.000Z $IIRPM,E,1,2245,,A*57
2026-06-18T14:43:30.000Z $GPVTG,183.0,T,,M,8.0,N,14.8,K,A*32
2026-06-18T14:43:30.000Z !AIVDM,1,1,,A,B3b;QlPt?05;iUWPO2UD93P000000,0*1B
2026-06-18T14:43:40.000Z $GPRMC,144340.00,A,5230.8039,N,00433.3483,E,8.0,184.3,180626,,,A*5B
2026-06-18T14:43:40.000Z $IIHDG,184.5,,,,*41
2026-06-18T14:43:40.000Z $IIMWV,175.4,T,8.8,N,A*3C
2026-06-18T14:43:40.000Z $IIRPM,E,1,2272,,A*53
2026-06-18T14:43:50.000Z $GPRMC,144350.00,A,5230.7931,N,00433.3383,E,8.0,184.2,180626,,,A*52
2026-06-18T14:43:50.000Z $IIHDG,186.4,,,,*42
2026-06-18T14:43:50.000Z $IIMWV,175.9,T,9.0,N,A*38
2026-06-18T14:43:50.000Z $IIRPM,E,1,2122,,A*55
2026-06-18T14:44:00.000Z $GPRMC,144400.00,A,5230.7791,N,00433.3153,E,8.0,183.0,180626,,,A*5E
2026-06-18T14:44:00.000Z $GPGGA,144400.00,5230.7791,N,00433.3153,E,1,12,0.9,0.0,M,0.0,M,,*5F
2026-06-18T14:44:00.000Z $IIHDG,183.6,,,,*45
2026-06-18T14:44:00.000Z $IIMWV,176.2,T,7.9,N,A*37
2026-06-18T14:44:00.000Z $IIDBT,45.7,f,13.9,M,7.6,F*1D
2026-06-18T14:44:00.000Z $IIRPM,E,1,2215,,A*52
2026-06-18T14:44:00.000Z $IIXDR,V,14.00,V,BATT*66
2026-06-18T14:44:00.000Z $GPVTG,183.0,T,,M,8.0,N,14.8,K,A*32
2026-06-18T14:44:00.000Z !AIVDM,1,1,,A,B3b;QlPt?05;pFWPNVeD93P000000,0*44
2026-06-18T14:44:10.000Z $GPRMC,144410.00,A,5230.7366,N,00433.3457,E,8.0,185.6,180626,,,A*52
2026-06-18T14:44:10.000Z $IIHDG,186.4,,,,*42
2026-06-18T14:44:10.000Z $IIMWV,178.7,T,6.7,N,A*33
2026-06-18T14:44:10.000Z $IIRPM,E,1,2181,,A*5C
2026-06-18T14:44:20.000Z $GPRMC,144420.00,A,5230.7008,N,00433.3333,E,8.0,184.0,180626,,,A*58
2026-06-18T14:44:20.000Z $IIHDG,183.7,,,,*44
2026-06-18T14:44:20.000Z $IIMWV,174.7,T,6.6,N,A*3E
2026-06-18T14:44:20.000Z $IIRPM,E,1,2193,,A*5F
2026-06-18T14:44:30.000Z $GPRMC,144430.00,A,5230.6791,N,00433.3197,E,8.0,183.2,180626,,,A*56
2026-06-18T14:44:30.000Z $GPGGA,144430.00,5230.6791,N,00433.3197,E,1,10,0.9,0.0,M,0.0,M,,*57
2026-06-18T14:44:30.000Z $IIHDG,183.2,,,,*41
2026-06-18T14:44:30.000Z $IIMWV,176.8,T,8.4,N,A*3F
2026-06-18T14:44:30.000Z $IIDBT,42.5,f,12.9,M,7.1,F*1E
2026-06-18T14:44:30.000Z $IIRPM,E,1,2258,,A*5B
2026-06-18T14:44:30.000Z $GPVTG,183.2,T,,M,8.0,N,14.8,K,A*30
2026-06-18T14:44:30.000Z !AIVDM,1,1,,A,B3b;QlPt?05;pKWPNPmD93P000000,0*47
2026-06-18T14:44:40.000Z $GPRMC,144440.00,A,5230.6758,N,00433.2857,E,8.0,185.8,180626,,,A*5C
2026-06-18T14:44:40.000Z $IIHDG,183.1,,,,*42
2026-06-18T14:44:40.000Z $IIMWV,178.2,T,7.9,N,A*39
2026-06-18T14:44:40.000Z $IIRPM,E,1,2298,,A*57
2026-06-18T14:44:50.000Z $GPRMC,144450.00,A,5230.6220,N,00433.3311,E,8.0,185.1,180626,,,A*56
2026-06-18T14:44:50.000Z $IIHDG,182.3,,,,*41
2026-06-18T14:44:50.000Z $IIMWV,174.2,T,9.2,N,A*30
2026-06-18T14:44:50.000Z $IIRPM,E,1,2158,,A*58
2026-06-18T14:45:00.000Z $GPRMC,144500.00,A,5230.5707,N,00433.3210,E,8.0,183.8,180626,,,A*5E
2026-06-18T14:45:00.000Z $GPGGA,144500.00,5230.5707,N,00433.3210,E,1,11,0.9,0.0,M,0.0,M,,*54
2026-06-18T14:45:00.000Z $IIHDG,182.4,,,,*46
2026-06-18T14:45:00.000Z $IIMWV,178.0,T,7.8,N,A*3A
2026-06-18T14:45:00.000Z $IIDBT,39.6,f,12.1,M,6.6,F*1F
2026-06-18T14:45:00.000Z $IIRPM,E,1,2254,,A*57
2026-06-18T14:45:00.000Z $IIXDR,V,14.04,V,BATT*62
2026-06-18T14:45:00.000Z $IIMTA,18.2,C*0E
2026-06-18T14:45:00.000Z $GPVTG,183.8,T,,M,8.0,N,14.8,K,A*3A
2026-06-18T14:45:00.000Z !AIVDM,1,1,,A,B3b;QlPt?05;puWPO5uD93P000000,0*05
2026-06-18T14:45:10.000Z $GPRMC,144510.00,A,5230.5449,N,00433.2723,E,8.0,183.1,180626,,,A*5B
2026-06-18T14:45:10.000Z $IIHDG,186.1,,,,*47
2026-06-18T14:45:10.000Z $IIMWV,175.7,T,6.7,N,A*3E
2026-06-18T14:45:10.000Z $IIRPM,E,1,2291,,A*5E
2026-06-18T14:45:20.000Z $GPRMC,144520.00,A,5230.5675,N,00433.2636,E,8.0,184.5,180626,,,A*53
2026-06-18T14:45:20.000Z $IIHDG,186.1,,,,*47
2026-06-18T14:45:20.000Z $IIMWV,172.1,T,7.5,N,A*3C
2026-06-18T14:45:20.000Z $IIRPM,E,1,2232,,A*57
2026-06-18T14:45:30.000Z $GPRMC,144530.00,A,5230.5177,N,00433.2675,E,8.0,183.3,180626,,,A*51
2026-06-18T14:45:30.000Z $GPGGA,144530.00,5230.5177,N,00433.2675,E,1,10,0.9,0.0,M,0.0,M,,*51
2026-06-18T14:45:30.000Z $IIHDG,182.8,,,,*4A
2026-06-18T14:45:30.000Z $IIMWV,176.7,T,9.4,N,A*31
2026-06-18T14:45:30.000Z $IIDBT,41.1,f,12.5,M,6.9,F*1C
2026-06-18T14:45:30.000Z $IIRPM,E,1,2236,,A*53
2026-06-18T14:45:30.000Z $GPVTG,183.3,T,,M,8.0,N,14.8,K,A*31
2026-06-18T14:45:30.000Z !AIVDM,1,1,,A,B3b;QlPt?05;rl7PNlUD93P000000,0*06
2026-06-18T14:45:40.000Z $GPRMC,144540.00,A,5230.4735,N,00433.3080,E,8.0,184.2,180626,,,A*5C
2026-06-18T14:45:40.000Z $IIHDG,184.3,,,,*47
2026-06-18T14:45:40.000Z $IIMWV,175.7,T,8.2,N,A*35
2026-06-18T14:45:40.000Z $IIRPM,E,1,2193,,A*5F
2026-06-18T14:45:50.000Z $GPRMC,144550.00,A,5230.4501,N,00433.2938,E,8.0,183.5,180626,,,A*53
2026-06-18T14:45:50.000Z $IIHDG,182.7,,,,*45
2026-06-18T14:45:50.000Z $IIMWV,178.0,T,8.1,N,A*3C
2026-06-18T14:45:50.000Z $IIRPM,E,1,2270,,A*51
2026-06-18T14:46:00.000Z $GPRMC,144600.00,A,5230.4362,N,00433.2619,E,8.0,183.6,180626,,,A*59
2026-06-18T14:46:00.000Z $GPGGA,144600.00,5230.4362,N,00433.2619,E,1,12,0.9,0.0,M,0.0,M,,*5E
2026-06-18T14:46:00.000Z $IIHDG,185.5,,,,*40
2026-06-18T14:46:00.000Z $IIMWV,174.6,T,8.6,N,A*31
2026-06-18T14:46:00.000Z $IIDBT,36.6,f,11.2,M,6.1,F*17
2026-06-18T14:46:00.000Z $IIRPM,E,1,2106,,A*53
2026-06-18T14:46:00.000Z $IIXDR,V,14.05,V,BATT*63
2026-06-18T14:46:00.000Z $GPVTG,183.6,T,,M,8.0,N,14.8,K,A*34
2026-06-18T14:46:00.000Z !AIVDM,1,1,,A,B3b;QlPt?05;o4WPN?mD93P000000,0*48
2026-06-18T14:46:10.000Z $GPRMC,144610.00,A,5230.4321,N,00433.2888,E,8.0,183.6,180626,,,A*59
2026-06-18T14:46:10.000Z $IIHDG,184.4,,,,*40
2026-06-18T14:46:10.000Z $IIMWV,173.2,T,8.5,N,A*31
2026-06-18T14:46:10.000Z $IIRPM,E,1,2283,,A*5D
2026-06-18T14:46:20.000Z $GPRMC,144620.00,A,5230.4086,N,00433.2570,E,8.0,182.9,180626,,,A*50
2026-06-18T14:46:20.000Z $IIHDG,186.6,,,,*40
2026-06-18T14:46:20.000Z $IIMWV,174.5,T,6.8,N,A*32
2026-06-18T14:46:20.000Z $IIRPM,E,1,2212,,A*55
2026-06-18T14:46:30.000Z $GPRMC,144630.00,A,5230.3533,N,00433.2984,E,8.0,183.4,180626,,,A*56
2026-06-18T14:46:30.000Z $GPGGA,144630.00,5230.3533,N,00433.2984,E,1,10,0.9,0.0,M,0.0,M,,*51
2026-06-18T14:46:30.000Z $IIHDG,186.6,,,,*40
2026-06-18T14:46:30.000Z $IIMWV,176.0,T,6.9,N,A*34
2026-06-18T14:46:30.000Z $IIDBT,39.3,f,12.0,M,6.5,F*18
2026-06-18T14:46:30.000Z $IIRPM,E,1,2126,,A*51
2026-06-18T14:46:30.000Z $GPVTG,183.4,T,,M,8.0,N,14.8,K,A*36
2026-06-18T14:46:30.000Z !AIVDM,1,1,,A,B3b;QlPt?05;r47PN`MD93P000000,0*4A
2026-06-18T14:46:40.000Z $GPRMC,144640.00,A,5230.3259,N,00433.2903,E,8.0,183.6,180626,,,A*57
2026-06-18T14:46:40.000Z $IIHDG,182.3,,,,*41
2026-06-18T14:46:40.000Z $IIMWV,175.5,T,7.3,N,A*39
2026-06-18T14:46:40.000Z $IIRPM,E,1,2286,,A*58
2026-06-18T14:46:50.000Z $GPRMC,144650.00,A,5230.2984,N,00433.2505,E,8.0,185.6,180626,,,A*50
2026-06-18T14:46:50.000Z $IIHDG,186.7,,,,*41
2026-06-18T14:46:50.000Z $IIMWV,177.0,T,8.6,N,A*34
2026-06-18T14:46:50.000Z $IIRPM,E,1,2147,,A*56
2026-06-18T14:47:00.000Z $GPRMC,144700.00,A,5230.2871,N,00433.2813,E,8.0,185.8,180626,,,A*5B
2026-06-18T14:47:00.000Z $GPGGA,144700.00,5230.2871,N,00433.2813,E,1,10,0.9,0.0,M,0.0,M,,*56
2026-06-18T14:47:00.000Z $IIHDG,185.0,,,,*45
2026-06-18T14:47:00.000Z $IIMWV,177.5,T,8.3,N,A*34
2026-06-18T14:47:00.000Z $IIDBT,38.0,f,11.6,M,6.3,F*19
2026-06-18T14:47:00.000Z $IIRPM,E,1,2176,,A*54
2026-06-18T14:47:00.000Z $IIXDR,V,13.94,V,BATT*6C
2026-06-18T14:47:00.000Z $GPVTG,185.8,T,,M,8.0,N,14.8,K,A*3C
2026-06-18T14:47:00.000Z !AIVDM,1,1,,A,B3b;QlPt?05;oPWPO0ED93P000000,0*0A
2026-06-18T14:47:10.000Z $GPRMC,144710.00,A,5230.2420,N,00433.2735,E,8.0,184.4,180626,,,A*54
2026-06-18T14:47:10.000Z $IIHDG,184.0,,,,*44
2026-06-18T14:47:10.000Z $IIMWV,177.7,T,8.9,N,A*3C
2026-06-18T14:47:10.000Z $IIRPM,E,1,2273,,A*52
2026-06-18T14:47:20.000Z $GPRMC,144720.00,A,5230.2547,N,00433.2601,E,8.0,183.1,180626,,,A*53
2026-06-18T14:47:20.000Z $IIHDG,184.5,,,,*41
2026-06-18T14:47:20.000Z $IIMWV,171.6,T,8.0,N,A*32
2026-06-18T14:47:20.000Z $IIRPM,E,1,2281,,A*5F
2026-06-18T14:47:30.000Z $GPRMC,144730.00,A,5230.2169,N,00433.2581,E,8.0,183.6,180626,,,A*56
2026-06-18T14:47:30.000Z $GPGGA,144730.00,5230.2169,N,00433.2581,E,1,12,0.9,0.0,M,0.0,M,,*51
2026-06-18T14:47:30.000Z $IIHDG,183.6,,,,*45
2026-06-18T14:47:30.000Z $IIMWV,177.2,T,8.1,N,A*31
2026-06-18T14:47:30.000Z $IIDBT,37.9,f,11.6,M,6.3,F*1F
2026-06-18T14:47:30.000Z $IIRPM,E,1,2170,,A*52
2026-06-18T14:47:30.000Z $GPVTG,183.6,T,,M,8.0,N,14.8,K,A*34
2026-06-18T14:47:30.000Z !AIVDM,1,1,,A,B3b;QlPt?05;t47PN0AD93P000000,0*10
2026-06-18T14:47:40.000Z $GPRMC,144740.00,A,5230.1965,N,00433.2523,E,8.0,183.3,180626,,,A*5B
2026-06-18T14:47:40.000Z $IIHDG,183.7,,,,*44
2026-06-18T14:47:40.000Z $IIMWV,176.0,T,6.6,N,A*3B
2026-06-18T14:47:40.000Z $IIRPM,E,1,2221,,A*55
2026-06-18T14:47:50.000Z $GPRMC,144750.00,A,5230.1355,N,00433.2559,E,8.0,184.5,180626,,,A*5F
2026-06-18T14:47:50.000Z $IIHDG,185.8,,,,*4D
2026-06-18T14:47:50.000Z $IIMWV,177.2,T,7.8,N,A*37
2026-06-18T14:47:50.000Z $IIRPM,E,1,2191,,A*5D
2026-06-18T14:48:00.000Z $GPRMC,144800.00,A,5230.1183,N,00433.2200,E,8.0,183.2,180626,,,A*57
2026-06-18T14:48:00.000Z $GPGGA,144800.00,5230.1183,N,00433.2200,E,1,9,0.9,0.0,M,0.0,M,,*6E
2026-06-18T14:48:00.000Z $IIHDG,186.7,,,,*41
2026-06-18T14:48:00.000Z $IIMWV,170.0,T,6.6,N,A*3D
2026-06-18T14:48:00.000Z $IIDBT,41.2,f,12.6,M,6.9,F*1C
2026-06-18T14:48:00.000Z $IIRPM,E,1,2151,,A*51
2026-06-18T14:48:00.000Z $IIXDR,V,14.08,V,BATT*6E
2026-06-18T14:48:00.000Z $GPVTG,183.2,T,,M,8.0,N,14.8,K,A*30
2026-06-18T14:48:00.000Z !AIVDM,1,1,,A,B3b;QlPt?05;tc7PN8QD93P000000,0*5F
2026-06-18T14:48:10.000Z $GPRMC,144810.00,A,5230.0931,N,00433.2583,E,8.0,185.7,180626,,,A*59
2026-06-18T14:48:10.000Z $IIHDG,186.1,,,,*47
2026-06-18T14:48:10.000Z $IIMWV,175.6,T,8.5,N,A*33
2026-06-18T14:48:10.000Z $IIRPM,E,1,2289,,A*57
2026-06-18T14:48:20.000Z $GPRMC,144820.00,A,5230.0518,N,00433.2076,E,8.0,185.4,180626,,,A*51
2026-06-18T14:48:20.000Z $IIHDG,186.0,,,,*46
2026-06-18T14:48:20.000Z $IIMWV,172.6,T,9.2,N,A*32
2026-06-18T14:48:20.000Z $IIRPM,E,1,2155,,A*55
2026-06-18T14:48:30.000Z $GPRMC,144830.00,A,5230.0444,N,00433.2505,E,8.0,183.7,180626,,,A*5C
2026-06-18T14:48:30.000Z $GPGGA,144830.00,5230.0444,N,00433.2505,E,1,8,0.9,0.0,M,0.0,M,,*61
2026-06-18T14:48:30.000Z $IIHDG,183.4,,,,*47
2026-06-18T14:48:30.000Z $IIMWV,174.2,T,9.1,N,A*33
2026-06-18T14:48:30.000Z $IIDBT,43.2,f,13.2,M,7.2,F*11
2026-06-18T14:48:30.000Z $IIRPM,E,1,2148,,A*59
2026-06-18T14:48:30.000Z $GPVTG,183.7,T,,M,8.0,N,14.8,K,A*35
2026-06-18T14:48:30.000Z !AIVDM,1,1,,A,B3b;QlPt?05;wNWPNUMD93P000000,0*60
2026-06-18T14:48:40.000Z $GPRMC,144840.00,A,5230.0149,N,00433.2319,E,8.0,184.4,180626,,,A*5C
2026-06-18T14:48:40.000Z $IIHDG,183.0,,,,*43
2026-06-18T14:48:40.000Z $IIMWV,172.9,T,8.3,N,A*3D
2026-06-18T14:48:40.000Z $IIRPM,E,1,2268,,A*58
2026-06-18T14:48:50.000Z $GPRMC,144850.00,A,5229.9681,N,00433.2218,E,8.0,184.9,180626,,,A*52
2026-06-18T14:48:50.000Z $IIHDG,185.9,,,,*4C
2026-06-18T14:48:50.000Z $IIMWV,174.6,T,7.1,N,A*39
2026-06-18T14:48:50.000Z $IIRPM,E,1,2279,,A*58
2026-06-18T14:49:00.000Z $GPRMC,144900.00,A,5229.9382,N,00433.2386,E,8.0,185.0,180626,,,A*5E
2026-06-18T14:49:00.000Z $GPGGA,144900.00,5229.9382,N,00433.2386,E,1,11,0.9,0.0,M,0.0,M,,*5A
2026-06-18T14:49:00.000Z $IIHDG,183.2,,,,*41
2026-06-18T14:49:00.000Z $IIMWV,171.3,T,6.8,N,A*31
2026-06-18T14:49:00.000Z $IIDBT,39.1,f,11.9,M,6.5,F*10
2026-06-18T14:49:00.000Z $IIRPM,E,1,2164,,A*57
2026-06-18T14:49:00.000Z $IIXDR,V,13.87,V,BATT*6E
2026-06-18T14:49:00.000Z $GPVTG,185.0,T,,M,8.0,N,14.8,K,A*34
2026-06-18T14:49:00.000Z !AIVDM,1,1,,A,B3b;QlPt?05<10WPNamD93P000000,0*4B
2026-06-18T14:49:10.000Z $GPRMC,144910.00,A,5229.9293,N,00433.2078,E,8.0,182.9,180626,,,A*52
2026-06-18T14:49:10.000Z $IIHDG,184.9,,,,*4D
2026-06-18T14:49:10.000Z $IIMWV,175.2,T,8.7,N,A*35
2026-06-18T14:49:10.000Z $IIRPM,E,1,2191,,A*5D
2026-06-18T14:49:20.000Z $GPRMC,144920.00,A,5229.8801,N,00433.1983,E,8.0,184.4,180626,,,A*54
2026-06-18T14:49:20.000Z $IIHDG,185.3,,,,*46
2026-06-18T14:49:20.000Z $IIMWV,170.2,T,9.0,N,A*36
2026-06-18T14:49:20.000Z $IIRPM,E,1,2273,,A*52
2026-06-18T14:49:30.000Z $GPRMC,144930.00,A,5229.8664,N,00433.1970,E,8.0,185.1,180626,,,A*50
2026-06-18T14:49:30.000Z $GPGGA,144930.00,5229.8664,N,00433.1970,E,1,12,0.9,0.0,M,0.0,M,,*56
2026-06-18T14:49:30.000Z $IIHDG,186.7,,,,*41
2026-06-18T14:49:30.000Z $IIMWV,176.1,T,8.4,N,A*36
2026-06-18T14:49:30.000Z $IIDBT,41.6,f,12.7,M,6.9,F*19
2026-06-18T14:49:30.000Z $IIRPM,E,1,2134,,A*52
2026-06-18T14:49:30.000Z $GPVTG,185.1,T,,M,8.0,N,14.8,K,A*35
2026-06-18T14:49:30.000Z !AIVDM,1,1,,A,B3b;QlPt?05<0v7PNP5D93P000000,0*05
2026-06-18T14:49:40.000Z $GPRMC,144940.00,A,5229.8253,N,00433.2313,E,8.0,184.8,180626,,,A*53
2026-06-18T14:49:40.000Z $IIHDG,186.7,,,,*41
2026-06-18T14:49:40.000Z $IIMWV,172.1,T,7.9,N,A*30
2026-06-18T14:49:40.000Z $IIRPM,E,1,2227,,A*53
2026-06-18T14:49:50.000Z $GPRMC,144950.00,A,5229.8190,N,00433.2195,E,8.0,183.5,180626,,,A*58
2026-06-18T14:49:50.000Z $IIHDG,183.4,,,,*47
2026-06-18T14:49:50.000Z $IIMWV,172.1,T,7.2,N,A*3B
2026-06-18T14:49:50.000Z $IIRPM,E,1,2185,,A*58
2026-06-18T14:50:00.000Z $GPRMC,145000.00,A,5229.8199,N,00433.1754,E,8.0,183.8,180626,,,A*59
2026-06-18T14:50:00.000Z $GPGGA,145000.00,5229.8199,N,00433.1754,E,1,10,0.9,0.0,M,0.0,M,,*52
2026-06-18T14:50:00.000Z $IIHDG,184.5,,,,*41
2026-06-18T14:50:00.000Z $IIMWV,170.8,T,9.5,N,A*39
2026-06-18T14:50:00.000Z $IIDBT,45.6,f,13.9,M,7.6,F*1C
2026-06-18T14:50:00.000Z $IIRPM,E,1,2130,,A*56
2026-06-18T14:50:00.000Z $IIXDR,V,14.00,V,BATT*66
2026-06-18T14:50:00.000Z $IIMTA,17.9,C*0A
2026-06-18T14:50:00.000Z $GPVTG,183.8,T,,M,8.0,N,14.8,K,A*3A
2026-06-18T14:50:00.000Z !AIVDM,1,1,,A,B3b;QlPt?05<6;WPN9aD93P000000,0*13
2026-06-18T14:50:10.000Z $GPRMC,145010.00,A,5229.7626,N,00433.1669,E,8.0,185.7,180626,,,A*52
2026-06-18T14:50:10.000Z $IIHDG,186.2,,,,*44
2026-06-18T14:50:10.000Z $IIMWV,171.8,T,9.3,N,A*3E
2026-06-18T14:50:10.000Z $IIRPM,E,1,2202,,A*54
2026-06-18T14:50:20.000Z $GPRMC,145020.00,A,5229.7334,N,00433.2162,E,8.0,184.3,180626,,,A*5D
2026-06-18T14:50:20.000Z $IIHDG,185.4,,,,*41
2026-06-18T14:50:20.000Z $IIMWV,172.7,T,7.8,N,A*37
2026-06-18T14:50:20.000Z $IIRPM,E,1,2185,,A*58
2026-06-18T14:50:30.000Z $GPRMC,145030.00,A,5229.7253,N,00433.2109,E,8.0,185.0,180626,,,A*53
2026-06-18T14:50:30.000Z $GPGGA,145030.00,5229.7253,N,00433.2109,E,1,11,0.9,0.0,M,0.0,M,,*57
2026-06-18T14:50:30.000Z $IIHDG,184.4,,,,*40
2026-06-18T14:50:30.000Z $IIMWV,177.9,T,7.0,N,A*34
2026-06-18T14:50:30.000Z $IIDBT,40.5,f,12.4,M,6.8,F*19
2026-06-18T14:50:30.000Z $IIRPM,E,1,2231,,A*54
2026-06-18T14:50:30.000Z $GPVTG,185.0,T,,M,8.0,N,14.8,K,A*34
2026-06-18T14:50:30.000Z !AIVDM,1,1,,A,B3b;QlPt?05<0`7PMoeD93P000000,0*7F
2026-06-18T14:50:40.000Z $GPRMC,145040.00,A,5229.6919,N,00433.1606,E,8.0,184.1,180626,,,A*5B
2026-06-18T14:50:40.000Z $IIHDG,185.7,,,,*42
2026-06-18T14:50:40.000Z $IIMWV,174.8,T,7.0,N,A*36
2026-06-18T14:50:40.000Z $IIRPM,E,1,2162,,A*51
2026-06-18T14:50:50.000Z $GPRMC,145050.00,A,5229.6945,N,00433.2133,E,8.0,183.7,180626,,,A*50
2026-06-18T14:50:50.000Z $IIHDG,185.6,,,,*43
2026-06-18T14:50:50.000Z $IIMWV,174.7,T,9.4,N,A*33
2026-06-18T14:50:50.000Z $IIRPM,E,1,2176,,A*54
2026-06-18T14:51:00.000Z $GPRMC,145100.00,A,5229.6101,N,00433.1704,E,8.0,183.0,180626,,,A*5A
2026-06-18T14:51:00.000Z $GPGGA,145100.00,5229.6101,N,00433.1704,E,1,8,0.9,0.0,M,0.0,M,,*60
2026-06-18T14:51:00.000Z $IIHDG,183.1,,,,*42
2026-06-18T14:51:00.000Z $IIMWV,173.2,T,8.9,N,A*3D
2026-06-18T14:51:00.000Z $IIDBT,37.5,f,11.4,M,6.3,F*11
2026-06-18T14:51:00.000Z $IIRPM,E,1,2255,,A*56
2026-06-18T14:51:00.000Z $IIXDR,V,13.88,V,BATT*61
2026-06-18T14:51:00.000Z $GPVTG,183.0,T,,M,8.0,N,14.8,K,A*32
2026-06-18T14:51:00.000Z !AIVDM,1,1,,A,B3b;QlPt?05<087PMM9D93P000000,0*59
2026-06-18T14:51:10.000Z $GPRMC,145110.00,A,5229.6131,N,00433.2055,E,8.0,184.2,180626,,,A*5D
2026-06-18T14:51:10.000Z $IIHDG,184.4,,,,*40
2026-06-18T14:51:10.000Z $IIMWV,177.7,T,6.6,N,A*3D
2026-06-18T14:51:10.000Z $IIRPM,E,1,2290,,A*5F
2026-06-18T14:51:20.000Z $GPRMC,145120.00,A,5229.5851,N,00433.1731,E,8.0,182.9,180626,,,A*59
2026-06-18T14:51:20.000Z $IIHDG,184.8,,,,*4C
2026-06-18T14:51:20.000Z $IIMWV,170.9,T,9.4,N,A*39
2026-06-18T14:51:20.000Z $IIRPM,E,1,2207,,A*51
2026-06-18T14:51:30.000Z $GPRMC,145130.00,A,5229.5575,N,00433.1999,E,8.0,184.7,180626,,,A*57
2026-06-18T14:51:30.000Z $GPGGA,145130.00,5229.5575,N,00433.1999,E,1,10,0.9,0.0,M,0.0,M,,*54
2026-06-18T14:51:30.000Z $IIHDG,182.0,,,,*42
2026-06-18T14:51:30.000Z $IIMWV,170.8,T,8.5,N,A*38
2026-06-18T14:51:30.000Z $IIDBT,38.5,f,11.7,M,6.4,F*1A
2026-06-18T14:51:30.000Z $IIRPM,E,1,2119,,A*5D
2026-06-18T14:51:30.000Z $GPVTG,184.7,T,,M,8.0,N,14.8,K,A*32
2026-06-18T14:51:30.000Z !AIVDM,1,1,,A,B3b;QlPt?05<7`7PNFqD93P000000,0*46
2026-06-18T14:51:40.000Z $GPRMC,145140.00,A,5229.5356,N,00433.1559,E,8.0,184.5,180626,,,A*55
2026-06-18T14:51:40.000Z $IIHDG,186.6,,,,*40
2026-06-18T14:51:40.000Z $IIMWV,171.4,T,8.0,N,A*30
2026-06-18T14:51:40.000Z $IIRPM,E,1,2147,,A*56
2026-06-18T14:51:50.000Z $GPRMC,145150.00,A,5229.4848,N,00433.1618,E,8.0,183.7,180626,,,A*52
2026-06-18T14:51:50.000Z $IIHDG,183.1,,,,*42
2026-06-18T14:51:50.000Z $IIMWV,173.1,T,6.8,N,A*31
2026-06-18T14:51:50.000Z $IIRPM,E,1,2121,,A*56
2026-06-18T14:52:00.000Z $GPRMC,145200.00,A,5229.4530,N,00433.1716,E,8.0,184.3,180626,,,A*5A
2026-06-18T14:52:00.000Z $GPGGA,145200.00,5229.4530,N,00433.1716,E,1,9,0.9,0.0,M,0.0,M,,*65
2026-06-18T14:52:00.000Z $IIHDG,186.6,,,,*40
2026-06-18T14:52:00.000Z $IIMWV,175.2,T,8.8,N,A*3A
2026-06-18T14:52:00.000Z $IIDBT,41.0,f,12.5,M,6.8,F*1C
2026-06-18T14:52:00.000Z $IIRPM,E,1,2108,,A*5D
2026-06-18T14:52:00.000Z $IIXDR,V,14.01,V,BATT*67
2026-06-18T14:52:00.000Z $GPVTG,184.3,T,,M,8.0,N,14.8,K,A*36
2026-06-18T14:52:00.000Z !AIVDM,1,1,,A,B3b;QlPt?05<7sWPMWUD93P000000,0*03
2026-06-18T14:52:10.000Z $GPRMC,145210.00,A,5229.4310,N,00433.1516,E,8.0,184.7,180626,,,A*59
2026-06-18T14:52:10.000Z $IIHDG,184.2,,,,*46
2026-06-18T14:52:10.000Z $IIMWV,177.2,T,8.3,N,A*33
2026-06-18T14:52:10.000Z $IIRPM,E,1,2260,,A*50
2026-06-18T14:52:20.000Z $GPRMC,145220.00,A,5229.4386,N,00433.1590,E,8.0,183.4,180626,,,A*5F
2026-06-18T14:52:20.000Z $IIHDG,183.8,,,,*4B
2026-06-18T14:52:20.000Z $IIMWV,174.0,T,7.6,N,A*38
2026-06-18T14:52:20.000Z $IIRPM,E,1,2175,,A*57
2026-06-18T14:52:30.000Z $GPRMC,145230.00,A,5229.4259,N,00433.1274,E,8.0,184.5,180626,,,A*56
2026-06-18T14:52:30.000Z $GPGGA,145230.00,5229.4259,N,00433.1274,E,1,11,0.9,0.0,M,0.0,M,,*56
2026-06-18T14:52:30.000Z $IIHDG,184.9,,,,*4D
2026-06-18T14:52:30.000Z $IIMWV,170.5,T,8.3,N,A*33
2026-06-18T14:52:30.000Z $IIDBT,38.6,f,11.8,M,6.4,F*16
2026-06-18T14:52:30.000Z $IIRPM,E,1,2125,,A*52
2026-06-18T14:52:30.000Z $GPVTG,184.5,T,,M,8.0,N,14.8,K,A*30
2026-06-18T14:52:30.000Z !AIVDM,1,1,,A,B3b;QlPt?05<:c7PM;aD93P000000,0*26
2026-06-18T14:52:40.000Z $GPRMC,145240.00,A,5229.3880,N,00433.1456,E,8.0,185.8,180626,,,A*52
2026-06-18T14:52:40.000Z $IIHDG,183.2,,,,*41
2026-06-18T14:52:40.000Z $IIMWV,175.3,T,9.2,N,A*30
2026-06-18T14:52:40.000Z $IIRPM,E,1,2118,,A*5C
2026-06-18T14:52:50.000Z $GPRMC,145250.00,A,5229.3343,N,00433.1295,E,8.0,184.8,180626,,,A*5F
2026-06-18T14:52:50.000Z $IIHDG,185.1,,,,*44
2026-06-18T14:52:50.000Z $IIMWV,177.6,T,8.5,N,A*31
2026-06-18T14:52:50.000Z $IIRPM,E,1,2198,,A*54
2026-06-18T14:53:00.000Z $GPRMC,145300.00,A,5229.3191,N,00433.1154,E,8.0,183.9,180626,,,A*5E
2026-06-18T14:53:00.000Z $GPGGA,145300.00,5229.3191,N,00433.1154,E,1,9,0.9,0.0,M,0.0,M,,*6C
2026-06-18T14:53:00.000Z $IIHDG,186.7,,,,*41
2026-06-18T14:53:00.000Z $IIMWV,177.2,T,6.8,N,A*36
2026-06-18T14:53:00.000Z $IIDBT,41.0,f,12.5,M,6.8,F*1C
2026-06-18T14:53:00.000Z $IIRPM,E,1,2189,,A*54
2026-06-18T14:53:00.000Z $IIXDR,V,14.01,V,BATT*67
2026-06-18T14:53:00.000Z $GPVTG,183.9,T,,M,8.0,N,14.8,K,A*3B
2026-06-18T14:53:00.000Z !AIVDM,1,1,,A,B3b;QlPt?05<887PM9QD93P000000,0*4D
2026-06-18T14:53:10.000Z $GPRMC,145310.00,A,5229.2687,N,00433.1295,E,8.0,183.5,180626,,,A*5C
2026-06-18T14:53:10.000Z $IIHDG,182.2,,,,*40
2026-06-18T14:53:10.000Z $IIMWV,174.4,T,7.2,N,A*38
2026-06-18T14:53:10.000Z $IIRPM,E,1,2110,,A*54
2026-06-18T14:53:20.000Z $GPRMC,145320.00,A,5229.2555,N,00433.1443,E,8.0,185.8,180626,,,A*55
2026-06-18T14:53:20.000Z $IIHDG,184.3,,,,*47
2026-06-18T14:53:20.000Z $IIMWV,174.7,T,6.8,N,A*30
2026-06-18T14:53:20.000Z $IIRPM,E,1,2244,,A*56
2026-06-18T14:53:30.000Z $GPRMC,145330.00,A,5229.2491,N,00433.1571,E,8.0,183.9,180626,,,A*5A
2026-06-18T14:53:30.000Z $GPGGA,145330.00,5229.2491,N,00433.1571,E,1,8,0.9,0.0,M,0.0,M,,*69
2026-06-18T14:53:30.000Z $IIHDG,182.5,,,,*47
2026-06-18T14:53:30.000Z $IIMWV,174.8,T,9.0,N,A*38
2026-06-18T14:53:30.000Z $IIDBT,36.3,f,11.1,M,6.1,F*11
2026-06-18T14:53:30.000Z $IIRPM,E,1,2229,,A*5D
2026-06-18T14:53:30.000Z $GPVTG,183.9,T,,M,8.0,N,14.8,K,A*3B
2026-06-18T14:53:30.000Z !AIVDM,1,1,,A,B3b;QlPt?05<:07PMb5D93P000000,0*78
2026-06-18T14:53:40.000Z $GPRMC,145340.00,A,5229.2040,N,00433.1086,E,8.0,184.3,180626,,,A*55
2026-06-18T14:53:40.000Z $IIHDG,186.4,,,,*42
2026-06-18T14:53:40.000Z $IIMWV,170.5,T,8.2,N,A*32
2026-06-18T14:53:40.000Z $IIRPM,E,1,2191,,A*5D
2026-06-18T14:53:50.000Z $GPRMC,145350.00,A,5229.1625,N,00433.1195,E,8.0,184.5,180626,,,A*57
2026-06-18T14:53:50.000Z $IIHDG,184.0,,,,*44
2026-06-18T14:53:50.000Z $IIMWV,174.7,T,7.9,N,A*30
2026-06-18T14:53:50.000Z $IIRPM,E,1,2258,,A*5B
2026-06-18T14:54:00.000Z $GPRMC,145400.00,A,5229.1756,N,00433.1491,E,8.0,185.0,180626,,,A*55
2026-06-18T14:54:00.000Z $GPGGA,145400.00,5229.1756,N,00433.1491,E,1,12,0.9,0.0,M,0.0,M,,*52
2026-06-18T14:54:00.000Z $IIHDG,185.9,,,,*4C
2026-06-18T14:54:00.000Z $IIMWV,171.0,T,9.2,N,A*37
2026-06-18T14:54:00.000Z $IIDBT,43.1,f,13.1,M,7.2,F*11
2026-06-18T14:54:00.000Z $IIRPM,E,1,2212,,A*55
2026-06-18T14:54:00.000Z $IIXDR,V,13.97,V,BATT*6F
2026-06-18T14:54:00.000Z $GPVTG,185.0,T,,M,8.0,N,14.8,K,A*34
2026-06-18T14:54:00.000Z !AIVDM,1,1,,A,B3b;QlPt?05<<A7PMeeD93P000000,0*58
2026-06-18T14:54:10.000Z $GPRMC,145410.00,A,5229.1502,N,00433.1034,E,8.0,183.4,180626,,,A*5E
2026-06-18T14:54:10.000Z $IIHDG,184.0,,,,*44
2026-06-18T14:54:10.000Z $IIMWV,173.4,T,7.0,N,A*3D
2026-06-18T14:54:10.000Z $IIRPM,E,1,2116,,A*52
2026-06-18T14:54:20.000Z $GPRMC,145420.00,A,5229.0987,N,00433.1064,E,8.0,183.3,180626,,,A*5F
2026-06-18T14:54:20.000Z $IIHDG,183.6,,,,*45
2026-06-18T14:54:20.000Z $IIMWV,175.9,T,9.3,N,A*3B
2026-06-18T14:54:20.000Z $IIRPM,E,1,2111,,A*55
2026-06-18T14:54:30.000Z $GPRMC,145430.00,A,5229.0532,N,00433.0858,E,8.0,182.9,180626,,,A*51
2026-06-18T14:54:30.000Z $GPGGA,145430.00,5229.0532,N,00433.0858,E,1,11,0.9,0.0,M,0.0,M,,*5B
2026-06-18T14:54:30.000Z $IIHDG,184.5,,,,*41
2026-06-18T14:54:30.000Z $IIMWV,173.4,T,7.7,N,A*3A
2026-06-18T14:54:30.000Z $IIDBT,44.4,f,13.5,M,7.4,F*11
2026-06-18T14:54:30.000Z $IIRPM,E,1,2173,,A*51
2026-06-18T14:54:30.000Z $GPVTG,182.9,T,,M,8.0,N,14.8,K,A*3A
2026-06-18T14:54:30.000Z !AIVDM,1,1,,A,B3b;QlPt?05<=`7PMk1D93P000000,0*22
2026-06-18T14:54:40.000Z $GPRMC,145440.00,A,5229.0479,N,00433.1059,E,8.0,184.8,180626,,,A*57
2026-06-18T14:54:40.000Z $IIHDG,185.1,,,,*44
2026-06-18T14:54:40.000Z $IIMWV,179.1,T,6.7,N,A*34
2026-06-18T14:54:40.000Z $IIRPM,E,1,2244,,A*56
2026-06-18T14:54:50.000Z $GPRMC,145450.00,A,5229.0379,N,00433.1220,E,8.0,183.3,180626,,,A*51
2026-06-18T14:54:50.000Z $IIHDG,182.2,,,,*40
2026-06-18T14:54:50.000Z $IIMWV,179.1,T,7.1,N,A*33
2026-06-18T14:54:50.000Z $IIRPM,E,1,2170,,A*52
2026-06-18T14:55:00.000Z $GPRMC,145500.00,A,5228.9818,N,00433.0832,E,8.0,183.7,180626,,,A*5D
2026-06-18T14:55:00.000Z $GPGGA,145500.00,5228.9818,N,00433.0832,E,1,9,0.9,0.0,M,0.0,M,,*61
2026-06-18T14:55:00.000Z $IIHDG,183.3,,,,*40
2026-06-18T14:55:00.000Z $IIMWV,170.4,T,9.5,N,A*35
2026-06-18T14:55:00.000Z $IIDBT,35.4,f,10.8,M,5.9,F*16
2026-06-18T14:55:00.000Z $IIRPM,E,1,2236,,A*53
2026-06-18T14:55:00.000Z $IIXDR,V,14.05,V,BATT*63
2026-06-18T14:55:00.000Z $IIMTA,18.5,C*09
2026-06-18T14:55:00.000Z $GPVTG,183.7,T,,M,8.0,N,14.8,K,A*35
2026-06-18T14:55:00.000Z !AIVDM,1,1,,A,B3b;QlPt?05<:fWPMKuD93P000000,0*27
2026-06-18T14:55:10.000Z $GPRMC,145510.00,A,5228.9937,N,00433.0979,E,8.0,183.3,180626,,,A*5A
2026-06-18T14:55:10.000Z $IIHDG,186.1,,,,*47
2026-06-18T14:55:10.000Z $IIMWV,170.9,T,8.8,N,A*34
2026-06-18T14:55:10.000Z $IIRPM,E,1,2206,,A*50
2026-06-18T14:55:20.000Z $GPRMC,145520.00,A,5228.9447,N,00433.0846,E,8.0,183.5,180626,,,A*58
2026-06-18T14:55:20.000Z $IIHDG,183.6,,,,*45
2026-06-18T14:55:20.000Z $IIMWV,173.2,T,7.8,N,A*33
2026-06-18T14:55:20.000Z $IIRPM,E,1,2134,,A*52
2026-06-18T14:55:30.000Z $GPRMC,145530.00,A,5228.9283,N,00433.0987,E,8.0,183.7,180626,,,A*59
2026-06-18T14:55:30.000Z $GPGGA,145530.00,5228.9283,N,00433.0987,E,1,12,0.9,0.0,M,0.0,M,,*5F
2026-06-18T14:55:30.000Z $IIHDG,185.7,,,,*42
2026-06-18T14:55:30.000Z $IIMWV,169.7,T,9.5,N,A*3E
2026-06-18T14:55:30.000Z $IIDBT,43.0,f,13.1,M,7.2,F*10
2026-06-18T14:55:30.000Z $IIRPM,E,1,2142,,A*53
2026-06-18T14:55:30.000Z $GPVTG,183.7,T,,M,8.0,N,14.8,K,A*35
2026-06-18T14:55:30.000Z !AIVDM,1,1,,A,B3b;QlPt?05<@S7PM0QD93P000000,0*57
2026-06-18T14:55:40.000Z $GPRMC,145540.00,A,5228.8900,N,00433.0639,E,8.0,183.2,180626,,,A*50
2026-06-18T14:55:40.000Z $IIHDG,183.8,,,,*4B
2026-06-18T14:55:40.000Z $IIMWV,171.9,T,8.0,N,A*3D
2026-06-18T14:55:40.000Z $IIRPM,E,1,2289,,A*57
2026-06-18T14:55:50.000Z $GPRMC,145550.00,A,5228.8917,N,00433.0839,E,8.0,183.0,180626,,,A*5B
2026-06-18T14:55:50.000Z $IIHDG,186.4,,,,*42
2026-06-18T14:55:50.000Z $IIMWV,176.1,T,8.2,N,A*30
2026-06-18T14:55:50.000Z $IIRPM,E,1,2200,,A*56
2026-06-18T14:56:00.000Z $GPRMC,145600.00,A,5228.8271,N,00433.0627,E,8.0,184.4,180626,,,A*54
2026-06-18T14:56:00.000Z $GPGGA,145600.00,5228.8271,N,00433.0627,E,1,9,0.9,0.0,M,0.0,M,,*6C
2026-06-18T14:56:00.000Z $IIHDG,183.6,,,,*45
2026-06-18T14:56:00.000Z $IIMWV,172.3,T,9.0,N,A*35
2026-06-18T14:56:00.000Z $IIDBT,38.4,f,11.7,M,6.4,F*1B
2026-06-18T14:56:00.000Z $IIRPM,E,1,2132,,A*54
2026-06-18T14:56:00.000Z $IIXDR,V,13.95,V,BATT*6D
2026-06-18T14:56:00.000Z $GPVTG,184.4,T,,M,8.0,N,14.8,K,A*31
2026-06-18T14:56:00.000Z !AIVDM,1,1,,A,B3b;QlPt?05<>TWPLpqD93P000000,0*2F
2026-06-18T14:56:10.000Z $GPRMC,145610.00,A,5228.8105,N,00433.0547,E,8.0,183.7,180626,,,A*54
2026-06-18T14:56:10.000Z $IIHDG,185.8,,,,*4D
2026-06-18T14:56:10.000Z $IIMWV,172.9,T,8.6,N,A*38
2026-06-18T14:56:10.000Z $IIRPM,E,1,2201,,A*57
2026-06-18T14:56:20.000Z $GPRMC,145620.00,A,5228.8067,N,00433.0802,E,8.0,184.1,180626,,,A*5F
2026-06-18T14:56:20.000Z $IIHDG,182.8,,,,*4A
2026-06-18T14:56:20.000Z $IIMWV,177.8,T,8.7,N,A*3D
2026-06-18T14:56:20.000Z $IIRPM,E,1,2208,,A*5E
2026-06-18T14:56:30.000Z $GPRMC,145630.00,A,5228.7391,N,00433.0627,E,8.0,185.0,180626,,,A*52
2026-06-18T14:56:30.000Z $GPGGA,145630.00,5228.7391,N,00433.0627,E,1,10,0.9,0.0,M,0.0,M,,*57
2026-06-18T14:56:30.000Z $IIHDG,185.5,,,,*40
2026-06-18T14:56:30.000Z $IIMWV,173.2,T,8.5,N,A*31
2026-06-18T14:56:30.000Z $IIDBT,39.5,f,12.0,M,6.6,F*1D
2026-06-18T14:56:30.000Z $IIRPM,E,1,2256,,A*55
2026-06-18T14:56:30.000Z $GPVTG,185.0,T,,M,8.0,N,14.8,K,A*34
2026-06-18T14:56:30.000Z !AIVDM,1,1,,A,B3b;QlPt?05<>aWPLqMD93P000000,0*27
2026-06-18T14:56:40.000Z $GPRMC,145640.00,A,5228.7109,N,00433.0737,E,8.0,184.0,180626,,,A*57
2026-06-18T14:56:40.000Z $IIHDG,184.6,,,,*42
2026-06-18T14:56:40.000Z $IIMWV,178.7,T,6.7,N,A*33
2026-06-18T14:56:40.000Z $IIRPM,E,1,2194,,A*58
2026-06-18T14:56:50.000Z $GPRMC,145650.00,A,5228.7321,N,00433.0423,E,8.0,184.6,180626,,,A*5E
2026-06-18T14:56:50.000Z $IIHDG,185.5,,,,*40
2026-06-18T14:56:50.000Z $IIMWV,169.7,T,9.0,N,A*3B
2026-06-18T14:56:50.000Z $IIRPM,E,1,2225,,A*51
2026-06-18T14:57:00.000Z $GPRMC,145700.00,A,5228.7073,N,00433.0670,E,8.0,185.4,180626,,,A*59
2026-06-18T14:57:00.000Z $GPGGA,145700.00,5228.7073,N,00433.0670,E,1,12,0.9,0.0,M,0.0,M,,*5A
2026-06-18T14:57:00.000Z $IIHDG,185.9,,,,*4C
2026-06-18T14:57:00.000Z $IIMWV,178.7,T,9.4,N,A*3F
2026-06-18T14:57:00.000Z $IIDBT,37.4,f,11.4,M,6.2,F*11
2026-06-18T14:57:00.000Z $IIRPM,E,1,2233,,A*56
2026-06-18T14:57:00.000Z $IIXDR,V,13.90,V,BATT*68
2026-06-18T14:57:00.000Z $GPVTG,185.4,T,,M,8.0,N,14.8,K,A*30
2026-06-18T14:57:00.000Z !AIVDM,1,1,,A,B3b;QlPt?05<APWPLdmD93P000000,0*5C
2026-06-18T14:57:10.000Z $GPRMC,145710.00,A,5228.6270,N,00433.0632,E,8.0,184.5,180626,,,A*5E
2026-06-18T14:57:10.000Z $IIHDG,183.4,,,,*47
2026-06-18T14:57:10.000Z $IIMWV,175.5,T,7.5,N,A*3F
2026-06-18T14:57:10.000Z $IIRPM,E,1,2189,,A*54
2026-06-18T14:57:20.000Z $GPRMC,145720.00,A,5228.6241,N,00433.0388,E,8.0,185.7,180626,,,A*58
2026-06-18T14:57:20.000Z $IIHDG,184.4,,,,*40
2026-06-18T14:57:20.000Z $IIMWV,179.0,T,7.9,N,A*3A
2026-06-18T14:57:20.000Z $IIRPM,E,1,2226,,A*52
2026-06-18T14:57:30.000Z $GPRMC,145730.00,A,5228.6197,N,00433.0445,E,8.0,185.7,180626,,,A*57
2026-06-18T14:57:30.000Z $GPGGA,145730.00,5228.6197,N,00433.0445,E,1,11,0.9,0.0,M,0.0,M,,*54
2026-06-18T14:57:30.000Z $IIHDG,185.9,,,,*4C
2026-06-18T14:57:30.000Z $IIMWV,172.4,T,8.1,N,A*32
2026-06-18T14:57:30.000Z $IIDBT,42.7,f,13.0,M,7.1,F*14
2026-06-18T14:57:30.000Z $IIRPM,E,1,2168,,A*5B
2026-06-18T14:57:30.000Z $GPVTG,185.7,T,,M,8.0,N,14.8,K,A*33
2026-06-18T14:57:30.000Z !AIVDM,1,1,,A,B3b;QlPt?05<D>WPLgaD93P000000,0*38
2026-06-18T14:57:40.000Z $GPRMC,145740.00,A,5228.5769,N,00433.0205,E,8.0,185.2,180626,,,A*53
2026-06-18T14:57:40.000Z $IIHDG,183.4,,,,*47
2026-06-18T14:57:40.000Z $IIMWV,176.9,T,6.8,N,A*3C
2026-06-18T14:57:40.000Z $IIRPM,E,1,2191,,A*5D
2026-06-18T14:57:50.000Z $GPRMC,145750.00,A,5228.5719,N,00433.0524,E,8.0,185.0,180626,,,A*53
2026-06-18T14:57:50.000Z $IIHDG,184.6,,,,*42
2026-06-18T14:57:50.000Z $IIMWV,178.8,T,6.7,N,A*3C
2026-06-18T14:57:50.000Z $IIRPM,E,1,2235,,A*50
2026-06-18T14:58:00.000Z $GPRMC,145800.00,A,5228.5451,N,00433.0495,E,8.0,183.0,180626,,,A*5B
2026-06-18T14:58:00.000Z $GPGGA,145800.00,5228.5451,N,00433.0495,E,1,8,0.9,0.0,M,0.0,M,,*61
2026-06-18T14:58:00.000Z $IIHDG,182.6,,,,*44
2026-06-18T14:58:00.000Z $IIMWV,177.7,T,8.9,N,A*3C
2026-06-18T14:58:00.000Z $IIDBT,35.2,f,10.7,M,5.9,F*1F
2026-06-18T14:58:00.000Z $IIRPM,E,1,2116,,A*52
2026-06-18T14:58:00.000Z $IIXDR,V,14.05,V,BATT*63
2026-06-18T14:58:00.000Z $GPVTG,183.0,T,,M,8.0,N,14.8,K,A*32
2026-06-18T14:58:00.000Z !AIVDM,1,1,,A,B3b;QlPt?05<C1WPLF5D93P000000,0*45
2026-06-18T14:58:10.000Z $GPRMC,145810.00,A,5228.5123,N,00433.0281,E,8.0,183.8,180626,,,A*51
2026-06-18T14:58:10.000Z $IIHDG,183.0,,,,*43
2026-06-18T14:58:10.000Z $IIMWV,172.5,T,7.5,N,A*38
2026-06-18T14:58:10.000Z $IIRPM,E,1,2122,,A*55
2026-06-18T14:58:20.000Z $GPRMC,145820.00,A,5228.4676,N,00433.0150,E,8.0,183.9,180626,,,A*5A
2026-06-18T14:58:20.000Z $IIHDG,185.6,,,,*43
2026-06-18T14:58:20.000Z $IIMWV,172.2,T,7.1,N,A*3B
2026-06-18T14:58:20.000Z $IIRPM,E,1,2125,,A*52
2026-06-18T14:58:30.000Z $GPRMC,145830.00,A,5228.4227,N,00433.0388,E,8.0,185.5,180626,,,A*56
2026-06-18T14:58:30.000Z $GPGGA,145830.00,5228.4227,N,00433.0388,E,1,8,0.9,0.0,M,0.0,M,,*6F
2026-06-18T14:58:30.000Z $IIHDG,183.6,,,,*45
2026-06-18T14:58:30.000Z $IIMWV,171.8,T,8.5,N,A*39
2026-06-18T14:58:30.000Z $IIDBT,35.8,f,10.9,M,6.0,F*11
2026-06-18T14:58:30.000Z $IIRPM,E,1,2120,,A*57
2026-06-18T14:58:30.000Z $GPVTG,185.5,T,,M,8.0,N,14.8,K,A*31
2026-06-18T14:58:30.000Z !AIVDM,1,1,,A,B3b;QlPt?05<Bf7PM=5D93P000000,0*09
2026-06-18T14:58:40.000Z $GPRMC,145840.00,A,5228.4079,N,00433.0407,E,8.0,183.3,180626,,,A*58
2026-06-18T14:58:40.000Z $IIHDG,182.9,,,,*4B
2026-06-18T14:58:40.000Z $IIMWV,172.8,T,8.6,N,A*39
2026-06-18T14:58:40.000Z $IIRPM,E,1,2162,,A*51
2026-06-18T14:58:50.000Z $GPRMC,145850.00,A,5228.4102,N,00433.0232,E,8.0,184.3,180626,,,A*53
2026-06-18T14:58:50.000Z $IIHDG,183.1,,,,*42
2026-06-18T14:58:50.000Z $IIMWV,170.3,T,8.9,N,A*3F
2026-06-18T14:58:50.000Z $IIRPM,E,1,2249,,A*5B
2026-06-18T14:59:00.000Z $GPRMC,145900.00,A,5228.3581,N,00433.0065,E,8.0,183.0,180626,,,A*5B
2026-06-18T14:59:00.000Z $GPGGA,145900.00,5228.3581,N,00433.0065,E,1,9,0.9,0.0,M,0.0,M,,*60
2026-06-18T14:59:00.000Z $IIHDG,183.9,,,,*4A
2026-06-18T14:59:00.000Z $IIMWV,173.7,T,7.2,N,A*3C
2026-06-18T14:59:00.000Z $IIDBT,35.9,f,11.0,M,6.0,F*18
2026-06-18T14:59:00.000Z $IIRPM,E,1,2274,,A*55
2026-06-18T14:59:00.000Z $IIXDR,V,13.90,V,BATT*68
2026-06-18T14:59:00.000Z $GPVTG,183.0,T,,M,8.0,N,14.8,K,A*32
2026-06-18T14:59:00.000Z !AIVDM,1,1,,A,B3b;QlPt?05<Eh7PLfUD93P000000,0*3A
2026-06-18T14:59:10.000Z $GPRMC,145910.00,A,5228.3447,N,00432.9948,E,8.0,184.2,180626,,,A*5A
2026-06-18T14:59:10.000Z $IIHDG,182.8,,,,*4A
2026-06-18T14:59:10.000Z $IIMWV,173.9,T,7.8,N,A*38
2026-06-18T14:59:10.000Z $IIRPM,E,1,2163,,A*50
2026-06-18T14:59:20.000Z $GPRMC,145920.00,A,5228.2892,N,00433.0307,E,8.0,184.9,180626,,,A*5E
2026-06-18T14:59:20.000Z $IIHDG,183.1,,,,*42
2026-06-18T14:59:20.000Z $IIMWV,178.0,T,9.1,N,A*3D
2026-06-18T14:59:20.000Z $IIRPM,E,1,2287,,A*59
2026-06-18T14:59:30.000Z $GPRMC,145930.00,A,5228.2542,N,00433.0001,E,8.0,184.6,180626,,,A*55
2026-06-18T14:59:30.000Z $GPGGA,145930.00,5228.2542,N,00433.0001,E,1,12,0.9,0.0,M,0.0,M,,*55
2026-06-18T14:59:30.000Z $IIHDG,186.8,,,,*4E
2026-06-18T14:59:30.000Z $IIMWV,179.0,T,7.4,N,A*37
2026-06-18T14:59:30.000Z $IIDBT,43.4,f,13.2,M,7.2,F*17
2026-06-18T14:59:30.000Z $IIRPM,E,1,2226,,A*52
2026-06-18T14:59:30.000Z $GPVTG,184.6,T,,M,8.0,N,14.8,K,A*33
2026-06-18T14:59:30.000Z !AIVDM,1,1,,A,B3b;QlPt?05<Hn7PM;9D93P000000,0*01
2026-06-18T14:59:40.000Z $GPRMC,145940.00,A,5228.2541,N,00432.9793,E,8.0,182.9,180626,,,A*5C
2026-06-18T14:59:40.000Z $IIHDG,182.2,,,,*40
2026-06-18T14:59:40.000Z $IIMWV,178.8,T,6.7,N,A*3C
2026-06-18T14:59:40.000Z $IIRPM,E,1,2260,,A*50
2026-06-18T14:59:50.000Z $GPRMC,145950.00,A,5228.2035,N,00432.9847,E,8.0,183.3,180626,,,A*56
2026-06-18T14:59:50.000Z $IIHDG,184.9,,,,*4D
2026-06-18T14:59:50.000Z $IIMWV,169.8,T,9.3,N,A*37
2026-06-18T14:59:50.000Z $IIRPM,E,1,2163,,A*50
2026-06-18T15:00:00.000Z $GPRMC,150000.00,A,5228.2100,N,00433.0172,E,8.0,184.1,180626,,,A*5B
2026-06-18T15:00:00.000Z $GPGGA,150000.00,5228.2100,N,00433.0172,E,1,8,0.9,0.0,M,0.0,M,,*67
2026-06-18T15:00:00.000Z $IIHDG,183.6,,,,*45
2026-06-18T15:00:00.000Z $IIMWV,174.9,T,7.3,N,A*34
2026-06-18T15:00:00.000Z $IIDBT,43.0,f,13.1,M,7.2,F*10
2026-06-18T15:00:00.000Z $IIRPM,E,1,2217,,A*50
2026-06-18T15:00:00.000Z $IIXDR,V,13.89,V,BATT*60
2026-06-18T15:00:00.000Z $IIMTA,17.7,C*04
2026-06-18T15:00:00.000Z $GPVTG,184.1,T,,M,8.0,N,14.8,K,A*34
2026-06-18T15:00:00.000Z !AIVDM,1,1,,A,B3b;QlPt?05<A=7PL1mD93P000000,0*04
2026-06-18T15:00:10.000Z $GPRMC,150010.00,A,5228.1855,N,00432.9814,E,4.3,118.8,180626,,,A*52
2026-06-18T15:00:10.000Z $IIHDG,119.9,,,,*49
2026-06-18T15:00:10.000Z $IIMWV,108.0,T,9.3,N,A*38
2026-06-18T15:00:10.000Z $IIRPM,E,1,2238,,A*5D
2026-06-18T15:00:20.000Z $GPRMC,150020.00,A,5228.1632,N,00433.0407,E,4.3,119.4,180626,,,A*55
2026-06-18T15:00:20.000Z $IIHDG,120.4,,,,*4E
2026-06-18T15:00:20.000Z $IIMWV,107.4,T,6.8,N,A*37
2026-06-18T15:00:20.000Z $IIRPM,E,1,2272,,A*53
2026-06-18T15:00:30.000Z $GPRMC,150030.00,A,5228.1961,N,00433.0328,E,4.3,120.5,180626,,,A*5C
2026-06-18T15:00:30.000Z $GPGGA,150030.00,5228.1961,N,00433.0328,E,1,9,0.9,0.0,M,0.0,M,,*64
2026-06-18T15:00:30.000Z $IIHDG,118.2,,,,*43
2026-06-18T15:00:30.000Z $IIMWV,107.0,T,8.4,N,A*31
2026-06-18T15:00:30.000Z $IIDBT,40.0,f,12.2,M,6.7,F*15
2026-06-18T15:00:30.000Z $IIRPM,E,1,2251,,A*52
2026-06-18T15:00:30.000Z $GPVTG,120.5,T,,M,4.3,N,7.9,K,A*02
2026-06-18T15:00:30.000Z !AIVDM,1,1,,A,B3b;QlPt?05<CcWPKsUD93P000000,0*45
2026-06-18T15:00:40.000Z $GPRMC,150040.00,A,5228.1545,N,00433.0189,E,4.2,118.7,180626,,,A*50
2026-06-18T15:00:40.000Z $IIHDG,118.6,,,,*47
2026-06-18T15:00:40.000Z $IIMWV,110.7,T,6.9,N,A*33
2026-06-18T15:00:40.000Z $IIRPM,E,1,2245,,A*57
2026-06-18T15:00:50.000Z $GPRMC,150050.00,A,5228.1709,N,00433.0516,E,4.1,119.0,180626,,,A*5C
2026-06-18T15:00:50.000Z $IIHDG,119.1,,,,*41
2026-06-18T15:00:50.000Z $IIMWV,111.2,T,7.0,N,A*3F
2026-06-18T15:00:50.000Z $IIRPM,E,1,2251,,A*52
2026-06-18T15:01:00.000Z $GPRMC,150100.00,A,5228.1933,N,00433.0612,E,4.2,118.6,180626,,,A*5C
2026-06-18T15:01:00.000Z $GPGGA,150100.00,5228.1933,N,00433.0612,E,1,8,0.9,0.0,M,0.0,M,,*6C
2026-06-18T15:01:00.000Z $IIHDG,119.1,,,,*41
2026-06-18T15:01:00.000Z $IIMWV,114.4,T,8.7,N,A*34
2026-06-18T15:01:00.000Z $IIDBT,39.0,f,11.9,M,6.5,F*11
2026-06-18T15:01:00.000Z $IIRPM,E,1,2208,,A*5E
2026-06-18T15:01:00.000Z $IIXDR,V,14.08,V,BATT*6E
2026-06-18T15:01:00.000Z $GPVTG,118.6,T,,M,4.2,N,7.8,K,A*0A
2026-06-18T15:01:00.000Z !AIVDM,1,1,,A,B3b;QlPt?05<EL7PKlED93P000000,0*03
2026-06-18T15:01:10.000Z $GPRMC,150110.00,A,5228.1566,N,00433.1041,E,4.3,119.8,180626,,,A*5E
2026-06-18T15:01:10.000Z $IIHDG,120.4,,,,*4E
2026-06-18T15:01:10.000Z $IIMWV,107.6,T,8.7,N,A*34
2026-06-18T15:01:10.000Z $IIRPM,E,1,2296,,A*59
2026-06-18T15:01:20.000Z $GPRMC,150120.00,A,5228.1431,N,00433.0726,E,4.4,118.7,180626,,,A*50
2026-06-18T15:01:20.000Z $IIHDG,120.7,,,,*4D
2026-06-18T15:01:20.000Z $IIMWV,107.9,T,6.7,N,A*35
2026-06-18T15:01:20.000Z $IIRPM,E,1,2293,,A*5C
2026-06-18T15:01:30.000Z $GPRMC,150130.00,A,5228.1459,N,00433.0925,E,4.3,121.1,180626,,,A*59
2026-06-18T15:01:30.000Z $GPGGA,150130.00,5228.1459,N,00433.0925,E,1,12,0.9,0.0,M,0.0,M,,*5E
2026-06-18T15:01:30.000Z $IIHDG,118.1,,,,*40
2026-06-18T15:01:30.000Z $IIMWV,113.4,T,7.3,N,A*38
2026-06-18T15:01:30.000Z $IIDBT,34.7,f,10.6,M,5.8,F*1B
2026-06-18T15:01:30.000Z $IIRPM,E,1,2117,,A*53
2026-06-18T15:01:30.000Z $GPVTG,121.1,T,,M,4.3,N,8.0,K,A*01
2026-06-18T15:01:30.000Z !AIVDM,1,1,,A,B3b;QlPt?05<IF7PLaUD93P000000,0*1F
2026-06-18T15:01:40.000Z $GPRMC,150140.00,A,5228.1404,N,00433.1047,E,3.9,119.2,180626,,,A*5F
2026-06-18T15:01:40.000Z $IIHDG,118.0,,,,*41
2026-06-18T15:01:40.000Z $IIMWV,108.4,T,6.9,N,A*39
2026-06-18T15:01:40.000Z $IIRPM,E,1,2107,,A*52
2026-06-18T15:01:50.000Z $GPRMC,150150.00,A,5228.1545,N,00433.1141,E,4.2,120.7,180626,,,A*5E
2026-06-18T15:01:50.000Z $IIHDG,121.4,,,,*4F
2026-06-18T15:01:50.000Z $IIMWV,113.4,T,8.3,N,A*37
2026-06-18T15:01:50.000Z $IIRPM,E,1,2266,,A*56
2026-06-18T15:02:00.000Z $GPRMC,150200.00,A,5228.1605,N,00433.1564,E,4.5,121.4,180626,,,A*59
2026-06-18T15:02:00.000Z $GPGGA,150200.00,5228.1605,N,00433.1564,E,1,11,0.9,0.0,M,0.0,M,,*5E
2026-06-18T15:02:00.000Z $IIHDG,119.5,,,,*45
2026-06-18T15:02:00.000Z $IIMWV,114.9,T,8.0,N,A*3E
2026-06-18T15:02:00.000Z $IIDBT,38.9,f,11.8,M,6.5,F*18
2026-06-18T15:02:00.000Z $IIRPM,E,1,2176,,A*54
2026-06-18T15:02:00.000Z $IIXDR,V,13.97,V,BATT*6F
2026-06-18T15:02:00.000Z $GPVTG,121.4,T,,M,4.5,N,8.4,K,A*06
2026-06-18T15:02:00.000Z !AIVDM,1,1,,A,B3b;QlPt?05<EgWPLJMD93P000000,0*61
2026-06-18T15:02:10.000Z $GPRMC,150210.00,A,5228.1589,N,00433.1507,E,4.0,120.4,180626,,,A*5E
2026-06-18T15:02:10.000Z $IIHDG,121.7,,,,*4C
2026-06-18T15:02:10.000Z $IIMWV,106.9,T,6.6,N,A*35
2026-06-18T15:02:10.000Z $IIRPM,E,1,2217,,A*50
2026-06-18T15:02:20.000Z $GPRMC,150220.00,A,5228.1450,N,00433.1257,E,4.5,119.8,180626,,,A*59
2026-06-18T15:02:20.000Z $IIHDG,119.9,,,,*49
2026-06-18T15:02:20.000Z $IIMWV,110.4,T,7.8,N,A*30
2026-06-18T15:02:20.000Z $IIRPM,E,1,2116,,A*52
2026-06-18T15:02:30.000Z $GPRMC,150230.00,A,5228.1705,N,00433.1903,E,4.2,119.6,180626,,,A*58
2026-06-18T15:02:30.000Z $GPGGA,150230.00,5228.1705,N,00433.1903,E,1,11,0.9,0.0,M,0.0,M,,*51
2026-06-18T15:02:30.000Z $IIHDG,120.3,,,,*49
2026-06-18T15:02:30.000Z $IIMWV,111.5,T,6.5,N,A*3C
2026-06-18T15:02:30.000Z $IIDBT,43.0,f,13.1,M,7.2,F*10
2026-06-18T15:02:30.000Z $IIRPM,E,1,2156,,A*56
2026-06-18T15:02:30.000Z $GPVTG,119.6,T,,M,4.2,N,7.8,K,A*0B
2026-06-18T15:02:30.000Z !AIVDM,1,1,,A,B3b;QlPt?05<F>WPLfQD93P000000,0*0B
2026-06-18T15:02:40.000Z $GPRMC,150240.00,A,5228.1566,N,00433.2071,E,4.5,118.8,180626,,,A*5F
2026-06-18T15:02:40.000Z $IIHDG,122.1,,,,*49
2026-06-18T15:02:40.000Z $IIMWV,113.7,T,7.6,N,A*3E
2026-06-18T15:02:40.000Z $IIRPM,E,1,2227,,A*53
2026-06-18T15:02:50.000Z $GPRMC,150250.00,A,5228.1213,N,00433.1725,E,3.9,120.5,180626,,,A*53
2026-06-18T15:02:50.000Z $IIHDG,121.9,,,,*42
2026-06-18T15:02:50.000Z $IIMWV,110.8,T,8.8,N,A*33
2026-06-18T15:02:50.000Z $IIRPM,E,1,2147,,A*56
2026-06-18T15:03:00.000Z $GPRMC,150300.00,A,5228.1470,N,00433.1803,E,4.3,119.4,180626,,,A*59
2026-06-18T15:03:00.000Z $GPGGA,150300.00,5228.1470,N,00433.1803,E,1,11,0.9,0.0,M,0.0,M,,*53
2026-06-18T15:03:00.000Z $IIHDG,117.7,,,,*49
2026-06-18T15:03:00.000Z $IIMWV,105.1,T,7.0,N,A*39
2026-06-18T15:03:00.000Z $IIDBT,37.2,f,11.3,M,6.2,F*10
2026-06-18T15:03:00.000Z $IIRPM,E,1,2204,,A*52
2026-06-18T15:03:00.000Z $IIXDR,V,13.88,V,BATT*61
2026-06-18T15:03:00.000Z $GPVTG,119.4,T,,M,4.3,N,7.9,K,A*09
2026-06-18T15:03:00.000Z !AIVDM,1,1,,A,B3b;QlPt?05<L;WPLE5D93P000000,0*43
2026-06-18T15:03:10.000Z $GPRMC,150310.00,A,5228.1328,N,00433.2250,E,4.3,119.7,180626,,,A*5E
2026-06-18T15:03:10.000Z $IIHDG,117.6,,,,*48
2026-06-18T15:03:10.000Z $IIMWV,110.9,T,9.1,N,A*3A
2026-06-18T15:03:10.000Z $IIRPM,E,1,2240,,A*52
2026-06-18T15:03:20.000Z $GPRMC,150320.00,A,5228.0943,N,00433.2185,E,4.1,119.8,180626,,,A*5D
2026-06-18T15:03:20.000Z $IIHDG,120.4,,,,*4E
2026-06-18T15:03:20.000Z $IIMWV,112.5,T,8.7,N,A*33
2026-06-18T15:03:20.000Z $IIRPM,E,1,2171,,A*53
2026-06-18T15:03:30.000Z $GPRMC,150330.00,A,5228.1265,N,00433.2253,E,4.4,120.6,180626,,,A*5B
2026-06-18T15:03:30.000Z $GPGGA,150330.00,5228.1265,N,00433.2253,E,1,12,0.9,0.0,M,0.0,M,,*5D
2026-06-18T15:03:30.000Z $IIHDG,120.0,,,,*4A
2026-06-18T15:03:30.000Z $IIMWV,112.6,T,6.6,N,A*3F
2026-06-18T15:03:30.000Z $IIDBT,35.0,f,10.7,M,5.8,F*1C
2026-06-18T15:03:30.000Z $IIRPM,E,1,2197,,A*5B
2026-06-18T15:03:30.000Z $GPVTG,120.6,T,,M,4.4,N,8.1,K,A*01
2026-06-18T15:03:30.000Z !AIVDM,1,1,,A,B3b;QlPt?05<NtWPKMiD93P000000,0*5D
2026-06-18T15:03:40.000Z $GPRMC,150340.00,A,5228.1367,N,00433.2515,E,4.5,120.2,180626,,,A*5F
2026-06-18T15:03:40.000Z $IIHDG,117.7,,,,*49
2026-06-18T15:03:40.000Z $IIMWV,108.4,T,7.5,N,A*34
2026-06-18T15:03:40.000Z $IIRPM,E,1,2159,,A*59
2026-06-18T15:03:50.000Z $GPRMC,150350.00,A,5228.0849,N,00433.2735,E,4.6,119.7,180626,,,A*54
2026-06-18T15:03:50.000Z $IIHDG,119.1,,,,*41
2026-06-18T15:03:50.000Z $IIMWV,114.2,T,7.6,N,A*3C
2026-06-18T15:03:50.000Z $IIRPM,E,1,2249,,A*5B
2026-06-18T15:04:00.000Z $GPRMC,150400.00,A,5228.1275,N,00433.2415,E,3.9,119.8,180626,,,A*54
2026-06-18T15:04:00.000Z $GPGGA,150400.00,5228.1275,N,00433.2415,E,1,10,0.9,0.0,M,0.0,M,,*5E
2026-06-18T15:04:00.000Z $IIHDG,120.5,,,,*4F
2026-06-18T15:04:00.000Z $IIMWV,108.8,T,7.2,N,A*3F
2026-06-18T15:04:00.000Z $IIDBT,35.0,f,10.7,M,5.8,F*1C
2026-06-18T15:04:00.000Z $IIRPM,E,1,2295,,A*5A
2026-06-18T15:04:00.000Z $IIXDR,V,14.03,V,BATT*65
2026-06-18T15:04:00.000Z $GPVTG,119.8,T,,M,3.9,N,7.2,K,A*03
2026-06-18T15:04:00.000Z !AIVDM,1,1,,A,B3b;QlPt?05<Ld7PLB1D93P000000,0*7F
2026-06-18T15:04:10.000Z $GPRMC,150410.00,A,5228.0941,N,00433.2709,E,4.0,120.3,180626,,,A*59
2026-06-18T15:04:10.000Z $IIHDG,117.8,,,,*46
2026-06-18T15:04:10.000Z $IIMWV,110.3,T,7.2,N,A*3D
2026-06-18T15:04:10.000Z $IIRPM,E,1,2289,,A*57
2026-06-18T15:04:20.000Z $GPRMC,150420.00,A,5228.1026,N,00433.3031,E,4.1,121.4,180626,,,A*59
2026-06-18T15:04:20.000Z $IIHDG,120.3,,,,*49
2026-06-18T15:04:20.000Z $IIMWV,111.3,T,8.1,N,A*30
2026-06-18T15:04:20.000Z $IIRPM,E,1,2278,,A*59
2026-06-18T15:04:30.000Z $GPRMC,150430.00,A,5228.1190,N,00433.3104,E,3.9,119.5,180626,,,A*56
2026-06-18T15:04:30.000Z $GPGGA,150430.00,5228.1190,N,00433.3104,E,1,12,0.9,0.0,M,0.0,M,,*53
2026-06-18T15:04:30.000Z $IIHDG,119.0,,,,*40
2026-06-18T15:04:30.000Z $IIMWV,109.8,T,8.0,N,A*33
2026-06-18T15:04:30.000Z $IIDBT,40.7,f,12.4,M,6.8,F*1B
2026-06-18T15:04:30.000Z $IIRPM,E,1,2216,,A*51
2026-06-18T15:04:30.000Z $GPVTG,119.5,T,,M,3.9,N,7.2,K,A*0E
2026-06-18T15:04:30.000Z !AIVDM,1,1,,A,B3b;QlPt?05<K8WPKBmD93P000000,0*1F
2026-06-18T15:04:40.000Z $GPRMC,150440.00,A,5228.0710,N,00433.3019,E,4.0,119.3,180626,,,A*5B
2026-06-18T15:04:40.000Z $IIHDG,120.3,,,,*49
2026-06-18T15:04:40.000Z $IIMWV,109.4,T,8.6,N,A*39
2026-06-18T15:04:40.000Z $IIRPM,E,1,2123,,A*54
2026-06-18T15:04:50.000Z $GPRMC,150450.00,A,5228.0787,N,00433.3024,E,4.2,119.6,180626,,,A*5D
2026-06-18T15:04:50.000Z $IIHDG,121.1,,,,*4A
2026-06-18T15:04:50.000Z $IIMWV,112.7,T,9.2,N,A*35
2026-06-18T15:04:50.000Z $IIRPM,E,1,2216,,A*51
2026-06-18T15:05:00.000Z $GPRMC,150500.00,A,5228.0868,N,00433.3561,E,3.8,118.8,180626,,,A*51
2026-06-18T15:05:00.000Z $GPGGA,150500.00,5228.0868,N,00433.3561,E,1,12,0.9,0.0,M,0.0,M,,*59
2026-06-18T15:05:00.000Z $IIHDG,121.9,,,,*42
2026-06-18T15:05:00.000Z $IIMWV,112.3,T,7.4,N,A*39
2026-06-18T15:05:00.000Z $IIDBT,42.8,f,13.0,M,7.1,F*1B
2026-06-18T15:05:00.000Z $IIRPM,E,1,2217,,A*50
2026-06-18T15:05:00.000Z $IIXDR,V,13.98,V,BATT*60
2026-06-18T15:05:00.000Z $IIMTA,17.5,C*06
2026-06-18T15:05:00.000Z $GPVTG,118.8,T,,M,3.8,N,7.1,K,A*00
2026-06-18T15:05:00.000Z !AIVDM,1,1,,A,B3b;QlPt?05<P:WPKWED93P000000,0*3B
2026-06-18T15:05:10.000Z $GPRMC,150510.00,A,5228.0799,N,00433.3544,E,4.1,120.5,180626,,,A*5E
2026-06-18T15:05:10.000Z $IIHDG,117.8,,,,*46
2026-06-18T15:05:10.000Z $IIMWV,112.2,T,6.5,N,A*38
2026-06-18T15:05:10.000Z $IIRPM,E,1,2118,,A*5C
2026-06-18T15:05:20.000Z $GPRMC,150520.00,A,5228.0936,N,00433.3684,E,4.0,120.9,180626,,,A*54
2026-06-18T15:05:20.000Z $IIHDG,119.2,,,,*42
2026-06-18T15:05:20.000Z $IIMWV,110.1,T,7.9,N,A*34
2026-06-18T15:05:20.000Z $IIRPM,E,1,2215,,A*52
2026-06-18T15:05:30.000Z $GPRMC,150530.00,A,5228.0485,N,00433.3799,E,4.1,120.7,180626,,,A*52
2026-06-18T15:05:30.000Z $GPGGA,150530.00,5228.0485,N,00433.3799,E,1,12,0.9,0.0,M,0.0,M,,*50
2026-06-18T15:05:30.000Z $IIHDG,117.9,,,,*47
2026-06-18T15:05:30.000Z $IIMWV,108.6,T,7.8,N,A*3B
2026-06-18T15:05:30.000Z $IIDBT,38.0,f,11.6,M,6.3,F*19
2026-06-18T15:05:30.000Z $IIRPM,E,1,2247,,A*55
2026-06-18T15:05:30.000Z $GPVTG,120.7,T,,M,4.1,N,7.6,K,A*0D
2026-06-18T15:05:30.000Z !AIVDM,1,1,,A,B3b;QlPt?05<Of7PKDQD93P000000,0*1F
2026-06-18T15:05:40.000Z $GPRMC,150540.00,A,5228.0891,N,00433.4070,E,4.1,120.3,180626,,,A*5F
2026-06-18T15:05:40.000Z $IIHDG,121.3,,,,*48
2026-06-18T15:05:40.000Z $IIMWV,113.2,T,7.3,N,A*3E
2026-06-18T15:05:40.000Z $IIRPM,E,1,2258,,A*5B
2026-06-18T15:05:50.000Z $GPRMC,150550.00,A,5228.0787,N,00433.3631,E,3.8,120.0,180626,,,A*5F
2026-06-18T15:05:50.000Z $IIHDG,120.1,,,,*4B
2026-06-18T15:05:50.000Z $IIMWV,108.9,T,8.6,N,A*35
2026-06-18T15:05:50.000Z $IIRPM,E,1,2144,,A*55
2026-06-18T15:06:00.000Z $GPRMC,150600.00,A,5228.0885,N,00433.4106,E,4.1,121.3,180626,,,A*5C
2026-06-18T15:06:00.000Z $GPGGA,150600.00,5228.0885,N,00433.4106,E,1,12,0.9,0.0,M,0.0,M,,*5B
2026-06-18T15:06:00.000Z $IIHDG,119.9,,,,*49
2026-06-18T15:06:00.000Z $IIMWV,111.8,T,7.1,N,A*34
2026-06-18T15:06:00.000Z $IIDBT,42.8,f,13.0,M,7.1,F*1B
2026-06-18T15:06:00.000Z $IIRPM,E,1,2275,,A*54
2026-06-18T15:06:00.000Z $IIXDR,V,14.02,V,BATT*64
2026-06-18T15:06:00.000Z $GPVTG,121.3,T,,M,4.1,N,7.6,K,A*08
2026-06-18T15:06:00.000Z !AIVDM,1,1,,A,B3b;QlPt?05<ReWPKRID93P000000,0*6F
2026-06-18T15:06:10.000Z $GPRMC,150610.00,A,5228.0618,N,00433.4249,E,4.0,119.5,180626,,,A*53
2026-06-18T15:06:10.000Z $IIHDG,119.0,,,,*40
2026-06-18T15:06:10.000Z $IIMWV,105.9,T,7.7,N,A*36
2026-06-18T15:06:10.000Z $IIRPM,E,1,2136,,A*50
2026-06-18T15:06:20.000Z $GPRMC,150620.00,A,5228.0784,N,00433.4476,E,4.6,119.4,180626,,,A*59
2026-06-18T15:06:20.000Z $IIHDG,117.7,,,,*49
2026-06-18T15:06:20.000Z $IIMWV,113.4,T,8.0,N,A*34
2026-06-18T15:06:20.000Z $IIRPM,E,1,2102,,A*57
2026-06-18T15:06:30.000Z $GPRMC,150630.00,A,5228.0447,N,00433.4296,E,4.3,119.8,180626,,,A*55
2026-06-18T15:06:30.000Z $GPGGA,150630.00,5228.0447,N,00433.4296,E,1,11,0.9,0.0,M,0.0,M,,*53
2026-06-18T15:06:30.000Z $IIHDG,119.0,,,,*40
2026-06-18T15:06:30.000Z $IIMWV,109.1,T,8.8,N,A*32
2026-06-18T15:06:30.000Z $IIDBT,35.6,f,10.9,M,5.9,F*15
2026-06-18T15:06:30.000Z $IIRPM,E,1,2299,,A*56
2026-06-18T15:06:30.000Z $GPVTG,119.8,T,,M,4.3,N,8.0,K,A*03
2026-06-18T15:06:30.000Z !AIVDM,1,1,,A,B3b;QlPt?05<PCWPKfmD93P000000,0*5B
2026-06-18T15:06:40.000Z $GPRMC,150640.00,A,5228.0728,N,00433.4190,E,4.6,119.4,180626,,,A*54
2026-06-18T15:06:40.000Z $IIHDG,121.4,,,,*4F
2026-06-18T15:06:40.000Z $IIMWV,112.1,T,7.3,N,A*3C
2026-06-18T15:06:40.000Z $IIRPM,E,1,2225,,A*51
2026-06-18T15:06:50.000Z $GPRMC,150650.00,A,5228.0457,N,00433.4554,E,4.2,119.1,180626,,,A*53
2026-06-18T15:06:50.000Z $IIHDG,119.1,,,,*41
2026-06-18T15:06:50.000Z $IIMWV,108.1,T,8.8,N,A*33
2026-06-18T15:06:50.000Z $IIRPM,E,1,2175,,A*57
2026-06-18T15:07:00.000Z $GPRMC,150700.00,A,5228.0524,N,00433.4614,E,4.5,120.1,180626,,,A*58
2026-06-18T15:07:00.000Z $GPGGA,150700.00,5228.0524,N,00433.4614,E,1,8,0.9,0.0,M,0.0,M,,*63
2026-06-18T15:07:00.000Z $IIHDG,121.2,,,,*49
2026-06-18T15:07:00.000Z $IIMWV,107.8,T,7.4,N,A*36
2026-06-18T15:07:00.000Z $IIDBT,41.9,f,12.8,M,7.0,F*11
2026-06-18T15:07:00.000Z $IIRPM,E,1,2117,,A*53
2026-06-18T15:07:00.000Z $IIXDR,V,13.95,V,BATT*6D
2026-06-18T15:07:00.000Z $GPVTG,120.1,T,,M,4.5,N,8.3,K,A*05
2026-06-18T15:07:00.000Z !AIVDM,1,1,,A,B3b;QlPt?05<UnWPL1ID93P000000,0*07
2026-06-18T15:07:10.000Z $GPRMC,150710.00,A,5228.0493,N,00433.4754,E,4.5,119.9,180626,,,A*53
2026-06-18T15:07:10.000Z $IIHDG,120.2,,,,*48
2026-06-18T15:07:10.000Z $IIMWV,114.5,T,7.6,N,A*3B
2026-06-18T15:07:10.000Z $IIRPM,E,1,2143,,A*52
2026-06-18T15:07:20.000Z $GPRMC,150720.00,A,5227.9995,N,00433.4733,E,4.0,120.1,180626,,,A*5B
2026-06-18T15:07:20.000Z $IIHDG,119.7,,,,*47
2026-06-18T15:07:20.000Z $IIMWV,106.3,T,8.7,N,A*30
2026-06-18T15:07:20.000Z $IIRPM,E,1,2131,,A*57
2026-06-18T15:07:30.000Z $GPRMC,150730.00,A,5228.0290,N,00433.4943,E,4.2,119.4,180626,,,A*56
2026-06-18T15:07:30.000Z $GPGGA,150730.00,5228.0290,N,00433.4943,E,1,9,0.9,0.0,M,0.0,M,,*64
2026-06-18T15:07:30.000Z $IIHDG,119.8,,,,*48
2026-06-18T15:07:30.000Z $IIMWV,107.3,T,7.6,N,A*3F
2026-06-18T15:07:30.000Z $IIDBT,35.4,f,10.8,M,5.9,F*16
2026-06-18T15:07:30.000Z $IIRPM,E,1,2253,,A*50
2026-06-18T15:07:30.000Z $GPVTG,119.4,T,,M,4.2,N,7.8,K,A*09
2026-06-18T15:07:30.000Z !AIVDM,1,1,,A,B3b;QlPt?05<SK7PJp=D93P000000,0*77
2026-06-18T15:07:40.000Z $GPRMC,150740.00,A,5227.9940,N,00433.4862,E,4.3,119.8,180626,,,A*5E
2026-06-18T15:07:40.000Z $IIHDG,120.9,,,,*43
2026-06-18T15:07:40.000Z $IIMWV,109.4,T,8.7,N,A*38
2026-06-18T15:07:40.000Z $IIRPM,E,1,2255,,A*56
2026-06-18T15:07:50.000Z $GPRMC,150750.00,A,5228.0446,N,00433.5126,E,4.3,121.1,180626,,,A*58
2026-06-18T15:07:50.000Z $IIHDG,118.0,,,,*41
2026-06-18T15:07:50.000Z $IIMWV,106.3,T,9.1,N,A*37
2026-06-18T15:07:50.000Z $IIRPM,E,1,2126,,A*51
2026-06-18T15:08:00.000Z $GPRMC,150800.00,A,5227.9840,N,00433.5160,E,4.5,121.4,180626,,,A*5F
2026-06-18T15:08:00.000Z $GPGGA,150800.00,5227.9840,N,00433.5160,E,1,12,0.9,0.0,M,0.0,M,,*5B
2026-06-18T15:08:00.000Z $IIHDG,120.9,,,,*43
2026-06-18T15:08:00.000Z $IIMWV,114.3,T,8.8,N,A*3C
2026-06-18T15:08:00.000Z $IIDBT,40.1,f,12.2,M,6.7,F*14
2026-06-18T15:08:00.000Z $IIRPM,E,1,2240,,A*52
2026-06-18T15:08:00.000Z $IIXDR,V,13.83,V,BATT*6A
2026-06-18T15:08:00.000Z $GPVTG,121.4,T,,M,4.5,N,8.4,K,A*06
2026-06-18T15:08:00.000Z !AIVDM,1,1,,A,B3b;QlPt?05<T;WPK7MD93P000000,0*56
2026-06-18T15:08:10.000Z $GPRMC,150810.00,A,5228.0112,N,00433.5253,E,4.2,119.9,180626,,,A*54
2026-06-18T15:08:10.000Z $IIHDG,120.9,,,,*43
2026-06-18T15:08:10.000Z $IIMWV,107.9,T,7.2,N,A*31
2026-06-18T15:08:10.000Z $IIRPM,E,1,2212,,A*55
2026-06-18T15:08:20.000Z $GPRMC,150820.00,A,5228.0288,N,00433.5544,E,4.4,121.2,180626,,,A*50
2026-06-18T15:08:20.000Z $IIHDG,117.5,,,,*4B
2026-06-18T15:08:20.000Z $IIMWV,113.5,T,8.8,N,A*3D
2026-06-18T15:08:20.000Z $IIRPM,E,1,2291,,A*5E
2026-06-18T15:08:30.000Z $GPRMC,150830.00,A,5228.0159,N,00433.5930,E,4.0,119.6,180626,,,A*5A
2026-06-18T15:08:30.000Z $GPGGA,150830.00,5228.0159,N,00433.5930,E,1,9,0.9,0.0,M,0.0,M,,*68
2026-06-18T15:08:30.000Z $IIHDG,117.9,,,,*47
2026-06-18T15:08:30.000Z $IIMWV,105.0,T,7.0,N,A*38
2026-06-18T15:08:30.000Z $IIDBT,36.8,f,11.2,M,6.1,F*19
2026-06-18T15:08:30.000Z $IIRPM,E,1,2148,,A*59
2026-06-18T15:08:30.000Z $GPVTG,119.6,T,,M,4.0,N,7.5,K,A*04
2026-06-18T15:08:30.000Z !AIVDM,1,1,,A,B3b;QlPt?05<Wg7PJp9D93P000000,0*5B
2026-06-18T15:08:40.000Z $GPRMC,150840.00,A,5227.9801,N,00433.5785,E,4.6,118.7,180626,,,A*59
2026-06-18T15:08:40.000Z $IIHDG,120.7,,,,*4D
2026-06-18T15:08:40.000Z $IIMWV,108.3,T,9.5,N,A*3D
2026-06-18T15:08:40.000Z $IIRPM,E,1,2286,,A*58
2026-06-18T15:08:50.000Z $GPRMC,150850.00,A,5227.9773,N,00433.5773,E,4.6,120.5,180626,,,A*52
2026-06-18T15:08:50.000Z $IIHDG,118.0,,,,*41
2026-06-18T15:08:50.000Z $IIMWV,105.5,T,8.3,N,A*31
2026-06-18T15:08:50.000Z $IIRPM,E,1,2279,,A*58
2026-06-18T15:09:00.000Z $GPRMC,150900.00,A,5228.0123,N,00433.5790,E,4.1,119.2,180626,,,A*54
2026-06-18T15:09:00.000Z $GPGGA,150900.00,5228.0123,N,00433.5790,E,1,10,0.9,0.0,M,0.0,M,,*5B
2026-06-18T15:09:00.000Z $IIHDG,121.9,,,,*42
2026-06-18T15:09:00.000Z $IIMWV,112.7,T,8.6,N,A*30
2026-06-18T15:09:00.000Z $IIDBT,41.6,f,12.7,M,6.9,F*19
2026-06-18T15:09:00.000Z $IIRPM,E,1,2186,,A*5B
2026-06-18T15:09:00.000Z $IIXDR,V,13.83,V,BATT*6A
2026-06-18T15:09:00.000Z $GPVTG,119.2,T,,M,4.1,N,7.6,K,A*02
2026-06-18T15:09:00.000Z !AIVDM,1,1,,A,B3b;QlPt?05<bDWPKV1D93P000000,0*02
2026-06-18T15:09:10.000Z $GPRMC,150910.00,A,5228.0007,N,00433.6147,E,4.2,120.2,180626,,,A*54
2026-06-18T15:09:10.000Z $IIHDG,119.1,,,,*41
2026-06-18T15:09:10.000Z $IIMWV,105.0,T,8.3,N,A*34
2026-06-18T15:09:10.000Z $IIRPM,E,1,2117,,A*53
2026-06-18T15:09:20.000Z $GPRMC,150920.00,A,5228.0103,N,00433.6155,E,4.0,121.4,180626,,,A*54
2026-06-18T15:09:20.000Z $IIHDG,119.1,,,,*41
2026-06-18T15:09:20.000Z $IIMWV,112.0,T,7.3,N,A*3D
2026-06-18T15:09:20.000Z $IIRPM,E,1,2111,,A*55
2026-06-18T15:09:30.000Z $GPRMC,150930.00,A,5227.9694,N,00433.6359,E,4.1,120.0,180626,,,A*50
2026-06-18T15:09:30.000Z $GPGGA,150930.00,5227.9694,N,00433.6359,E,1,12,0.9,0.0,M,0.0,M,,*55
2026-06-18T15:09:30.000Z $IIHDG,119.0,,,,*40
2026-06-18T15:09:30.000Z $IIMWV,113.9,T,6.5,N,A*32
2026-06-18T15:09:30.000Z $IIDBT,36.1,f,11.0,M,6.0,F*13
2026-06-18T15:09:30.000Z $IIRPM,E,1,2105,,A*50
2026-06-18T15:09:30.000Z $GPVTG,120.0,T,,M,4.1,N,7.5,K,A*09
2026-06-18T15:09:30.000Z !AIVDM,1,1,,A,B3b;QlPt?05<`e7PKAmD93P000000,0*0A
2026-06-18T15:09:40.000Z $GPRMC,150940.00,A,5227.9590,N,00433.6439,E,3.9,119.9,180626,,,A*5D
2026-06-18T15:09:40.000Z $IIHDG,119.9,,,,*49
2026-06-18T15:09:40.000Z $IIMWV,106.2,T,9.1,N,A*36
2026-06-18T15:09:40.000Z $IIRPM,E,1,2273,,A*52
2026-06-18T15:09:50.000Z $GPRMC,150950.00,A,5227.9827,N,00433.6792,E,3.9,119.0,180626,,,A*56
2026-06-18T15:09:50.000Z $IIHDG,120.0,,,,*4A
2026-06-18T15:09:50.000Z $IIMWV,113.4,T,7.4,N,A*3F
2026-06-18T15:09:50.000Z $IIRPM,E,1,2138,,A*5E
2026-06-18T15:10:00.000Z $GPRMC,151000.00,A,5227.9945,N,00433.6669,E,3.9,120.7,180626,,,A*56
2026-06-18T15:10:00.000Z $GPGGA,151000.00,5227.9945,N,00433.6669,E,1,9,0.9,0.0,M,0.0,M,,*61
2026-06-18T15:10:00.000Z $IIHDG,120.9,,,,*43
2026-06-18T15:10:00.000Z $IIMWV,106.8,T,6.7,N,A*35
2026-06-18T15:10:00.000Z $IIDBT,38.9,f,11.9,M,6.5,F*19
2026-06-18T15:10:00.000Z $IIRPM,E,1,2142,,A*53
2026-06-18T15:10:00.000Z $IIXDR,V,13.84,V,BATT*6D
2026-06-18T15:10:00.000Z $IIMTA,18.2,C*0E
2026-06-18T15:10:00.000Z $GPVTG,120.7,T,,M,3.9,N,7.2,K,A*06
2026-06-18T15:10:00.000Z !AIVDM,1,1,,A,B3b;QlPt?05<Up7PKS=D93P000000,0*68
2026-06-18T15:10:10.000Z $GPRMC,151010.00,A,5227.9598,N,00433.6792,E,4.4,120.3,180626,,,A*50
2026-06-18T15:10:10.000Z $IIHDG,122.2,,,,*4A
2026-06-18T15:10:10.000Z $IIMWV,107.7,T,7.1,N,A*3C
2026-06-18T15:10:10.000Z $IIRPM,E,1,2191,,A*5D
2026-06-18T15:10:20.000Z $GPRMC,151020.00,A,5227.9454,N,00433.7128,E,4.5,118.8,180626,,,A*55
2026-06-18T15:10:20.000Z $IIHDG,122.3,,,,*4B
2026-06-18T15:10:20.000Z $IIMWV,111.7,T,8.9,N,A*3C
2026-06-18T15:10:20.000Z $IIRPM,E,1,2299,,A*56
2026-06-18T15:10:30.000Z $GPRMC,151030.00,A,5227.9257,N,00433.6940,E,4.4,118.5,180626,,,A*5A
2026-06-18T15:10:30.000Z $GPGGA,151030.00,5227.9257,N,00433.6940,E,1,12,0.9,0.0,M,0.0,M,,*54
2026-06-18T15:10:30.000Z $IIHDG,120.4,,,,*4E
2026-06-18T15:10:30.000Z $IIMWV,110.9,T,9.1,N,A*3A
2026-06-18T15:10:30.000Z $IIDBT,37.9,f,11.6,M,6.3,F*1F
2026-06-18T15:10:30.000Z $IIRPM,E,1,2248,,A*5A
2026-06-18T15:10:30.000Z $GPVTG,118.5,T,,M,4.4,N,8.1,K,A*09
2026-06-18T15:10:30.000Z !AIVDM,1,1,,A,B3b;QlPt?05<f`WPKHAD93P000000,0*4C
2026-06-18T15:10:40.000Z $GPRMC,151040.00,A,5227.9747,N,00433.7304,E,4.6,120.5,180626,,,A*5B
2026-06-18T15:10:40.000Z $IIHDG,120.3,,,,*49
2026-06-18T15:10:40.000Z $IIMWV,110.8,T,8.9,N,A*32
2026-06-18T15:10:40.000Z $IIRPM,E,1,2156,,A*56
2026-06-18T15:10:50.000Z $GPRMC,151050.00,A,5227.9280,N,00433.7363,E,3.9,118.7,180626,,,A*54
2026-06-18T15:10:50.000Z $IIHDG,122.4,,,,*4C
2026-06-18T15:10:50.000Z $IIMWV,112.0,T,7.4,N,A*3A
2026-06-18T15:10:50.000Z $IIRPM,E,1,2188,,A*55
2026-06-18T15:11:00.000Z $GPRMC,151100.00,A,5227.9157,N,00433.7290,E,4.5,120.7,180626,,,A*54
2026-06-18T15:11:00.000Z $GPGGA,151100.00,5227.9157,N,00433.7290,E,1,9,0.9,0.0,M,0.0,M,,*68
2026-06-18T15:11:00.000Z $IIHDG,121.7,,,,*4C
2026-06-18T15:11:00.000Z $IIMWV,105.2,T,6.9,N,A*32
2026-06-18T15:11:00.000Z $IIDBT,39.6,f,12.1,M,6.6,F*1F
2026-06-18T15:11:00.000Z $IIRPM,E,1,2128,,A*5F
2026-06-18T15:11:00.000Z $IIXDR,V,13.93,V,BATT*6B
2026-06-18T15:11:00.000Z $GPVTG,120.7,T,,M,4.5,N,8.4,K,A*04
2026-06-18T15:11:00.000Z !AIVDM,1,1,,A,B3b;QlPt?05<WcWPKNiD93P000000,0*50
2026-06-18T15:11:10.000Z $GPRMC,151110.00,A,5227.9510,N,00433.7517,E,4.0,121.2,180626,,,A*5B
2026-06-18T15:11:10.000Z $IIHDG,121.1,,,,*4A
2026-06-18T15:11:10.000Z $IIMWV,113.3,T,8.9,N,A*3A
2026-06-18T15:11:10.000Z $IIRPM,E,1,2131,,A*57
2026-06-18T15:11:20.000Z $GPRMC,151120.00,A,5227.9216,N,00433.7775,E,4.1,121.1,180626,,,A*5D
2026-06-18T15:11:20.000Z $IIHDG,119.8,,,,*48
2026-06-18T15:11:20.000Z $IIMWV,111.2,T,9.5,N,A*34
2026-06-18T15:11:20.000Z $IIRPM,E,1,2274,,A*55
2026-06-18T15:11:30.000Z $GPRMC,151130.00,A,5227.9033,N,00433.7574,E,4.2,121.2,180626,,,A*5A
2026-06-18T15:11:30.000Z $GPGGA,151130.00,5227.9033,N,00433.7574,E,1,12,0.9,0.0,M,0.0,M,,*5F
2026-06-18T15:11:30.000Z $IIHDG,120.9,,,,*43
2026-06-18T15:11:30.000Z $IIMWV,114.2,T,7.4,N,A*3E
2026-06-18T15:11:30.000Z $IIDBT,40.3,f,12.3,M,6.7,F*17
2026-06-18T15:11:30.000Z $IIRPM,E,1,2160,,A*53
2026-06-18T15:11:30.000Z $GPVTG,121.2,T,,M,4.2,N,7.8,K,A*04
2026-06-18T15:11:30.000Z !AIVDM,1,1,,A,B3b;QlPt?05<WV7PJj1D93P000000,0*78
2026-06-18T15:11:40.000Z $GPRMC,151140.00,A,5227.9307,N,00433.7719,E,4.0,120.2,180626,,,A*53
2026-06-18T15:11:40.000Z $IIHDG,119.9,,,,*49
2026-06-18T15:11:40.000Z $IIMWV,114.8,T,7.0,N,A*30
2026-06-18T15:11:40.000Z $IIRPM,E,1,2150,,A*50
2026-06-18T15:11:50.000Z $GPRMC,151150.00,A,5227.9281,N,00433.7784,E,4.6,119.1,180626,,,A*56
2026-06-18T15:11:50.000Z $IIHDG,121.2,,,,*49
2026-06-18T15:11:50.000Z $IIMWV,108.9,T,8.6,N,A*35
2026-06-18T15:11:50.000Z $IIRPM,E,1,2260,,A*50
2026-06-18T15:12:00.000Z $GPRMC,151200.00,A,5227.9088,N,00433.8019,E,3.9,121.2,180626,,,A*57
2026-06-18T15:12:00.000Z $GPGGA,151200.00,5227.9088,N,00433.8019,E,1,12,0.9,0.0,M,0.0,M,,*5E
2026-06-18T15:12:00.000Z $IIHDG,122.4,,,,*4C
2026-06-18T15:12:00.000Z $IIMWV,110.8,T,8.5,N,A*3E
2026-06-18T15:12:00.000Z $IIDBT,34.4,f,10.5,M,5.7,F*14
2026-06-18T15:12:00.000Z $IIRPM,E,1,2149,,A*58
2026-06-18T15:12:00.000Z $IIXDR,V,13.80,V,BATT*69
2026-06-18T15:12:00.000Z $GPVTG,121.2,T,,M,3.9,N,7.2,K,A*02
2026-06-18T15:12:00.000Z !AIVDM,1,1,,A,B3b;QlPt?05<e67PJF5D93P000000,0*02
2026-06-18T15:12:10.000Z $GPRMC,151210.00,A,5227.8965,N,00433.7963,E,4.6,119.0,180626,,,A*57
2026-06-18T15:12:10.000Z $IIHDG,118.3,,,,*42
2026-06-18T15:12:10.000Z $IIMWV,106.4,T,9.3,N,A*32
2026-06-18T15:12:10.000Z $IIRPM,E,1,2296,,A*59
2026-06-18T15:12:20.000Z $GPRMC,151220.00,A,5227.9069,N,00433.7993,E,4.4,120.4,180626,,,A*53
2026-06-18T15:12:20.000Z $IIHDG,121.9,,,,*42
2026-06-18T15:12:20.000Z $IIMWV,105.7,T,9.2,N,A*33
2026-06-18T15:12:20.000Z $IIRPM,E,1,2158,,A*58
2026-06-18T15:12:30.000Z $GPRMC,151230.00,A,5227.8886,N,00433.8189,E,4.4,121.0,180626,,,A*53
2026-06-18T15:12:30.000Z $GPGGA,151230.00,5227.8886,N,00433.8189,E,1,10,0.9,0.0,M,0.0,M,,*50
2026-06-18T15:12:30.000Z $IIHDG,118.3,,,,*42
2026-06-18T15:12:30.000Z $IIMWV,114.1,T,8.1,N,A*37
2026-06-18T15:12:30.000Z $IIDBT,39.9,f,12.1,M,6.6,F*10
2026-06-18T15:12:30.000Z $IIRPM,E,1,2135,,A*53
2026-06-18T15:12:30.000Z $GPVTG,121.0,T,,M,4.4,N,8.1,K,A*06
2026-06-18T15:12:30.000Z !AIVDM,1,1,,A,B3b;QlPt?05<g:WPJr=D93P000000,0*50
2026-06-18T15:12:40.000Z $GPRMC,151240.00,A,5227.8852,N,00433.8276,E,4.2,120.5,180626,,,A*5C
2026-06-18T15:12:40.000Z $IIHDG,119.4,,,,*44
2026-06-18T15:12:40.000Z $IIMWV,109.3,T,8.9,N,A*31
2026-06-18T15:12:40.000Z $IIRPM,E,1,2226,,A*52
2026-06-18T15:12:50.000Z $GPRMC,151250.00,A,5227.8787,N,00433.8756,E,4.0,120.9,180626,,,A*53
2026-06-18T15:12:50.000Z $IIHDG,122.0,,,,*48
2026-06-18T15:12:50.000Z $IIMWV,105.8,T,8.6,N,A*39
2026-06-18T15:12:50.000Z $IIRPM,E,1,2109,,A*5C
2026-06-18T15:13:00.000Z $GPRMC,151300.00,A,5227.8890,N,00433.8858,E,4.4,119.4,180626,,,A*5C
2026-06-18T15:13:00.000Z $GPGGA,151300.00,5227.8890,N,00433.8858,E,1,11,0.9,0.0,M,0.0,M,,*51
2026-06-18T15:13:00.000Z $IIHDG,117.9,,,,*47
2026-06-18T15:13:00.000Z $IIMWV,109.0,T,7.9,N,A*3D
2026-06-18T15:13:00.000Z $IIDBT,40.4,f,12.3,M,6.7,F*10
2026-06-18T15:13:00.000Z $IIRPM,E,1,2115,,A*51
2026-06-18T15:13:00.000Z $IIXDR,V,13.88,V,BATT*61
2026-06-18T15:13:00.000Z $GPVTG,119.4,T,,M,4.4,N,8.1,K,A*09
2026-06-18T15:13:00.000Z !AIVDM,1,1,,A,B3b;QlPt?05<dO7PJmAD93P000000,0*25
2026-06-18T15:13:10.000Z $GPRMC,151310.00,A,5227.8976,N,00433.8596,E,4.0,120.5,180626,,,A*54
2026-06-18T15:13:10.000Z $IIHDG,121.2,,,,*49
2026-06-18T15:13:10.000Z $IIMWV,105.0,T,8.0,N,A*37
2026-06-18T15:13:10.000Z $IIRPM,E,1,2272,,A*53
2026-06-18T15:13:20.000Z $GPRMC,151320.00,A,5227.8596,N,00433.9036,E,4.2,118.9,180626,,,A*5E
2026-06-18T15:13:20.000Z $IIHDG,120.5,,,,*4F
2026-06-18T15:13:20.000Z $IIMWV,106.1,T,7.6,N,A*3C
2026-06-18T15:13:20.000Z $IIRPM,E,1,2257,,A*54
2026-06-18T15:13:30.000Z $GPRMC,151330.00,A,5227.8854,N,00433.8913,E,4.2,119.1,180626,,,A*5A
2026-06-18T15:13:30.000Z $GPGGA,151330.00,5227.8854,N,00433.8913,E,1,8,0.9,0.0,M,0.0,M,,*6C
2026-06-18T15:13:30.000Z $IIHDG,121.2,,,,*49
2026-06-18T15:13:30.000Z $IIMWV,107.5,T,7.1,N,A*3E
2026-06-18T15:13:30.000Z $IIDBT,33.1,f,10.1,M,5.5,F*10
2026-06-18T15:13:30.000Z $IIRPM,E,1,2155,,A*55
2026-06-18T15:13:30.000Z $GPVTG,119.1,T,,M,4.2,N,7.8,K,A*0C
2026-06-18T15:13:30.000Z !AIVDM,1,1,,A,B3b;QlPt?05<jB7PJiUD93P000000,0*36
2026-06-18T15:13:40.000Z $GPRMC,151340.00,A,5227.8852,N,00433.8817,E,4.2,121.4,180626,,,A*50
2026-06-18T15:13:40.000Z $IIHDG,118.8,,,,*49
2026-06-18T15:13:40.000Z $IIMWV,110.7,T,7.1,N,A*3A
2026-06-18T15:13:40.000Z $IIRPM,E,1,2235,,A*50
2026-06-18T15:13:50.000Z $GPRMC,151350.00,A,5227.8587,N,00433.9034,E,4.3,119.6,180626,,,A*54
2026-06-18T15:13:50.000Z $IIHDG,120.7,,,,*4D
2026-06-18T15:13:50.000Z $IIMWV,108.2,T,7.3,N,A*34
2026-06-18T15:13:50.000Z $IIRPM,E,1,2228,,A*5C
2026-06-18T15:14:00.000Z $GPRMC,151400.00,A,5227.8878,N,00433.9337,E,3.9,119.5,180626,,,A*55
2026-06-18T15:14:00.000Z $GPGGA,151400.00,5227.8878,N,00433.9337,E,1,8,0.9,0.0,M,0.0,M,,*6B
2026-06-18T15:14:00.000Z $IIHDG,121.9,,,,*42
2026-06-18T15:14:00.000Z $IIMWV,105.2,T,9.2,N,A*36
2026-06-18T15:14:00.000Z $IIDBT,37.5,f,11.4,M,6.2,F*10
2026-06-18T15:14:00.000Z $IIRPM,E,1,2131,,A*57
2026-06-18T15:14:00.000Z $IIXDR,V,13.84,V,BATT*6D
2026-06-18T15:14:00.000Z $GPVTG,119.5,T,,M,3.9,N,7.2,K,A*0E
2026-06-18T15:14:00.000Z !AIVDM,1,1,,A,B3b;QlPt?05<dj7PJ;aD93P000000,0*76
2026-06-18T15:14:10.000Z $GPRMC,151410.00,A,5227.8660,N,00433.9344,E,4.1,120.9,180626,,,A*5E
2026-06-18T15:14:10.000Z $IIHDG,122.3,,,,*4B
2026-06-18T15:14:10.000Z $IIMWV,113.3,T,8.2,N,A*31
2026-06-18T15:14:10.000Z $IIRPM,E,1,2237,,A*52
2026-06-18T15:14:20.000Z $GPRMC,151420.00,A,5227.8684,N,00433.9692,E,4.5,120.3,180626,,,A*57
2026-06-18T15:14:20.000Z $IIHDG,119.2,,,,*42
2026-06-18T15:14:20.000Z $IIMWV,114.3,T,7.2,N,A*39
2026-06-18T15:14:20.000Z $IIRPM,E,1,2149,,A*58
2026-06-18T15:14:30.000Z $GPRMC,151430.00,A,5227.8406,N,00433.9479,E,4.3,118.8,180626,,,A*5F
2026-06-18T15:14:30.000Z $GPGGA,151430.00,5227.8406,N,00433.9479,E,1,10,0.9,0.0,M,0.0,M,,*59
2026-06-18T15:14:30.000Z $IIHDG,120.4,,,,*4E
2026-06-18T15:14:30.000Z $IIMWV,109.4,T,8.8,N,A*37
2026-06-18T15:14:30.000Z $IIDBT,38.1,f,11.6,M,6.3,F*18
2026-06-18T15:14:30.000Z $IIRPM,E,1,2187,,A*5A
2026-06-18T15:14:30.000Z $GPVTG,118.8,T,,M,4.3,N,8.1,K,A*03
2026-06-18T15:14:30.000Z !AIVDM,1,1,,A,B3b;QlPt?05<l2WPIrmD93P000000,0*00
2026-06-18T15:14:40.000Z $GPRMC,151440.00,A,5227.8670,N,00433.9921,E,3.9,121.2,180626,,,A*56
2026-06-18T15:14:40.000Z $IIHDG,122.2,,,,*4A
2026-06-18T15:14:40.000Z $IIMWV,105.9,T,7.6,N,A*37
2026-06-18T15:14:40.000Z $IIRPM,E,1,2218,,A*5F
2026-06-18T15:14:50.000Z $GPRMC,151450.00,A,5227.8577,N,00433.9710,E,4.1,118.5,180626,,,A*5D
2026-06-18T15:14:50.000Z $IIHDG,120.7,,,,*4D
2026-06-18T15:14:50.000Z $IIMWV,109.0,T,9.4,N,A*3E
2026-06-18T15:14:50.000Z $IIRPM,E,1,2169,,A*5A
2026-06-18T15:15:00.000Z $GPRMC,151500.00,A,5227.8290,N,00433.9892,E,4.6,120.6,180626,,,A*5D
2026-06-18T15:15:00.000Z $GPGGA,151500.00,5227.8290,N,00433.9892,E,1,8,0.9,0.0,M,0.0,M,,*62
2026-06-18T15:15:00.000Z $IIHDG,118.4,,,,*45
2026-06-18T15:15:00.000Z $IIMWV,110.2,T,6.7,N,A*38
2026-06-18T15:15:00.000Z $IIDBT,38.1,f,11.6,M,6.4,F*1F
2026-06-18T15:15:00.000Z $IIRPM,E,1,2113,,A*57
2026-06-18T15:15:00.000Z $IIXDR,V,14.09,V,BATT*6F
2026-06-18T15:15:00.000Z $IIMTA,18.0,C*0C
2026-06-18T15:15:00.000Z $GPVTG,120.6,T,,M,4.6,N,8.5,K,A*07
2026-06-18T15:15:00.000Z !AIVDM,1,1,,A,B3b;QlPt?05<oG7PJ3ID93P000000,0*70
2026-06-18T15:15:10.000Z $GPRMC,151510.00,A,5227.8525,N,00433.9984,E,4.1,120.9,180626,,,A*5B
2026-06-18T15:15:10.000Z $IIHDG,121.0,,,,*4B
2026-06-18T15:15:10.000Z $IIMWV,106.1,T,8.1,N,A*34
2026-06-18T15:15:10.000Z $IIRPM,E,1,2136,,A*50
2026-06-18T15:15:20.000Z $GPRMC,151520.00,A,5227.8222,N,00433.9988,E,4.0,119.1,180626,,,A*57
2026-06-18T15:15:20.000Z $IIHDG,120.0,,,,*4A
2026-06-18T15:15:20.000Z $IIMWV,112.1,T,8.9,N,A*39
2026-06-18T15:15:20.000Z $IIRPM,E,1,2216,,A*51
2026-06-18T15:15:30.000Z $GPRMC,151530.00,A,5227.8615,N,00434.0063,E,4.2,121.4,180626,,,A*58
2026-06-18T15:15:30.000Z $GPGGA,151530.00,5227.8615,N,00434.0063,E,1,8,0.9,0.0,M,0.0,M,,*60
2026-06-18T15:15:30.000Z $IIHDG,118.3,,,,*42
2026-06-18T15:15:30.000Z $IIMWV,110.9,T,8.0,N,A*3A
2026-06-18T15:15:30.000Z $IIDBT,40.5,f,12.3,M,6.7,F*11
2026-06-18T15:15:30.000Z $IIRPM,E,1,2172,,A*50
2026-06-18T15:15:30.000Z $GPVTG,121.4,T,,M,4.2,N,7.8,K,A*02
2026-06-18T15:15:30.000Z !AIVDM,1,1,,A,B3b;QlPt?05<oaWPJ`QD93P000000,0*7D
2026-06-18T15:15:40.000Z $GPRMC,151540.00,A,5227.8583,N,00434.0533,E,4.6,119.7,180626,,,A*5F
2026-06-18T15:15:40.000Z $IIHDG,119.6,,,,*46
2026-06-18T15:15:40.000Z $IIMWV,108.3,T,8.5,N,A*3C
2026-06-18T15:15:40.000Z $IIRPM,E,1,2289,,A*57
2026-06-18T15:15:50.000Z $GPRMC,151550.00,A,5227.8093,N,00434.0560,E,4.4,120.5,180626,,,A*56
2026-06-18T15:15:50.000Z $IIHDG,118.1,,,,*40
2026-06-18T15:15:50.000Z $IIMWV,112.5,T,8.4,N,A*30
2026-06-18T15:15:50.000Z $IIRPM,E,1,2112,,A*56
2026-06-18T15:16:00.000Z $GPRMC,151600.00,A,5227.8101,N,00434.0897,E,4.2,119.1,180626,,,A*57
2026-06-18T15:16:00.000Z $GPGGA,151600.00,5227.8101,N,00434.0897,E,1,12,0.9,0.0,M,0.0,M,,*5A
2026-06-18T15:16:00.000Z $IIHDG,119.9,,,,*49
2026-06-18T15:16:00.000Z $IIMWV,114.2,T,8.0,N,A*35
2026-06-18T15:16:00.000Z $IIDBT,37.0,f,11.3,M,6.2,F*12
2026-06-18T15:16:00.000Z $IIRPM,E,1,2125,,A*52
2026-06-18T15:16:00.000Z $IIXDR,V,14.00,V,BATT*66
2026-06-18T15:16:00.000Z $GPVTG,119.1,T,,M,4.2,N,7.7,K,A*03
2026-06-18T15:16:00.000Z !AIVDM,1,1,,A,B3b;QlPt?05<ns7PJc=D93P000000,0*61
2026-06-18T15:16:10.000Z $GPRMC,151610.00,A,5227.8464,N,00434.0782,E,4.5,118.7,180626,,,A*5B
2026-06-18T15:16:10.000Z $IIHDG,118.2,,,,*43
2026-06-18T15:16:10.000Z $IIMWV,109.4,T,8.3,N,A*3C
2026-06-18T15:16:10.000Z $IIRPM,E,1,2103,,A*56
2026-06-18T15:16:20.000Z $GPRMC,151620.00,A,5227.8185,N,00434.0658,E,4.3,121.0,180626,,,A*5F
2026-06-18T15:16:20.000Z $IIHDG,120.2,,,,*48
2026-06-18T15:16:20.000Z $IIMWV,108.1,T,7.4,N,A*30
2026-06-18T15:16:20.000Z $IIRPM,E,1,2215,,A*52
2026-06-18T15:16:30.000Z $GPRMC,151630.00,A,5227.8304,N,00434.0913,E,4.4,119.0,180626,,,A*59
2026-06-18T15:16:30.000Z $GPGGA,151630.00,5227.8304,N,00434.0913,E,1,8,0.9,0.0,M,0.0,M,,*68
2026-06-18T15:16:30.000Z $IIHDG,122.4,,,,*4C
2026-06-18T15:16:30.000Z $IIMWV,112.2,T,8.5,N,A*36
2026-06-18T15:16:30.000Z $IIDBT,34.4,f,10.5,M,5.7,F*14
2026-06-18T15:16:30.000Z $IIRPM,E,1,2201,,A*57
2026-06-18T15:16:30.000Z $GPVTG,119.0,T,,M,4.4,N,8.2,K,A*0E
2026-06-18T15:16:30.000Z !AIVDM,1,1,,A,B3b;QlPt?05<qEWPItQD93P000000,0*50
2026-06-18T15:16:40.000Z $GPRMC,151640.00,A,5227.7993,N,00434.1244,E,4.1,118.6,180626,,,A*5F
2026-06-18T15:16:40.000Z $IIHDG,119.9,,,,*49
2026-06-18T15:16:40.000Z $IIMWV,106.8,T,9.2,N,A*3F
2026-06-18T15:16:40.000Z $IIRPM,E,1,2201,,A*57
2026-06-18T15:16:50.000Z $GPRMC,151650.00,A,5227.7872,N,00434.1181,E,4.0,118.7,180626,,,A*5A
2026-06-18T15:16:50.000Z $IIHDG,117.8,,,,*46
2026-06-18T15:16:50.000Z $IIMWV,110.0,T,9.3,N,A*31
2026-06-18T15:16:50.000Z $IIRPM,E,1,2246,,A*54
2026-06-18T15:17:00.000Z $GPRMC,151700.00,A,5227.7744,N,00434.1335,E,4.5,120.9,180626,,,A*59
2026-06-18T15:17:00.000Z $GPGGA,151700.00,5227.7744,N,00434.1335,E,1,12,0.9,0.0,M,0.0,M,,*51
2026-06-18T15:17:00.000Z $IIHDG,121.3,,,,*48
2026-06-18T15:17:00.000Z $IIMWV,106.8,T,9.4,N,A*39
2026-06-18T15:17:00.000Z $IIDBT,41.3,f,12.6,M,6.9,F*1D
2026-06-18T15:17:00.000Z $IIRPM,E,1,2281,,A*5F
2026-06-18T15:17:00.000Z $IIXDR,V,14.07,V,BATT*61
2026-06-18T15:17:00.000Z $GPVTG,120.9,T,,M,4.5,N,8.3,K,A*0D
2026-06-18T15:17:00.000Z !AIVDM,1,1,,A,B3b;QlPt?05<qMWPJ2ID93P000000,0*05
2026-06-18T15:17:10.000Z $GPRMC,151710.00,A,5227.7794,N,00434.1484,E,4.0,119.4,180626,,,A*5A
2026-06-18T15:17:10.000Z $IIHDG,118.7,,,,*46
2026-06-18T15:17:10.000Z $IIMWV,109.1,T,8.2,N,A*38
2026-06-18T15:17:10.000Z $IIRPM,E,1,2133,,A*55
2026-06-18T15:17:20.000Z $GPRMC,151720.00,A,5227.8154,N,00434.1526,E,4.2,118.7,180626,,,A*55
2026-06-18T15:17:20.000Z $IIHDG,120.4,,,,*4E
2026-06-18T15:17:20.000Z $IIMWV,112.4,T,9.3,N,A*37
2026-06-18T15:17:20.000Z $IIRPM,E,1,2133,,A*55
2026-06-18T15:17:30.000Z $GPRMC,151730.00,A,5227.7894,N,00434.1432,E,4.6,119.6,180626,,,A*5E
2026-06-18T15:17:30.000Z $GPGGA,151730.00,5227.7894,N,00434.1432,E,1,8,0.9,0.0,M,0.0,M,,*6B
2026-06-18T15:17:30.000Z $IIHDG,119.3,,,,*43
2026-06-18T15:17:30.000Z $IIMWV,106.4,T,6.7,N,A*39
2026-06-18T15:17:30.000Z $IIDBT,35.0,f,10.7,M,5.8,F*1C
2026-06-18T15:17:30.000Z $IIRPM,E,1,2146,,A*57
2026-06-18T15:17:30.000Z $GPVTG,119.6,T,,M,4.6,N,8.5,K,A*0D
2026-06-18T15:17:30.000Z !AIVDM,1,1,,A,B3b;QlPt?05<p4WPIKAD93P000000,0*0F
2026-06-18T15:17:40.000Z $GPRMC,151740.00,A,5227.7681,N,00434.1768,E,4.6,120.5,180626,,,A*56
2026-06-18T15:17:40.000Z $IIHDG,121.9,,,,*42
2026-06-18T15:17:40.000Z $IIMWV,109.8,T,8.0,N,A*33
2026-06-18T15:17:40.000Z $IIRPM,E,1,2213,,A*54
2026-06-18T15:17:50.000Z $GPRMC,151750.00,A,5227.7866,N,00434.1801,E,4.3,120.1,180626,,,A*51
2026-06-18T15:17:50.000Z $IIHDG,121.5,,,,*4E
2026-06-18T15:17:50.000Z $IIMWV,106.8,T,7.4,N,A*37
2026-06-18T15:17:50.000Z $IIRPM,E,1,2176,,A*54
2026-06-18T15:18:00.000Z $GPRMC,151800.00,A,5227.7617,N,00434.1746,E,4.6,120.1,180626,,,A*5A
2026-06-18T15:18:00.000Z $GPGGA,151800.00,5227.7617,N,00434.1746,E,1,10,0.9,0.0,M,0.0,M,,*5B
2026-06-18T15:18:00.000Z $IIHDG,120.7,,,,*4D
2026-06-18T15:18:00.000Z $IIMWV,107.9,T,8.2,N,A*3E
2026-06-18T15:18:00.000Z $IIDBT,37.3,f,11.4,M,6.2,F*16
2026-06-18T15:18:00.000Z $IIRPM,E,1,2272,,A*53
2026-06-18T15:18:00.000Z $IIXDR,V,14.08,V,BATT*6E
2026-06-18T15:18:00.000Z $GPVTG,120.1,T,,M,4.6,N,8.5,K,A*00
2026-06-18T15:18:00.000Z !AIVDM,1,1,,A,B3b;QlPt?05<qrWPIReD93P000000,0*75
2026-06-18T15:18:10.000Z $GPRMC,151810.00,A,5227.7615,N,00434.2158,E,4.1,118.7,180626,,,A*59
2026-06-18T15:18:10.000Z $IIHDG,118.1,,,,*40
2026-06-18T15:18:10.000Z $IIMWV,107.3,T,8.2,N,A*34
2026-06-18T15:18:10.000Z $IIRPM,E,1,2244,,A*56
2026-06-18T15:18:20.000Z $GPRMC,151820.00,A,5227.7592,N,00434.2221,E,4.5,118.5,180626,,,A*5D
2026-06-18T15:18:20.000Z $IIHDG,121.8,,,,*43
2026-06-18T15:18:20.000Z $IIMWV,113.2,T,6.6,N,A*3A
2026-06-18T15:18:20.000Z $IIRPM,E,1,2297,,A*58
2026-06-18T15:18:30.000Z $GPRMC,151830.00,A,5227.7668,N,00434.2562,E,4.3,121.1,180626,,,A*52
2026-06-18T15:18:30.000Z $GPGGA,151830.00,5227.7668,N,00434.2562,E,1,11,0.9,0.0,M,0.0,M,,*56
2026-06-18T15:18:30.000Z $IIHDG,118.4,,,,*45
2026-06-18T15:18:30.000Z $IIMWV,108.5,T,6.8,N,A*39
2026-06-18T15:18:30.000Z $IIDBT,35.3,f,10.8,M,5.9,F*11
2026-06-18T15:18:30.000Z $IIRPM,E,1,2265,,A*55
2026-06-18T15:18:30.000Z $GPVTG,121.1,T,,M,4.3,N,8.0,K,A*01
2026-06-18T15:18:30.000Z !AIVDM,1,1,,A,B3b;QlPt?05<qlWPIjeD93P000000,0*53
2026-06-18T15:18:40.000Z $GPRMC,151840.00,A,5227.7651,N,00434.2300,E,4.3,118.7,180626,,,A*51
2026-06-18T15:18:40.000Z $IIHDG,119.0,,,,*40
2026-06-18T15:18:40.000Z $IIMWV,111.2,T,7.7,N,A*38
2026-06-18T15:18:40.000Z $IIRPM,E,1,2112,,A*56
2026-06-18T15:18:50.000Z $GPRMC,151850.00,A,5227.7428,N,00434.2474,E,4.6,121.0,180626,,,A*50
2026-06-18T15:18:50.000Z $IIHDG,120.9,,,,*43
2026-06-18T15:18:50.000Z $IIMWV,111.4,T,9.2,N,A*35
2026-06-18T15:18:50.000Z $IIRPM,E,1,2112,,A*56
2026-06-18T15:19:00.000Z $GPRMC,151900.00,A,5227.7513,N,00434.2462,E,4.1,120.7,180626,,,A*5B
2026-06-18T15:19:00.000Z $GPGGA,151900.00,5227.7513,N,00434.2462,E,1,11,0.9,0.0,M,0.0,M,,*5A
2026-06-18T15:19:00.000Z $IIHDG,120.8,,,,*42
2026-06-18T15:19:00.000Z $IIMWV,110.4,T,8.9,N,A*3E
2026-06-18T15:19:00.000Z $IIDBT,39.2,f,12.0,M,6.5,F*19
2026-06-18T15:19:00.000Z $IIRPM,E,1,2233,,A*56
2026-06-18T15:19:00.000Z $IIXDR,V,14.00,V,BATT*66
2026-06-18T15:19:00.000Z $GPVTG,120.7,T,,M,4.1,N,7.6,K,A*0D
2026-06-18T15:19:00.000Z !AIVDM,1,1,,A,B3b;QlPt?05<t`7PISiD93P000000,0*0F
2026-06-18T15:19:10.000Z $GPRMC,151910.00,A,5227.7619,N,00434.2698,E,4.6,120.4,180626,,,A*50
2026-06-18T15:19:10.000Z $IIHDG,119.7,,,,*47
2026-06-18T15:19:10.000Z $IIMWV,114.1,T,8.3,N,A*35
2026-06-18T15:19:10.000Z $IIRPM,E,1,2110,,A*54
2026-06-18T15:19:20.000Z $GPRMC,151920.00,A,5227.7363,N,00434.2747,E,3.9,121.4,180626,,,A*51
2026-06-18T15:19:20.000Z $IIHDG,121.9,,,,*42
2026-06-18T15:19:20.000Z $IIMWV,107.9,T,6.5,N,A*37
2026-06-18T15:19:20.000Z $IIRPM,E,1,2280,,A*5E
2026-06-18T15:19:30.000Z $GPRMC,151930.00,A,5227.7488,N,00434.3149,E,4.5,120.2,180626,,,A*57
2026-06-18T15:19:30.000Z $GPGGA,151930.00,5227.7488,N,00434.3149,E,1,9,0.9,0.0,M,0.0,M,,*6E
2026-06-18T15:19:30.000Z $IIHDG,121.4,,,,*4F
2026-06-18T15:19:30.000Z $IIMWV,110.7,T,6.7,N,A*3D
2026-06-18T15:19:30.000Z $IIDBT,34.9,f,10.6,M,5.8,F*15
2026-06-18T15:19:30.000Z $IIRPM,E,1,2114,,A*50
2026-06-18T15:19:30.000Z $GPVTG,120.2,T,,M,4.5,N,8.3,K,A*06
2026-06-18T15:19:30.000Z !AIVDM,1,1,,A,B3b;QlPt?05<qT7PJ@MD93P000000,0*0A
2026-06-18T15:19:40.000Z $GPRMC,151940.00,A,5227.7548,N,00434.2892,E,4.0,119.8,180626,,,A*56
2026-06-18T15:19:40.000Z $IIHDG,119.7,,,,*47
2026-06-18T15:19:40.000Z $IIMWV,108.7,T,8.8,N,A*35
2026-06-18T15:19:40.000Z $IIRPM,E,1,2196,,A*5A
2026-06-18T15:19:50.000Z $GPRMC,151950.00,A,5227.7543,N,00434.3210,E,4.0,118.7,180626,,,A*53
2026-06-18T15:19:50.000Z $IIHDG,120.1,,,,*4B
2026-06-18T15:19:50.000Z $IIMWV,107.0,T,9.0,N,A*34
2026-06-18T15:19:50.000Z $IIRPM,E,1,2249,,A*5B
2026-06-18T15:20:00.000Z $GPRMC,152000.00,A,5227.7610,N,00434.3540,E,4.0,119.0,180626,,,A*5D
2026-06-18T15:20:00.000Z $GPGGA,152000.00,5227.7610,N,00434.3540,E,1,11,0.9,0.0,M,0.0,M,,*50
2026-06-18T15:20:00.000Z $IIHDG,121.6,,,,*4D
2026-06-18T15:20:00.000Z $IIMWV,113.9,T,7.7,N,A*31
2026-06-18T15:20:00.000Z $IIDBT,32.4,f,9.9,M,5.4,F*25
2026-06-18T15:20:00.000Z $IIRPM,E,1,2119,,A*5D
2026-06-18T15:20:00.000Z $IIXDR,V,13.97,V,BATT*6F
2026-06-18T15:20:00.000Z $IIMTA,18.1,C*0D
2026-06-18T15:20:00.000Z $GPVTG,119.0,T,,M,4.0,N,7.5,K,A*02
2026-06-18T15:20:00.000Z !AIVDM,1,1,,A,B3b;QlPt?05<p:7PIpmD93P000000,0*76
2026-06-18T15:20:10.000Z $GPRMC,152010.00,A,5227.7252,N,00434.3715,E,4.2,118.5,180626,,,A*5A
2026-06-18T15:20:10.000Z $IIHDG,119.0,,,,*40
2026-06-18T15:20:10.000Z $IIMWV,114.9,T,9.0,N,A*3F
2026-06-18T15:20:10.000Z $IIRPM,E,1,2210,,A*57
2026-06-18T15:20:20.000Z $GPRMC,152020.00,A,5227.7364,N,00434.3657,E,4.5,120.3,180626,,,A*50
2026-06-18T15:20:20.000Z $IIHDG,117.8,,,,*46
2026-06-18T15:20:20.000Z $IIMWV,114.2,T,9.2,N,A*36
2026-06-18T15:20:20.000Z $IIRPM,E,1,2166,,A*55
2026-06-18T15:20:30.000Z $GPRMC,152030.00,A,5227.7097,N,00434.3852,E,4.0,119.5,180626,,,A*5C
2026-06-18T15:20:30.000Z $GPGGA,152030.00,5227.7097,N,00434.3852,E,1,11,0.9,0.0,M,0.0,M,,*54
2026-06-18T15:20:30.000Z $IIHDG,120.1,,,,*4B
2026-06-18T15:20:30.000Z $IIMWV,109.9,T,7.1,N,A*3C
2026-06-18T15:20:30.000Z $IIDBT,40.1,f,12.2,M,6.7,F*14
2026-06-18T15:20:30.000Z $IIRPM,E,1,2160,,A*53
2026-06-18T15:20:30.000Z $GPVTG,119.5,T,,M,4.0,N,7.4,K,A*06
2026-06-18T15:20:30.000Z !AIVDM,1,1,,A,B3b;QlPt?05<s8WPIR=D93P000000,0*65
2026-06-18T15:20:40.000Z $GPRMC,152040.00,A,5227.7244,N,00434.3865,E,4.0,119.8,180626,,,A*5E
2026-06-18T15:20:40.000Z $IIHDG,119.7,,,,*47
2026-06-18T15:20:40.000Z $IIMWV,109.8,T,7.4,N,A*38
2026-06-18T15:20:40.000Z $IIRPM,E,1,2279,,A*58
2026-06-18T15:20:50.000Z $GPRMC,152050.00,A,5227.6997,N,00434.3583,E,4.1,119.3,180626,,,A*54
2026-06-18T15:20:50.000Z $IIHDG,120.4,,,,*4E
2026-06-18T15:20:50.000Z $IIMWV,106.8,T,9.0,N,A*3D
2026-06-18T15:20:50.000Z $IIRPM,E,1,2188,,A*55
2026-06-18T15:21:00.000Z $GPRMC,152100.00,A,5227.6807,N,00434.3749,E,4.1,120.9,180626,,,A*5C
2026-06-18T15:21:00.000Z $GPGGA,152100.00,5227.6807,N,00434.3749,E,1,8,0.9,0.0,M,0.0,M,,*6B
2026-06-18T15:21:00.000Z $IIHDG,121.5,,,,*4E
2026-06-18T15:21:00.000Z $IIMWV,112.3,T,9.4,N,A*37
2026-06-18T15:21:00.000Z $IIDBT,36.6,f,11.2,M,6.1,F*17
2026-06-18T15:21:00.000Z $IIRPM,E,1,2255,,A*56
2026-06-18T15:21:00.000Z $IIXDR,V,13.86,V,BATT*6F
2026-06-18T15:21:00.000Z $GPVTG,120.9,T,,M,4.1,N,7.6,K,A*03
2026-06-18T15:21:00.000Z !AIVDM,1,1,,A,B3b;QlPt?05<r7WPHqiD93P000000,0*1D
2026-06-18T15:21:10.000Z $GPRMC,152110.00,A,5227.7037,N,00434.3809,E,4.6,120.6,180626,,,A*54
2026-06-18T15:21:10.000Z $IIHDG,122.0,,,,*48
2026-06-18T15:21:10.000Z $IIMWV,105.0,T,7.7,N,A*3F
2026-06-18T15:21:10.000Z $IIRPM,E,1,2114,,A*50
2026-06-18T15:21:20.000Z $GPRMC,152120.00,A,5227.7022,N,00434.3958,E,4.1,120.8,180626,,,A*5F
2026-06-18T15:21:20.000Z $IIHDG,119.6,,,,*46
2026-06-18T15:21:20.000Z $IIMWV,111.5,T,7.1,N,A*39
2026-06-18T15:21:20.000Z $IIRPM,E,1,2218,,A*5F
2026-06-18T15:21:30.000Z $GPRMC,152130.00,A,5227.6910,N,00434.4281,E,4.5,119.2,180626,,,A*5B
2026-06-18T15:21:30.000Z $GPGGA,152130.00,5227.6910,N,00434.4281,E,1,11,0.9,0.0,M,0.0,M,,*51
2026-06-18T15:21:30.000Z $IIHDG,119.4,,,,*44
2026-06-18T15:21:30.000Z $IIMWV,113.9,T,6.7,N,A*30
2026-06-18T15:21:30.000Z $IIDBT,34.2,f,10.4,M,5.7,F*13
2026-06-18T15:21:30.000Z $IIRPM,E,1,2263,,A*53
2026-06-18T15:21:30.000Z $GPVTG,119.2,T,,M,4.5,N,8.3,K,A*0C
2026-06-18T15:21:30.000Z !AIVDM,1,1,,A,B3b;QlPt?05<s`7PI7QD93P000000,0*54
2026-06-18T15:21:40.000Z $GPRMC,152140.00,A,5227.7005,N,00434.4713,E,4.2,119.5,180626,,,A*5E
2026-06-18T15:21:40.000Z $IIHDG,118.6,,,,*47
2026-06-18T15:21:40.000Z $IIMWV,112.6,T,9.0,N,A*36
2026-06-18T15:21:40.000Z $IIRPM,E,1,2185,,A*58
2026-06-18T15:21:50.000Z $GPRMC,152150.00,A,5227.7140,N,00434.4491,E,4.3,120.1,180626,,,A*59
2026-06-18T15:21:50.000Z $IIHDG,118.2,,,,*43
2026-06-18T15:21:50.000Z $IIMWV,108.2,T,8.5,N,A*3D
2026-06-18T15:21:50.000Z $IIRPM,E,1,2118,,A*5C
2026-06-18T15:22:00.000Z $GPRMC,152200.00,A,5227.7128,N,00434.4951,E,4.0,121.1,180626,,,A*52
2026-06-18T15:22:00.000Z $GPGGA,152200.00,5227.7128,N,00434.4951,E,1,9,0.9,0.0,M,0.0,M,,*6C
2026-06-18T15:22:00.000Z $IIHDG,118.0,,,,*41
2026-06-18T15:22:00.000Z $IIMWV,105.8,T,8.6,N,A*39
2026-06-18T15:22:00.000Z $IIDBT,41.0,f,12.5,M,6.8,F*1C
2026-06-18T15:22:00.000Z $IIRPM,E,1,2215,,A*52
2026-06-18T15:22:00.000Z $IIXDR,V,13.91,V,BATT*69
2026-06-18T15:22:00.000Z $GPVTG,121.1,T,,M,4.0,N,7.5,K,A*08
2026-06-18T15:22:00.000Z !AIVDM,1,1,,A,B3b;QlPt?05=3vWPIWQD93P000000,0*03
2026-06-18T15:22:10.000Z $GPRMC,152210.00,A,5227.7088,N,00434.4664,E,4.6,119.2,180626,,,A*5F
2026-06-18T15:22:10.000Z $IIHDG,119.9,,,,*49
2026-06-18T15:22:10.000Z $IIMWV,110.1,T,8.9,N,A*3B
2026-06-18T15:22:10.000Z $IIRPM,E,1,2229,,A*5D
2026-06-18T15:22:20.000Z $GPRMC,152220.00,A,5227.6961,N,00434.4689,E,4.1,120.4,180626,,,A*5B
2026-06-18T15:22:20.000Z $IIHDG,118.0,,,,*41
2026-06-18T15:22:20.000Z $IIMWV,113.6,T,6.7,N,A*3F
2026-06-18T15:22:20.000Z $IIRPM,E,1,2170,,A*52
2026-06-18T15:22:30.000Z $GPRMC,152230.00,A,5227.6976,N,00434.4967,E,4.6,120.0,180626,,,A*50
2026-06-18T15:22:30.000Z $GPGGA,152230.00,5227.6976,N,00434.4967,E,1,8,0.9,0.0,M,0.0,M,,*69
2026-06-18T15:22:30.000Z $IIHDG,119.3,,,,*43
2026-06-18T15:22:30.000Z $IIMWV,114.1,T,9.1,N,A*36
2026-06-18T15:22:30.000Z $IIDBT,34.1,f,10.4,M,5.7,F*10
2026-06-18T15:22:30.000Z $IIRPM,E,1,2200,,A*56
2026-06-18T15:22:30.000Z $GPVTG,120.0,T,,M,4.6,N,8.5,K,A*01
2026-06-18T15:22:30.000Z !AIVDM,1,1,,A,B3b;QlPt?05<v8WPHoMD93P000000,0*2C
2026-06-18T15:22:40.000Z $GPRMC,152240.00,A,5227.6567,N,00434.5354,E,4.4,119.2,180626,,,A*5A
2026-06-18T15:22:40.000Z $IIHDG,119.9,,,,*49
2026-06-18T15:22:40.000Z $IIMWV,107.4,T,8.1,N,A*30
2026-06-18T15:22:40.000Z $IIRPM,E,1,2181,,A*5C
2026-06-18T15:22:50.000Z $GPRMC,152250.00,A,5227.6512,N,00434.5492,E,4.4,118.7,180626,,,A*50
2026-06-18T15:22:50.000Z $IIHDG,117.8,,,,*46
2026-06-18T15:22:50.000Z $IIMWV,105.2,T,6.6,N,A*3D
2026-06-18T15:22:50.000Z $IIRPM,E,1,2138,,A*5E
2026-06-18T15:23:00.000Z $GPRMC,152300.00,A,5227.6533,N,00434.5482,E,4.0,120.3,180626,,,A*5D
2026-06-18T15:23:00.000Z $GPGGA,152300.00,5227.6533,N,00434.5482,E,1,8,0.9,0.0,M,0.0,M,,*61
2026-06-18T15:23:00.000Z $IIHDG,118.2,,,,*43
2026-06-18T15:23:00.000Z $IIMWV,105.5,T,8.6,N,A*34
2026-06-18T15:23:00.000Z $IIDBT,38.6,f,11.8,M,6.4,F*16
2026-06-18T15:23:00.000Z $IIRPM,E,1,2204,,A*52
2026-06-18T15:23:00.000Z $IIXDR,V,13.88,V,BATT*61
2026-06-18T15:23:00.000Z $GPVTG,120.3,T,,M,4.0,N,7.3,K,A*0D
2026-06-18T15:23:00.000Z !AIVDM,1,1,,A,B3b;QlPt?05=5m7PI=mD93P000000,0*28
2026-06-18T15:23:10.000Z $GPRMC,152310.00,A,5227.6353,N,00434.5407,E,4.2,121.0,180626,,,A*51
2026-06-18T15:23:10.000Z $IIHDG,118.7,,,,*46
2026-06-18T15:23:10.000Z $IIMWV,106.1,T,8.0,N,A*35
2026-06-18T15:23:10.000Z $IIRPM,E,1,2145,,A*54
2026-06-18T15:23:20.000Z $GPRMC,152320.00,A,5227.6519,N,00434.5615,E,4.3,119.8,180626,,,A*59
2026-06-18T15:23:20.000Z $IIHDG,122.5,,,,*4D
2026-06-18T15:23:20.000Z $IIMWV,108.3,T,7.1,N,A*37
2026-06-18T15:23:20.000Z $IIRPM,E,1,2229,,A*5D
2026-06-18T15:23:30.000Z $GPRMC,152330.00,A,5227.6206,N,00434.5686,E,4.2,121.2,180626,,,A*5B
2026-06-18T15:23:30.000Z $GPGGA,152330.00,5227.6206,N,00434.5686,E,1,9,0.9,0.0,M,0.0,M,,*64
2026-06-18T15:23:30.000Z $IIHDG,121.5,,,,*4E
2026-06-18T15:23:30.000Z $IIMWV,107.1,T,8.2,N,A*36
2026-06-18T15:23:30.000Z $IIDBT,37.0,f,11.3,M,6.2,F*12
2026-06-18T15:23:30.000Z $IIRPM,E,1,2212,,A*55
2026-06-18T15:23:30.000Z $GPVTG,121.2,T,,M,4.2,N,7.8,K,A*04
2026-06-18T15:23:30.000Z !AIVDM,1,1,,A,B3b;QlPt?05=6=7PHpqD93P000000,0*2B
2026-06-18T15:23:40.000Z $GPRMC,152340.00,A,5227.6197,N,00434.5706,E,4.4,120.0,180626,,,A*5B
2026-06-18T15:23:40.000Z $IIHDG,120.6,,,,*4C
2026-06-18T15:23:40.000Z $IIMWV,112.5,T,8.3,N,A*37
2026-06-18T15:23:40.000Z $IIRPM,E,1,2226,,A*52
2026-06-18T15:23:50.000Z $GPRMC,152350.00,A,5227.6505,N,00434.5944,E,4.4,120.5,180626,,,A*58
2026-06-18T15:23:50.000Z $IIHDG,122.4,,,,*4C
2026-06-18T15:23:50.000Z $IIMWV,109.1,T,6.9,N,A*3D
2026-06-18T15:23:50.000Z $IIRPM,E,1,2186,,A*5B
2026-06-18T15:24:00.000Z $GPRMC,152400.00,A,5227.6683,N,00434.6092,E,4.5,121.3,180626,,,A*50
2026-06-18T15:24:00.000Z $GPGGA,152400.00,5227.6683,N,00434.6092,E,1,9,0.9,0.0,M,0.0,M,,*69
2026-06-18T15:24:00.000Z $IIHDG,117.6,,,,*48
2026-06-18T15:24:00.000Z $IIMWV,112.6,T,6.8,N,A*31
2026-06-18T15:24:00.000Z $IIDBT,38.9,f,11.9,M,6.5,F*19
2026-06-18T15:24:00.000Z $IIRPM,E,1,2143,,A*52
2026-06-18T15:24:00.000Z $IIXDR,V,14.06,V,BATT*60
2026-06-18T15:24:00.000Z $GPVTG,121.3,T,,M,4.5,N,8.3,K,A*06
2026-06-18T15:24:00.000Z !AIVDM,1,1,,A,B3b;QlPt?05=1KWPHk1D93P000000,0*61
2026-06-18T15:24:10.000Z $GPRMC,152410.00,A,5227.6625,N,00434.6100,E,4.1,119.8,180626,,,A*53
2026-06-18T15:24:10.000Z $IIHDG,119.7,,,,*47
2026-06-18T15:24:10.000Z $IIMWV,109.7,T,7.0,N,A*33
2026-06-18T15:24:10.000Z $IIRPM,E,1,2252,,A*51
2026-06-18T15:24:20.000Z $GPRMC,152420.00,A,5227.6441,N,00434.6167,E,4.6,120.1,180626,,,A*55
2026-06-18T15:24:20.000Z $IIHDG,122.3,,,,*4B
2026-06-18T15:24:20.000Z $IIMWV,114.7,T,7.4,N,A*3B
2026-06-18T15:24:20.000Z $IIRPM,E,1,2127,,A*50
2026-06-18T15:24:30.000Z $GPRMC,152430.00,A,5227.6063,N,00434.6346,E,4.6,119.5,180626,,,A*5F
2026-06-18T15:24:30.000Z $GPGGA,152430.00,5227.6063,N,00434.6346,E,1,12,0.9,0.0,M,0.0,M,,*52
2026-06-18T15:24:30.000Z $IIHDG,122.4,,,,*4C
2026-06-18T15:24:30.000Z $IIMWV,113.2,T,8.0,N,A*32
2026-06-18T15:24:30.000Z $IIDBT,35.4,f,10.8,M,5.9,F*16
2026-06-18T15:24:30.000Z $IIRPM,E,1,2267,,A*57
2026-06-18T15:24:30.000Z $GPVTG,119.5,T,,M,4.6,N,8.6,K,A*0D
2026-06-18T15:24:30.000Z !AIVDM,1,1,,A,B3b;QlPt?05=4u7PHPiD93P000000,0*59
2026-06-18T15:24:40.000Z $GPRMC,152440.00,A,5227.5993,N,00434.6200,E,4.4,120.2,180626,,,A*51
2026-06-18T15:24:40.000Z $IIHDG,119.3,,,,*43
2026-06-18T15:24:40.000Z $IIMWV,110.0,T,8.2,N,A*31
2026-06-18T15:24:40.000Z $IIRPM,E,1,2155,,A*55
2026-06-18T15:24:50.000Z $GPRMC,152450.00,A,5227.6279,N,00434.6328,E,4.2,120.0,180626,,,A*53
2026-06-18T15:24:50.000Z $IIHDG,119.9,,,,*49
2026-06-18T15:24:50.000Z $IIMWV,114.8,T,8.0,N,A*3F
2026-06-18T15:24:50.000Z $IIRPM,E,1,2118,,A*5C
2026-06-18T15:25:00.000Z $GPRMC,152500.00,A,5227.6223,N,00434.6821,E,4.3,119.1,180626,,,A*50
2026-06-18T15:25:00.000Z $GPGGA,152500.00,5227.6223,N,00434.6821,E,1,9,0.9,0.0,M,0.0,M,,*66
2026-06-18T15:25:00.000Z $IIHDG,119.8,,,,*48
2026-06-18T15:25:00.000Z $IIMWV,107.8,T,8.7,N,A*3A
2026-06-18T15:25:00.000Z $IIDBT,36.1,f,11.0,M,6.0,F*13
2026-06-18T15:25:00.000Z $IIRPM,E,1,2159,,A*59
2026-06-18T15:25:00.000Z $IIXDR,V,14.09,V,BATT*6F
2026-06-18T15:25:00.000Z $IIMTA,17.5,C*06
2026-06-18T15:25:00.000Z $GPVTG,119.1,T,,M,4.3,N,8.0,K,A*0A
2026-06-18T15:25:00.000Z !AIVDM,1,1,,A,B3b;QlPt?05=9qWPHiAD93P000000,0*21
2026-06-18T15:25:10.000Z $GPRMC,152510.00,A,5227.6377,N,00434.6886,E,4.4,120.5,180626,,,A*55
2026-06-18T15:25:10.000Z $IIHDG,120.9,,,,*43
2026-06-18T15:25:10.000Z $IIMWV,113.2,T,8.6,N,A*34
2026-06-18T15:25:10.000Z $IIRPM,E,1,2269,,A*59
2026-06-18T15:25:20.000Z $GPRMC,152520.00,A,5227.5973,N,00434.6597,E,4.0,120.3,180626,,,A*54
2026-06-18T15:25:20.000Z $IIHDG,122.4,,,,*4C
2026-06-18T15:25:20.000Z $IIMWV,112.7,T,7.4,N,A*3D
2026-06-18T15:25:20.000Z $IIRPM,E,1,2221,,A*55
2026-06-18T15:25:30.000Z $GPRMC,152530.00,A,5227.5952,N,00434.7182,E,4.6,120.0,180626,,,A*52
2026-06-18T15:25:30.000Z $GPGGA,152530.00,5227.5952,N,00434.7182,E,1,8,0.9,0.0,M,0.0,M,,*6B
2026-06-18T15:25:30.000Z $IIHDG,117.5,,,,*4B
2026-06-18T15:25:30.000Z $IIMWV,113.8,T,8.4,N,A*3C
2026-06-18T15:25:30.000Z $IIDBT,36.8,f,11.2,M,6.1,F*19
2026-06-18T15:25:30.000Z $IIRPM,E,1,2234,,A*51
2026-06-18T15:25:30.000Z $GPVTG,120.0,T,,M,4.6,N,8.6,K,A*02
2026-06-18T15:25:30.000Z !AIVDM,1,1,,A,B3b;QlPt?05=3o7PHhMD93P000000,0*58
2026-06-18T15:25:40.000Z $GPRMC,152540.00,A,5227.6248,N,00434.7356,E,4.4,120.9,180626,,,A*56
2026-06-18T15:25:40.000Z $IIHDG,119.7,,,,*47
2026-06-18T15:25:40.000Z $IIMWV,111.6,T,8.7,N,A*33
2026-06-18T15:25:40.000Z $IIRPM,E,1,2139,,A*5F
2026-06-18T15:25:50.000Z $GPRMC,152550.00,A,5227.5729,N,00434.7163,E,3.9,120.5,180626,,,A*54
2026-06-18T15:25:50.000Z $IIHDG,122.3,,,,*4B
2026-06-18T15:25:50.000Z $IIMWV,112.7,T,8.5,N,A*33
2026-06-18T15:25:50.000Z $IIRPM,E,1,2299,,A*56
2026-06-18T15:26:00.000Z $GPRMC,152600.00,A,5227.5798,N,00434.7448,E,4.1,121.3,180626,,,A*5C
2026-06-18T15:26:00.000Z $GPGGA,152600.00,5227.5798,N,00434.7448,E,1,11,0.9,0.0,M,0.0,M,,*58
2026-06-18T15:26:00.000Z $IIHDG,119.1,,,,*41
2026-06-18T15:26:00.000Z $IIMWV,106.3,T,8.1,N,A*36
2026-06-18T15:26:00.000Z $IIDBT,35.9,f,10.9,M,6.0,F*10
2026-06-18T15:26:00.000Z $IIRPM,E,1,2206,,A*50
2026-06-18T15:26:00.000Z $IIXDR,V,13.81,V,BATT*68
2026-06-18T15:26:00.000Z $GPVTG,121.3,T,,M,4.1,N,7.6,K,A*08
2026-06-18T15:26:00.000Z !AIVDM,1,1,,A,B3b;QlPt?05=;TWPHgID93P000000,0*00
2026-06-18T15:26:10.000Z $GPRMC,152610.00,A,5227.5786,N,00434.7453,E,4.3,121.0,180626,,,A*59
2026-06-18T15:26:10.000Z $IIHDG,120.2,,,,*48
2026-06-18T15:26:10.000Z $IIMWV,108.1,T,7.6,N,A*32
2026-06-18T15:26:10.000Z $IIRPM,E,1,2193,,A*5F
2026-06-18T15:26:20.000Z $GPRMC,152620.00,A,5227.5988,N,00434.7245,E,4.1,120.5,180626,,,A*5D
2026-06-18T15:26:20.000Z $IIHDG,122.3,,,,*4B
2026-06-18T15:26:20.000Z $IIMWV,111.9,T,7.8,N,A*3C
2026-06-18T15:26:20.000Z $IIRPM,E,1,2134,,A*52
2026-06-18T15:26:30.000Z $GPRMC,152630.00,A,5227.6005,N,00434.7639,E,3.9,120.4,180626,,,A*52
2026-06-18T15:26:30.000Z $GPGGA,152630.00,5227.6005,N,00434.7639,E,1,10,0.9,0.0,M,0.0,M,,*5E
2026-06-18T15:26:30.000Z $IIHDG,120.2,,,,*48
2026-06-18T15:26:30.000Z $IIMWV,106.5,T,9.0,N,A*30
2026-06-18T15:26:30.000Z $IIDBT,40.6,f,12.4,M,6.8,F*1A
2026-06-18T15:26:30.000Z $IIRPM,E,1,2102,,A*57
2026-06-18T15:26:30.000Z $GPVTG,120.4,T,,M,3.9,N,7.3,K,A*04
2026-06-18T15:26:30.000Z !AIVDM,1,1,,A,B3b;QlPt?05=8RWPHn=D93P000000,0*78
2026-06-18T15:26:40.000Z $GPRMC,152640.00,A,5227.5646,N,00434.7774,E,4.4,120.5,180626,,,A*54
2026-06-18T15:26:40.000Z $IIHDG,121.0,,,,*4B
2026-06-18T15:26:40.000Z $IIMWV,109.1,T,7.6,N,A*33
2026-06-18T15:26:40.000Z $IIRPM,E,1,2272,,A*53
2026-06-18T15:26:50.000Z $GPRMC,152650.00,A,5227.5469,N,00434.7635,E,4.4,119.0,180626,,,A*51
2026-06-18T15:26:50.000Z $IIHDG,118.4,,,,*45
2026-06-18T15:26:50.000Z $IIMWV,107.1,T,9.0,N,A*35
2026-06-18T15:26:50.000Z $IIRPM,E,1,2197,,A*5B
2026-06-18T15:27:00.000Z $GPRMC,152700.00,A,5227.5939,N,00434.8041,E,4.5,120.6,180626,,,A*5A
2026-06-18T15:27:00.000Z $GPGGA,152700.00,5227.5939,N,00434.8041,E,1,10,0.9,0.0,M,0.0,M,,*5F
2026-06-18T15:27:00.000Z $IIHDG,121.2,,,,*49
2026-06-18T15:27:00.000Z $IIMWV,114.4,T,8.8,N,A*3B
2026-06-18T15:27:00.000Z $IIDBT,34.0,f,10.3,M,5.7,F*16
2026-06-18T15:27:00.000Z $IIRPM,E,1,2274,,A*55
2026-06-18T15:27:00.000Z $IIXDR,V,13.91,V,BATT*69
2026-06-18T15:27:00.000Z $GPVTG,120.6,T,,M,4.5,N,8.3,K,A*02
2026-06-18T15:27:00.000Z !AIVDM,1,1,,A,B3b;QlPt?05=7aWPHPMD93P000000,0*0A
2026-06-18T15:27:10.000Z $GPRMC,152710.00,A,5227.5706,N,00434.8242,E,4.1,120.5,180626,,,A*5F
2026-06-18T15:27:10.000Z $IIHDG,120.4,,,,*4E
2026-06-18T15:27:10.000Z $IIMWV,109.2,T,8.4,N,A*3D
2026-06-18T15:27:10.000Z $IIRPM,E,1,2120,,A*57
2026-06-18T15:27:20.000Z $GPRMC,152720.00,A,5227.5700,N,00434.8282,E,4.4,120.2,180626,,,A*54
2026-06-18T15:27:20.000Z $IIHDG,118.4,,,,*45
2026-06-18T15:27:20.000Z $IIMWV,113.7,T,7.4,N,A*3C
2026-06-18T15:27:20.000Z $IIRPM,E,1,2184,,A*59
2026-06-18T15:27:30.000Z $GPRMC,152730.00,A,5227.5784,N,00434.8328,E,4.0,120.4,180626,,,A*5A
2026-06-18T15:27:30.000Z $GPGGA,152730.00,5227.5784,N,00434.8328,E,1,11,0.9,0.0,M,0.0,M,,*59
2026-06-18T15:27:30.000Z $IIHDG,120.7,,,,*4D
2026-06-18T15:27:30.000Z $IIMWV,109.2,T,7.5,N,A*33
2026-06-18T15:27:30.000Z $IIDBT,36.5,f,11.1,M,6.1,F*17
2026-06-18T15:27:30.000Z $IIRPM,E,1,2118,,A*5C
2026-06-18T15:27:30.000Z $GPVTG,120.4,T,,M,4.0,N,7.4,K,A*0D
2026-06-18T15:27:30.000Z !AIVDM,1,1,,A,B3b;QlPt?05=<h7PGtqD93P000000,0*7F
2026-06-18T15:27:40.000Z $GPRMC,152740.00,A,5227.5280,N,00434.8275,E,4.2,120.3,180626,,,A*50
2026-06-18T15:27:40.000Z $IIHDG,117.6,,,,*48
2026-06-18T15:27:40.000Z $IIMWV,112.6,T,7.6,N,A*3E
2026-06-18T15:27:40.000Z $IIRPM,E,1,2155,,A*55
2026-06-18T15:27:50.000Z $GPRMC,152750.00,A,5227.5723,N,00434.8379,E,4.5,120.1,180626,,,A*55
2026-06-18T15:27:50.000Z $IIHDG,119.6,,,,*46
2026-06-18T15:27:50.000Z $IIMWV,114.4,T,8.6,N,A*35
2026-06-18T15:27:50.000Z $IIRPM,E,1,2187,,A*5A
2026-06-18T15:28:00.000Z $GPRMC,152800.00,A,5227.5247,N,00434.8604,E,4.1,120.0,180626,,,A*52
2026-06-18T15:28:00.000Z $GPGGA,152800.00,5227.5247,N,00434.8604,E,1,8,0.9,0.0,M,0.0,M,,*6C
2026-06-18T15:28:00.000Z $IIHDG,119.0,,,,*40
2026-06-18T15:28:00.000Z $IIMWV,106.1,T,9.4,N,A*30
2026-06-18T15:28:00.000Z $IIDBT,31.8,f,9.7,M,5.3,F*23
2026-06-18T15:28:00.000Z $IIRPM,E,1,2200,,A*56
2026-06-18T15:28:00.000Z $IIXDR,V,13.99,V,BATT*61
2026-06-18T15:28:00.000Z $GPVTG,120.0,T,,M,4.1,N,7.6,K,A*0A
2026-06-18T15:28:00.000Z !AIVDM,1,1,,A,B3b;QlPt?05=>AWPHsED93P000000,0*08
2026-06-18T15:28:10.000Z $GPRMC,152810.00,A,5227.5290,N,00434.8499,E,4.3,120.1,180626,,,A*5C
2026-06-18T15:28:10.000Z $IIHDG,119.8,,,,*48
2026-06-18T15:28:10.000Z $IIMWV,105.7,T,8.1,N,A*31
2026-06-18T15:28:10.000Z $IIRPM,E,1,2176,,A*54
2026-06-18T15:28:20.000Z $GPRMC,152820.00,A,5227.5591,N,00434.8827,E,4.4,119.2,180626,,,A*5E
2026-06-18T15:28:20.000Z $IIHDG,121.2,,,,*49
2026-06-18T15:28:20.000Z $IIMWV,112.1,T,8.8,N,A*38
2026-06-18T15:28:20.000Z $IIRPM,E,1,2164,,A*57
2026-06-18T15:28:30.000Z $GPRMC,152830.00,A,5227.5548,N,00434.9207,E,4.2,119.2,180626,,,A*54
2026-06-18T15:28:30.000Z $GPGGA,152830.00,5227.5548,N,00434.9207,E,1,9,0.9,0.0,M,0.0,M,,*60
2026-06-18T15:28:30.000Z $IIHDG,121.5,,,,*4E
2026-06-18T15:28:30.000Z $IIMWV,113.0,T,6.6,N,A*38
2026-06-18T15:28:30.000Z $IIDBT,36.4,f,11.1,M,6.1,F*16
2026-06-18T15:28:30.000Z $IIRPM,E,1,2131,,A*57
2026-06-18T15:28:30.000Z $GPVTG,119.2,T,,M,4.2,N,7.8,K,A*0F
2026-06-18T15:28:30.000Z !AIVDM,1,1,,A,B3b;QlPt?05=8TWPH>UD93P000000,0*46
2026-06-18T15:28:40.000Z $GPRMC,152840.00,A,5227.5103,N,00434.8800,E,4.2,121.2,180626,,,A*5F
2026-06-18T15:28:40.000Z $IIHDG,122.0,,,,*48
2026-06-18T15:28:40.000Z $IIMWV,114.4,T,8.3,N,A*30
2026-06-18T15:28:40.000Z $IIRPM,E,1,2258,,A*5B
2026-06-18T15:28:50.000Z $GPRMC,152850.00,A,5227.5450,N,00434.8907,E,4.4,118.5,180626,,,A*50
2026-06-18T15:28:50.000Z $IIHDG,120.7,,,,*4D
2026-06-18T15:28:50.000Z $IIMWV,105.3,T,7.1,N,A*3A
2026-06-18T15:28:50.000Z $IIRPM,E,1,2222,,A*56
2026-06-18T15:29:00.000Z $GPRMC,152900.00,A,5227.4945,N,00434.9402,E,3.9,118.8,180626,,,A*52
2026-06-18T15:29:00.000Z $GPGGA,152900.00,5227.4945,N,00434.9402,E,1,12,0.9,0.0,M,0.0,M,,*5B
2026-06-18T15:29:00.000Z $IIHDG,121.0,,,,*4B
2026-06-18T15:29:00.000Z $IIMWV,106.3,T,8.5,N,A*32
2026-06-18T15:29:00.000Z $IIDBT,39.6,f,12.1,M,6.6,F*1F
2026-06-18T15:29:00.000Z $IIRPM,E,1,2140,,A*51
2026-06-18T15:29:00.000Z $IIXDR,V,14.10,V,BATT*67
2026-06-18T15:29:00.000Z $GPVTG,118.8,T,,M,3.9,N,7.2,K,A*02
2026-06-18T15:29:00.000Z !AIVDM,1,1,,A,B3b;QlPt?05=?q7PHAeD93P000000,0*4B
2026-06-18T15:29:10.000Z $GPRMC,152910.00,A,5227.5139,N,00434.9549,E,4.0,120.4,180626,,,A*56
2026-06-18T15:29:10.000Z $IIHDG,117.6,,,,*48
2026-06-18T15:29:10.000Z $IIMWV,114.9,T,9.2,N,A*3D
2026-06-18T15:29:10.000Z $IIRPM,E,1,2292,,A*5D
2026-06-18T15:29:20.000Z $GPRMC,152920.00,A,5227.5220,N,00434.9732,E,4.1,121.1,180626,,,A*55
2026-06-18T15:29:20.000Z $IIHDG,118.0,,,,*41
2026-06-18T15:29:20.000Z $IIMWV,109.9,T,8.4,N,A*36
2026-06-18T15:29:20.000Z $IIRPM,E,1,2144,,A*55
2026-06-18T15:29:30.000Z $GPRMC,152930.00,A,5227.4891,N,00434.9807,E,4.0,120.3,180626,,,A*5E
2026-06-18T15:29:30.000Z $GPGGA,152930.00,5227.4891,N,00434.9807,E,1,8,0.9,0.0,M,0.0,M,,*62
2026-06-18T15:29:30.000Z $IIHDG,121.5,,,,*4E
2026-06-18T15:29:30.000Z $IIMWV,107.6,T,8.7,N,A*34
2026-06-18T15:29:30.000Z $IIDBT,40.1,f,12.2,M,6.7,F*14
2026-06-18T15:29:30.000Z $IIRPM,E,1,2288,,A*56
2026-06-18T15:29:30.000Z $GPVTG,120.3,T,,M,4.0,N,7.3,K,A*0D
2026-06-18T15:29:30.000Z !AIVDM,1,1,,A,B3b;QlPt?05=;1WPGk9D93P000000,0*16
2026-06-18T15:29:40.000Z $GPRMC,152940.00,A,5227.5236,N,00434.9880,E,4.4,121.3,180626,,,A*55
2026-06-18T15:29:40.000Z $IIHDG,121.8,,,,*43
2026-06-18T15:29:40.000Z $IIMWV,108.4,T,7.7,N,A*36
2026-06-18T15:29:40.000Z $IIRPM,E,1,2211,,A*56
2026-06-18T15:29:50.000Z $GPRMC,152950.00,A,5227.5047,N,00434.9725,E,4.4,120.4,180626,,,A*56
2026-06-18T15:29:50.000Z $IIHDG,119.4,,,,*44
2026-06-18T15:29:50.000Z $IIMWV,113.3,T,7.9,N,A*35
2026-06-18T15:29:50.000Z $IIRPM,E,1,2140,,A*51
2026-06-18T15:30:00.000Z $GPRMC,153000.00,A,5227.5128,N,00434.9964,E,4.5,118.6,180626,,,A*50
2026-06-18T15:30:00.000Z $GPGGA,153000.00,5227.5128,N,00434.9964,E,1,8,0.9,0.0,M,0.0,M,,*67
2026-06-18T15:30:00.000Z $IIHDG,117.8,,,,*46
2026-06-18T15:30:00.000Z $IIMWV,110.3,T,7.3,N,A*3C
2026-06-18T15:30:00.000Z $IIDBT,31.7,f,9.7,M,5.3,F*2C
2026-06-18T15:30:00.000Z $IIRPM,E,1,2130,,A*56
2026-06-18T15:30:00.000Z $IIXDR,V,13.93,V,BATT*6B
2026-06-18T15:30:00.000Z $IIMTA,18.1,C*0D
2026-06-18T15:30:00.000Z $GPVTG,118.6,T,,M,4.5,N,8.3,K,A*09
2026-06-18T15:30:00.000Z !AIVDM,1,1,,A,B3b;QlPt?05=Af7PHOiD93P000000,0*20
