2026-03-01T07:00:00.000Z !AIVDM,1,1,,B,15N2460P00J`tC4;9g`R4?vN0<02,0*5E
2026-03-01T07:00:00.000Z !AIVDO,1,1,,A,15RTd30000J`sV4;9a8H4?vP0000,0*7A
2026-03-01T07:00:00.000Z $GPGGA,070000,5257.4681,N,00445.5350,E,2,11,0.9,2.5,M,,M,,*5E
2026-03-01T07:00:00.000Z $GPGSA,A,3,01,03,06,11,17,19,22,25,,,,,1.2,0.9,0.8*3D
2026-03-01T07:00:00.000Z $GPRMC,070000,A,5257.4681,N,00445.5350,E,3.7,328.6,010326,,,A*72
2026-03-01T07:00:00.000Z $GPVTG,328.1,T,,M,3.7,N,6.8,K,A*0F
2026-03-01T07:00:00.000Z $GPXTE,A,A,0.043,L,N,A*34
2026-03-01T07:00:00.000Z $IIDBT,23.2,f,7.1,M,3.9,F*2E
2026-03-01T07:00:00.000Z $IIHDG,329.0,,,1.2,E*29
2026-03-01T07:00:00.000Z $IIMDA,29.9697,I,1.0149,B,8.5,C,,C,,,,,,,,,,*57
2026-03-01T07:00:00.000Z $IIMTA,8.5,C*38
2026-03-01T07:00:00.000Z $IIMTW,6.4,C*21
2026-03-01T07:00:00.000Z $IIMWV,88.6,T,11.8,N,A*35
2026-03-01T07:00:00.000Z $IIRPM,E,1,27,,A*53
2026-03-01T07:00:00.000Z $IIRSA,1.0,A,,V*78
2026-03-01T07:00:00.000Z $IIVHW,329.0,T,,M,3.4,N,,K*5A
2026-03-01T07:00:00.000Z $IIXDR,V,13.00,V,BATT*61
2026-03-01T07:00:10.000Z $GPGGA,070010,5257.4847,N,00445.5179,E,2,9,0.9,2.5,M,,M,,*6B
2026-03-01T07:00:10.000Z $GPRMC,070010,A,5257.4847,N,00445.5179,E,3.7,328.6,010326,,,A*7E
2026-03-01T07:00:10.000Z $IIDBT,19.7,f,6.0,M,3.3,F*28
2026-03-01T07:00:10.000Z $IIHDG,328.8,,,1.2,E*20
2026-03-01T07:00:10.000Z $IIMWV,90.9,T,11.6,N,A*3D
2026-03-01T07:00:10.000Z $IIRPM,E,1,776,,A*60
2026-03-01T07:00:10.000Z $IIRSA,2.2,A,,V*79
2026-03-01T07:00:10.000Z $IIVHW,328.8,T,,M,3.3,N,,K*54
2026-03-01T07:00:20.000Z $GPGGA,070020,5257.4877,N,00445.5440,E,2,11,0.9,2.5,M,,M,,*5D
2026-03-01T07:00:20.000Z $GPRMC,070020,A,5257.4877,N,00445.5440,E,3.8,327.5,010326,,,A*72
2026-03-01T07:00:20.000Z $IIDBT,23.8,f,7.3,M,4.0,F*28
2026-03-01T07:00:20.000Z $IIHDG,329.3,,,1.2,E*2A
2026-03-01T07:00:20.000Z $IIMWV,91.9,T,11.9,N,A*33
2026-03-01T07:00:20.000Z $IIRPM,E,1,1482,,A*59
2026-03-01T07:00:20.000Z $IIRSA,3.5,A,,V*7F
2026-03-01T07:00:20.000Z $IIVHW,329.3,T,,M,3.5,N,,K*58
2026-03-01T07:00:30.000Z $GPGGA,070030,5257.4907,N,00445.5318,E,2,11,0.9,2.5,M,,M,,*50
2026-03-01T07:00:30.000Z $GPRMC,070030,A,5257.4907,N,00445.5318,E,3.9,327.2,010326,,,A*79
2026-03-01T07:00:30.000Z $GPVTG,327.9,T,,M,3.9,N,7.3,K,A*0C
2026-03-01T07:00:30.000Z $GPXTE,A,A,0.007,R,N,A*2A
2026-03-01T07:00:30.000Z $IIDBT,24.2,f,7.4,M,4.0,F*22
2026-03-01T07:00:30.000Z $IIHDG,326.5,,,1.2,E*23
2026-03-01T07:00:30.000Z $IIMTA,8.7,C*3A
2026-03-01T07:00:30.000Z $IIMWV,90.7,T,10.3,N,A*37
2026-03-01T07:00:30.000Z $IIRPM,E,1,2240,,A*52
2026-03-01T07:00:30.000Z $IIRSA,-1.7,A,,V*52
2026-03-01T07:00:30.000Z $IIVHW,326.5,T,,M,3.7,N,,K*53
2026-03-01T07:00:30.000Z $IIXDR,V,13.10,V,BATT*60
2026-03-01T07:00:40.000Z $GPGGA,070040,5257.4958,N,00445.5283,E,2,9,0.9,2.5,M,,M,,*67
2026-03-01T07:00:40.000Z $GPRMC,070040,A,5257.4958,N,00445.5283,E,4.6,332.8,010326,,,A*71
2026-03-01T07:00:40.000Z $IIDBT,19.4,f,5.9,M,3.2,F*20
2026-03-01T07:00:40.000Z $IIHDG,329.7,,,1.2,E*2E
2026-03-01T07:00:40.000Z $IIMWV,86.7,T,10.8,N,A*3B
2026-03-01T07:00:40.000Z $IIRPM,E,1,2172,,A*50
2026-03-01T07:00:40.000Z $IIRSA,-0.6,A,,V*52
2026-03-01T07:00:40.000Z $IIVHW,329.7,T,,M,4.5,N,,K*5B
2026-03-01T07:00:50.000Z $GPGGA,070050,5257.5074,N,00445.4983,E,2,8,0.9,2.5,M,,M,,*6B
2026-03-01T07:00:50.000Z $GPRMC,070050,A,5257.5074,N,00445.4983,E,4.7,329.1,010326,,,A*7E
2026-03-01T07:00:50.000Z $IIDBT,21.7,f,6.6,M,3.6,F*20
2026-03-01T07:00:50.000Z $IIHDG,328.0,,,1.2,E*28
2026-03-01T07:00:50.000Z $IIMWV,97.7,T,11.3,N,A*31
2026-03-01T07:00:50.000Z $IIRPM,E,1,2196,,A*5A
2026-03-01T07:00:50.000Z $IIRSA,-2.7,A,,V*51
2026-03-01T07:00:50.000Z $IIVHW,328.0,T,,M,4.4,N,,K*5C
2026-03-01T07:01:00.000Z !AIVDO,1,1,,A,15RTd30000J`sV4;9a8H4?vP0000,0*7A
2026-03-01T07:01:00.000Z $GPGGA,070100,5257.5173,N,00445.5121,E,2,11,0.9,2.5,M,,M,,*50
2026-03-01T07:01:00.000Z $GPGSA,A,3,01,03,06,11,17,19,22,25,,,,,1.2,0.9,0.8*3D
2026-03-01T07:01:00.000Z $GPRMC,070100,A,5257.5173,N,00445.5121,E,4.7,328.8,010326,,,A*75
2026-03-01T07:01:00.000Z $GPVTG,328.2,T,,M,4.7,N,8.6,K,A*0B
2026-03-01T07:01:00.000Z $GPXTE,A,A,0.032,R,N,A*2C
2026-03-01T07:01:00.000Z $IIDBT,22.8,f,6.9,M,3.8,F*2D
2026-03-01T07:01:00.000Z $IIHDG,328.1,,,1.2,E*29
2026-03-01T07:01:00.000Z $IIMDA,29.9698,I,1.0149,B,8.5,C,,C,,,,,,,,,,*58
2026-03-01T07:01:00.000Z $IIMTA,8.4,C*39
2026-03-01T07:01:00.000Z $IIMTW,6.3,C*26
2026-03-01T07:01:00.000Z $IIMWV,95.8,T,11.1,N,A*3E
2026-03-01T07:01:00.000Z $IIRPM,E,1,2173,,A*51
2026-03-01T07:01:00.000Z $IIRSA,-3.2,A,,V*55
2026-03-01T07:01:00.000Z $IIVHW,328.1,T,,M,4.5,N,,K*5C
2026-03-01T07:01:00.000Z $IIXDR,V,13.10,V,BATT*60
2026-03-01T07:01:10.000Z !AIVDM,1,1,,B,15N2460P00J`tC4;9g`R4?vN0<02,0*5E
2026-03-01T07:01:10.000Z $GPGGA,070110,5257.5102,N,00445.5014,E,2,8,0.9,2.5,M,,M,,*68
2026-03-01T07:01:10.000Z $GPRMC,070110,A,5257.5102,N,00445.5014,E,4.7,331.8,010326,,,A*7D
2026-03-01T07:01:10.000Z $IIDBT,19.4,f,5.9,M,3.2,F*20
2026-03-01T07:01:10.000Z $IIHDG,329.2,,,1.2,E*2B
2026-03-01T07:01:10.000Z $IIMWV,85.1,T,10.2,N,A*34
2026-03-01T07:01:10.000Z $IIRPM,E,1,2239,,A*5C
2026-03-01T07:01:10.000Z $IIRSA,-3.5,A,,V*52
2026-03-01T07:01:10.000Z $IIVHW,329.2,T,,M,4.3,N,,K*58
2026-03-01T07:01:20.000Z !AIVDM,1,1,,B,15N2451P00J`tC4;9g`R4?vN0<02,0*5E
2026-03-01T07:01:20.000Z $GPGGA,070120,5257.5264,N,00445.4787,E,2,11,0.9,2.5,M,,M,,*5C
2026-03-01T07:01:20.000Z $GPRMC,070120,A,5257.5264,N,00445.4787,E,3.1,331.5,010326,,,A*7D
2026-03-01T07:01:20.000Z $IIDBT,21.0,f,6.4,M,3.5,F*26
2026-03-01T07:01:20.000Z $IIHDG,327.3,,,1.2,E*24
2026-03-01T07:01:20.000Z $IIMWV,82.7,T,10.8,N,A*3F
2026-03-01T07:01:20.000Z $IIRPM,E,1,2204,,A*52
2026-03-01T07:01:20.000Z $IIRSA,-2.6,A,,V*50
2026-03-01T07:01:20.000Z $IIVHW,327.3,T,,M,2.9,N,,K*5B
2026-03-01T07:01:30.000Z $GPGGA,070130,5257.5340,N,00445.5000,E,2,10,0.9,2.5,M,,M,,*52
2026-03-01T07:01:30.000Z $GPRMC,070130,A,5257.5340,N,00445.5000,E,4.9,330.0,010326,,,A*79
2026-03-01T07:01:30.000Z $GPVTG,330.1,T,,M,4.9,N,9.1,K,A*09
2026-03-01T07:01:30.000Z $GPXTE,A,A,0.023,R,N,A*2C
2026-03-01T07:01:30.000Z $IIDBT,16.0,f,4.9,M,2.7,F*2E
2026-03-01T07:01:30.000Z $IIHDG,328.8,,,1.2,E*20
2026-03-01T07:01:30.000Z $IIMTA,8.5,C*38
2026-03-01T07:01:30.000Z $IIMWV,86.4,T,11.9,N,A*38
2026-03-01T07:01:30.000Z $IIRPM,E,1,2174,,A*56
2026-03-01T07:01:30.000Z $IIRSA,3.4,A,,V*7E
2026-03-01T07:01:30.000Z $IIVHW,328.8,T,,M,4.5,N,,K*55
2026-03-01T07:01:30.000Z $IIXDR,V,13.06,V,BATT*67
2026-03-01T07:01:40.000Z $GPGGA,070140,5257.5316,N,00445.4816,E,2,9,0.9,2.5,M,,M,,*60
2026-03-01T07:01:40.000Z $GPRMC,070140,A,5257.5316,N,00445.4816,E,3.3,329.4,010326,,,A*72
2026-03-01T07:01:40.000Z $IIDBT,20.1,f,6.1,M,3.3,F*25
2026-03-01T07:01:40.000Z $IIHDG,328.5,,,1.2,E*2D
2026-03-01T07:01:40.000Z $IIMWV,85.3,T,10.3,N,A*37
2026-03-01T07:01:40.000Z $IIRPM,E,1,2164,,A*57
2026-03-01T07:01:40.000Z $IIRSA,-0.3,A,,V*57
2026-03-01T07:01:40.000Z $IIVHW,328.5,T,,M,3.1,N,,K*5B
2026-03-01T07:01:50.000Z $GPGGA,070150,5257.5478,N,00445.4796,E,2,11,0.9,2.5,M,,M,,*50
2026-03-01T07:01:50.000Z $GPRMC,070150,A,5257.5478,N,00445.4796,E,3.1,332.5,010326,,,A*72
2026-03-01T07:01:50.000Z $IIDBT,26.0,f,7.9,M,4.3,F*2C
2026-03-01T07:01:50.000Z $IIHDG,327.0,,,1.2,E*27
2026-03-01T07:01:50.000Z $IIMWV,90.3,T,11.3,N,A*32
2026-03-01T07:01:50.000Z $IIRPM,E,1,2215,,A*52
2026-03-01T07:01:50.000Z $IIRSA,-1.8,A,,V*5D
2026-03-01T07:01:50.000Z $IIVHW,327.0,T,,M,3.0,N,,K*50
2026-03-01T07:02:00.000Z !AIVDO,1,1,,A,15RTd30000J`sV4;9a8H4?vP0000,0*7A
2026-03-01T07:02:00.000Z $GPGGA,070200,5257.5425,N,00445.4701,E,2,11,0.9,2.5,M,,M,,*50
2026-03-01T07:02:00.000Z $GPGSA,A,3,01,03,06,11,17,19,22,25,,,,,1.2,0.9,0.8*3D
2026-03-01T07:02:00.000Z $GPRMC,070200,A,5257.5425,N,00445.4701,E,4.7,331.8,010326,,,A*7D
2026-03-01T07:02:00.000Z $GPVTG,331.3,T,,M,4.7,N,8.7,K,A*03
2026-03-01T07:02:00.000Z $GPXTE,A,A,0.039,L,N,A*39
2026-03-01T07:02:00.000Z $IIDBT,16.7,f,5.1,M,2.8,F*2F
2026-03-01T07:02:00.000Z $IIHDG,328.6,,,1.2,E*2E
2026-03-01T07:02:00.000Z $IIMDA,29.9881,I,1.0155,B,8.6,C,,C,,,,,,,,,,*50
2026-03-01T07:02:00.000Z $IIMTA,8.6,C*3B
2026-03-01T07:02:00.000Z $IIMTW,6.6,C*23
2026-03-01T07:02:00.000Z $IIMWV,95.8,T,11.5,N,A*3A
2026-03-01T07:02:00.000Z $IIRPM,E,1,2222,,A*56
2026-03-01T07:02:00.000Z $IIRSA,-1.6,A,,V*53
2026-03-01T07:02:00.000Z $IIVHW,328.6,T,,M,4.5,N,,K*5B
2026-03-01T07:02:00.000Z $IIXDR,V,13.08,V,BATT*69
2026-03-01T07:02:10.000Z $GPGGA,070210,5257.5601,N,00445.4698,E,2,10,0.9,2.5,M,,M,,*55
2026-03-01T07:02:10.000Z $GPRMC,070210,A,5257.5601,N,00445.4698,E,3.3,331.5,010326,,,A*77
2026-03-01T07:02:10.000Z $IIDBT,22.1,f,6.7,M,3.7,F*25
2026-03-01T07:02:10.000Z $IIHDG,327.6,,,1.2,E*21
2026-03-01T07:02:10.000Z $IIMWV,86.4,T,11.8,N,A*39
2026-03-01T07:02:10.000Z $IIRPM,E,1,2213,,A*54
2026-03-01T07:02:10.000Z $IIRSA,-2.8,A,,V*5E
2026-03-01T07:02:10.000Z $IIVHW,327.6,T,,M,3.1,N,,K*57
2026-03-01T07:02:20.000Z $GPGGA,070220,5257.5686,N,00445.4668,E,2,10,0.9,2.5,M,,M,,*56
2026-03-01T07:02:20.000Z $GPRMC,070220,A,5257.5686,N,00445.4668,E,3.6,329.1,010326,,,A*7C
2026-03-01T07:02:20.000Z $IIDBT,13.2,f,4.0,M,2.2,F*25
2026-03-01T07:02:20.000Z $IIHDG,327.9,,,1.2,E*2E
2026-03-01T07:02:20.000Z $IIMWV,82.6,T,10.9,N,A*3F
2026-03-01T07:02:20.000Z $IIRPM,E,1,2172,,A*50
2026-03-01T07:02:20.000Z $IIRSA,1.2,A,,V*7A
2026-03-01T07:02:20.000Z $IIVHW,327.9,T,,M,3.3,N,,K*5A
2026-03-01T07:02:30.000Z !AIVDM,1,1,,B,15N2445P00J`tC4;9g`R4?vN0<02,0*5E
2026-03-01T07:02:30.000Z $GPGGA,070230,5257.5706,N,00445.4658,E,2,9,0.9,2.5,M,,M,,*65
2026-03-01T07:02:30.000Z $GPRMC,070230,A,5257.5706,N,00445.4658,E,4.6,328.3,010326,,,A*73
2026-03-01T07:02:30.000Z $GPVTG,329.0,T,,M,4.6,N,8.6,K,A*09
2026-03-01T07:02:30.000Z $GPXTE,A,A,0.041,R,N,A*28
2026-03-01T07:02:30.000Z $IIDBT,17.9,f,5.5,M,3.0,F*2D
2026-03-01T07:02:30.000Z $IIHDG,327.6,,,1.2,E*21
2026-03-01T07:02:30.000Z $IIMTA,8.7,C*3A
2026-03-01T07:02:30.000Z $IIMWV,87.4,T,11.2,N,A*32
2026-03-01T07:02:30.000Z $IIRPM,E,1,2156,,A*56
2026-03-01T07:02:30.000Z $IIRSA,4.0,A,,V*7D
2026-03-01T07:02:30.000Z $IIVHW,327.6,T,,M,4.4,N,,K*55
2026-03-01T07:02:30.000Z $IIXDR,V,13.15,V,BATT*65
2026-03-01T07:02:40.000Z !AIVDM,1,1,,B,15N2446P00J`tC4;9g`R4?vN0<02,0*5E
2026-03-01T07:02:40.000Z $GPGGA,070240,5257.5701,N,00445.4647,E,2,10,0.9,2.5,M,,M,,*53
2026-03-01T07:02:40.000Z $GPRMC,070240,A,5257.5701,N,00445.4647,E,3.7,329.3,010326,,,A*7A
2026-03-01T07:02:40.000Z $IIDBT,25.7,f,7.8,M,4.3,F*29
2026-03-01T07:02:40.000Z $IIHDG,327.6,,,1.2,E*21
2026-03-01T07:02:40.000Z $IIMWV,86.5,T,11.3,N,A*33
2026-03-01T07:02:40.000Z $IIRPM,E,1,2236,,A*53
2026-03-01T07:02:40.000Z $IIRSA,-1.0,A,,V*55
2026-03-01T07:02:40.000Z $IIVHW,327.6,T,,M,3.4,N,,K*52
2026-03-01T07:02:50.000Z $GPGGA,070250,5257.5644,N,00445.4277,E,2,10,0.9,2.5,M,,M,,*55
2026-03-01T07:02:50.000Z $GPRMC,070250,A,5257.5644,N,00445.4277,E,3.3,328.4,010326,,,A*7E
2026-03-01T07:02:50.000Z $IIDBT,18.5,f,5.7,M,3.1,F*2D
2026-03-01T07:02:50.000Z $IIHDG,329.5,,,1.2,E*2C
2026-03-01T07:02:50.000Z $IIMWV,82.9,T,10.6,N,A*3F
2026-03-01T07:02:50.000Z $IIRPM,E,1,2182,,A*5F
2026-03-01T07:02:50.000Z $IIRSA,4.6,A,,V*7B
2026-03-01T07:02:50.000Z $IIVHW,329.5,T,,M,3.0,N,,K*5B
2026-03-01T07:03:00.000Z !AIVDO,1,1,,A,15RTd30000J`sV4;9a8H4?vP0000,0*7A
2026-03-01T07:03:00.000Z $GPGGA,070300,5257.5873,N,00445.4347,E,2,8,0.9,2.5,M,,M,,*60
2026-03-01T07:03:00.000Z $GPGSA,A,3,01,03,06,11,17,19,22,25,,,,,1.2,0.9,0.8*3D
2026-03-01T07:03:00.000Z $GPRMC,070300,A,5257.5873,N,00445.4347,E,3.7,329.6,010326,,,A*75
2026-03-01T07:03:00.000Z $GPVTG,329.1,T,,M,3.7,N,6.9,K,A*0F
2026-03-01T07:03:00.000Z $GPXTE,A,A,0.027,R,N,A*28
2026-03-01T07:03:00.000Z $IIDBT,13.2,f,4.0,M,2.2,F*25
2026-03-01T07:03:00.000Z $IIHDG,328.5,,,1.2,E*2D
2026-03-01T07:03:00.000Z $IIMDA,29.9754,I,1.0151,B,8.6,C,,C,,,,,,,,,,*53
2026-03-01T07:03:00.000Z $IIMTA,8.3,C*3E
2026-03-01T07:03:00.000Z $IIMTW,6.8,C*2D
2026-03-01T07:03:00.000Z $IIMWV,88.4,T,11.4,N,A*3B
2026-03-01T07:03:00.000Z $IIRPM,E,1,2202,,A*54
2026-03-01T07:03:00.000Z $IIRSA,0.3,A,,V*7A
2026-03-01T07:03:00.000Z $IIVHW,328.5,T,,M,3.5,N,,K*5F
2026-03-01T07:03:00.000Z $IIXDR,V,13.04,V,BATT*65
2026-03-01T07:03:10.000Z $GPGGA,070310,5257.5804,N,00445.4179,E,2,8,0.9,2.5,M,,M,,*6E
2026-03-01T07:03:10.000Z $GPRMC,070310,A,5257.5804,N,00445.4179,E,4.3,330.3,010326,,,A*75
2026-03-01T07:03:10.000Z $IIDBT,13.8,f,4.2,M,2.3,F*2C
2026-03-01T07:03:10.000Z $IIHDG,328.6,,,1.2,E*2E
2026-03-01T07:03:10.000Z $IIMWV,92.0,T,11.3,N,A*33
2026-03-01T07:03:10.000Z $IIRPM,E,1,2150,,A*50
2026-03-01T07:03:10.000Z $IIRSA,3.4,A,,V*7E
2026-03-01T07:03:10.000Z $IIVHW,328.6,T,,M,4.1,N,,K*5F
2026-03-01T07:03:20.000Z $GPGGA,070320,5257.5869,N,00445.4152,E,2,11,0.9,2.5,M,,M,,*57
2026-03-01T07:03:20.000Z $GPRMC,070320,A,5257.5869,N,00445.4152,E,4.5,328.7,010326,,,A*7F
2026-03-01T07:03:20.000Z $IIDBT,24.5,f,7.5,M,4.1,F*25
2026-03-01T07:03:20.000Z $IIHDG,329.7,,,1.2,E*2E
2026-03-01T07:03:20.000Z $IIMWV,83.2,T,11.6,N,A*34
2026-03-01T07:03:20.000Z $IIRPM,E,1,2169,,A*5A
2026-03-01T07:03:20.000Z $IIRSA,-4.2,A,,V*52
2026-03-01T07:03:20.000Z $IIVHW,329.7,T,,M,4.3,N,,K*5D
2026-03-01T07:03:30.000Z !AIVDM,1,1,,B,15N2113P00J`tC4;9g`R4?vN0<02,0*5E
2026-03-01T07:03:30.000Z $GPGGA,070330,5257.6002,N,00445.4119,E,2,9,0.9,2.5,M,,M,,*66
2026-03-01T07:03:30.000Z $GPRMC,070330,A,5257.6002,N,00445.4119,E,4.2,331.1,010326,,,A*7E
2026-03-01T07:03:30.000Z $GPVTG,332.0,T,,M,4.2,N,7.7,K,A*09
2026-03-01T07:03:30.000Z $GPXTE,A,A,0.033,R,N,A*2D
2026-03-01T07:03:30.000Z $IIDBT,21.3,f,6.5,M,3.5,F*24
2026-03-01T07:03:30.000Z $IIHDG,327.4,,,1.2,E*23
2026-03-01T07:03:30.000Z $IIMTA,8.7,C*3A
2026-03-01T07:03:30.000Z $IIMWV,85.2,T,10.9,N,A*3C
2026-03-01T07:03:30.000Z $IIRPM,E,1,2200,,A*56
2026-03-01T07:03:30.000Z $IIRSA,-0.1,A,,V*55
2026-03-01T07:03:30.000Z $IIVHW,327.4,T,,M,4.0,N,,K*53
2026-03-01T07:03:30.000Z $IIXDR,V,13.04,V,BATT*65
2026-03-01T07:03:40.000Z !AIVDM,1,1,,B,15N2449P00J`tC4;9g`R4?vN0<02,0*5E
2026-03-01T07:03:40.000Z $GPGGA,070340,5257.6037,N,00445.4075,E,2,8,0.9,2.5,M,,M,,*6D
2026-03-01T07:03:40.000Z $GPRMC,070340,A,5257.6037,N,00445.4075,E,4.8,332.4,010326,,,A*78
2026-03-01T07:03:40.000Z $IIDBT,14.1,f,4.3,M,2.4,F*24
2026-03-01T07:03:40.000Z $IIHDG,327.1,,,1.2,E*26
2026-03-01T07:03:40.000Z $IIMWV,91.6,T,10.8,N,A*3C
2026-03-01T07:03:40.000Z $IIRPM,E,1,2178,,A*5A
2026-03-01T07:03:40.000Z $IIRSA,4.6,A,,V*7B
2026-03-01T07:03:40.000Z $IIVHW,327.1,T,,M,4.7,N,,K*51
2026-03-01T07:03:50.000Z $GPGGA,070350,5257.5989,N,00445.4023,E,2,9,0.9,2.5,M,,M,,*61
2026-03-01T07:03:50.000Z $GPRMC,070350,A,5257.5989,N,00445.4023,E,4.6,327.2,010326,,,A*79
2026-03-01T07:03:50.000Z $IIDBT,25.1,f,7.7,M,4.2,F*21
2026-03-01T07:03:50.000Z $IIHDG,329.5,,,1.2,E*2C
2026-03-01T07:03:50.000Z $IIMWV,87.1,T,10.7,N,A*33
2026-03-01T07:03:50.000Z $IIRPM,E,1,2208,,A*5E
2026-03-01T07:03:50.000Z $IIRSA,1.1,A,,V*79
2026-03-01T07:03:50.000Z $IIVHW,329.5,T,,M,4.3,N,,K*5F
2026-03-01T07:04:00.000Z !AIVDO,1,1,,A,15RTd30000J`sV4;9a8H4?vP0000,0*7A
2026-03-01T07:04:00.000Z $GPGGA,070400,5257.6220,N,00445.3909,E,2,10,0.9,2.5,M,,M,,*56
2026-03-01T07:04:00.000Z $GPGSA,A,3,01,03,06,11,17,19,22,25,,,,,1.2,0.9,0.8*3D
2026-03-01T07:04:00.000Z $GPRMC,070400,A,5257.6220,N,00445.3909,E,3.7,332.2,010326,,,A*74
2026-03-01T07:04:00.000Z $GPVTG,332.9,T,,M,3.7,N,6.9,K,A*0D
2026-03-01T07:04:00.000Z $GPXTE,A,A,0.038,L,N,A*38
2026-03-01T07:04:00.000Z $IIDBT,25.7,f,7.8,M,4.3,F*29
2026-03-01T07:04:00.000Z $IIHDG,327.2,,,1.2,E*25
2026-03-01T07:04:00.000Z $IIMDA,29.9727,I,1.0150,B,8.3,C,,C,,,,,,,,,,*53
2026-03-01T07:04:00.000Z $IIMTA,8.6,C*3B
2026-03-01T07:04:00.000Z $IIMTW,6.4,C*21
2026-03-01T07:04:00.000Z $IIMWV,97.3,T,11.2,N,A*34
2026-03-01T07:04:00.000Z $IIRPM,E,1,2183,,A*5E
2026-03-01T07:04:00.000Z $IIRSA,-0.4,A,,V*50
2026-03-01T07:04:00.000Z $IIVHW,327.2,T,,M,3.4,N,,K*56
2026-03-01T07:04:00.000Z $IIXDR,V,13.19,V,BATT*69
2026-03-01T07:04:10.000Z $GPGGA,070410,5257.6246,N,00445.4084,E,2,10,0.9,2.5,M,,M,,*5C
2026-03-01T07:04:10.000Z $GPRMC,070410,A,5257.6246,N,00445.4084,E,4.0,329.1,010326,,,A*77
2026-03-01T07:04:10.000Z $IIDBT,21.0,f,6.4,M,3.5,F*26
2026-03-01T07:04:10.000Z $IIHDG,327.6,,,1.2,E*21
2026-03-01T07:04:10.000Z $IIMWV,89.3,T,11.1,N,A*38
2026-03-01T07:04:10.000Z $IIRPM,E,1,2169,,A*5A
2026-03-01T07:04:10.000Z $IIRSA,-1.9,A,,V*5C
2026-03-01T07:04:10.000Z $IIVHW,327.6,T,,M,3.5,N,,K*53
2026-03-01T07:04:20.000Z $GPGGA,070420,5257.6137,N,00445.4100,E,2,9,0.9,2.5,M,,M,,*6F
2026-03-01T07:04:20.000Z $GPRMC,070420,A,5257.6137,N,00445.4100,E,3.7,329.1,010326,,,A*7C
2026-03-01T07:04:20.000Z $IIDBT,17.8,f,5.4,M,3.0,F*2D
2026-03-01T07:04:20.000Z $IIHDG,326.6,,,1.2,E*20
2026-03-01T07:04:20.000Z $IIMWV,83.4,T,10.7,N,A*32
2026-03-01T07:04:20.000Z $IIRPM,E,1,2242,,A*50
2026-03-01T07:04:20.000Z $IIRSA,-0.7,A,,V*53
2026-03-01T07:04:20.000Z $IIVHW,326.6,T,,M,3.5,N,,K*52
2026-03-01T07:04:30.000Z $GPGGA,070430,5257.6330,N,00445.3893,E,2,11,0.9,2.5,M,,M,,*56
2026-03-01T07:04:30.000Z $GPRMC,070430,A,5257.6330,N,00445.3893,E,4.5,327.0,010326,,,A*76
2026-03-01T07:04:30.000Z $GPVTG,327.9,T,,M,4.5,N,8.3,K,A*08
2026-03-01T07:04:30.000Z $GPXTE,A,A,0.005,L,N,A*36
2026-03-01T07:04:30.000Z $IIDBT,24.3,f,7.4,M,4.1,F*22
2026-03-01T07:04:30.000Z $IIHDG,326.4,,,1.2,E*22
2026-03-01T07:04:30.000Z $IIMTA,8.5,C*38
2026-03-01T07:04:30.000Z $IIMWV,96.5,T,10.8,N,A*38
2026-03-01T07:04:30.000Z $IIRPM,E,1,2184,,A*59
2026-03-01T07:04:30.000Z $IIRSA,2.3,A,,V*78
2026-03-01T07:04:30.000Z $IIVHW,326.4,T,,M,4.2,N,,K*50
2026-03-01T07:04:30.000Z $IIXDR,V,13.17,V,BATT*67
2026-03-01T07:04:40.000Z !AIVDM,1,1,,B,15N2113P00J`tC4;9g`R4?vN0<02,0*5E
2026-03-01T07:04:40.000Z $GPGGA,070440,5257.6390,N,00445.3903,E,2,11,0.9,2.5,M,,M,,*53
2026-03-01T07:04:40.000Z $GPRMC,070440,A,5257.6390,N,00445.3903,E,5.0,330.1,010326,,,A*70
2026-03-01T07:04:40.000Z $IIDBT,24.1,f,7.4,M,4.0,F*21
2026-03-01T07:04:40.000Z $IIHDG,329.3,,,1.2,E*2A
2026-03-01T07:04:40.000Z $IIMWV,83.7,T,11.8,N,A*3F
2026-03-01T07:04:40.000Z $IIRPM,E,1,2184,,A*59
2026-03-01T07:04:40.000Z $IIRSA,-4.3,A,,V*53
2026-03-01T07:04:40.000Z $IIVHW,329.3,T,,M,4.8,N,,K*52
2026-03-01T07:04:50.000Z $GPGGA,070450,5257.6513,N,00445.3701,E,2,8,0.9,2.5,M,,M,,*6B
2026-03-01T07:04:50.000Z $GPRMC,070450,A,5257.6513,N,00445.3701,E,4.3,328.2,010326,,,A*78
2026-03-01T07:04:50.000Z $IIDBT,22.5,f,6.8,M,3.7,F*2E
2026-03-01T07:04:50.000Z $IIHDG,327.5,,,1.2,E*22
2026-03-01T07:04:50.000Z $IIMWV,82.7,T,10.8,N,A*3F
2026-03-01T07:04:50.000Z $IIRPM,E,1,2199,,A*55
2026-03-01T07:04:50.000Z $IIRSA,-4.1,A,,V*51
2026-03-01T07:04:50.000Z $IIVHW,327.5,T,,M,3.9,N,,K*5C
2026-03-01T07:05:00.000Z !AIVDO,1,1,,A,15RTd30000J`sV4;9a8H4?vP0000,0*7A
2026-03-01T07:05:00.000Z $GPGGA,070500,5257.6498,N,00445.3710,E,2,10,0.9,2.5,M,,M,,*54
2026-03-01T07:05:00.000Z $GPGSA,A,3,01,03,06,11,17,19,22,25,,,,,1.2,0.9,0.8*3D
2026-03-01T07:05:00.000Z $GPRMC,070500,A,5257.6498,N,00445.3710,E,3.6,330.0,010326,,,A*77
2026-03-01T07:05:00.000Z $GPVTG,330.7,T,,M,3.6,N,6.7,K,A*0E
2026-03-01T07:05:00.000Z $GPXTE,A,A,0.035,R,N,A*2B
2026-03-01T07:05:00.000Z $IIDBT,18.3,f,5.6,M,3.1,F*2A
2026-03-01T07:05:00.000Z $IIHDG,328.4,,,1.2,E*2C
2026-03-01T07:05:00.000Z $IIMDA,29.9857,I,1.0154,B,8.5,C,,C,,,,,,,,,,*59
2026-03-01T07:05:00.000Z $IIMTA,8.4,C*39
2026-03-01T07:05:00.000Z $IIMTW,6.4,C*21
2026-03-01T07:05:00.000Z $IIMWV,90.1,T,10.4,N,A*36
2026-03-01T07:05:00.000Z $IIRPM,E,1,2228,,A*5C
2026-03-01T07:05:00.000Z $IIRSA,4.7,A,,V*7A
2026-03-01T07:05:00.000Z $IIVHW,328.4,T,,M,3.1,N,,K*5A
2026-03-01T07:05:00.000Z $IIXDR,V,13.02,V,BATT*63
2026-03-01T07:05:10.000Z $GPGGA,070510,5257.6561,N,00445.3693,E,2,10,0.9,2.5,M,,M,,*58
2026-03-01T07:05:10.000Z $GPRMC,070510,A,5257.6561,N,00445.3693,E,4.8,327.5,010326,,,A*71
2026-03-01T07:05:10.000Z $IIDBT,14.5,f,4.4,M,2.4,F*27
2026-03-01T07:05:10.000Z $IIHDG,329.8,,,1.2,E*21
2026-03-01T07:05:10.000Z $IIMWV,86.9,T,10.6,N,A*3B
2026-03-01T07:05:10.000Z $IIRPM,E,1,2249,,A*5B
2026-03-01T07:05:10.000Z $IIRSA,-3.1,A,,V*56
2026-03-01T07:05:10.000Z $IIVHW,329.8,T,,M,4.6,N,,K*57
2026-03-01T07:05:20.000Z $GPGGA,070520,5257.6693,N,00445.3780,E,2,11,0.9,2.5,M,,M,,*57
2026-03-01T07:05:20.000Z $GPRMC,070520,A,5257.6693,N,00445.3780,E,3.2,332.5,010326,,,A*76
2026-03-01T07:05:20.000Z $IIDBT,20.1,f,6.1,M,3.4,F*22
2026-03-01T07:05:20.000Z $IIHDG,328.2,,,1.2,E*2A
2026-03-01T07:05:20.000Z $IIMWV,84.4,T,11.4,N,A*37
2026-03-01T07:05:20.000Z $IIRPM,E,1,2227,,A*53
2026-03-01T07:05:20.000Z $IIRSA,-2.1,A,,V*57
2026-03-01T07:05:20.000Z $IIVHW,328.2,T,,M,2.9,N,,K*55
2026-03-01T07:05:30.000Z $GPGGA,070530,5257.6558,N,00445.3680,E,2,9,0.9,2.5,M,,M,,*6A
2026-03-01T07:05:30.000Z $GPRMC,070530,A,5257.6558,N,00445.3680,E,4.2,329.5,010326,,,A*7F
2026-03-01T07:05:30.000Z $GPVTG,329.0,T,,M,4.2,N,7.8,K,A*0C
2026-03-01T07:05:30.000Z $GPXTE,A,A,0.023,R,N,A*2C
2026-03-01T07:05:30.000Z $IIDBT,21.7,f,6.6,M,3.6,F*20
2026-03-01T07:05:30.000Z $IIHDG,328.7,,,1.2,E*2F
2026-03-01T07:05:30.000Z $IIMTA,8.4,C*39
2026-03-01T07:05:30.000Z $IIMWV,83.4,T,10.2,N,A*37
2026-03-01T07:05:30.000Z $IIRPM,E,1,2161,,A*52
2026-03-01T07:05:30.000Z $IIRSA,-4.3,A,,V*53
2026-03-01T07:05:30.000Z $IIVHW,328.7,T,,M,3.9,N,,K*51
2026-03-01T07:05:30.000Z $IIXDR,V,13.10,V,BATT*60
2026-03-01T07:05:40.000Z !AIVDM,1,1,,B,15N2447P00J`tC4;9g`R4?vN0<02,0*5E
2026-03-01T07:05:40.000Z $GPGGA,070540,5257.6707,N,00445.3335,E,2,10,0.9,2.5,M,,M,,*56
2026-03-01T07:05:40.000Z $GPRMC,070540,A,5257.6707,N,00445.3335,E,3.7,327.7,010326,,,A*75
2026-03-01T07:05:40.000Z $IIDBT,19.2,f,5.8,M,3.2,F*27
2026-03-01T07:05:40.000Z $IIHDG,326.6,,,1.2,E*20
2026-03-01T07:05:40.000Z $IIMWV,96.2,T,11.7,N,A*31
2026-03-01T07:05:40.000Z $IIRPM,E,1,2176,,A*54
2026-03-01T07:05:40.000Z $IIRSA,1.9,A,,V*71
2026-03-01T07:05:40.000Z $IIVHW,326.6,T,,M,3.2,N,,K*55
2026-03-01T07:05:50.000Z !AIVDM,1,1,,B,15N2451P00J`tC4;9g`R4?vN0<02,0*5E
2026-03-01T07:05:50.000Z $GPGGA,070550,5257.6796,N,00445.3437,E,2,8,0.9,2.5,M,,M,,*63
2026-03-01T07:05:50.000Z $GPRMC,070550,A,5257.6796,N,00445.3437,E,4.7,328.7,010326,,,A*71
2026-03-01T07:05:50.000Z $IIDBT,15.7,f,4.8,M,2.6,F*2A
2026-03-01T07:05:50.000Z $IIHDG,327.7,,,1.2,E*20
2026-03-01T07:05:50.000Z $IIMWV,97.6,T,11.5,N,A*36
2026-03-01T07:05:50.000Z $IIRPM,E,1,2176,,A*54
2026-03-01T07:05:50.000Z $IIRSA,-4.9,A,,V*59
2026-03-01T07:05:50.000Z $IIVHW,327.7,T,,M,4.5,N,,K*55
2026-03-01T07:06:00.000Z !AIVDO,1,1,,A,15RTd30000J`sV4;9a8H4?vP0000,0*7A
2026-03-01T07:06:00.000Z $GPGGA,070600,5257.6810,N,00445.3342,E,2,8,0.9,2.5,M,,M,,*61
2026-03-01T07:06:00.000Z $GPGSA,A,3,01,03,06,11,17,19,22,25,,,,,1.2,0.9,0.8*3D
2026-03-01T07:06:00.000Z $GPRMC,070600,A,5257.6810,N,00445.3342,E,3.2,327.4,010326,,,A*7D
2026-03-01T07:06:00.000Z $GPVTG,327.2,T,,M,3.2,N,6.0,K,A*0E
2026-03-01T07:06:00.000Z $GPXTE,A,A,0.020,L,N,A*31
2026-03-01T07:06:00.000Z $IIDBT,20.3,f,6.2,M,3.4,F*23
2026-03-01T07:06:00.000Z $IIHDG,330.0,,,1.2,E*21
2026-03-01T07:06:00.000Z $IIMDA,29.9774,I,1.0152,B,8.6,C,,C,,,,,,,,,,*52
2026-03-01T07:06:00.000Z $IIMTA,8.6,C*3B
2026-03-01T07:06:00.000Z $IIMTW,6.6,C*23
2026-03-01T07:06:00.000Z $IIMWV,92.1,T,11.6,N,A*37
2026-03-01T07:06:00.000Z $IIRPM,E,1,2203,,A*55
2026-03-01T07:06:00.000Z $IIRSA,3.1,A,,V*7B
2026-03-01T07:06:00.000Z $IIVHW,330.0,T,,M,3.0,N,,K*56
2026-03-01T07:06:00.000Z $IIXDR,V,13.03,V,BATT*62
2026-03-01T07:06:10.000Z $GPGGA,070610,5257.6962,N,00445.3491,E,2,9,0.9,2.5,M,,M,,*6C
2026-03-01T07:06:10.000Z $GPRMC,070610,A,5257.6962,N,00445.3491,E,3.4,329.2,010326,,,A*7F
2026-03-01T07:06:10.000Z $IIDBT,19.7,f,6.0,M,3.3,F*28
2026-03-01T07:06:10.000Z $IIHDG,328.5,,,1.2,E*2D
2026-03-01T07:06:10.000Z $IIMWV,84.8,T,10.9,N,A*37
2026-03-01T07:06:10.000Z $IIRPM,E,1,2190,,A*5C
2026-03-01T07:06:10.000Z $IIRSA,-2.8,A,,V*5E
2026-03-01T07:06:10.000Z $IIVHW,328.5,T,,M,3.1,N,,K*5B
2026-03-01T07:06:20.000Z $GPGGA,070620,5257.6977,N,00445.3261,E,2,10,0.9,2.5,M,,M,,*5A
2026-03-01T07:06:20.000Z $GPRMC,070620,A,5257.6977,N,00445.3261,E,3.2,329.1,010326,,,A*74
2026-03-01T07:06:20.000Z $IIDBT,25.3,f,7.7,M,4.2,F*23
2026-03-01T07:06:20.000Z $IIHDG,328.3,,,1.2,E*2B
2026-03-01T07:06:20.000Z $IIMWV,82.7,T,10.6,N,A*31
2026-03-01T07:06:20.000Z $IIRPM,E,1,2177,,A*55
2026-03-01T07:06:20.000Z $IIRSA,-0.9,A,,V*5D
2026-03-01T07:06:20.000Z $IIVHW,328.3,T,,M,2.9,N,,K*54
2026-03-01T07:06:30.000Z $GPGGA,070630,5257.6955,N,00445.3218,E,2,9,0.9,2.5,M,,M,,*6D
2026-03-01T07:06:30.000Z $GPRMC,070630,A,5257.6955,N,00445.3218,E,3.5,327.4,010326,,,A*77
2026-03-01T07:06:30.000Z $GPVTG,327.0,T,,M,3.5,N,6.5,K,A*0E
2026-03-01T07:06:30.000Z $GPXTE,A,A,0.032,R,N,A*2C
2026-03-01T07:06:30.000Z $IIDBT,23.4,f,7.1,M,3.9,F*28
2026-03-01T07:06:30.000Z $IIHDG,328.0,,,1.2,E*28
2026-03-01T07:06:30.000Z $IIMTA,8.4,C*39
2026-03-01T07:06:30.000Z $IIMWV,82.6,T,11.6,N,A*31
2026-03-01T07:06:30.000Z $IIRPM,E,1,2198,,A*54
2026-03-01T07:06:30.000Z $IIRSA,-3.8,A,,V*5F
2026-03-01T07:06:30.000Z $IIVHW,328.0,T,,M,3.4,N,,K*5B
2026-03-01T07:06:30.000Z $IIXDR,V,13.04,V,BATT*65
2026-03-01T07:06:40.000Z $GPGGA,070640,5257.7035,N,00445.3064,E,2,9,0.9,2.5,M,,M,,*6D
2026-03-01T07:06:40.000Z $GPRMC,070640,A,5257.7035,N,00445.3064,E,3.5,328.8,010326,,,A*74
2026-03-01T07:06:40.000Z $IIDBT,23.6,f,7.2,M,3.9,F*29
2026-03-01T07:06:40.000Z $IIHDG,328.5,,,1.2,E*2D
2026-03-01T07:06:40.000Z $IIMWV,87.5,T,11.3,N,A*32
2026-03-01T07:06:40.000Z $IIRPM,E,1,2209,,A*5F
2026-03-01T07:06:40.000Z $IIRSA,1.5,A,,V*7D
2026-03-01T07:06:40.000Z $IIVHW,328.5,T,,M,3.4,N,,K*5E
2026-03-01T07:06:50.000Z !AIVDM,1,1,,B,15N2446P00J`tC4;9g`R4?vN0<02,0*5E
2026-03-01T07:06:50.000Z $GPGGA,070650,5257.6980,N,00445.3174,E,2,10,0.9,2.5,M,,M,,*52
2026-03-01T07:06:50.000Z $GPRMC,070650,A,5257.6980,N,00445.3174,E,4.7,330.9,010326,,,A*7E
2026-03-01T07:06:50.000Z $IIDBT,18.0,f,5.5,M,3.0,F*2B
2026-03-01T07:06:50.000Z $IIHDG,327.3,,,1.2,E*24
2026-03-01T07:06:50.000Z $IIMWV,94.1,T,10.5,N,A*33
2026-03-01T07:06:50.000Z $IIRPM,E,1,2165,,A*56
2026-03-01T07:06:50.000Z $IIRSA,-2.3,A,,V*55
2026-03-01T07:06:50.000Z $IIVHW,327.3,T,,M,4.5,N,,K*51
2026-03-01T07:07:00.000Z !AIVDO,1,1,,A,15RTd30000J`sV4;9a8H4?vP0000,0*7A
2026-03-01T07:07:00.000Z $GPGGA,070700,5257.7101,N,00445.3047,E,2,9,0.9,2.5,M,,M,,*6F
2026-03-01T07:07:00.000Z $GPGSA,A,3,01,03,06,11,17,19,22,25,,,,,1.2,0.9,0.8*3D
2026-03-01T07:07:00.000Z $GPRMC,070700,A,5257.7101,N,00445.3047,E,3.1,331.5,010326,,,A*77
2026-03-01T07:07:00.000Z $GPVTG,331.1,T,,M,3.1,N,5.7,K,A*0D
2026-03-01T07:07:00.000Z $GPXTE,A,A,0.029,L,N,A*38
2026-03-01T07:07:00.000Z $IIDBT,16.0,f,4.9,M,2.7,F*2E
2026-03-01T07:07:00.000Z $IIHDG,327.9,,,1.2,E*2E
2026-03-01T07:07:00.000Z $IIMDA,29.9676,I,1.0148,B,8.7,C,,C,,,,,,,,,,*5B
2026-03-01T07:07:00.000Z $IIMTA,8.5,C*38
2026-03-01T07:07:00.000Z $IIMTW,6.3,C*26
2026-03-01T07:07:00.000Z $IIMWV,82.8,T,10.3,N,A*3B
2026-03-01T07:07:00.000Z $IIRPM,E,1,2183,,A*5E
2026-03-01T07:07:00.000Z $IIRSA,4.0,A,,V*7D
2026-03-01T07:07:00.000Z $IIVHW,327.9,T,,M,2.8,N,,K*50
2026-03-01T07:07:00.000Z $IIXDR,V,13.11,V,BATT*61
2026-03-01T07:07:10.000Z $GPGGA,070710,5257.7223,N,00445.2831,E,2,8,0.9,2.5,M,,M,,*64
2026-03-01T07:07:10.000Z $GPRMC,070710,A,5257.7223,N,00445.2831,E,3.4,330.3,010326,,,A*7F
2026-03-01T07:07:10.000Z $IIDBT,13.2,f,4.0,M,2.2,F*25
2026-03-01T07:07:10.000Z $IIHDG,327.3,,,1.2,E*24
2026-03-01T07:07:10.000Z $IIMWV,94.1,T,10.6,N,A*30
2026-03-01T07:07:10.000Z $IIRPM,E,1,2198,,A*54
2026-03-01T07:07:10.000Z $IIRSA,-1.0,A,,V*55
2026-03-01T07:07:10.000Z $IIVHW,327.3,T,,M,3.2,N,,K*51
2026-03-01T07:07:20.000Z $GPGGA,070720,5257.7227,N,00445.2980,E,2,9,0.9,2.5,M,,M,,*69
2026-03-01T07:07:20.000Z $GPRMC,070720,A,5257.7227,N,00445.2980,E,3.4,331.9,010326,,,A*78
2026-03-01T07:07:20.000Z $IIDBT,24.9,f,7.6,M,4.2,F*29
2026-03-01T07:07:20.000Z $IIHDG,329.2,,,1.2,E*2B
2026-03-01T07:07:20.000Z $IIMWV,94.1,T,11.5,N,A*32
2026-03-01T07:07:20.000Z $IIRPM,E,1,2193,,A*5F
2026-03-01T07:07:20.000Z $IIRSA,1.0,A,,V*78
2026-03-01T07:07:20.000Z $IIVHW,329.2,T,,M,3.0,N,,K*5C
2026-03-01T07:07:30.000Z $GPGGA,070730,5257.7258,N,00445.2713,E,2,8,0.9,2.5,M,,M,,*65
2026-03-01T07:07:30.000Z $GPRMC,070730,A,5257.7258,N,00445.2713,E,3.3,328.4,010326,,,A*77
2026-03-01T07:07:30.000Z $GPVTG,328.1,T,,M,3.3,N,6.1,K,A*02
2026-03-01T07:07:30.000Z $GPXTE,A,A,0.035,L,N,A*35
2026-03-01T07:07:30.000Z $IIDBT,24.7,f,7.5,M,4.1,F*27
2026-03-01T07:07:30.000Z $IIHDG,328.6,,,1.2,E*2E
2026-03-01T07:07:30.000Z $IIMTA,8.7,C*3A
2026-03-01T07:07:30.000Z $IIMWV,89.3,T,11.2,N,A*3B
2026-03-01T07:07:30.000Z $IIRPM,E,1,2223,,A*57
2026-03-01T07:07:30.000Z $IIRSA,-4.6,A,,V*56
2026-03-01T07:07:30.000Z $IIVHW,328.6,T,,M,3.0,N,,K*59
2026-03-01T07:07:30.000Z $IIXDR,V,13.18,V,BATT*68
2026-03-01T07:07:40.000Z $GPGGA,070740,5257.7491,N,00445.2913,E,2,11,0.9,2.5,M,,M,,*57
2026-03-01T07:07:40.000Z $GPRMC,070740,A,5257.7491,N,00445.2913,E,3.8,327.6,010326,,,A*7B
2026-03-01T07:07:40.000Z $IIDBT,15.9,f,4.8,M,2.6,F*24
2026-03-01T07:07:40.000Z $IIHDG,327.3,,,1.2,E*24
2026-03-01T07:07:40.000Z $IIMWV,96.7,T,10.8,N,A*3A
2026-03-01T07:07:40.000Z $IIRPM,E,1,2177,,A*55
2026-03-01T07:07:40.000Z $IIRSA,-0.4,A,,V*50
2026-03-01T07:07:40.000Z $IIVHW,327.3,T,,M,3.4,N,,K*57
2026-03-01T07:07:50.000Z $GPGGA,070750,5257.7325,N,00445.2662,E,2,9,0.9,2.5,M,,M,,*6E
2026-03-01T07:07:50.000Z $GPRMC,070750,A,5257.7325,N,00445.2662,E,4.2,331.9,010326,,,A*7E
2026-03-01T07:07:50.000Z $IIDBT,24.6,f,7.5,M,4.1,F*26
2026-03-01T07:07:50.000Z $IIHDG,329.4,,,1.2,E*2D
2026-03-01T07:07:50.000Z $IIMWV,83.4,T,10.5,N,A*30
2026-03-01T07:07:50.000Z $IIRPM,E,1,2218,,A*5F
2026-03-01T07:07:50.000Z $IIRSA,-0.3,A,,V*57
2026-03-01T07:07:50.000Z $IIVHW,329.4,T,,M,4.0,N,,K*5D
2026-03-01T07:08:00.000Z !AIVDO,1,1,,A,15RTd30000J`sV4;9a8H4?vP0000,0*7A
2026-03-01T07:08:00.000Z $GPGGA,070800,5257.7524,N,00445.2694,E,2,9,0.9,2.5,M,,M,,*6A
2026-03-01T07:08:00.000Z $GPGSA,A,3,01,03,06,11,17,19,22,25,,,,,1.2,0.9,0.8*3D
2026-03-01T07:08:00.000Z $GPRMC,070800,A,5257.7524,N,00445.2694,E,4.2,332.6,010326,,,A*76
2026-03-01T07:08:00.000Z $GPVTG,332.3,T,,M,4.2,N,7.8,K,A*05
2026-03-01T07:08:00.000Z $GPXTE,A,A,0.020,R,N,A*2F
2026-03-01T07:08:00.000Z $IIDBT,23.7,f,7.2,M,4.0,F*26
2026-03-01T07:08:00.000Z $IIHDG,327.0,,,1.2,E*27
2026-03-01T07:08:00.000Z $IIMDA,29.9716,I,1.0150,B,8.5,C,,C,,,,,,,,,,*57
2026-03-01T07:08:00.000Z $IIMTA,8.7,C*3A
2026-03-01T07:08:00.000Z $IIMTW,6.4,C*21
2026-03-01T07:08:00.000Z $IIMWV,86.5,T,11.3,N,A*33
2026-03-01T07:08:00.000Z $IIRPM,E,1,2170,,A*52
2026-03-01T07:08:00.000Z $IIRSA,4.1,A,,V*7C
2026-03-01T07:08:00.000Z $IIVHW,327.0,T,,M,3.9,N,,K*59
2026-03-01T07:08:00.000Z $IIXDR,V,13.08,V,BATT*69
2026-03-01T07:08:10.000Z !AIVDM,1,1,,B,15N2451P00J`tC4;9g`R4?vN0<02,0*5E
2026-03-01T07:08:10.000Z $GPGGA,070810,5257.7555,N,00445.2495,E,2,10,0.9,2.5,M,,M,,*56
2026-03-01T07:08:10.000Z $GPRMC,070810,A,5257.7555,N,00445.2495,E,5.0,332.7,010326,,,A*70
2026-03-01T07:08:10.000Z $IIDBT,17.3,f,5.3,M,2.9,F*29
2026-03-01T07:08:10.000Z $IIHDG,326.7,,,1.2,E*21
2026-03-01T07:08:10.000Z $IIMWV,90.2,T,11.2,N,A*32
2026-03-01T07:08:10.000Z $IIRPM,E,1,2157,,A*57
2026-03-01T07:08:10.000Z $IIRSA,-2.0,A,,V*56
2026-03-01T07:08:10.000Z $IIVHW,326.7,T,,M,4.8,N,,K*59
2026-03-01T07:08:20.000Z $GPGGA,070820,5257.7583,N,00445.2752,E,2,9,0.9,2.5,M,,M,,*6E
2026-03-01T07:08:20.000Z $GPRMC,070820,A,5257.7583,N,00445.2752,E,4.8,332.4,010326,,,A*7A
2026-03-01T07:08:20.000Z $IIDBT,13.4,f,4.1,M,2.2,F*22
2026-03-01T07:08:20.000Z $IIHDG,329.4,,,1.2,E*2D
2026-03-01T07:08:20.000Z $IIMWV,95.2,T,11.9,N,A*3C
2026-03-01T07:08:20.000Z $IIRPM,E,1,2168,,A*5B
2026-03-01T07:08:20.000Z $IIRSA,4.9,A,,V*74
2026-03-01T07:08:20.000Z $IIVHW,329.4,T,,M,4.7,N,,K*5A
2026-03-01T07:08:30.000Z $GPGGA,070830,5257.7772,N,00445.2698,E,2,8,0.9,2.5,M,,M,,*65
2026-03-01T07:08:30.000Z $GPRMC,070830,A,5257.7772,N,00445.2698,E,3.4,329.9,010326,,,A*7C
2026-03-01T07:08:30.000Z $GPVTG,329.1,T,,M,3.4,N,6.3,K,A*06
2026-03-01T07:08:30.000Z $GPXTE,A,A,0.047,R,N,A*2E
2026-03-01T07:08:30.000Z $IIDBT,17.2,f,5.2,M,2.9,F*29
2026-03-01T07:08:30.000Z $IIHDG,329.3,,,1.2,E*2A
2026-03-01T07:08:30.000Z $IIMTA,8.4,C*39
2026-03-01T07:08:30.000Z $IIMWV,92.3,T,11.9,N,A*3A
2026-03-01T07:08:30.000Z $IIRPM,E,1,2209,,A*5F
2026-03-01T07:08:30.000Z $IIRSA,-2.4,A,,V*52
2026-03-01T07:08:30.000Z $IIVHW,329.3,T,,M,3.1,N,,K*5C
2026-03-01T07:08:30.000Z $IIXDR,V,13.01,V,BATT*60
2026-03-01T07:08:40.000Z $GPGGA,070840,5257.7821,N,00445.2496,E,2,11,0.9,2.5,M,,M,,*5F
2026-03-01T07:08:40.000Z $GPRMC,070840,A,5257.7821,N,00445.2496,E,3.5,332.4,010326,,,A*78
2026-03-01T07:08:40.000Z $IIDBT,15.3,f,4.7,M,2.6,F*21
2026-03-01T07:08:40.000Z $IIHDG,328.7,,,1.2,E*2F
2026-03-01T07:08:40.000Z $IIMWV,82.3,T,10.8,N,A*3B
2026-03-01T07:08:40.000Z $IIRPM,E,1,2164,,A*57
2026-03-01T07:08:40.000Z $IIRSA,-2.3,A,,V*55
2026-03-01T07:08:40.000Z $IIVHW,328.7,T,,M,3.1,N,,K*59
2026-03-01T07:08:50.000Z $GPGGA,070850,5257.7730,N,00445.2401,E,2,10,0.9,2.5,M,,M,,*5E
2026-03-01T07:08:50.000Z $GPRMC,070850,A,5257.7730,N,00445.2401,E,3.1,330.3,010326,,,A*79
2026-03-01T07:08:50.000Z $IIDBT,16.9,f,5.1,M,2.8,F*21
2026-03-01T07:08:50.000Z $IIHDG,328.2,,,1.2,E*2A
2026-03-01T07:08:50.000Z $IIMWV,96.6,T,10.5,N,A*36
2026-03-01T07:08:50.000Z $IIRPM,E,1,2196,,A*5A
2026-03-01T07:08:50.000Z $IIRSA,-0.3,A,,V*57
2026-03-01T07:08:50.000Z $IIVHW,328.2,T,,M,3.0,N,,K*5D
2026-03-01T07:09:00.000Z !AIVDO,1,1,,A,15RTd30000J`sV4;9a8H4?vP0000,0*7A
2026-03-01T07:09:00.000Z $GPGGA,070900,5257.7858,N,00445.2505,E,2,10,0.9,2.5,M,,M,,*5E
2026-03-01T07:09:00.000Z $GPGSA,A,3,01,03,06,11,17,19,22,25,,,,,1.2,0.9,0.8*3D
2026-03-01T07:09:00.000Z $GPRMC,070900,A,5257.7858,N,00445.2505,E,3.2,328.2,010326,,,A*72
2026-03-01T07:09:00.000Z $GPVTG,328.6,T,,M,3.2,N,6.0,K,A*05
2026-03-01T07:09:00.000Z $GPXTE,A,A,0.006,L,N,A*35
2026-03-01T07:09:00.000Z $IIDBT,24.2,f,7.4,M,4.0,F*22
2026-03-01T07:09:00.000Z $IIHDG,327.8,,,1.2,E*2F
2026-03-01T07:09:00.000Z $IIMDA,29.9661,I,1.0148,B,8.3,C,,C,,,,,,,,,,*59
2026-03-01T07:09:00.000Z $IIMTA,8.5,C*38
2026-03-01T07:09:00.000Z $IIMTW,6.7,C*22
2026-03-01T07:09:00.000Z $IIMWV,88.4,T,10.7,N,A*39
2026-03-01T07:09:00.000Z $IIRPM,E,1,2179,,A*5B
2026-03-01T07:09:00.000Z $IIRSA,-2.2,A,,V*54
2026-03-01T07:09:00.000Z $IIVHW,327.8,T,,M,2.8,N,,K*51
2026-03-01T07:09:00.000Z $IIXDR,V,13.01,V,BATT*60
2026-03-01T07:09:10.000Z !AIVDM,1,1,,B,15N2446P00J`tC4;9g`R4?vN0<02,0*5E
2026-03-01T07:09:10.000Z $GPGGA,070910,5257.7848,N,00445.2220,E,2,11,0.9,2.5,M,,M,,*5F
2026-03-01T07:09:10.000Z $GPRMC,070910,A,5257.7848,N,00445.2220,E,4.9,330.9,010326,,,A*7C
2026-03-01T07:09:10.000Z $IIDBT,16.1,f,4.9,M,2.7,F*2F
2026-03-01T07:09:10.000Z $IIHDG,328.6,,,1.2,E*2E
2026-03-01T07:09:10.000Z $IIMWV,90.2,T,11.1,N,A*31
2026-03-01T07:09:10.000Z $IIRPM,E,1,2167,,A*54
2026-03-01T07:09:10.000Z $IIRSA,1.5,A,,V*7D
2026-03-01T07:09:10.000Z $IIVHW,328.6,T,,M,4.6,N,,K*58
2026-03-01T07:09:20.000Z $GPGGA,070920,5257.7886,N,00445.2234,E,2,9,0.9,2.5,M,,M,,*62
2026-03-01T07:09:20.000Z $GPRMC,070920,A,5257.7886,N,00445.2234,E,3.0,328.5,010326,,,A*73
2026-03-01T07:09:20.000Z $IIDBT,13.3,f,4.0,M,2.2,F*24
2026-03-01T07:09:20.000Z $IIHDG,327.8,,,1.2,E*2F
2026-03-01T07:09:20.000Z $IIMWV,89.6,T,10.4,N,A*39
2026-03-01T07:09:20.000Z $IIRPM,E,1,2180,,A*5D
2026-03-01T07:09:20.000Z $IIRSA,-4.6,A,,V*56
2026-03-01T07:09:20.000Z $IIVHW,327.8,T,,M,2.7,N,,K*5E
2026-03-01T07:09:30.000Z $GPGGA,070930,5257.8078,N,00445.2180,E,2,10,0.9,2.5,M,,M,,*51
2026-03-01T07:09:30.000Z $GPRMC,070930,A,5257.8078,N,00445.2180,E,3.4,330.6,010326,,,A*76
2026-03-01T07:09:30.000Z $GPVTG,330.4,T,,M,3.4,N,6.3,K,A*0B
2026-03-01T07:09:30.000Z $GPXTE,A,A,0.004,L,N,A*37
2026-03-01T07:09:30.000Z $IIDBT,16.0,f,4.9,M,2.7,F*2E
2026-03-01T07:09:30.000Z $IIHDG,326.4,,,1.2,E*22
2026-03-01T07:09:30.000Z $IIMTA,8.6,C*3B
2026-03-01T07:09:30.000Z $IIMWV,88.4,T,10.1,N,A*3F
2026-03-01T07:09:30.000Z $IIRPM,E,1,2167,,A*54
2026-03-01T07:09:30.000Z $IIRSA,3.7,A,,V*7D
2026-03-01T07:09:30.000Z $IIVHW,326.4,T,,M,3.1,N,,K*54
2026-03-01T07:09:30.000Z $IIXDR,V,13.06,V,BATT*67
2026-03-01T07:09:40.000Z !AIVDM,1,1,,B,15N2451P00J`tC4;9g`R4?vN0<02,0*5E
2026-03-01T07:09:40.000Z $GPGGA,070940,5257.8015,N,00445.2248,E,2,8,0.9,2.5,M,,M,,*63
2026-03-01T07:09:40.000Z $GPRMC,070940,A,5257.8015,N,00445.2248,E,4.7,332.1,010326,,,A*7C
2026-03-01T07:09:40.000Z $IIDBT,24.2,f,7.4,M,4.0,F*22
2026-03-01T07:09:40.000Z $IIHDG,328.1,,,1.2,E*29
2026-03-01T07:09:40.000Z $IIMWV,96.4,T,11.0,N,A*30
2026-03-01T07:09:40.000Z $IIRPM,E,1,2158,,A*58
2026-03-01T07:09:40.000Z $IIRSA,3.3,A,,V*79
2026-03-01T07:09:40.000Z $IIVHW,328.1,T,,M,4.3,N,,K*5A
2026-03-01T07:09:50.000Z $GPGGA,070950,5257.8181,N,00445.1960,E,2,10,0.9,2.5,M,,M,,*55
2026-03-01T07:09:50.000Z $GPRMC,070950,A,5257.8181,N,00445.1960,E,3.9,331.0,010326,,,A*78
2026-03-01T07:09:50.000Z $IIDBT,19.2,f,5.9,M,3.2,F*26
2026-03-01T07:09:50.000Z $IIHDG,328.0,,,1.2,E*28
2026-03-01T07:09:50.000Z $IIMWV,89.3,T,10.7,N,A*3F
2026-03-01T07:09:50.000Z $IIRPM,E,1,2218,,A*5F
2026-03-01T07:09:50.000Z $IIRSA,3.6,A,,V*7C
2026-03-01T07:09:50.000Z $IIVHW,328.0,T,,M,3.7,N,,K*58
2026-03-01T07:10:00.000Z !AIVDO,1,1,,A,15RTd30000J`sV4;9a8H4?vP0000,0*7A
2026-03-01T07:10:00.000Z $GPGGA,071000,5257.8071,N,00445.1958,E,2,10,0.9,2.5,M,,M,,*5D
2026-03-01T07:10:00.000Z $GPGSA,A,3,01,03,06,11,17,19,22,25,,,,,1.2,0.9,0.8*3D
2026-03-01T07:10:00.000Z $GPRMC,071000,A,5257.8071,N,00445.1958,E,4.6,328.3,010326,,,A*73
2026-03-01T07:10:00.000Z $GPVTG,328.3,T,,M,4.6,N,8.6,K,A*0B
2026-03-01T07:10:00.000Z $GPXTE,A,A,0.029,R,N,A*26
2026-03-01T07:10:00.000Z $IIDBT,23.3,f,7.1,M,3.9,F*2F
2026-03-01T07:10:00.000Z $IIHDG,328.0,,,1.2,E*28
2026-03-01T07:10:00.000Z $IIMDA,29.9754,I,1.0151,B,8.5,C,,C,,,,,,,,,,*50
2026-03-01T07:10:00.000Z $IIMTA,8.6,C*3B
2026-03-01T07:10:00.000Z $IIMTW,6.5,C*20
2026-03-01T07:10:00.000Z $IIMWV,93.9,T,10.9,N,A*30
2026-03-01T07:10:00.000Z $IIRPM,E,1,2215,,A*52
2026-03-01T07:10:00.000Z $IIRSA,-4.9,A,,V*59
2026-03-01T07:10:00.000Z $IIVHW,328.0,T,,M,4.4,N,,K*5C
2026-03-01T07:10:00.000Z $IIXDR,V,13.05,V,BATT*64
2026-03-01T07:10:10.000Z !AIVDM,1,1,,B,15N2446P00J`tC4;9g`R4?vN0<02,0*5E
2026-03-01T07:10:10.000Z $GPGGA,071010,5257.8187,N,00445.1949,E,2,10,0.9,2.5,M,,M,,*54
2026-03-01T07:10:10.000Z $GPRMC,071010,A,5257.8187,N,00445.1949,E,4.1,331.1,010326,,,A*77
2026-03-01T07:10:10.000Z $IIDBT,17.9,f,5.5,M,3.0,F*2D
2026-03-01T07:10:10.000Z $IIHDG,326.6,,,1.2,E*20
2026-03-01T07:10:10.000Z $IIMWV,85.9,T,11.3,N,A*3C
2026-03-01T07:10:10.000Z $IIRPM,E,1,2173,,A*51
2026-03-01T07:10:10.000Z $IIRSA,-2.3,A,,V*55
2026-03-01T07:10:10.000Z $IIVHW,326.6,T,,M,3.7,N,,K*50
2026-03-01T07:10:20.000Z $GPGGA,071020,5257.8294,N,00445.1930,E,2,9,0.9,2.5,M,,M,,*60
2026-03-01T07:10:20.000Z $GPRMC,071020,A,5257.8294,N,00445.1930,E,4.7,331.5,010326,,,A*79
2026-03-01T07:10:20.000Z $IIDBT,22.4,f,6.8,M,3.7,F*2F
2026-03-01T07:10:20.000Z $IIHDG,327.1,,,1.2,E*26
2026-03-01T07:10:20.000Z $IIMWV,97.7,T,10.4,N,A*37
2026-03-01T07:10:20.000Z $IIRPM,E,1,2159,,A*59
2026-03-01T07:10:20.000Z $IIRSA,0.7,A,,V*7E
2026-03-01T07:10:20.000Z $IIVHW,327.1,T,,M,4.4,N,,K*52
2026-03-01T07:10:30.000Z $GPGGA,071030,5257.8298,N,00445.1780,E,2,8,0.9,2.5,M,,M,,*69
2026-03-01T07:10:30.000Z $GPRMC,071030,A,5257.8298,N,00445.1780,E,4.9,327.7,010326,,,A*7A
2026-03-01T07:10:30.000Z $GPVTG,327.4,T,,M,4.9,N,9.1,K,A*0A
2026-03-01T07:10:30.000Z $GPXTE,A,A,0.040,R,N,A*29
2026-03-01T07:10:30.000Z $IIDBT,20.6,f,6.3,M,3.4,F*27
2026-03-01T07:10:30.000Z $IIHDG,328.3,,,1.2,E*2B
2026-03-01T07:10:30.000Z $IIMTA,8.7,C*3A
2026-03-01T07:10:30.000Z $IIMWV,84.0,T,11.6,N,A*31
2026-03-01T07:10:30.000Z $IIRPM,E,1,2178,,A*5A
2026-03-01T07:10:30.000Z $IIRSA,0.0,A,,V*79
2026-03-01T07:10:30.000Z $IIVHW,328.3,T,,M,4.6,N,,K*5D
2026-03-01T07:10:30.000Z $IIXDR,V,13.05,V,BATT*64
2026-03-01T07:10:40.000Z $GPGGA,071040,5257.8315,N,00445.1788,E,2,8,0.9,2.5,M,,M,,*62
2026-03-01T07:10:40.000Z $GPRMC,071040,A,5257.8315,N,00445.1788,E,4.3,328.0,010326,,,A*73
2026-03-01T07:10:40.000Z $IIDBT,19.0,f,5.8,M,3.2,F*25
2026-03-01T07:10:40.000Z $IIHDG,329.7,,,1.2,E*2E
2026-03-01T07:10:40.000Z $IIMWV,92.3,T,10.7,N,A*35
2026-03-01T07:10:40.000Z $IIRPM,E,1,2213,,A*54
2026-03-01T07:10:40.000Z $IIRSA,1.2,A,,V*7A
2026-03-01T07:10:40.000Z $IIVHW,329.7,T,,M,3.9,N,,K*50
2026-03-01T07:10:50.000Z $GPGGA,071050,5257.8359,N,00445.1770,E,2,8,0.9,2.5,M,,M,,*6C
2026-03-01T07:10:50.000Z $GPRMC,071050,A,5257.8359,N,00445.1770,E,4.5,329.3,010326,,,A*79
2026-03-01T07:10:50.000Z $IIDBT,25.9,f,7.9,M,4.3,F*26
2026-03-01T07:10:50.000Z $IIHDG,328.1,,,1.2,E*29
2026-03-01T07:10:50.000Z $IIMWV,93.9,T,12.0,N,A*3B
2026-03-01T07:10:50.000Z $IIRPM,E,1,2250,,A*53
2026-03-01T07:10:50.000Z $IIRSA,-0.7,A,,V*53
2026-03-01T07:10:50.000Z $IIVHW,328.1,T,,M,4.3,N,,K*5A
2026-03-01T07:11:00.000Z !AIVDM,1,1,,B,15N2449P00J`tC4;9g`R4?vN0<02,0*5E
2026-03-01T07:11:00.000Z !AIVDO,1,1,,A,15RTd30000J`sV4;9a8H4?vP0000,0*7A
2026-03-01T07:11:00.000Z $GPGGA,071100,5257.8596,N,00445.1656,E,2,11,0.9,2.5,M,,M,,*50
2026-03-01T07:11:00.000Z $GPGSA,A,3,01,03,06,11,17,19,22,25,,,,,1.2,0.9,0.8*3D
2026-03-01T07:11:00.000Z $GPRMC,071100,A,5257.8596,N,00445.1656,E,4.3,327.0,010326,,,A*76
2026-03-01T07:11:00.000Z $GPVTG,327.1,T,,M,4.3,N,7.9,K,A*03
2026-03-01T07:11:00.000Z $GPXTE,A,A,0.016,L,N,A*34
2026-03-01T07:11:00.000Z $IIDBT,22.0,f,6.7,M,3.7,F*24
2026-03-01T07:11:00.000Z $IIHDG,329.0,,,1.2,E*29
2026-03-01T07:11:00.000Z $IIMDA,29.9786,I,1.0152,B,8.6,C,,C,,,,,,,,,,*5F
2026-03-01T07:11:00.000Z $IIMTA,8.7,C*3A
2026-03-01T07:11:00.000Z $IIMTW,6.6,C*23
2026-03-01T07:11:00.000Z $IIMWV,91.6,T,10.7,N,A*33
2026-03-01T07:11:00.000Z $IIRPM,E,1,2209,,A*5F
2026-03-01T07:11:00.000Z $IIRSA,-0.3,A,,V*57
2026-03-01T07:11:00.000Z $IIVHW,329.0,T,,M,3.8,N,,K*56
2026-03-01T07:11:00.000Z $IIXDR,V,13.18,V,BATT*68
2026-03-01T07:11:10.000Z $GPGGA,071110,5257.8589,N,00445.1488,E,2,9,0.9,2.5,M,,M,,*67
2026-03-01T07:11:10.000Z $GPRMC,071110,A,5257.8589,N,00445.1488,E,4.4,330.8,010326,,,A*71
2026-03-01T07:11:10.000Z $IIDBT,23.3,f,7.1,M,3.9,F*2F
2026-03-01T07:11:10.000Z $IIHDG,329.6,,,1.2,E*2F
2026-03-01T07:11:10.000Z $IIMWV,96.7,T,10.2,N,A*30
2026-03-01T07:11:10.000Z $IIRPM,E,1,2187,,A*5A
2026-03-01T07:11:10.000Z $IIRSA,0.0,A,,V*79
2026-03-01T07:11:10.000Z $IIVHW,329.6,T,,M,4.2,N,,K*5D
2026-03-01T07:11:20.000Z !AIVDM,1,1,,B,15N2460P00J`tC4;9g`R4?vN0<02,0*5E
2026-03-01T07:11:20.000Z $GPGGA,071120,5257.8554,N,00445.1707,E,2,9,0.9,2.5,M,,M,,*60
2026-03-01T07:11:20.000Z $GPRMC,071120,A,5257.8554,N,00445.1707,E,4.8,327.3,010326,,,A*77
2026-03-01T07:11:20.000Z $IIDBT,22.8,f,6.9,M,3.8,F*2D
2026-03-01T07:11:20.000Z $IIHDG,327.2,,,1.2,E*25
2026-03-01T07:11:20.000Z $IIMWV,82.1,T,11.1,N,A*31
2026-03-01T07:11:20.000Z $IIRPM,E,1,2213,,A*54
2026-03-01T07:11:20.000Z $IIRSA,-2.0,A,,V*56
2026-03-01T07:11:20.000Z $IIVHW,327.2,T,,M,4.7,N,,K*52
2026-03-01T07:11:30.000Z $GPGGA,071130,5257.8578,N,00445.1480,E,2,10,0.9,2.5,M,,M,,*5B
2026-03-01T07:11:30.000Z $GPRMC,071130,A,5257.8578,N,00445.1480,E,4.3,327.1,010326,,,A*7D
2026-03-01T07:11:30.000Z $GPVTG,327.0,T,,M,4.3,N,8.0,K,A*04
2026-03-01T07:11:30.000Z $GPXTE,A,A,0.021,L,N,A*30
2026-03-01T07:11:30.000Z $IIDBT,19.2,f,5.8,M,3.2,F*27
2026-03-01T07:11:30.000Z $IIHDG,326.6,,,1.2,E*20
2026-03-01T07:11:30.000Z $IIMTA,8.5,C*38
2026-03-01T07:11:30.000Z $IIMWV,82.5,T,11.7,N,A*33
2026-03-01T07:11:30.000Z $IIRPM,E,1,2208,,A*5E
2026-03-01T07:11:30.000Z $IIRSA,2.4,A,,V*7F
2026-03-01T07:11:30.000Z $IIVHW,326.6,T,,M,3.9,N,,K*5E
2026-03-01T07:11:30.000Z $IIXDR,V,13.15,V,BATT*65
2026-03-01T07:11:40.000Z $GPGGA,071140,5257.8664,N,00445.1573,E,2,10,0.9,2.5,M,,M,,*5F
2026-03-01T07:11:40.000Z $GPRMC,071140,A,5257.8664,N,00445.1573,E,4.2,328.1,010326,,,A*77
2026-03-01T07:11:40.000Z $IIDBT,19.6,f,6.0,M,3.3,F*29
2026-03-01T07:11:40.000Z $IIHDG,326.7,,,1.2,E*21
2026-03-01T07:11:40.000Z $IIMWV,91.2,T,10.3,N,A*33
2026-03-01T07:11:40.000Z $IIRPM,E,1,2172,,A*50
2026-03-01T07:11:40.000Z $IIRSA,3.9,A,,V*73
2026-03-01T07:11:40.000Z $IIVHW,326.7,T,,M,4.1,N,,K*50
2026-03-01T07:11:50.000Z $GPGGA,071150,5257.8700,N,00445.1364,E,2,11,0.9,2.5,M,,M,,*5C
2026-03-01T07:11:50.000Z $GPRMC,071150,A,5257.8700,N,00445.1364,E,4.2,330.7,010326,,,A*7A
2026-03-01T07:11:50.000Z $IIDBT,13.7,f,4.2,M,2.3,F*23
2026-03-01T07:11:50.000Z $IIHDG,328.1,,,1.2,E*29
2026-03-01T07:11:50.000Z $IIMWV,91.3,T,10.3,N,A*32
2026-03-01T07:11:50.000Z $IIRPM,E,1,2191,,A*5D
2026-03-01T07:11:50.000Z $IIRSA,2.3,A,,V*78
2026-03-01T07:11:50.000Z $IIVHW,328.1,T,,M,4.0,N,,K*59
2026-03-01T07:12:00.000Z !AIVDO,1,1,,A,15RTd30000J`sV4;9a8H4?vP0000,0*7A
2026-03-01T07:12:00.000Z $GPGGA,071200,5257.8738,N,00445.1336,E,2,8,0.9,2.5,M,,M,,*6E
2026-03-01T07:12:00.000Z $GPGSA,A,3,01,03,06,11,17,19,22,25,,,,,1.2,0.9,0.8*3D
2026-03-01T07:12:00.000Z $GPRMC,071200,A,5257.8738,N,00445.1336,E,4.8,327.7,010326,,,A*7C
2026-03-01T07:12:00.000Z $GPVTG,327.6,T,,M,4.8,N,8.8,K,A*01
2026-03-01T07:12:00.000Z $GPXTE,A,A,0.020,R,N,A*2F
2026-03-01T07:12:00.000Z $IIDBT,23.2,f,7.1,M,3.9,F*2E
2026-03-01T07:12:00.000Z $IIHDG,327.5,,,1.2,E*22
2026-03-01T07:12:00.000Z $IIMDA,29.9737,I,1.0150,B,8.4,C,,C,,,,,,,,,,*55
2026-03-01T07:12:00.000Z $IIMTA,8.3,C*3E
2026-03-01T07:12:00.000Z $IIMTW,6.2,C*27
2026-03-01T07:12:00.000Z $IIMWV,97.1,T,11.2,N,A*36
2026-03-01T07:12:00.000Z $IIRPM,E,1,2219,,A*5E
2026-03-01T07:12:00.000Z $IIRSA,1.3,A,,V*7B
2026-03-01T07:12:00.000Z $IIVHW,327.5,T,,M,4.3,N,,K*51
2026-03-01T07:12:00.000Z $IIXDR,V,13.05,V,BATT*64
2026-03-01T07:12:10.000Z $GPGGA,071210,5257.8979,N,00445.1441,E,2,9,0.9,2.5,M,,M,,*62
2026-03-01T07:12:10.000Z $GPRMC,071210,A,5257.8979,N,00445.1441,E,4.0,327.1,010326,,,A*7F
2026-03-01T07:12:10.000Z $IIDBT,18.5,f,5.6,M,3.1,F*2C
2026-03-01T07:12:10.000Z $IIHDG,327.5,,,1.2,E*22
2026-03-01T07:12:10.000Z $IIMWV,96.5,T,11.3,N,A*32
2026-03-01T07:12:10.000Z $IIRPM,E,1,2198,,A*54
2026-03-01T07:12:10.000Z $IIRSA,-3.1,A,,V*56
2026-03-01T07:12:10.000Z $IIVHW,327.5,T,,M,3.8,N,,K*5D
2026-03-01T07:12:20.000Z $GPGGA,071220,5257.8930,N,00445.1120,E,2,11,0.9,2.5,M,,M,,*57
2026-03-01T07:12:20.000Z $GPRMC,071220,A,5257.8930,N,00445.1120,E,4.5,327.6,010326,,,A*71
2026-03-01T07:12:20.000Z $IIDBT,25.3,f,7.7,M,4.2,F*23
2026-03-01T07:12:20.000Z $IIHDG,329.3,,,1.2,E*2A
2026-03-01T07:12:20.000Z $IIMWV,96.4,T,11.3,N,A*33
2026-03-01T07:12:20.000Z $IIRPM,E,1,2243,,A*51
2026-03-01T07:12:20.000Z $IIRSA,3.9,A,,V*73
2026-03-01T07:12:20.000Z $IIVHW,329.3,T,,M,4.1,N,,K*5B
2026-03-01T07:12:30.000Z $GPGGA,071230,5257.9042,N,00445.1317,E,2,9,0.9,2.5,M,,M,,*64
2026-03-01T07:12:30.000Z $GPRMC,071230,A,5257.9042,N,00445.1317,E,3.5,329.0,010326,,,A*74
2026-03-01T07:12:30.000Z $GPVTG,329.4,T,,M,3.5,N,6.5,K,A*04
2026-03-01T07:12:30.000Z $GPXTE,A,A,0.002,L,N,A*31
2026-03-01T07:12:30.000Z $IIDBT,15.4,f,4.7,M,2.6,F*26
2026-03-01T07:12:30.000Z $IIHDG,329.9,,,1.2,E*20
2026-03-01T07:12:30.000Z $IIMTA,8.7,C*3A
2026-03-01T07:12:30.000Z $IIMWV,89.6,T,10.1,N,A*3C
2026-03-01T07:12:30.000Z $IIRPM,E,1,2229,,A*5D
2026-03-01T07:12:30.000Z $IIRSA,-0.8,A,,V*5C
2026-03-01T07:12:30.000Z $IIVHW,329.9,T,,M,3.1,N,,K*56
2026-03-01T07:12:30.000Z $IIXDR,V,13.14,V,BATT*64
2026-03-01T07:12:40.000Z $GPGGA,071240,5257.9059,N,00445.1109,E,2,11,0.9,2.5,M,,M,,*5D
2026-03-01T07:12:40.000Z $GPRMC,071240,A,5257.9059,N,00445.1109,E,3.4,327.1,010326,,,A*7A
2026-03-01T07:12:40.000Z $IIDBT,14.5,f,4.4,M,2.4,F*27
2026-03-01T07:12:40.000Z $IIHDG,329.8,,,1.2,E*21
2026-03-01T07:12:40.000Z $IIMWV,84.9,T,10.3,N,A*3C
2026-03-01T07:12:40.000Z $IIRPM,E,1,2171,,A*53
2026-03-01T07:12:40.000Z $IIRSA,-3.3,A,,V*54
2026-03-01T07:12:40.000Z $IIVHW,329.8,T,,M,3.1,N,,K*57
2026-03-01T07:12:50.000Z $GPGGA,071250,5257.9052,N,00445.0927,E,2,9,0.9,2.5,M,,M,,*6B
2026-03-01T07:12:50.000Z $GPRMC,071250,A,5257.9052,N,00445.0927,E,3.3,327.5,010326,,,A*76
2026-03-01T07:12:50.000Z $IIDBT,20.7,f,6.3,M,3.5,F*27
2026-03-01T07:12:50.000Z $IIHDG,330.0,,,1.2,E*21
2026-03-01T07:12:50.000Z $IIMWV,97.6,T,11.5,N,A*36
2026-03-01T07:12:50.000Z $IIRPM,E,1,2226,,A*52
2026-03-01T07:12:50.000Z $IIRSA,-0.9,A,,V*5D
2026-03-01T07:12:50.000Z $IIVHW,330.0,T,,M,2.9,N,,K*5E
2026-03-01T07:13:00.000Z !AIVDM,1,1,,B,15N2445P00J`tC4;9g`R4?vN0<02,0*5E
2026-03-01T07:13:00.000Z !AIVDO,1,1,,A,15RTd30000J`sV4;9a8H4?vP0000,0*7A
2026-03-01T07:13:00.000Z $GPGGA,071300,5257.9058,N,00445.1114,E,2,8,0.9,2.5,M,,M,,*6D
2026-03-01T07:13:00.000Z $GPGSA,A,3,01,03,06,11,17,19,22,25,,,,,1.2,0.9,0.8*3D
2026-03-01T07:13:00.000Z $GPRMC,071300,A,5257.9058,N,00445.1114,E,3.4,328.6,010326,,,A*7A
2026-03-01T07:13:00.000Z $GPVTG,328.5,T,,M,3.4,N,6.3,K,A*03
2026-03-01T07:13:00.000Z $GPXTE,A,A,0.015,R,N,A*29
2026-03-01T07:13:00.000Z $IIDBT,13.3,f,4.1,M,2.2,F*25
2026-03-01T07:13:00.000Z $IIHDG,329.4,,,1.2,E*2D
2026-03-01T07:13:00.000Z $IIMDA,29.9845,I,1.0154,B,8.5,C,,C,,,,,,,,,,*5A
2026-03-01T07:13:00.000Z $IIMTA,8.6,C*3B
2026-03-01T07:13:00.000Z $IIMTW,6.8,C*2D
2026-03-01T07:13:00.000Z $IIMWV,97.6,T,10.7,N,A*35
2026-03-01T07:13:00.000Z $IIRPM,E,1,2240,,A*52
2026-03-01T07:13:00.000Z $IIRSA,0.7,A,,V*7E
2026-03-01T07:13:00.000Z $IIVHW,329.4,T,,M,3.0,N,,K*5A
2026-03-01T07:13:00.000Z $IIXDR,V,13.19,V,BATT*69
2026-03-01T07:13:10.000Z !AIVDM,1,1,,B,15N2445P00J`tC4;9g`R4?vN0<02,0*5E
2026-03-01T07:13:10.000Z $GPGGA,071310,5257.9261,N,00445.1032,E,2,8,0.9,2.5,M,,M,,*61
2026-03-01T07:13:10.000Z $GPRMC,071310,A,5257.9261,N,00445.1032,E,4.2,331.4,010326,,,A*7D
2026-03-01T07:13:10.000Z $IIDBT,17.5,f,5.3,M,2.9,F*2F
2026-03-01T07:13:10.000Z $IIHDG,329.7,,,1.2,E*2E
2026-03-01T07:13:10.000Z $IIMWV,96.7,T,11.6,N,A*35
2026-03-01T07:13:10.000Z $IIRPM,E,1,2186,,A*5B
2026-03-01T07:13:10.000Z $IIRSA,-4.3,A,,V*53
2026-03-01T07:13:10.000Z $IIVHW,329.7,T,,M,4.0,N,,K*5E
2026-03-01T07:13:20.000Z !AIVDM,1,1,,B,15N2446P00J`tC4;9g`R4?vN0<02,0*5E
2026-03-01T07:13:20.000Z $GPGGA,071320,5257.9214,N,00445.0890,E,2,11,0.9,2.5,M,,M,,*59
2026-03-01T07:13:20.000Z $GPRMC,071320,A,5257.9214,N,00445.0890,E,3.6,330.4,010326,,,A*7F
2026-03-01T07:13:20.000Z $IIDBT,17.8,f,5.4,M,3.0,F*2D
2026-03-01T07:13:20.000Z $IIHDG,329.3,,,1.2,E*2A
2026-03-01T07:13:20.000Z $IIMWV,87.9,T,10.9,N,A*35
2026-03-01T07:13:20.000Z $IIRPM,E,1,2195,,A*59
2026-03-01T07:13:20.000Z $IIRSA,0.2,A,,V*7B
2026-03-01T07:13:20.000Z $IIVHW,329.3,T,,M,3.3,N,,K*5E
2026-03-01T07:13:30.000Z !AIVDM,1,1,,B,15N2446P00J`tC4;9g`R4?vN0<02,0*5E
2026-03-01T07:13:30.000Z $GPGGA,071330,5257.9219,N,00445.0923,E,2,11,0.9,2.5,M,,M,,*5C
2026-03-01T07:13:30.000Z $GPRMC,071330,A,5257.9219,N,00445.0923,E,4.9,329.6,010326,,,A*78
2026-03-01T07:13:30.000Z $GPVTG,329.5,T,,M,4.9,N,9.1,K,A*05
2026-03-01T07:13:30.000Z $GPXTE,A,A,0.005,R,N,A*28
2026-03-01T07:13:30.000Z $IIDBT,25.8,f,7.9,M,4.3,F*27
2026-03-01T07:13:30.000Z $IIHDG,329.2,,,1.2,E*2B
2026-03-01T07:13:30.000Z $IIMTA,8.3,C*3E
2026-03-01T07:13:30.000Z $IIMWV,90.3,T,10.1,N,A*31
2026-03-01T07:13:30.000Z $IIRPM,E,1,2240,,A*52
2026-03-01T07:13:30.000Z $IIRSA,1.2,A,,V*7A
2026-03-01T07:13:30.000Z $IIVHW,329.2,T,,M,4.5,N,,K*5E
2026-03-01T07:13:30.000Z $IIXDR,V,13.06,V,BATT*67
2026-03-01T07:13:40.000Z $GPGGA,071340,5257.9347,N,00445.0747,E,2,9,0.9,2.5,M,,M,,*64
2026-03-01T07:13:40.000Z $GPRMC,071340,A,5257.9347,N,00445.0747,E,4.2,330.5,010326,,,A*79
2026-03-01T07:13:40.000Z $IIDBT,26.1,f,7.9,M,4.3,F*2D
2026-03-01T07:13:40.000Z $IIHDG,326.9,,,1.2,E*2F
2026-03-01T07:13:40.000Z $IIMWV,87.7,T,11.7,N,A*34
2026-03-01T07:13:40.000Z $IIRPM,E,1,2244,,A*56
2026-03-01T07:13:40.000Z $IIRSA,-4.3,A,,V*53
2026-03-01T07:13:40.000Z $IIVHW,326.9,T,,M,3.9,N,,K*51
2026-03-01T07:13:50.000Z $GPGGA,071350,5257.9475,N,00445.0602,E,2,9,0.9,2.5,M,,M,,*63
2026-03-01T07:13:50.000Z $GPRMC,071350,A,5257.9475,N,00445.0602,E,3.2,332.9,010326,,,A*77
2026-03-01T07:13:50.000Z $IIDBT,17.9,f,5.5,M,3.0,F*2D
2026-03-01T07:13:50.000Z $IIHDG,328.7,,,1.2,E*2F
2026-03-01T07:13:50.000Z $IIMWV,90.7,T,10.2,N,A*36
2026-03-01T07:13:50.000Z $IIRPM,E,1,2182,,A*5F
2026-03-01T07:13:50.000Z $IIRSA,-3.4,A,,V*53
2026-03-01T07:13:50.000Z $IIVHW,328.7,T,,M,2.9,N,,K*50
2026-03-01T07:14:00.000Z !AIVDO,1,1,,A,15RTd30000J`sV4;9a8H4?vP0000,0*7A
2026-03-01T07:14:00.000Z $GPGGA,071400,5257.9548,N,00445.0642,E,2,8,0.9,2.5,M,,M,,*6B
2026-03-01T07:14:00.000Z $GPGSA,A,3,01,03,06,11,17,19,22,25,,,,,1.2,0.9,0.8*3D
2026-03-01T07:14:00.000Z $GPRMC,071400,A,5257.9548,N,00445.0642,E,3.9,331.8,010326,,,A*77
2026-03-01T07:14:00.000Z $GPVTG,331.2,T,,M,3.9,N,7.3,K,A*00
2026-03-01T07:14:00.000Z $GPXTE,A,A,0.021,L,N,A*30
2026-03-01T07:14:00.000Z $IIDBT,15.3,f,4.7,M,2.5,F*22
2026-03-01T07:14:00.000Z $IIHDG,328.5,,,1.2,E*2D
2026-03-01T07:14:00.000Z $IIMDA,29.9706,I,1.0149,B,8.3,C,,C,,,,,,,,,,*58
2026-03-01T07:14:00.000Z $IIMTA,8.3,C*3E
2026-03-01T07:14:00.000Z $IIMTW,6.5,C*20
2026-03-01T07:14:00.000Z $IIMWV,91.5,T,11.5,N,A*33
2026-03-01T07:14:00.000Z $IIRPM,E,1,2232,,A*57
2026-03-01T07:14:00.000Z $IIRSA,1.3,A,,V*7B
2026-03-01T07:14:00.000Z $IIVHW,328.5,T,,M,3.7,N,,K*5D
2026-03-01T07:14:00.000Z $IIXDR,V,13.18,V,BATT*68
2026-03-01T07:14:10.000Z $GPGGA,071410,5257.9557,N,00445.0644,E,2,10,0.9,2.5,M,,M,,*5B
2026-03-01T07:14:10.000Z $GPRMC,071410,A,5257.9557,N,00445.0644,E,4.8,328.3,010326,,,A*7B
2026-03-01T07:14:10.000Z $IIDBT,21.1,f,6.4,M,3.5,F*27
2026-03-01T07:14:10.000Z $IIHDG,326.2,,,1.2,E*24
2026-03-01T07:14:10.000Z $IIMWV,93.1,T,10.3,N,A*32
2026-03-01T07:14:10.000Z $IIRPM,E,1,2228,,A*5C
2026-03-01T07:14:10.000Z $IIRSA,-3.4,A,,V*53
2026-03-01T07:14:10.000Z $IIVHW,326.2,T,,M,4.4,N,,K*50
2026-03-01T07:14:20.000Z !AIVDM,1,1,,B,15N2446P00J`tC4;9g`R4?vN0<02,0*5E
2026-03-01T07:14:20.000Z $GPGGA,071420,5257.9594,N,00445.0558,E,2,8,0.9,2.5,M,,M,,*60
2026-03-01T07:14:20.000Z $GPRMC,071420,A,5257.9594,N,00445.0558,E,3.3,327.1,010326,,,A*78
2026-03-01T07:14:20.000Z $IIDBT,21.8,f,6.7,M,3.6,F*2E
2026-03-01T07:14:20.000Z $IIHDG,328.4,,,1.2,E*2C
2026-03-01T07:14:20.000Z $IIMWV,82.5,T,11.9,N,A*3D
2026-03-01T07:14:20.000Z $IIRPM,E,1,2165,,A*56
2026-03-01T07:14:20.000Z $IIRSA,3.7,A,,V*7D
2026-03-01T07:14:20.000Z $IIVHW,328.4,T,,M,3.0,N,,K*5B
2026-03-01T07:14:30.000Z !AIVDM,1,1,,B,15N2449P00J`tC4;9g`R4?vN0<02,0*5E
2026-03-01T07:14:30.000Z $GPGGA,071430,5257.9654,N,00445.0693,E,2,8,0.9,2.5,M,,M,,*6A
2026-03-01T07:14:30.000Z $GPRMC,071430,A,5257.9654,N,00445.0693,E,3.7,330.5,010326,,,A*74
2026-03-01T07:14:30.000Z $GPVTG,330.4,T,,M,3.7,N,6.8,K,A*03
2026-03-01T07:14:30.000Z $GPXTE,A,A,0.005,R,N,A*28
2026-03-01T07:14:30.000Z $IIDBT,19.5,f,5.9,M,3.3,F*20
2026-03-01T07:14:30.000Z $IIHDG,327.9,,,1.2,E*2E
2026-03-01T07:14:30.000Z $IIMTA,8.6,C*3B
2026-03-01T07:14:30.000Z $IIMWV,90.1,T,11.1,N,A*32
2026-03-01T07:14:30.000Z $IIRPM,E,1,2203,,A*55
2026-03-01T07:14:30.000Z $IIRSA,3.5,A,,V*7F
2026-03-01T07:14:30.000Z $IIVHW,327.9,T,,M,3.2,N,,K*5B
2026-03-01T07:14:30.000Z $IIXDR,V,13.18,V,BATT*68
2026-03-01T07:14:40.000Z $GPGGA,071440,5257.9716,N,00445.0344,E,2,10,0.9,2.5,M,,M,,*5C
2026-03-01T07:14:40.000Z $GPRMC,071440,A,5257.9716,N,00445.0344,E,3.6,332.3,010326,,,A*7E
2026-03-01T07:14:40.000Z $IIDBT,15.2,f,4.6,M,2.5,F*22
2026-03-01T07:14:40.000Z $IIHDG,328.0,,,1.2,E*28
2026-03-01T07:14:40.000Z $IIMWV,85.9,T,11.9,N,A*36
2026-03-01T07:14:40.000Z $IIRPM,E,1,2215,,A*52
2026-03-01T07:14:40.000Z $IIRSA,2.8,A,,V*73
2026-03-01T07:14:40.000Z $IIVHW,328.0,T,,M,3.3,N,,K*5C
2026-03-01T07:14:50.000Z !AIVDM,1,1,,B,15N2449P00J`tC4;9g`R4?vN0<02,0*5E
2026-03-01T07:14:50.000Z $GPGGA,071450,5257.9765,N,00445.0347,E,2,9,0.9,2.5,M,,M,,*62
2026-03-01T07:14:50.000Z $GPRMC,071450,A,5257.9765,N,00445.0347,E,3.7,331.3,010326,,,A*7A
2026-03-01T07:14:50.000Z $IIDBT,13.6,f,4.1,M,2.3,F*21
2026-03-01T07:14:50.000Z $IIHDG,329.6,,,1.2,E*2F
2026-03-01T07:14:50.000Z $IIMWV,84.7,T,10.3,N,A*32
2026-03-01T07:14:50.000Z $IIRPM,E,1,2247,,A*55
2026-03-01T07:14:50.000Z $IIRSA,4.9,A,,V*74
2026-03-01T07:14:50.000Z $IIVHW,329.6,T,,M,3.4,N,,K*5C
2026-03-01T07:15:00.000Z !AIVDO,1,1,,A,15RTd30000J`sV4;9a8H4?vP0000,0*7A
2026-03-01T07:15:00.000Z $GPGGA,071500,5257.9848,N,00445.0274,E,2,9,0.9,2.5,M,,M,,*67
2026-03-01T07:15:00.000Z $GPGSA,A,3,01,03,06,11,17,19,22,25,,,,,1.2,0.9,0.8*3D
2026-03-01T07:15:00.000Z $GPRMC,071500,A,5257.9848,N,00445.0274,E,4.0,328.7,010326,,,A*73
2026-03-01T07:15:00.000Z $GPVTG,328.9,T,,M,4.0,N,7.3,K,A*0D
2026-03-01T07:15:00.000Z $GPXTE,A,A,0.033,R,N,A*2D
2026-03-01T07:15:00.000Z $IIDBT,24.3,f,7.4,M,4.0,F*23
2026-03-01T07:15:00.000Z $IIHDG,330.0,,,1.2,E*21
2026-03-01T07:15:00.000Z $IIMDA,29.9888,I,1.0155,B,8.6,C,,C,,,,,,,,,,*59
2026-03-01T07:15:00.000Z $IIMTA,8.6,C*3B
2026-03-01T07:15:00.000Z $IIMTW,6.2,C*27
2026-03-01T07:15:00.000Z $IIMWV,95.1,T,11.0,N,A*36
2026-03-01T07:15:00.000Z $IIRPM,E,1,2182,,A*5F
2026-03-01T07:15:00.000Z $IIRSA,-4.2,A,,V*52
2026-03-01T07:15:00.000Z $IIVHW,330.0,T,,M,3.6,N,,K*50
2026-03-01T07:15:00.000Z $IIXDR,V,13.14,V,BATT*64
2026-03-01T07:15:10.000Z !AIVDM,1,1,,B,15N2446P00J`tC4;9g`R4?vN0<02,0*5E
2026-03-01T07:15:10.000Z $GPGGA,071510,5257.9939,N,00445.0153,E,2,11,0.9,2.5,M,,M,,*5E
2026-03-01T07:15:10.000Z $GPRMC,071510,A,5257.9939,N,00445.0153,E,3.6,327.9,010326,,,A*73
2026-03-01T07:15:10.000Z $IIDBT,19.4,f,5.9,M,3.2,F*20
2026-03-01T07:15:10.000Z $IIHDG,327.4,,,1.2,E*23
2026-03-01T07:15:10.000Z $IIMWV,95.2,T,11.0,N,A*35
2026-03-01T07:15:10.000Z $IIRPM,E,1,2155,,A*55
2026-03-01T07:15:10.000Z $IIRSA,2.4,A,,V*7F
2026-03-01T07:15:10.000Z $IIVHW,327.4,T,,M,3.3,N,,K*57
2026-03-01T07:15:20.000Z $GPGGA,071520,5257.9851,N,00445.0367,E,2,9,0.9,2.5,M,,M,,*6E
2026-03-01T07:15:20.000Z $GPRMC,071520,A,5257.9851,N,00445.0367,E,4.3,328.6,010326,,,A*78
2026-03-01T07:15:20.000Z $IIDBT,18.2,f,5.6,M,3.0,F*2A
2026-03-01T07:15:20.000Z $IIHDG,326.1,,,1.2,E*27
2026-03-01T07:15:20.000Z $IIMWV,94.3,T,10.0,N,A*34
2026-03-01T07:15:20.000Z $IIRPM,E,1,2205,,A*53
2026-03-01T07:15:20.000Z $IIRSA,2.1,A,,V*7A
2026-03-01T07:15:20.000Z $IIVHW,326.1,T,,M,3.9,N,,K*59
2026-03-01T07:15:30.000Z $GPGGA,071530,5258.0128,N,00445.0161,E,2,8,0.9,2.5,M,,M,,*6B
2026-03-01T07:15:30.000Z $GPRMC,071530,A,5258.0128,N,00445.0161,E,3.7,329.2,010326,,,A*7A
2026-03-01T07:15:30.000Z $GPVTG,329.2,T,,M,3.7,N,6.9,K,A*0C
2026-03-01T07:15:30.000Z $GPXTE,A,A,0.002,L,N,A*31
2026-03-01T07:15:30.000Z $IIDBT,25.5,f,7.8,M,4.3,F*2B
2026-03-01T07:15:30.000Z $IIHDG,329.5,,,1.2,E*2C
2026-03-01T07:15:30.000Z $IIMTA,8.6,C*3B
2026-03-01T07:15:30.000Z $IIMWV,90.6,T,10.3,N,A*36
2026-03-01T07:15:30.000Z $IIRPM,E,1,2232,,A*57
2026-03-01T07:15:30.000Z $IIRSA,1.0,A,,V*78
2026-03-01T07:15:30.000Z $IIVHW,329.5,T,,M,3.6,N,,K*5D
2026-03-01T07:15:30.000Z $IIXDR,V,13.16,V,BATT*66
2026-03-01T07:15:40.000Z $GPGGA,071540,5257.9993,N,00445.0051,E,2,8,0.9,2.5,M,,M,,*60
2026-03-01T07:15:40.000Z $GPRMC,071540,A,5257.9993,N,00445.0051,E,3.2,330.1,010326,,,A*7F
2026-03-01T07:15:40.000Z $IIDBT,14.9,f,4.6,M,2.5,F*28
2026-03-01T07:15:40.000Z $IIHDG,326.1,,,1.2,E*27
2026-03-01T07:15:40.000Z $IIMWV,86.4,T,11.4,N,A*35
2026-03-01T07:15:40.000Z $IIRPM,E,1,2209,,A*5F
2026-03-01T07:15:40.000Z $IIRSA,0.7,A,,V*7E
2026-03-01T07:15:40.000Z $IIVHW,326.1,T,,M,3.1,N,,K*51
2026-03-01T07:15:50.000Z !AIVDM,1,1,,B,15N2446P00J`tC4;9g`R4?vN0<02,0*5E
2026-03-01T07:15:50.000Z $GPGGA,071550,5258.0236,N,00445.0104,E,2,8,0.9,2.5,M,,M,,*62
2026-03-01T07:15:50.000Z $GPRMC,071550,A,5258.0236,N,00445.0104,E,4.8,331.1,010326,,,A*71
2026-03-01T07:15:50.000Z $IIDBT,17.8,f,5.4,M,3.0,F*2D
2026-03-01T07:15:50.000Z $IIHDG,326.8,,,1.2,E*2E
2026-03-01T07:15:50.000Z $IIMWV,95.8,T,10.4,N,A*3A
2026-03-01T07:15:50.000Z $IIRPM,E,1,2219,,A*5E
2026-03-01T07:15:50.000Z $IIRSA,-4.9,A,,V*59
2026-03-01T07:15:50.000Z $IIVHW,326.8,T,,M,4.5,N,,K*5B
2026-03-01T07:16:00.000Z !AIVDM,1,1,,B,15N2460P00J`tC4;9g`R4?vN0<02,0*5E
2026-03-01T07:16:00.000Z !AIVDO,1,1,,A,15RTd30000J`sV4;9a8H4?vP0000,0*7A
2026-03-01T07:16:00.000Z $GPGGA,071600,5258.0085,N,00445.0015,E,2,9,0.9,2.5,M,,M,,*6E
2026-03-01T07:16:00.000Z $GPGSA,A,3,01,03,06,11,17,19,22,25,,,,,1.2,0.9,0.8*3D
2026-03-01T07:16:00.000Z $GPRMC,071600,A,5258.0085,N,00445.0015,E,4.8,328.6,010326,,,A*73
2026-03-01T07:16:00.000Z $GPVTG,328.6,T,,M,4.8,N,9.0,K,A*07
2026-03-01T07:16:00.000Z $GPXTE,A,A,0.004,R,N,A*29
2026-03-01T07:16:00.000Z $IIDBT,13.6,f,4.1,M,2.3,F*21
2026-03-01T07:16:00.000Z $IIHDG,329.9,,,1.2,E*20
2026-03-01T07:16:00.000Z $IIMDA,29.9872,I,1.0155,B,8.6,C,,C,,,,,,,,,,*5C
2026-03-01T07:16:00.000Z $IIMTA,8.6,C*3B
2026-03-01T07:16:00.000Z $IIMTW,6.3,C*26
2026-03-01T07:16:00.000Z $IIMWV,96.6,T,10.1,N,A*32
2026-03-01T07:16:00.000Z $IIRPM,E,1,2177,,A*55
2026-03-01T07:16:00.000Z $IIRSA,2.8,A,,V*73
2026-03-01T07:16:00.000Z $IIVHW,329.9,T,,M,4.6,N,,K*56
2026-03-01T07:16:00.000Z $IIXDR,V,13.04,V,BATT*65
2026-03-01T07:16:10.000Z $GPGGA,071610,5258.0119,N,00444.9828,E,2,8,0.9,2.5,M,,M,,*64
2026-03-01T07:16:10.000Z $GPRMC,071610,A,5258.0119,N,00444.9828,E,4.8,328.7,010326,,,A*79
2026-03-01T07:16:10.000Z $IIDBT,21.4,f,6.5,M,3.6,F*20
2026-03-01T07:16:10.000Z $IIHDG,329.0,,,1.2,E*29
2026-03-01T07:16:10.000Z $IIMWV,96.3,T,10.1,N,A*37
2026-03-01T07:16:10.000Z $IIRPM,E,1,2180,,A*5D
2026-03-01T07:16:10.000Z $IIRSA,4.3,A,,V*7E
2026-03-01T07:16:10.000Z $IIVHW,329.0,T,,M,4.3,N,,K*5A
2026-03-01T07:16:20.000Z $GPGGA,071620,5258.0342,N,00444.9740,E,2,10,0.9,2.5,M,,M,,*53
2026-03-01T07:16:20.000Z $GPRMC,071620,A,5258.0342,N,00444.9740,E,4.9,328.3,010326,,,A*72
2026-03-01T07:16:20.000Z $IIDBT,24.1,f,7.3,M,4.0,F*26
2026-03-01T07:16:20.000Z $IIHDG,329.2,,,1.2,E*2B
2026-03-01T07:16:20.000Z $IIMWV,90.1,T,11.3,N,A*30
2026-03-01T07:16:20.000Z $IIRPM,E,1,2236,,A*53
2026-03-01T07:16:20.000Z $IIRSA,-4.3,A,,V*53
2026-03-01T07:16:20.000Z $IIVHW,329.2,T,,M,4.6,N,,K*5D
2026-03-01T07:16:30.000Z $GPGGA,071630,5258.0277,N,00445.0024,E,2,10,0.9,2.5,M,,M,,*58
2026-03-01T07:16:30.000Z $GPRMC,071630,A,5258.0277,N,00445.0024,E,4.0,331.8,010326,,,A*73
2026-03-01T07:16:30.000Z $GPVTG,331.3,T,,M,4.0,N,7.4,K,A*08
2026-03-01T07:16:30.000Z $GPXTE,A,A,0.043,R,N,A*2A
2026-03-01T07:16:30.000Z $IIDBT,20.4,f,6.2,M,3.4,F*24
2026-03-01T07:16:30.000Z $IIHDG,329.9,,,1.2,E*20
2026-03-01T07:16:30.000Z $IIMTA,8.3,C*3E
2026-03-01T07:16:30.000Z $IIMWV,94.9,T,11.7,N,A*38
2026-03-01T07:16:30.000Z $IIRPM,E,1,2249,,A*5B
2026-03-01T07:16:30.000Z $IIRSA,-0.3,A,,V*57
2026-03-01T07:16:30.000Z $IIVHW,329.9,T,,M,3.8,N,,K*5F
2026-03-01T07:16:30.000Z $IIXDR,V,13.15,V,BATT*65
2026-03-01T07:16:40.000Z $GPGGA,071640,5258.0463,N,00444.9694,E,2,10,0.9,2.5,M,,M,,*59
2026-03-01T07:16:40.000Z $GPRMC,071640,A,5258.0463,N,00444.9694,E,4.8,328.2,010326,,,A*78
2026-03-01T07:16:40.000Z $IIDBT,19.4,f,5.9,M,3.2,F*20
2026-03-01T07:16:40.000Z $IIHDG,328.5,,,1.2,E*2D
2026-03-01T07:16:40.000Z $IIMWV,83.5,T,11.9,N,A*3C
2026-03-01T07:16:40.000Z $IIRPM,E,1,2209,,A*5F
2026-03-01T07:16:40.000Z $IIRSA,-2.6,A,,V*50
2026-03-01T07:16:40.000Z $IIVHW,328.5,T,,M,4.4,N,,K*59
2026-03-01T07:16:50.000Z $GPGGA,071650,5258.0493,N,00444.9814,E,2,10,0.9,2.5,M,,M,,*51
2026-03-01T07:16:50.000Z $GPRMC,071650,A,5258.0493,N,00444.9814,E,3.9,327.1,010326,,,A*7A
2026-03-01T07:16:50.000Z $IIDBT,20.4,f,6.2,M,3.4,F*24
2026-03-01T07:16:50.000Z $IIHDG,328.7,,,1.2,E*2F
2026-03-01T07:16:50.000Z $IIMWV,93.2,T,10.5,N,A*37
2026-03-01T07:16:50.000Z $IIRPM,E,1,2173,,A*51
2026-03-01T07:16:50.000Z $IIRSA,3.3,A,,V*79
2026-03-01T07:16:50.000Z $IIVHW,328.7,T,,M,3.4,N,,K*5C
2026-03-01T07:17:00.000Z !AIVDO,1,1,,A,15RTd30000J`sV4;9a8H4?vP0000,0*7A
2026-03-01T07:17:00.000Z $GPGGA,071700,5258.0490,N,00444.9750,E,2,9,0.9,2.5,M,,M,,*61
2026-03-01T07:17:00.000Z $GPGSA,A,3,01,03,06,11,17,19,22,25,,,,,1.2,0.9,0.8*3D
2026-03-01T07:17:00.000Z $GPRMC,071700,A,5258.0490,N,00444.9750,E,4.8,332.2,010326,,,A*73
2026-03-01T07:17:00.000Z $GPVTG,332.8,T,,M,4.8,N,8.9,K,A*0A
2026-03-01T07:17:00.000Z $GPXTE,A,A,0.014,R,N,A*28
2026-03-01T07:17:00.000Z $IIDBT,23.6,f,7.2,M,3.9,F*29
2026-03-01T07:17:00.000Z $IIHDG,327.2,,,1.2,E*25
2026-03-01T07:17:00.000Z $IIMDA,29.9870,I,1.0155,B,8.3,C,,C,,,,,,,,,,*5B
2026-03-01T07:17:00.000Z $IIMTA,8.8,C*35
2026-03-01T07:17:00.000Z $IIMTW,6.4,C*21
2026-03-01T07:17:00.000Z $IIMWV,86.6,T,10.1,N,A*33
2026-03-01T07:17:00.000Z $IIRPM,E,1,2203,,A*55
2026-03-01T07:17:00.000Z $IIRSA,-2.6,A,,V*50
2026-03-01T07:17:00.000Z $IIVHW,327.2,T,,M,4.5,N,,K*50
2026-03-01T07:17:00.000Z $IIXDR,V,13.01,V,BATT*60
2026-03-01T07:17:10.000Z $GPGGA,071710,5258.0651,N,00444.9808,E,2,8,0.9,2.5,M,,M,,*6C
2026-03-01T07:17:10.000Z $GPRMC,071710,A,5258.0651,N,00444.9808,E,4.8,328.4,010326,,,A*72
2026-03-01T07:17:10.000Z $IIDBT,23.0,f,7.0,M,3.8,F*2C
2026-03-01T07:17:10.000Z $IIHDG,327.2,,,1.2,E*25
2026-03-01T07:17:10.000Z $IIMWV,88.5,T,10.3,N,A*3C
2026-03-01T07:17:10.000Z $IIRPM,E,1,2232,,A*57
2026-03-01T07:17:10.000Z $IIRSA,-2.9,A,,V*5F
2026-03-01T07:17:10.000Z $IIVHW,327.2,T,,M,4.4,N,,K*51
2026-03-01T07:17:20.000Z $GPGGA,071720,5258.0735,N,00444.9562,E,2,10,0.9,2.5,M,,M,,*54
2026-03-01T07:17:20.000Z $GPRMC,071720,A,5258.0735,N,00444.9562,E,3.5,329.6,010326,,,A*7A
2026-03-01T07:17:20.000Z $IIDBT,16.4,f,5.0,M,2.7,F*22
2026-03-01T07:17:20.000Z $IIHDG,328.8,,,1.2,E*20
2026-03-01T07:17:20.000Z $IIMWV,83.5,T,10.7,N,A*33
2026-03-01T07:17:20.000Z $IIRPM,E,1,2215,,A*52
2026-03-01T07:17:20.000Z $IIRSA,-2.1,A,,V*57
2026-03-01T07:17:20.000Z $IIVHW,328.8,T,,M,3.1,N,,K*56
2026-03-01T07:17:30.000Z !AIVDM,1,1,,B,15N2449P00J`tC4;9g`R4?vN0<02,0*5E
2026-03-01T07:17:30.000Z $GPGGA,071730,5258.0674,N,00444.9571,E,2,10,0.9,2.5,M,,M,,*53
2026-03-01T07:17:30.000Z $GPRMC,071730,A,5258.0674,N,00444.9571,E,4.9,329.8,010326,,,A*78
2026-03-01T07:17:30.000Z $GPVTG,329.7,T,,M,4.9,N,9.1,K,A*07
2026-03-01T07:17:30.000Z $GPXTE,A,A,0.012,R,N,A*2E
2026-03-01T07:17:30.000Z $IIDBT,17.4,f,5.3,M,2.9,F*2E
2026-03-01T07:17:30.000Z $IIHDG,327.4,,,1.2,E*23
2026-03-01T07:17:30.000Z $IIMTA,8.7,C*3A
2026-03-01T07:17:30.000Z $IIMWV,84.9,T,11.8,N,A*36
2026-03-01T07:17:30.000Z $IIRPM,E,1,2222,,A*56
2026-03-01T07:17:30.000Z $IIRSA,-0.2,A,,V*56
2026-03-01T07:17:30.000Z $IIVHW,327.4,T,,M,4.8,N,,K*5B
2026-03-01T07:17:30.000Z $IIXDR,V,13.20,V,BATT*63
2026-03-01T07:17:40.000Z $GPGGA,071740,5258.0851,N,00444.9582,E,2,9,0.9,2.5,M,,M,,*69
2026-03-01T07:17:40.000Z $GPRMC,071740,A,5258.0851,N,00444.9582,E,4.5,331.6,010326,,,A*71
2026-03-01T07:17:40.000Z $IIDBT,24.1,f,7.4,M,4.0,F*21
2026-03-01T07:17:40.000Z $IIHDG,327.6,,,1.2,E*21
2026-03-01T07:17:40.000Z $IIMWV,95.3,T,10.8,N,A*3D
2026-03-01T07:17:40.000Z $IIRPM,E,1,2197,,A*5B
2026-03-01T07:17:40.000Z $IIRSA,0.4,A,,V*7D
2026-03-01T07:17:40.000Z $IIVHW,327.6,T,,M,4.2,N,,K*53
2026-03-01T07:17:50.000Z !AIVDM,1,1,,B,15N2446P00J`tC4;9g`R4?vN0<02,0*5E
2026-03-01T07:17:50.000Z $GPGGA,071750,5258.0716,N,00444.9319,E,2,11,0.9,2.5,M,,M,,*59
2026-03-01T07:17:50.000Z $GPRMC,071750,A,5258.0716,N,00444.9319,E,3.5,331.7,010326,,,A*7E
2026-03-01T07:17:50.000Z $IIDBT,21.1,f,6.4,M,3.5,F*27
2026-03-01T07:17:50.000Z $IIHDG,328.1,,,1.2,E*29
2026-03-01T07:17:50.000Z $IIMWV,95.5,T,10.7,N,A*34
2026-03-01T07:17:50.000Z $IIRPM,E,1,2213,,A*54
2026-03-01T07:17:50.000Z $IIRSA,-0.2,A,,V*56
2026-03-01T07:17:50.000Z $IIVHW,328.1,T,,M,3.1,N,,K*5F
2026-03-01T07:18:00.000Z !AIVDM,1,1,,B,15N2460P00J`tC4;9g`R4?vN0<02,0*5E
2026-03-01T07:18:00.000Z !AIVDO,1,1,,A,15RTd30000J`sV4;9a8H4?vP0000,0*7A
2026-03-01T07:18:00.000Z $GPGGA,071800,5258.0883,N,00444.9462,E,2,8,0.9,2.5,M,,M,,*63
2026-03-01T07:18:00.000Z $GPGSA,A,3,01,03,06,11,17,19,22,25,,,,,1.2,0.9,0.8*3D
2026-03-01T07:18:00.000Z $GPRMC,071800,A,5258.0883,N,00444.9462,E,3.6,329.1,010326,,,A*70
2026-03-01T07:18:00.000Z $GPVTG,329.2,T,,M,3.6,N,6.6,K,A*02
2026-03-01T07:18:00.000Z $GPXTE,A,A,0.021,L,N,A*30
2026-03-01T07:18:00.000Z $IIDBT,14.6,f,4.5,M,2.4,F*25
2026-03-01T07:18:00.000Z $IIHDG,329.5,,,1.2,E*2C
2026-03-01T07:18:00.000Z $IIMDA,29.9795,I,1.0152,B,8.6,C,,C,,,,,,,,,,*5D
2026-03-01T07:18:00.000Z $IIMTA,8.4,C*39
2026-03-01T07:18:00.000Z $IIMTW,6.4,C*21
2026-03-01T07:18:00.000Z $IIMWV,94.0,T,11.7,N,A*31
2026-03-01T07:18:00.000Z $IIRPM,E,1,2240,,A*52
2026-03-01T07:18:00.000Z $IIRSA,-1.1,A,,V*54
2026-03-01T07:18:00.000Z $IIVHW,329.5,T,,M,3.2,N,,K*59
2026-03-01T07:18:00.000Z $IIXDR,V,13.18,V,BATT*68
2026-03-01T07:18:10.000Z $GPGGA,071810,5258.0810,N,00444.9297,E,2,9,0.9,2.5,M,,M,,*65
2026-03-01T07:18:10.000Z $GPRMC,071810,A,5258.0810,N,00444.9297,E,4.3,331.8,010326,,,A*75
2026-03-01T07:18:10.000Z $IIDBT,14.3,f,4.4,M,2.4,F*21
2026-03-01T07:18:10.000Z $IIHDG,327.4,,,1.2,E*23
2026-03-01T07:18:10.000Z $IIMWV,95.5,T,10.7,N,A*34
2026-03-01T07:18:10.000Z $IIRPM,E,1,2238,,A*5D
2026-03-01T07:18:10.000Z $IIRSA,1.5,A,,V*7D
2026-03-01T07:18:10.000Z $IIVHW,327.4,T,,M,4.0,N,,K*53
2026-03-01T07:18:20.000Z $GPGGA,071820,5258.1071,N,00444.9243,E,2,8,0.9,2.5,M,,M,,*60
2026-03-01T07:18:20.000Z $GPRMC,071820,A,5258.1071,N,00444.9243,E,3.3,332.3,010326,,,A*7E
2026-03-01T07:18:20.000Z $IIDBT,25.6,f,7.8,M,4.3,F*28
2026-03-01T07:18:20.000Z $IIHDG,327.5,,,1.2,E*22
2026-03-01T07:18:20.000Z $IIMWV,91.1,T,10.9,N,A*3A
2026-03-01T07:18:20.000Z $IIRPM,E,1,2168,,A*5B
2026-03-01T07:18:20.000Z $IIRSA,3.4,A,,V*7E
2026-03-01T07:18:20.000Z $IIVHW,327.5,T,,M,3.2,N,,K*57
2026-03-01T07:18:30.000Z !AIVDM,1,1,,B,15N2460P00J`tC4;9g`R4?vN0<02,0*5E
2026-03-01T07:18:30.000Z $GPGGA,071830,5258.1048,N,00444.9293,E,2,8,0.9,2.5,M,,M,,*66
2026-03-01T07:18:30.000Z $GPRMC,071830,A,5258.1048,N,00444.9293,E,3.6,329.4,010326,,,A*70
2026-03-01T07:18:30.000Z $GPVTG,329.5,T,,M,3.6,N,6.7,K,A*04
2026-03-01T07:18:30.000Z $GPXTE,A,A,0.016,L,N,A*34
2026-03-01T07:18:30.000Z $IIDBT,20.3,f,6.2,M,3.4,F*23
2026-03-01T07:18:30.000Z $IIHDG,327.8,,,1.2,E*2F
2026-03-01T07:18:30.000Z $IIMTA,8.3,C*3E
2026-03-01T07:18:30.000Z $IIMWV,95.0,T,10.8,N,A*3E
2026-03-01T07:18:30.000Z $IIRPM,E,1,2188,,A*55
2026-03-01T07:18:30.000Z $IIRSA,1.0,A,,V*78
2026-03-01T07:18:30.000Z $IIVHW,327.8,T,,M,3.2,N,,K*5A
2026-03-01T07:18:30.000Z $IIXDR,V,13.01,V,BATT*60
2026-03-01T07:18:40.000Z !AIVDM,1,1,,B,15N2446P00J`tC4;9g`R4?vN0<02,0*5E
2026-03-01T07:18:40.000Z $GPGGA,071840,5258.0991,N,00444.9040,E,2,9,0.9,2.5,M,,M,,*60
2026-03-01T07:18:40.000Z $GPRMC,071840,A,5258.0991,N,00444.9040,E,4.4,332.8,010326,,,A*74
2026-03-01T07:18:40.000Z $IIDBT,19.2,f,5.9,M,3.2,F*26
2026-03-01T07:18:40.000Z $IIHDG,326.9,,,1.2,E*2F
2026-03-01T07:18:40.000Z $IIMWV,83.9,T,11.1,N,A*38
2026-03-01T07:18:40.000Z $IIRPM,E,1,2195,,A*59
2026-03-01T07:18:40.000Z $IIRSA,-4.0,A,,V*50
2026-03-01T07:18:40.000Z $IIVHW,326.9,T,,M,4.0,N,,K*5F
2026-03-01T07:18:50.000Z !AIVDM,1,1,,B,15N2460P00J`tC4;9g`R4?vN0<02,0*5E
2026-03-01T07:18:50.000Z $GPGGA,071850,5258.1161,N,00444.9070,E,2,11,0.9,2.5,M,,M,,*5D
2026-03-01T07:18:50.000Z $GPRMC,071850,A,5258.1161,N,00444.9070,E,4.8,331.0,010326,,,A*77
2026-03-01T07:18:50.000Z $IIDBT,25.3,f,7.7,M,4.2,F*23
2026-03-01T07:18:50.000Z $IIHDG,327.5,,,1.2,E*22
2026-03-01T07:18:50.000Z $IIMWV,93.2,T,11.3,N,A*30
2026-03-01T07:18:50.000Z $IIRPM,E,1,2179,,A*5B
2026-03-01T07:18:50.000Z $IIRSA,3.9,A,,V*73
2026-03-01T07:18:50.000Z $IIVHW,327.5,T,,M,4.6,N,,K*54
2026-03-01T07:19:00.000Z !AIVDM,1,1,,B,15N2445P00J`tC4;9g`R4?vN0<02,0*5E
2026-03-01T07:19:00.000Z !AIVDO,1,1,,A,15RTd30000J`sV4;9a8H4?vP0000,0*7A
2026-03-01T07:19:00.000Z $GPGGA,071900,5258.1228,N,00444.8841,E,2,8,0.9,2.5,M,,M,,*64
2026-03-01T07:19:00.000Z $GPGSA,A,3,01,03,06,11,17,19,22,25,,,,,1.2,0.9,0.8*3D
2026-03-01T07:19:00.000Z $GPRMC,071900,A,5258.1228,N,00444.8841,E,3.2,330.8,010326,,,A*72
2026-03-01T07:19:00.000Z $GPVTG,330.2,T,,M,3.2,N,6.0,K,A*08
2026-03-01T07:19:00.000Z $GPXTE,A,A,0.046,L,N,A*31
2026-03-01T07:19:00.000Z $IIDBT,19.3,f,5.9,M,3.2,F*27
2026-03-01T07:19:00.000Z $IIHDG,329.4,,,1.2,E*2D
2026-03-01T07:19:00.000Z $IIMDA,29.9837,I,1.0154,B,8.6,C,,C,,,,,,,,,,*5C
2026-03-01T07:19:00.000Z $IIMTA,8.7,C*3A
2026-03-01T07:19:00.000Z $IIMTW,6.7,C*22
2026-03-01T07:19:00.000Z $IIMWV,91.5,T,11.5,N,A*33
2026-03-01T07:19:00.000Z $IIRPM,E,1,2155,,A*55
2026-03-01T07:19:00.000Z $IIRSA,-0.8,A,,V*5C
2026-03-01T07:19:00.000Z $IIVHW,329.4,T,,M,2.9,N,,K*52
2026-03-01T07:19:00.000Z $IIXDR,V,13.02,V,BATT*63
2026-03-01T07:19:10.000Z $GPGGA,071910,5258.1358,N,00444.8827,E,2,9,0.9,2.5,M,,M,,*62
2026-03-01T07:19:10.000Z $GPRMC,071910,A,5258.1358,N,00444.8827,E,5.0,332.1,010326,,,A*7A
2026-03-01T07:19:10.000Z $IIDBT,26.0,f,7.9,M,4.3,F*2C
2026-03-01T07:19:10.000Z $IIHDG,326.2,,,1.2,E*24
2026-03-01T07:19:10.000Z $IIMWV,83.0,T,10.7,N,A*36
2026-03-01T07:19:10.000Z $IIRPM,E,1,2206,,A*50
2026-03-01T07:19:10.000Z $IIRSA,-4.6,A,,V*56
2026-03-01T07:19:10.000Z $IIVHW,326.2,T,,M,4.8,N,,K*5C
2026-03-01T07:19:20.000Z !AIVDM,1,1,,B,15N2451P00J`tC4;9g`R4?vN0<02,0*5E
2026-03-01T07:19:20.000Z $GPGGA,071920,5258.1291,N,00444.8925,E,2,11,0.9,2.5,M,,M,,*5F
2026-03-01T07:19:20.000Z $GPRMC,071920,A,5258.1291,N,00444.8925,E,3.8,327.0,010326,,,A*75
2026-03-01T07:19:20.000Z $IIDBT,15.5,f,4.7,M,2.6,F*27
2026-03-01T07:19:20.000Z $IIHDG,328.0,,,1.2,E*28
2026-03-01T07:19:20.000Z $IIMWV,95.3,T,10.5,N,A*30
2026-03-01T07:19:20.000Z $IIRPM,E,1,2248,,A*5A
2026-03-01T07:19:20.000Z $IIRSA,4.2,A,,V*7F
2026-03-01T07:19:20.000Z $IIVHW,328.0,T,,M,3.6,N,,K*59
2026-03-01T07:19:30.000Z $GPGGA,071930,5258.1348,N,00444.8798,E,2,11,0.9,2.5,M,,M,,*53
2026-03-01T07:19:30.000Z $GPRMC,071930,A,5258.1348,N,00444.8798,E,3.5,327.9,010326,,,A*7D
2026-03-01T07:19:30.000Z $GPVTG,327.2,T,,M,3.5,N,6.6,K,A*0F
2026-03-01T07:19:30.000Z $GPXTE,A,A,0.031,L,N,A*31
2026-03-01T07:19:30.000Z $IIDBT,22.5,f,6.8,M,3.7,F*2E
2026-03-01T07:19:30.000Z $IIHDG,326.9,,,1.2,E*2F
2026-03-01T07:19:30.000Z $IIMTA,8.7,C*3A
2026-03-01T07:19:30.000Z $IIMWV,95.6,T,12.0,N,A*32
2026-03-01T07:19:30.000Z $IIRPM,E,1,2211,,A*56
2026-03-01T07:19:30.000Z $IIRSA,-3.1,A,,V*56
2026-03-01T07:19:30.000Z $IIVHW,326.9,T,,M,3.1,N,,K*59
2026-03-01T07:19:30.000Z $IIXDR,V,13.02,V,BATT*63
2026-03-01T07:19:40.000Z $GPGGA,071940,5258.1487,N,00444.8705,E,2,9,0.9,2.5,M,,M,,*6D
2026-03-01T07:19:40.000Z $GPRMC,071940,A,5258.1487,N,00444.8705,E,4.9,328.3,010326,,,A*74
2026-03-01T07:19:40.000Z $IIDBT,22.3,f,6.8,M,3.7,F*28
2026-03-01T07:19:40.000Z $IIHDG,329.2,,,1.2,E*2B
2026-03-01T07:19:40.000Z $IIMWV,91.9,T,10.9,N,A*32
2026-03-01T07:19:40.000Z $IIRPM,E,1,2236,,A*53
2026-03-01T07:19:40.000Z $IIRSA,-0.5,A,,V*51
2026-03-01T07:19:40.000Z $IIVHW,329.2,T,,M,4.5,N,,K*5E
2026-03-01T07:19:50.000Z $GPGGA,071950,5258.1390,N,00444.8838,E,2,11,0.9,2.5,M,,M,,*55
2026-03-01T07:19:50.000Z $GPRMC,071950,A,5258.1390,N,00444.8838,E,4.4,331.2,010326,,,A*71
2026-03-01T07:19:50.000Z $IIDBT,14.0,f,4.3,M,2.3,F*22
2026-03-01T07:19:50.000Z $IIHDG,329.2,,,1.2,E*2B
2026-03-01T07:19:50.000Z $IIMWV,90.9,T,11.0,N,A*3B
2026-03-01T07:19:50.000Z $IIRPM,E,1,2179,,A*5B
2026-03-01T07:19:50.000Z $IIRSA,4.3,A,,V*7E
2026-03-01T07:19:50.000Z $IIVHW,329.2,T,,M,3.9,N,,K*55
2026-03-01T07:20:00.000Z !AIVDO,1,1,,A,15RTd30000J`sV4;9a8H4?vP0000,0*7A
2026-03-01T07:20:00.000Z $GPGGA,072000,5258.1418,N,00444.8512,E,2,11,0.9,2.5,M,,M,,*58
2026-03-01T07:20:00.000Z $GPGSA,A,3,01,03,06,11,17,19,22,25,,,,,1.2,0.9,0.8*3D
2026-03-01T07:20:00.000Z $GPRMC,072000,A,5258.1418,N,00444.8512,E,3.1,331.7,010326,,,A*7B
2026-03-01T07:20:00.000Z $GPVTG,331.8,T,,M,3.1,N,5.8,K,A*0B
2026-03-01T07:20:00.000Z $GPXTE,A,A,0.032,L,N,A*32
2026-03-01T07:20:00.000Z $IIDBT,14.4,f,4.4,M,2.4,F*26
2026-03-01T07:20:00.000Z $IIHDG,327.6,,,1.2,E*21
2026-03-01T07:20:00.000Z $IIMDA,29.9904,I,1.0156,B,8.4,C,,C,,,,,,,,,,*5D
2026-03-01T07:20:00.000Z $IIMTA,8.2,C*3F
2026-03-01T07:20:00.000Z $IIMTW,6.5,C*20
2026-03-01T07:20:00.000Z $IIMWV,93.1,T,10.7,N,A*36
2026-03-01T07:20:00.000Z $IIRPM,E,1,2222,,A*56
2026-03-01T07:20:00.000Z $IIRSA,-3.7,A,,V*50
2026-03-01T07:20:00.000Z $IIVHW,327.6,T,,M,2.9,N,,K*5E
2026-03-01T07:20:00.000Z $IIXDR,V,13.05,V,BATT*64
2026-03-01T07:20:10.000Z $GPGGA,072010,5258.1601,N,00444.8480,E,2,11,0.9,2.5,M,,M,,*59
2026-03-01T07:20:10.000Z $GPRMC,072010,A,5258.1601,N,00444.8480,E,3.6,332.5,010326,,,A*7C
2026-03-01T07:20:10.000Z $IIDBT,15.4,f,4.7,M,2.6,F*26
2026-03-01T07:20:10.000Z $IIHDG,327.5,,,1.2,E*22
2026-03-01T07:20:10.000Z $IIMWV,88.8,T,11.9,N,A*3A
2026-03-01T07:20:10.000Z $IIRPM,E,1,2171,,A*53
2026-03-01T07:20:10.000Z $IIRSA,0.7,A,,V*7E
2026-03-01T07:20:10.000Z $IIVHW,327.5,T,,M,3.4,N,,K*51
2026-03-01T07:20:20.000Z $GPGGA,072020,5258.1638,N,00444.8725,E,2,11,0.9,2.5,M,,M,,*5C
2026-03-01T07:20:20.000Z $GPRMC,072020,A,5258.1638,N,00444.8725,E,3.5,328.5,010326,,,A*71
2026-03-01T07:20:20.000Z $IIDBT,14.5,f,4.4,M,2.4,F*27
2026-03-01T07:20:20.000Z $IIHDG,328.5,,,1.2,E*2D
2026-03-01T07:20:20.000Z $IIMWV,89.5,T,11.9,N,A*36
2026-03-01T07:20:20.000Z $IIRPM,E,1,2246,,A*54
2026-03-01T07:20:20.000Z $IIRSA,-3.7,A,,V*50
2026-03-01T07:20:20.000Z $IIVHW,328.5,T,,M,3.0,N,,K*5A
2026-03-01T07:20:30.000Z $GPGGA,072030,5258.1710,N,00444.8605,E,2,11,0.9,2.5,M,,M,,*55
2026-03-01T07:20:30.000Z $GPRMC,072030,A,5258.1710,N,00444.8605,E,3.6,328.6,010326,,,A*78
2026-03-01T07:20:30.000Z $GPVTG,328.3,T,,M,3.6,N,6.6,K,A*02
2026-03-01T07:20:30.000Z $GPXTE,A,A,0.005,R,N,A*28
2026-03-01T07:20:30.000Z $IIDBT,15.4,f,4.7,M,2.6,F*26
2026-03-01T07:20:30.000Z $IIHDG,327.5,,,1.2,E*22
2026-03-01T07:20:30.000Z $IIMTA,8.4,C*39
2026-03-01T07:20:30.000Z $IIMWV,97.0,T,10.7,N,A*33
2026-03-01T07:20:30.000Z $IIRPM,E,1,2156,,A*56
2026-03-01T07:20:30.000Z $IIRSA,-0.8,A,,V*5C
2026-03-01T07:20:30.000Z $IIVHW,327.5,T,,M,3.3,N,,K*56
2026-03-01T07:20:30.000Z $IIXDR,V,13.06,V,BATT*67
2026-03-01T07:20:40.000Z $GPGGA,072040,5258.1810,N,00444.8418,E,2,10,0.9,2.5,M,,M,,*52
2026-03-01T07:20:40.000Z $GPRMC,072040,A,5258.1810,N,00444.8418,E,3.4,331.6,010326,,,A*74
2026-03-01T07:20:40.000Z $IIDBT,25.2,f,7.7,M,4.2,F*22
2026-03-01T07:20:40.000Z $IIHDG,329.8,,,1.2,E*21
2026-03-01T07:20:40.000Z $IIMWV,87.9,T,11.4,N,A*39
2026-03-01T07:20:40.000Z $IIRPM,E,1,2211,,A*56
2026-03-01T07:20:40.000Z $IIRSA,2.2,A,,V*79
2026-03-01T07:20:40.000Z $IIVHW,329.8,T,,M,3.2,N,,K*54
2026-03-01T07:20:50.000Z !AIVDM,1,1,,B,15N2446P00J`tC4;9g`R4?vN0<02,0*5E
2026-03-01T07:20:50.000Z $GPGGA,072050,5258.1705,N,00444.8546,E,2,9,0.9,2.5,M,,M,,*6A
2026-03-01T07:20:50.000Z $GPRMC,072050,A,5258.1705,N,00444.8546,E,3.0,329.7,010326,,,A*78
2026-03-01T07:20:50.000Z $IIDBT,18.9,f,5.8,M,3.2,F*2D
2026-03-01T07:20:50.000Z $IIHDG,329.7,,,1.2,E*2E
2026-03-01T07:20:50.000Z $IIMWV,90.3,T,11.8,N,A*39
2026-03-01T07:20:50.000Z $IIRPM,E,1,2234,,A*51
2026-03-01T07:20:50.000Z $IIRSA,1.1,A,,V*79
2026-03-01T07:20:50.000Z $IIVHW,329.7,T,,M,2.7,N,,K*5F
2026-03-01T07:21:00.000Z !AIVDO,1,1,,A,15RTd30000J`sV4;9a8H4?vP0000,0*7A
2026-03-01T07:21:00.000Z $GPGGA,072100,5258.1879,N,00444.8409,E,2,11,0.9,2.5,M,,M,,*59
2026-03-01T07:21:00.000Z $GPGSA,A,3,01,03,06,11,17,19,22,25,,,,,1.2,0.9,0.8*3D
2026-03-01T07:21:00.000Z $GPRMC,072100,A,5258.1879,N,00444.8409,E,4.7,331.3,010326,,,A*7F
2026-03-01T07:21:00.000Z $GPVTG,331.8,T,,M,4.7,N,8.6,K,A*09
2026-03-01T07:21:00.000Z $GPXTE,A,A,0.049,L,N,A*3E
2026-03-01T07:21:00.000Z $IIDBT,17.9,f,5.4,M,3.0,F*2C
2026-03-01T07:21:00.000Z $IIHDG,328.8,,,1.2,E*20
2026-03-01T07:21:00.000Z $IIMDA,29.9664,I,1.0148,B,8.4,C,,C,,,,,,,,,,*5B
2026-03-01T07:21:00.000Z $IIMTA,8.5,C*38
2026-03-01T07:21:00.000Z $IIMTW,6.6,C*23
2026-03-01T07:21:00.000Z $IIMWV,97.6,T,10.9,N,A*3B
2026-03-01T07:21:00.000Z $IIRPM,E,1,2234,,A*51
2026-03-01T07:21:00.000Z $IIRSA,-0.5,A,,V*51
2026-03-01T07:21:00.000Z $IIVHW,328.8,T,,M,4.4,N,,K*54
2026-03-01T07:21:00.000Z $IIXDR,V,13.08,V,BATT*69
2026-03-01T07:21:10.000Z !AIVDM,1,1,,B,15N2451P00J`tC4;9g`R4?vN0<02,0*5E
2026-03-01T07:21:10.000Z $GPGGA,072110,5258.1962,N,00444.8231,E,2,11,0.9,2.5,M,,M,,*5E
2026-03-01T07:21:10.000Z $GPRMC,072110,A,5258.1962,N,00444.8231,E,4.5,327.8,010326,,,A*76
2026-03-01T07:21:10.000Z $IIDBT,18.1,f,5.5,M,3.0,F*2A
2026-03-01T07:21:10.000Z $IIHDG,328.8,,,1.2,E*20
2026-03-01T07:21:10.000Z $IIMWV,89.7,T,10.6,N,A*3A
2026-03-01T07:21:10.000Z $IIRPM,E,1,2204,,A*52
2026-03-01T07:21:10.000Z $IIRSA,0.4,A,,V*7D
2026-03-01T07:21:10.000Z $IIVHW,328.8,T,,M,4.0,N,,K*50
2026-03-01T07:21:20.000Z !AIVDM,1,1,,B,15N2447P00J`tC4;9g`R4?vN0<02,0*5E
2026-03-01T07:21:20.000Z $GPGGA,072120,5258.1951,N,00444.8375,E,2,10,0.9,2.5,M,,M,,*5D
2026-03-01T07:21:20.000Z $GPRMC,072120,A,5258.1951,N,00444.8375,E,3.7,328.2,010326,,,A*74
2026-03-01T07:21:20.000Z $IIDBT,13.4,f,4.1,M,2.2,F*22
2026-03-01T07:21:20.000Z $IIHDG,327.9,,,1.2,E*2E
2026-03-01T07:21:20.000Z $IIMWV,83.5,T,10.4,N,A*30
2026-03-01T07:21:20.000Z $IIRPM,E,1,2194,,A*58
2026-03-01T07:21:20.000Z $IIRSA,-1.5,A,,V*50
2026-03-01T07:21:20.000Z $IIVHW,327.9,T,,M,3.2,N,,K*5B
2026-03-01T07:21:30.000Z $GPGGA,072130,5258.2031,N,00444.8030,E,2,8,0.9,2.5,M,,M,,*6B
2026-03-01T07:21:30.000Z $GPRMC,072130,A,5258.2031,N,00444.8030,E,4.6,328.3,010326,,,A*7C
2026-03-01T07:21:30.000Z $GPVTG,328.5,T,,M,4.6,N,8.6,K,A*0D
2026-03-01T07:21:30.000Z $GPXTE,A,A,0.021,R,N,A*2E
2026-03-01T07:21:30.000Z $IIDBT,15.6,f,4.8,M,2.6,F*2B
2026-03-01T07:21:30.000Z $IIHDG,328.0,,,1.2,E*28
2026-03-01T07:21:30.000Z $IIMTA,8.7,C*3A
2026-03-01T07:21:30.000Z $IIMWV,95.2,T,11.0,N,A*35
2026-03-01T07:21:30.000Z $IIRPM,E,1,2164,,A*57
2026-03-01T07:21:30.000Z $IIRSA,3.1,A,,V*7B
2026-03-01T07:21:30.000Z $IIVHW,328.0,T,,M,4.3,N,,K*5B
2026-03-01T07:21:30.000Z $IIXDR,V,13.10,V,BATT*60
2026-03-01T07:21:40.000Z !AIVDM,1,1,,B,15N2460P00J`tC4;9g`R4?vN0<02,0*5E
2026-03-01T07:21:40.000Z $GPGGA,072140,5258.2118,N,00444.8266,E,2,9,0.9,2.5,M,,M,,*66
2026-03-01T07:21:40.000Z $GPRMC,072140,A,5258.2118,N,00444.8266,E,3.4,331.0,010326,,,A*7E
2026-03-01T07:21:40.000Z $IIDBT,18.3,f,5.6,M,3.1,F*2A
2026-03-01T07:21:40.000Z $IIHDG,328.5,,,1.2,E*2D
2026-03-01T07:21:40.000Z $IIMWV,85.7,T,10.1,N,A*31
2026-03-01T07:21:40.000Z $IIRPM,E,1,2215,,A*52
2026-03-01T07:21:40.000Z $IIRSA,-1.1,A,,V*54
2026-03-01T07:21:40.000Z $IIVHW,328.5,T,,M,3.1,N,,K*5B
2026-03-01T07:21:50.000Z !AIVDM,1,1,,B,15N2445P00J`tC4;9g`R4?vN0<02,0*5E
2026-03-01T07:21:50.000Z $GPGGA,072150,5258.2097,N,00444.8219,E,2,8,0.9,2.5,M,,M,,*68
2026-03-01T07:21:50.000Z $GPRMC,072150,A,5258.2097,N,00444.8219,E,4.8,332.2,010326,,,A*7B
2026-03-01T07:21:50.000Z $IIDBT,21.4,f,6.5,M,3.6,F*20
2026-03-01T07:21:50.000Z $IIHDG,327.8,,,1.2,E*2F
2026-03-01T07:21:50.000Z $IIMWV,84.4,T,10.1,N,A*33
2026-03-01T07:21:50.000Z $IIRPM,E,1,2182,,A*5F
2026-03-01T07:21:50.000Z $IIRSA,1.3,A,,V*7B
2026-03-01T07:21:50.000Z $IIVHW,327.8,T,,M,4.6,N,,K*59
2026-03-01T07:22:00.000Z !AIVDM,1,1,,B,15N2113P00J`tC4;9g`R4?vN0<02,0*5E
2026-03-01T07:22:00.000Z !AIVDO,1,1,,A,15RTd30000J`sV4;9a8H4?vP0000,0*7A
2026-03-01T07:22:00.000Z $GPGGA,072200,5258.2119,N,00444.8121,E,2,11,0.9,2.5,M,,M,,*59
2026-03-01T07:22:00.000Z $GPGSA,A,3,01,03,06,11,17,19,22,25,,,,,1.2,0.9,0.8*3D
2026-03-01T07:22:00.000Z $GPRMC,072200,A,5258.2119,N,00444.8121,E,3.2,329.6,010326,,,A*71
2026-03-01T07:22:00.000Z $GPVTG,329.8,T,,M,3.2,N,6.0,K,A*0A
2026-03-01T07:22:00.000Z $GPXTE,A,A,0.004,L,N,A*37
2026-03-01T07:22:00.000Z $IIDBT,19.1,f,5.8,M,3.2,F*24
2026-03-01T07:22:00.000Z $IIHDG,329.2,,,1.2,E*2B
2026-03-01T07:22:00.000Z $IIMDA,29.9911,I,1.0156,B,8.7,C,,C,,,,,,,,,,*5A
2026-03-01T07:22:00.000Z $IIMTA,8.2,C*3F
2026-03-01T07:22:00.000Z $IIMTW,6.5,C*20
2026-03-01T07:22:00.000Z $IIMWV,85.5,T,10.6,N,A*34
2026-03-01T07:22:00.000Z $IIRPM,E,1,2188,,A*55
2026-03-01T07:22:00.000Z $IIRSA,-3.1,A,,V*56
2026-03-01T07:22:00.000Z $IIVHW,329.2,T,,M,3.0,N,,K*5C
2026-03-01T07:22:00.000Z $IIXDR,V,13.12,V,BATT*62
2026-03-01T07:22:10.000Z !AIVDM,1,1,,B,15N2451P00J`tC4;9g`R4?vN0<02,0*5E
2026-03-01T07:22:10.000Z $GPGGA,072210,5258.2260,N,00444.8100,E,2,9,0.9,2.5,M,,M,,*6F
2026-03-01T07:22:10.000Z $GPRMC,072210,A,5258.2260,N,00444.8100,E,4.6,328.8,010326,,,A*72
2026-03-01T07:22:10.000Z $IIDBT,14.0,f,4.3,M,2.3,F*22
2026-03-01T07:22:10.000Z $IIHDG,329.7,,,1.2,E*2E
2026-03-01T07:22:10.000Z $IIMWV,87.2,T,10.8,N,A*3F
2026-03-01T07:22:10.000Z $IIRPM,E,1,2218,,A*5F
2026-03-01T07:22:10.000Z $IIRSA,-2.2,A,,V*54
2026-03-01T07:22:10.000Z $IIVHW,329.7,T,,M,4.2,N,,K*5C
2026-03-01T07:22:20.000Z $GPGGA,072220,5258.2288,N,00444.8018,E,2,10,0.9,2.5,M,,M,,*5A
2026-03-01T07:22:20.000Z $GPRMC,072220,A,5258.2288,N,00444.8018,E,4.0,328.0,010326,,,A*71
2026-03-01T07:22:20.000Z $IIDBT,14.7,f,4.5,M,2.5,F*25
2026-03-01T07:22:20.000Z $IIHDG,329.4,,,1.2,E*2D
2026-03-01T07:22:20.000Z $IIMWV,96.0,T,11.4,N,A*30
2026-03-01T07:22:20.000Z $IIRPM,E,1,2151,,A*51
2026-03-01T07:22:20.000Z $IIRSA,2.2,A,,V*79
2026-03-01T07:22:20.000Z $IIVHW,329.4,T,,M,3.6,N,,K*5C
2026-03-01T07:22:30.000Z !AIVDM,1,1,,B,15N2449P00J`tC4;9g`R4?vN0<02,0*5E
2026-03-01T07:22:30.000Z $GPGGA,072230,5258.2280,N,00444.7935,E,2,11,0.9,2.5,M,,M,,*5B
2026-03-01T07:22:30.000Z $GPRMC,072230,A,5258.2280,N,00444.7935,E,4.7,329.5,010326,,,A*72
2026-03-01T07:22:30.000Z $GPVTG,329.3,T,,M,4.7,N,8.6,K,A*0B
2026-03-01T07:22:30.000Z $GPXTE,A,A,0.014,L,N,A*36
2026-03-01T07:22:30.000Z $IIDBT,13.2,f,4.0,M,2.2,F*25
2026-03-01T07:22:30.000Z $IIHDG,327.5,,,1.2,E*22
2026-03-01T07:22:30.000Z $IIMTA,8.5,C*38
2026-03-01T07:22:30.000Z $IIMWV,87.1,T,10.1,N,A*35
2026-03-01T07:22:30.000Z $IIRPM,E,1,2179,,A*5B
2026-03-01T07:22:30.000Z $IIRSA,-1.2,A,,V*57
2026-03-01T07:22:30.000Z $IIVHW,327.5,T,,M,4.2,N,,K*50
2026-03-01T07:22:30.000Z $IIXDR,V,13.16,V,BATT*66
2026-03-01T07:22:40.000Z !AIVDM,1,1,,B,15N2460P00J`tC4;9g`R4?vN0<02,0*5E
2026-03-01T07:22:40.000Z $GPGGA,072240,5258.2412,N,00444.7644,E,2,11,0.9,2.5,M,,M,,*58
2026-03-01T07:22:40.000Z $GPRMC,072240,A,5258.2412,N,00444.7644,E,3.6,331.4,010326,,,A*7F
2026-03-01T07:22:40.000Z $IIDBT,22.7,f,6.9,M,3.8,F*22
2026-03-01T07:22:40.000Z $IIHDG,327.1,,,1.2,E*26
2026-03-01T07:22:40.000Z $IIMWV,91.0,T,11.1,N,A*32
2026-03-01T07:22:40.000Z $IIRPM,E,1,2205,,A*53
2026-03-01T07:22:40.000Z $IIRSA,4.3,A,,V*7E
2026-03-01T07:22:40.000Z $IIVHW,327.1,T,,M,3.3,N,,K*52
2026-03-01T07:22:50.000Z $GPGGA,072250,5258.2395,N,00444.7702,E,2,8,0.9,2.5,M,,M,,*6A
2026-03-01T07:22:50.000Z $GPRMC,072250,A,5258.2395,N,00444.7702,E,4.4,329.8,010326,,,A*75
2026-03-01T07:22:50.000Z $IIDBT,16.8,f,5.1,M,2.8,F*20
2026-03-01T07:22:50.000Z $IIHDG,326.3,,,1.2,E*25
2026-03-01T07:22:50.000Z $IIMWV,83.6,T,11.6,N,A*30
2026-03-01T07:22:50.000Z $IIRPM,E,1,2156,,A*56
2026-03-01T07:22:50.000Z $IIRSA,0.5,A,,V*7C
2026-03-01T07:22:50.000Z $IIVHW,326.3,T,,M,4.2,N,,K*57
2026-03-01T07:23:00.000Z !AIVDM,1,1,,B,15N2449P00J`tC4;9g`R4?vN0<02,0*5E
2026-03-01T07:23:00.000Z !AIVDO,1,1,,A,15RTd30000J`sV4;9a8H4?vP0000,0*7A
2026-03-01T07:23:00.000Z $GPGGA,072300,5258.2456,N,00444.7722,E,2,8,0.9,2.5,M,,M,,*64
2026-03-01T07:23:00.000Z $GPGSA,A,3,01,03,06,11,17,19,22,25,,,,,1.2,0.9,0.8*3D
2026-03-01T07:23:00.000Z $GPRMC,072300,A,5258.2456,N,00444.7722,E,4.2,328.2,010326,,,A*76
2026-03-01T07:23:00.000Z $GPVTG,328.8,T,,M,4.2,N,7.8,K,A*05
2026-03-01T07:23:00.000Z $GPXTE,A,A,0.022,R,N,A*2D
2026-03-01T07:23:00.000Z $IIDBT,20.1,f,6.1,M,3.3,F*25
2026-03-01T07:23:00.000Z $IIHDG,326.7,,,1.2,E*21
2026-03-01T07:23:00.000Z $IIMDA,29.9869,I,1.0155,B,8.4,C,,C,,,,,,,,,,*54
2026-03-01T07:23:00.000Z $IIMTA,8.4,C*39
2026-03-01T07:23:00.000Z $IIMTW,6.5,C*20
2026-03-01T07:23:00.000Z $IIMWV,95.8,T,12.0,N,A*3C
2026-03-01T07:23:00.000Z $IIRPM,E,1,2163,,A*50
2026-03-01T07:23:00.000Z $IIRSA,-2.6,A,,V*50
2026-03-01T07:23:00.000Z $IIVHW,326.7,T,,M,4.1,N,,K*50
2026-03-01T07:23:00.000Z $IIXDR,V,13.20,V,BATT*63
2026-03-01T07:23:10.000Z $GPGGA,072310,5258.2554,N,00444.7545,E,2,9,0.9,2.5,M,,M,,*64
2026-03-01T07:23:10.000Z $GPRMC,072310,A,5258.2554,N,00444.7545,E,4.3,328.0,010326,,,A*74
2026-03-01T07:23:10.000Z $IIDBT,14.3,f,4.4,M,2.4,F*21
2026-03-01T07:23:10.000Z $IIHDG,327.4,,,1.2,E*23
2026-03-01T07:23:10.000Z $IIMWV,88.1,T,10.6,N,A*3D
2026-03-01T07:23:10.000Z $IIRPM,E,1,2170,,A*52
2026-03-01T07:23:10.000Z $IIRSA,2.7,A,,V*7C
2026-03-01T07:23:10.000Z $IIVHW,327.4,T,,M,4.1,N,,K*52
2026-03-01T07:23:20.000Z $GPGGA,072320,5258.2588,N,00444.7676,E,2,9,0.9,2.5,M,,M,,*65
2026-03-01T07:23:20.000Z $GPRMC,072320,A,5258.2588,N,00444.7676,E,4.0,328.8,010326,,,A*7E
2026-03-01T07:23:20.000Z $IIDBT,25.4,f,7.8,M,4.2,F*2B
2026-03-01T07:23:20.000Z $IIHDG,326.5,,,1.2,E*23
2026-03-01T07:23:20.000Z $IIMWV,88.0,T,10.4,N,A*3E
2026-03-01T07:23:20.000Z $IIRPM,E,1,2153,,A*53
2026-03-01T07:23:20.000Z $IIRSA,3.4,A,,V*7E
2026-03-01T07:23:20.000Z $IIVHW,326.5,T,,M,3.9,N,,K*5D
2026-03-01T07:23:30.000Z $GPGGA,072330,5258.2592,N,00444.7332,E,2,8,0.9,2.5,M,,M,,*6B
2026-03-01T07:23:30.000Z $GPRMC,072330,A,5258.2592,N,00444.7332,E,4.6,329.1,010326,,,A*7F
2026-03-01T07:23:30.000Z $GPVTG,329.9,T,,M,4.6,N,8.5,K,A*03
2026-03-01T07:23:30.000Z $GPXTE,A,A,0.045,L,N,A*32
2026-03-01T07:23:30.000Z $IIDBT,26.0,f,7.9,M,4.3,F*2C
2026-03-01T07:23:30.000Z $IIHDG,329.8,,,1.2,E*21
2026-03-01T07:23:30.000Z $IIMTA,8.5,C*38
2026-03-01T07:23:30.000Z $IIMWV,95.8,T,10.8,N,A*36
2026-03-01T07:23:30.000Z $IIRPM,E,1,2176,,A*54
2026-03-01T07:23:30.000Z $IIRSA,-1.9,A,,V*5C
2026-03-01T07:23:30.000Z $IIVHW,329.8,T,,M,4.3,N,,K*52
2026-03-01T07:23:30.000Z $IIXDR,V,13.11,V,BATT*61
2026-03-01T07:23:40.000Z $GPGGA,072340,5258.2683,N,00444.7574,E,2,9,0.9,2.5,M,,M,,*6A
2026-03-01T07:23:40.000Z $GPRMC,072340,A,5258.2683,N,00444.7574,E,4.0,331.6,010326,,,A*77
2026-03-01T07:23:40.000Z $IIDBT,22.5,f,6.9,M,3.8,F*20
2026-03-01T07:23:40.000Z $IIHDG,328.9,,,1.2,E*21
2026-03-01T07:23:40.000Z $IIMWV,84.1,T,10.1,N,A*36
2026-03-01T07:23:40.000Z $IIRPM,E,1,2165,,A*56
2026-03-01T07:23:40.000Z $IIRSA,-4.8,A,,V*58
2026-03-01T07:23:40.000Z $IIVHW,328.9,T,,M,3.6,N,,K*50
2026-03-01T07:23:50.000Z !AIVDM,1,1,,B,15N2447P00J`tC4;9g`R4?vN0<02,0*5E
2026-03-01T07:23:50.000Z $GPGGA,072350,5258.2757,N,00444.7261,E,2,11,0.9,2.5,M,,M,,*59
2026-03-01T07:23:50.000Z $GPRMC,072350,A,5258.2757,N,00444.7261,E,3.8,332.9,010326,,,A*7E
2026-03-01T07:23:50.000Z $IIDBT,14.6,f,4.5,M,2.4,F*25
2026-03-01T07:23:50.000Z $IIHDG,326.6,,,1.2,E*20
2026-03-01T07:23:50.000Z $IIMWV,90.6,T,10.0,N,A*35
2026-03-01T07:23:50.000Z $IIRPM,E,1,2204,,A*52
2026-03-01T07:23:50.000Z $IIRSA,-2.2,A,,V*54
2026-03-01T07:23:50.000Z $IIVHW,326.6,T,,M,3.6,N,,K*51
2026-03-01T07:24:00.000Z !AIVDO,1,1,,A,15RTd30000J`sV4;9a8H4?vP0000,0*7A
2026-03-01T07:24:00.000Z $GPGGA,072400,5258.2801,N,00444.7419,E,2,10,0.9,2.5,M,,M,,*5F
2026-03-01T07:24:00.000Z $GPGSA,A,3,01,03,06,11,17,19,22,25,,,,,1.2,0.9,0.8*3D
2026-03-01T07:24:00.000Z $GPRMC,072400,A,5258.2801,N,00444.7419,E,4.9,330.4,010326,,,A*70
2026-03-01T07:24:00.000Z $GPVTG,330.2,T,,M,4.9,N,9.0,K,A*0B
2026-03-01T07:24:00.000Z $GPXTE,A,A,0.046,L,N,A*31
2026-03-01T07:24:00.000Z $IIDBT,20.9,f,6.4,M,3.5,F*2E
2026-03-01T07:24:00.000Z $IIHDG,327.3,,,1.2,E*24
2026-03-01T07:24:00.000Z $IIMDA,29.9738,I,1.0150,B,8.4,C,,C,,,,,,,,,,*5A
2026-03-01T07:24:00.000Z $IIMTA,8.3,C*3E
2026-03-01T07:24:00.000Z $IIMTW,6.5,C*20
2026-03-01T07:24:00.000Z $IIMWV,89.6,T,10.6,N,A*3B
2026-03-01T07:24:00.000Z $IIRPM,E,1,2186,,A*5B
2026-03-01T07:24:00.000Z $IIRSA,2.0,A,,V*7B
2026-03-01T07:24:00.000Z $IIVHW,327.3,T,,M,4.7,N,,K*53
2026-03-01T07:24:00.000Z $IIXDR,V,13.11,V,BATT*61
2026-03-01T07:24:10.000Z !AIVDM,1,1,,B,15N2113P00J`tC4;9g`R4?vN0<02,0*5E
2026-03-01T07:24:10.000Z $GPGGA,072410,5258.2869,N,00444.7381,E,2,10,0.9,2.5,M,,M,,*56
2026-03-01T07:24:10.000Z $GPRMC,072410,A,5258.2869,N,00444.7381,E,3.1,330.2,010326,,,A*70
2026-03-01T07:24:10.000Z $IIDBT,25.0,f,7.6,M,4.2,F*21
2026-03-01T07:24:10.000Z $IIHDG,327.0,,,1.2,E*27
2026-03-01T07:24:10.000Z $IIMWV,95.0,T,10.5,N,A*33
2026-03-01T07:24:10.000Z $IIRPM,E,1,2224,,A*50
2026-03-01T07:24:10.000Z $IIRSA,-3.8,A,,V*5F
2026-03-01T07:24:10.000Z $IIVHW,327.0,T,,M,2.7,N,,K*56
2026-03-01T07:24:20.000Z $GPGGA,072420,5258.2940,N,00444.7116,E,2,11,0.9,2.5,M,,M,,*52
2026-03-01T07:24:20.000Z $GPRMC,072420,A,5258.2940,N,00444.7116,E,3.5,328.3,010326,,,A*79
2026-03-01T07:24:20.000Z $IIDBT,22.3,f,6.8,M,3.7,F*28
2026-03-01T07:24:20.000Z $IIHDG,328.0,,,1.2,E*28
2026-03-01T07:24:20.000Z $IIMWV,82.4,T,11.3,N,A*36
2026-03-01T07:24:20.000Z $IIRPM,E,1,2163,,A*50
2026-03-01T07:24:20.000Z $IIRSA,-3.2,A,,V*55
2026-03-01T07:24:20.000Z $IIVHW,328.0,T,,M,3.2,N,,K*5D
2026-03-01T07:24:30.000Z $GPGGA,072430,5258.3020,N,00444.7050,E,2,8,0.9,2.5,M,,M,,*66
2026-03-01T07:24:30.000Z $GPRMC,072430,A,5258.3020,N,00444.7050,E,4.6,332.0,010326,,,A*79
2026-03-01T07:24:30.000Z $GPVTG,332.9,T,,M,4.6,N,8.6,K,A*0A
2026-03-01T07:24:30.000Z $GPXTE,A,A,0.010,L,N,A*32
2026-03-01T07:24:30.000Z $IIDBT,14.6,f,4.5,M,2.4,F*25
2026-03-01T07:24:30.000Z $IIHDG,326.2,,,1.2,E*24
2026-03-01T07:24:30.000Z $IIMTA,8.2,C*3F
2026-03-01T07:24:30.000Z $IIMWV,84.9,T,11.6,N,A*38
2026-03-01T07:24:30.000Z $IIRPM,E,1,2167,,A*54
2026-03-01T07:24:30.000Z $IIRSA,0.2,A,,V*7B
2026-03-01T07:24:30.000Z $IIVHW,326.2,T,,M,4.5,N,,K*51
2026-03-01T07:24:30.000Z $IIXDR,V,13.13,V,BATT*63
2026-03-01T07:24:40.000Z !AIVDM,1,1,,B,15N2445P00J`tC4;9g`R4?vN0<02,0*5E
2026-03-01T07:24:40.000Z $GPGGA,072440,5258.3198,N,00444.7034,E,2,11,0.9,2.5,M,,M,,*59
2026-03-01T07:24:40.000Z $GPRMC,072440,A,5258.3198,N,00444.7034,E,3.4,329.3,010326,,,A*72
2026-03-01T07:24:40.000Z $IIDBT,25.1,f,7.6,M,4.2,F*20
2026-03-01T07:24:40.000Z $IIHDG,326.7,,,1.2,E*21
2026-03-01T07:24:40.000Z $IIMWV,91.3,T,11.9,N,A*39
2026-03-01T07:24:40.000Z $IIRPM,E,1,1468,,A*5D
2026-03-01T07:24:40.000Z $IIRSA,-3.3,A,,V*54
2026-03-01T07:24:40.000Z $IIVHW,326.7,T,,M,3.0,N,,K*56
2026-03-01T07:24:50.000Z !AIVDM,1,1,,B,15N2460P00J`tC4;9g`R4?vN0<02,0*5E
2026-03-01T07:24:50.000Z $GPGGA,072450,5258.3198,N,00444.7202,E,2,8,0.9,2.5,M,,M,,*67
2026-03-01T07:24:50.000Z $GPRMC,072450,A,5258.3198,N,00444.7202,E,3.9,330.2,010326,,,A*70
2026-03-01T07:24:50.000Z $IIDBT,13.6,f,4.1,M,2.3,F*21
2026-03-01T07:24:50.000Z $IIHDG,326.4,,,1.2,E*22
2026-03-01T07:24:50.000Z $IIMWV,86.6,T,11.8,N,A*3B
2026-03-01T07:24:50.000Z $IIRPM,E,1,693,,A*6A
2026-03-01T07:24:50.000Z $IIRSA,-1.5,A,,V*50
2026-03-01T07:24:50.000Z $IIVHW,326.4,T,,M,3.5,N,,K*50
2026-03-01T07:25:00.000Z !AIVDM,1,1,,B,15N2445P00J`tC4;9g`R4?vN0<02,0*5E
2026-03-01T07:25:00.000Z !AIVDO,1,1,,A,15RTd30000J`sV4;9a8H4?vP0000,0*7A
2026-03-01T07:25:00.000Z !AIVDO,1,1,,A,15RTd30000J`sV4;9a8H4?vP0000,0*7A
2026-03-01T07:25:00.000Z $GPGGA,072500,5258.3131,N,00444.7040,E,2,10,0.9,2.5,M,,M,,*5D
2026-03-01T07:25:00.000Z $GPGGA,072500,5258.3164,N,00444.7126,E,2,9,0.9,2.5,M,,M,,*64
2026-03-01T07:25:00.000Z $GPGSA,A,3,01,03,06,11,17,19,22,25,,,,,1.2,0.9,0.8*3D
2026-03-01T07:25:00.000Z $GPGSA,A,3,01,03,06,11,17,19,22,25,,,,,1.2,0.9,0.8*3D
2026-03-01T07:25:00.000Z $GPRMC,072500,A,5258.3131,N,00444.7040,E,3.3,327.6,010326,,,A*7B
2026-03-01T07:25:00.000Z $GPRMC,072500,A,5258.3164,N,00444.7126,E,4.3,291.0,010326,,,A*77
2026-03-01T07:25:00.000Z $GPVTG,291.5,T,,M,4.3,N,7.9,K,A*0B
2026-03-01T07:25:00.000Z $GPVTG,327.9,T,,M,3.3,N,6.1,K,A*05
2026-03-01T07:25:00.000Z $GPXTE,A,A,0.026,R,N,A*29
2026-03-01T07:25:00.000Z $GPXTE,A,A,0.030,L,N,A*30
2026-03-01T07:25:00.000Z $IIDBT,19.0,f,5.8,M,3.2,F*25
2026-03-01T07:25:00.000Z $IIDBT,44.0,f,13.4,M,7.3,F*13
2026-03-01T07:25:00.000Z $IIHDG,294.4,,,1.2,E*2A
2026-03-01T07:25:00.000Z $IIHDG,326.4,,,1.2,E*22
2026-03-01T07:25:00.000Z $IIMDA,29.9715,I,1.0150,B,8.3,C,,C,,,,,,,,,,*52
2026-03-01T07:25:00.000Z $IIMDA,29.9863,I,1.0155,B,8.2,C,,C,,,,,,,,,,*58
2026-03-01T07:25:00.000Z $IIMTA,7.9,C*3B
2026-03-01T07:25:00.000Z $IIMTA,8.6,C*3B
2026-03-01T07:25:00.000Z $IIMTW,6.3,C*26
2026-03-01T07:25:00.000Z $IIMTW,6.5,C*20
2026-03-01T07:25:00.000Z $IIMWV,59.1,T,13.7,N,A*33
2026-03-01T07:25:00.000Z $IIMWV,82.7,T,10.5,N,A*32
2026-03-01T07:25:00.000Z $IIRPM,E,1,0,,A*66
2026-03-01T07:25:00.000Z $IIRPM,E,1,0,,A*66
2026-03-01T07:25:00.000Z $IIRSA,-4.7,A,,V*57
2026-03-01T07:25:00.000Z $IIRSA,3.8,A,,V*72
2026-03-01T07:25:00.000Z $IIVHW,294.4,T,,M,4.0,N,,K*5A
2026-03-01T07:25:00.000Z $IIVHW,326.4,T,,M,3.0,N,,K*55
2026-03-01T07:25:00.000Z $IIXDR,V,12.59,V,BATT*6C
2026-03-01T07:25:00.000Z $IIXDR,V,13.02,V,BATT*63
2026-03-01T07:25:10.000Z !AIVDM,1,1,,B,15N2113P00J`tC4;9g`R4?vN0<02,0*5E
2026-03-01T07:25:10.000Z $GPGGA,072510,5258.3311,N,00444.6843,E,2,9,0.9,2.5,M,,M,,*6E
2026-03-01T07:25:10.000Z $GPRMC,072510,A,5258.3311,N,00444.6843,E,5.9,298.7,010326,,,A*78
2026-03-01T07:25:10.000Z $IIDBT,48.7,f,14.8,M,8.1,F*1E
2026-03-01T07:25:10.000Z $IIHDG,291.8,,,1.2,E*23
2026-03-01T07:25:10.000Z $IIMWV,61.1,T,13.1,N,A*3E
2026-03-01T07:25:10.000Z $IIRPM,E,1,0,,A*66
2026-03-01T07:25:10.000Z $IIRSA,-3.5,A,,V*52
2026-03-01T07:25:10.000Z $IIVHW,291.8,T,,M,5.5,N,,K*57
2026-03-01T07:25:20.000Z $GPGGA,072520,5258.3441,N,00444.6689,E,2,11,0.9,2.5,M,,M,,*5E
2026-03-01T07:25:20.000Z $GPRMC,072520,A,5258.3441,N,00444.6689,E,4.1,290.6,010326,,,A*71
2026-03-01T07:25:20.000Z $IIDBT,40.0,f,12.2,M,6.7,F*15
2026-03-01T07:25:20.000Z $IIHDG,294.7,,,1.2,E*29
2026-03-01T07:25:20.000Z $IIMWV,63.5,T,12.2,N,A*3A
2026-03-01T07:25:20.000Z $IIRPM,E,1,0,,A*66
2026-03-01T07:25:20.000Z $IIRSA,-0.0,A,,V*54
2026-03-01T07:25:20.000Z $IIVHW,294.7,T,,M,3.8,N,,K*56
2026-03-01T07:25:30.000Z !AIVDM,1,1,,B,15N2449P00J`tC4;9g`R4?vN0<02,0*5E
2026-03-01T07:25:30.000Z $GPGGA,072530,5258.3516,N,00444.6490,E,2,11,0.9,2.5,M,,M,,*56
2026-03-01T07:25:30.000Z $GPRMC,072530,A,5258.3516,N,00444.6490,E,5.2,297.5,010326,,,A*7F
2026-03-01T07:25:30.000Z $GPVTG,297.3,T,,M,5.2,N,9.6,K,A*0A
2026-03-01T07:25:30.000Z $GPXTE,A,A,0.043,L,N,A*34
2026-03-01T07:25:30.000Z $IIDBT,29.8,f,9.1,M,5.0,F*2F
2026-03-01T07:25:30.000Z $IIHDG,293.3,,,1.2,E*2A
2026-03-01T07:25:30.000Z $IIMTA,8.0,C*3D
2026-03-01T07:25:30.000Z $IIMWV,61.9,T,12.8,N,A*3E
2026-03-01T07:25:30.000Z $IIRPM,E,1,0,,A*66
2026-03-01T07:25:30.000Z $IIRSA,3.4,A,,V*7E
2026-03-01T07:25:30.000Z $IIVHW,293.3,T,,M,4.8,N,,K*52
2026-03-01T07:25:30.000Z $IIXDR,V,12.60,V,BATT*66
2026-03-01T07:25:40.000Z !AIVDM,1,1,,B,15N2446P00J`tC4;9g`R4?vN0<02,0*5E
2026-03-01T07:25:40.000Z $GPGGA,072540,5258.3638,N,00444.6252,E,2,10,0.9,2.5,M,,M,,*57
2026-03-01T07:25:40.000Z $GPRMC,072540,A,5258.3638,N,00444.6252,E,5.0,297.2,010326,,,A*7A
2026-03-01T07:25:40.000Z $IIDBT,45.1,f,13.7,M,7.5,F*16
2026-03-01T07:25:40.000Z $IIHDG,291.3,,,1.2,E*28
2026-03-01T07:25:40.000Z $IIMWV,63.2,T,13.3,N,A*3D
2026-03-01T07:25:40.000Z $IIRPM,E,1,0,,A*66
2026-03-01T07:25:40.000Z $IIRSA,-3.0,A,,V*57
2026-03-01T07:25:40.000Z $IIVHW,291.3,T,,M,4.7,N,,K*5F
2026-03-01T07:25:50.000Z $GPGGA,072550,5258.3729,N,00444.6134,E,2,11,0.9,2.5,M,,M,,*55
2026-03-01T07:25:50.000Z $GPRMC,072550,A,5258.3729,N,00444.6134,E,5.3,291.9,010326,,,A*77
2026-03-01T07:25:50.000Z $IIDBT,29.3,f,8.9,M,4.9,F*25
2026-03-01T07:25:50.000Z $IIHDG,292.7,,,1.2,E*2F
2026-03-01T07:25:50.000Z $IIMWV,57.8,T,14.0,N,A*34
2026-03-01T07:25:50.000Z $IIRPM,E,1,0,,A*66
2026-03-01T07:25:50.000Z $IIRSA,1.0,A,,V*78
2026-03-01T07:25:50.000Z $IIVHW,292.7,T,,M,5.0,N,,K*5E
2026-03-01T07:26:00.000Z !AIVDM,1,1,,B,15N2451P00J`tC4;9g`R4?vN0<02,0*5E
2026-03-01T07:26:00.000Z !AIVDO,1,1,,A,15RTd30000J`sV4;9a8H4?vP0000,0*7A
2026-03-01T07:26:00.000Z $GPGGA,072600,5258.3885,N,00444.6216,E,2,11,0.9,2.5,M,,M,,*59
2026-03-01T07:26:00.000Z $GPGSA,A,3,01,03,06,11,17,19,22,25,,,,,1.2,0.9,0.8*3D
2026-03-01T07:26:00.000Z $GPRMC,072600,A,5258.3885,N,00444.6216,E,5.7,296.1,010326,,,A*70
2026-03-01T07:26:00.000Z $GPVTG,296.6,T,,M,5.7,N,10.6,K,A*33
2026-03-01T07:26:00.000Z $GPXTE,A,A,0.003,L,N,A*30
2026-03-01T07:26:00.000Z $IIDBT,48.1,f,14.6,M,8.0,F*17
2026-03-01T07:26:00.000Z $IIHDG,294.9,,,1.2,E*27
2026-03-01T07:26:00.000Z $IIMDA,29.9767,I,1.0151,B,8.2,C,,C,,,,,,,,,,*57
2026-03-01T07:26:00.000Z $IIMTA,8.4,C*39
2026-03-01T07:26:00.000Z $IIMTW,6.3,C*26
2026-03-01T07:26:00.000Z $IIMWV,67.6,T,13.9,N,A*37
2026-03-01T07:26:00.000Z $IIRPM,E,1,0,,A*66
2026-03-01T07:26:00.000Z $IIRSA,-4.2,A,,V*52
2026-03-01T07:26:00.000Z $IIVHW,294.9,T,,M,5.2,N,,K*54
2026-03-01T07:26:00.000Z $IIXDR,V,12.52,V,BATT*67
2026-03-01T07:26:10.000Z $GPGGA,072610,5258.3912,N,00444.5948,E,2,10,0.9,2.5,M,,M,,*55
2026-03-01T07:26:10.000Z $GPRMC,072610,A,5258.3912,N,00444.5948,E,6.0,299.8,010326,,,A*7F
2026-03-01T07:26:10.000Z $IIDBT,39.3,f,12.0,M,6.6,F*1B
2026-03-01T07:26:10.000Z $IIHDG,292.8,,,1.2,E*20
2026-03-01T07:26:10.000Z $IIMWV,62.5,T,12.3,N,A*3A
2026-03-01T07:26:10.000Z $IIRPM,E,1,0,,A*66
2026-03-01T07:26:10.000Z $IIRSA,4.0,A,,V*7D
2026-03-01T07:26:10.000Z $IIVHW,292.8,T,,M,5.6,N,,K*57
2026-03-01T07:26:20.000Z $GPGGA,072620,5258.3900,N,00444.5725,E,2,11,0.9,2.5,M,,M,,*51
2026-03-01T07:26:20.000Z $GPRMC,072620,A,5258.3900,N,00444.5725,E,5.9,294.6,010326,,,A*73
2026-03-01T07:26:20.000Z $IIDBT,35.7,f,10.9,M,5.9,F*14
2026-03-01T07:26:20.000Z $IIHDG,293.0,,,1.2,E*29
2026-03-01T07:26:20.000Z $IIMWV,69.8,T,12.4,N,A*3B
2026-03-01T07:26:20.000Z $IIRPM,E,1,0,,A*66
2026-03-01T07:26:20.000Z $IIRSA,-3.1,A,,V*56
2026-03-01T07:26:20.000Z $IIVHW,293.0,T,,M,5.5,N,,K*5D
2026-03-01T07:26:30.000Z !AIVDM,1,1,,B,15N2447P00J`tC4;9g`R4?vN0<02,0*5E
2026-03-01T07:26:30.000Z $GPGGA,072630,5258.4203,N,00444.5812,E,2,8,0.9,2.5,M,,M,,*6C
2026-03-01T07:26:30.000Z $GPRMC,072630,A,5258.4203,N,00444.5812,E,5.1,297.2,010326,,,A*79
2026-03-01T07:26:30.000Z $GPVTG,297.9,T,,M,5.1,N,9.5,K,A*00
2026-03-01T07:26:30.000Z $GPXTE,A,A,0.000,R,N,A*2D
2026-03-01T07:26:30.000Z $IIDBT,27.9,f,8.5,M,4.7,F*23
2026-03-01T07:26:30.000Z $IIHDG,291.3,,,1.2,E*28
2026-03-01T07:26:30.000Z $IIMTA,8.4,C*39
2026-03-01T07:26:30.000Z $IIMWV,70.6,T,12.9,N,A*30
2026-03-01T07:26:30.000Z $IIRPM,E,1,0,,A*66
2026-03-01T07:26:30.000Z $IIRSA,0.3,A,,V*7A
2026-03-01T07:26:30.000Z $IIVHW,291.3,T,,M,4.8,N,,K*50
2026-03-01T07:26:30.000Z $IIXDR,V,12.63,V,BATT*65
2026-03-01T07:26:40.000Z !AIVDM,1,1,,B,15N2460P00J`tC4;9g`R4?vN0<02,0*5E
2026-03-01T07:26:40.000Z $GPGGA,072640,5258.4254,N,00444.5514,E,2,10,0.9,2.5,M,,M,,*5B
2026-03-01T07:26:40.000Z $GPRMC,072640,A,5258.4254,N,00444.5514,E,5.6,296.1,010326,,,A*72
2026-03-01T07:26:40.000Z $IIDBT,38.2,f,11.6,M,6.4,F*1C
2026-03-01T07:26:40.000Z $IIHDG,293.2,,,1.2,E*2B
2026-03-01T07:26:40.000Z $IIMWV,63.5,T,13.4,N,A*3D
2026-03-01T07:26:40.000Z $IIRPM,E,1,0,,A*66
2026-03-01T07:26:40.000Z $IIRSA,-4.6,A,,V*56
2026-03-01T07:26:40.000Z $IIVHW,293.2,T,,M,5.2,N,,K*58
2026-03-01T07:26:50.000Z $GPGGA,072650,5258.4384,N,00444.5378,E,2,10,0.9,2.5,M,,M,,*5A
2026-03-01T07:26:50.000Z $GPRMC,072650,A,5258.4384,N,00444.5378,E,4.8,296.4,010326,,,A*79
2026-03-01T07:26:50.000Z $IIDBT,46.9,f,14.3,M,7.8,F*13
2026-03-01T07:26:50.000Z $IIHDG,291.7,,,1.2,E*2C
2026-03-01T07:26:50.000Z $IIMWV,69.1,T,13.5,N,A*32
2026-03-01T07:26:50.000Z $IIRPM,E,1,0,,A*66
2026-03-01T07:26:50.000Z $IIRSA,-3.5,A,,V*52
2026-03-01T07:26:50.000Z $IIVHW,291.7,T,,M,4.5,N,,K*59
2026-03-01T07:27:00.000Z !AIVDO,1,1,,A,15RTd30000J`sV4;9a8H4?vP0000,0*7A
2026-03-01T07:27:00.000Z $GPGGA,072700,5258.4380,N,00444.5213,E,2,9,0.9,2.5,M,,M,,*6E
2026-03-01T07:27:00.000Z $GPGSA,A,3,01,03,06,11,17,19,22,25,,,,,1.2,0.9,0.8*3D
2026-03-01T07:27:00.000Z $GPRMC,072700,A,5258.4380,N,00444.5213,E,5.0,295.1,010326,,,A*7A
2026-03-01T07:27:00.000Z $GPVTG,295.3,T,,M,5.0,N,9.3,K,A*0F
2026-03-01T07:27:00.000Z $GPXTE,A,A,0.016,R,N,A*2A
2026-03-01T07:27:00.000Z $IIDBT,48.7,f,14.9,M,8.1,F*1F
2026-03-01T07:27:00.000Z $IIHDG,291.4,,,1.2,E*2F
2026-03-01T07:27:00.000Z $IIMDA,29.9862,I,1.0154,B,8.3,C,,C,,,,,,,,,,*59
2026-03-01T07:27:00.000Z $IIMTA,8.3,C*3E
2026-03-01T07:27:00.000Z $IIMTW,6.6,C*23
2026-03-01T07:27:00.000Z $IIMWV,64.9,T,12.2,N,A*31
2026-03-01T07:27:00.000Z $IIRPM,E,1,0,,A*66
2026-03-01T07:27:00.000Z $IIRSA,2.2,A,,V*79
2026-03-01T07:27:00.000Z $IIVHW,291.4,T,,M,4.6,N,,K*59
2026-03-01T07:27:00.000Z $IIXDR,V,12.64,V,BATT*62
2026-03-01T07:27:10.000Z $GPGGA,072710,5258.4492,N,00444.5119,E,2,11,0.9,2.5,M,,M,,*5B
2026-03-01T07:27:10.000Z $GPRMC,072710,A,5258.4492,N,00444.5119,E,5.8,297.9,010326,,,A*74
2026-03-01T07:27:10.000Z $IIDBT,37.5,f,11.4,M,6.3,F*11
2026-03-01T07:27:10.000Z $IIHDG,291.9,,,1.2,E*22
2026-03-01T07:27:10.000Z $IIMWV,64.8,T,13.0,N,A*33
2026-03-01T07:27:10.000Z $IIRPM,E,1,0,,A*66
2026-03-01T07:27:10.000Z $IIRSA,-0.4,A,,V*50
2026-03-01T07:27:10.000Z $IIVHW,291.9,T,,M,5.5,N,,K*56
2026-03-01T07:27:20.000Z $GPGGA,072720,5258.4545,N,00444.4756,E,2,11,0.9,2.5,M,,M,,*5F
2026-03-01T07:27:20.000Z $GPRMC,072720,A,5258.4545,N,00444.4756,E,5.1,298.1,010326,,,A*7E
2026-03-01T07:27:20.000Z $IIDBT,39.6,f,12.1,M,6.6,F*1F
2026-03-01T07:27:20.000Z $IIHDG,292.8,,,1.2,E*20
2026-03-01T07:27:20.000Z $IIMWV,71.7,T,12.0,N,A*39
2026-03-01T07:27:20.000Z $IIRPM,E,1,0,,A*66
2026-03-01T07:27:20.000Z $IIRSA,0.8,A,,V*71
2026-03-01T07:27:20.000Z $IIVHW,292.8,T,,M,4.8,N,,K*58
2026-03-01T07:27:30.000Z $GPGGA,072730,5258.4786,N,00444.4655,E,2,8,0.9,2.5,M,,M,,*69
2026-03-01T07:27:30.000Z $GPRMC,072730,A,5258.4786,N,00444.4655,E,4.7,295.2,010326,,,A*79
2026-03-01T07:27:30.000Z $GPVTG,295.3,T,,M,4.7,N,8.6,K,A*0D
2026-03-01T07:27:30.000Z $GPXTE,A,A,0.017,R,N,A*2B
2026-03-01T07:27:30.000Z $IIDBT,26.9,f,8.2,M,4.5,F*27
2026-03-01T07:27:30.000Z $IIHDG,294.2,,,1.2,E*2C
2026-03-01T07:27:30.000Z $IIMTA,8.4,C*39
2026-03-01T07:27:30.000Z $IIMWV,63.4,T,12.8,N,A*31
2026-03-01T07:27:30.000Z $IIRPM,E,1,0,,A*66
2026-03-01T07:27:30.000Z $IIRSA,-4.5,A,,V*55
2026-03-01T07:27:30.000Z $IIVHW,294.2,T,,M,4.4,N,,K*58
2026-03-01T07:27:30.000Z $IIXDR,V,12.52,V,BATT*67
2026-03-01T07:27:40.000Z !AIVDM,1,1,,B,15N2447P00J`tC4;9g`R4?vN0<02,0*5E
2026-03-01T07:27:40.000Z $GPGGA,072740,5258.4875,N,00444.4626,E,2,8,0.9,2.5,M,,M,,*69
2026-03-01T07:27:40.000Z $GPRMC,072740,A,5258.4875,N,00444.4626,E,4.1,295.6,010326,,,A*7B
2026-03-01T07:27:40.000Z $IIDBT,39.1,f,11.9,M,6.5,F*10
2026-03-01T07:27:40.000Z $IIHDG,293.7,,,1.2,E*2E
2026-03-01T07:27:40.000Z $IIMWV,63.3,T,13.6,N,A*39
2026-03-01T07:27:40.000Z $IIRPM,E,1,0,,A*66
2026-03-01T07:27:40.000Z $IIRSA,-0.1,A,,V*55
2026-03-01T07:27:40.000Z $IIVHW,293.7,T,,M,3.9,N,,K*50
2026-03-01T07:27:50.000Z !AIVDM,1,1,,B,15N2451P00J`tC4;9g`R4?vN0<02,0*5E
2026-03-01T07:27:50.000Z $GPGGA,072750,5258.4837,N,00444.4384,E,2,11,0.9,2.5,M,,M,,*5B
2026-03-01T07:27:50.000Z $GPRMC,072750,A,5258.4837,N,00444.4384,E,5.1,296.1,010326,,,A*74
2026-03-01T07:27:50.000Z $IIDBT,43.3,f,13.2,M,7.2,F*10
2026-03-01T07:27:50.000Z $IIHDG,294.0,,,1.2,E*2E
2026-03-01T07:27:50.000Z $IIMWV,59.9,T,13.2,N,A*3E
2026-03-01T07:27:50.000Z $IIRPM,E,1,0,,A*66
2026-03-01T07:27:50.000Z $IIRSA,2.0,A,,V*7B
2026-03-01T07:27:50.000Z $IIVHW,294.0,T,,M,4.8,N,,K*56
2026-03-01T07:28:00.000Z !AIVDO,1,1,,A,15RTd30000J`sV4;9a8H4?vP0000,0*7A
2026-03-01T07:28:00.000Z $GPGGA,072800,5258.4976,N,00444.4433,E,2,9,0.9,2.5,M,,M,,*67
2026-03-01T07:28:00.000Z $GPGSA,A,3,01,03,06,11,17,19,22,25,,,,,1.2,0.9,0.8*3D
2026-03-01T07:28:00.000Z $GPRMC,072800,A,5258.4976,N,00444.4433,E,5.0,292.3,010326,,,A*76
2026-03-01T07:28:00.000Z $GPVTG,292.0,T,,M,5.0,N,9.2,K,A*0A
2026-03-01T07:28:00.000Z $GPXTE,A,A,0.005,L,N,A*36
2026-03-01T07:28:00.000Z $IIDBT,47.1,f,14.4,M,7.9,F*1C
2026-03-01T07:28:00.000Z $IIHDG,293.0,,,1.2,E*29
2026-03-01T07:28:00.000Z $IIMDA,29.9756,I,1.0151,B,8.2,C,,C,,,,,,,,,,*55
2026-03-01T07:28:00.000Z $IIMTA,8.2,C*3F
2026-03-01T07:28:00.000Z $IIMTW,6.7,C*22
2026-03-01T07:28:00.000Z $IIMWV,68.7,T,12.6,N,A*37
2026-03-01T07:28:00.000Z $IIRPM,E,1,0,,A*66
2026-03-01T07:28:00.000Z $IIRSA,-1.2,A,,V*57
2026-03-01T07:28:00.000Z $IIVHW,293.0,T,,M,4.7,N,,K*5E
2026-03-01T07:28:00.000Z $IIXDR,V,12.59,V,BATT*6C
2026-03-01T07:28:10.000Z !AIVDM,1,1,,B,15N2451P00J`tC4;9g`R4?vN0<02,0*5E
2026-03-01T07:28:10.000Z $GPGGA,072810,5258.5209,N,00444.4064,E,2,11,0.9,2.5,M,,M,,*5B
2026-03-01T07:28:10.000Z $GPRMC,072810,A,5258.5209,N,00444.4064,E,5.6,295.6,010326,,,A*77
2026-03-01T07:28:10.000Z $IIDBT,42.9,f,13.1,M,7.2,F*18
2026-03-01T07:28:10.000Z $IIHDG,293.8,,,1.2,E*21
2026-03-01T07:28:10.000Z $IIMWV,59.2,T,12.2,N,A*34
2026-03-01T07:28:10.000Z $IIRPM,E,1,0,,A*66
2026-03-01T07:28:10.000Z $IIRSA,4.1,A,,V*7C
2026-03-01T07:28:10.000Z $IIVHW,293.8,T,,M,5.2,N,,K*52
2026-03-01T07:28:20.000Z $GPGGA,072820,5258.5199,N,00444.4015,E,2,9,0.9,2.5,M,,M,,*6D
2026-03-01T07:28:20.000Z $GPRMC,072820,A,5258.5199,N,00444.4015,E,4.0,290.7,010326,,,A*7B
2026-03-01T07:28:20.000Z $IIDBT,30.8,f,9.4,M,5.1,F*23
2026-03-01T07:28:20.000Z $IIHDG,291.3,,,1.2,E*28
2026-03-01T07:28:20.000Z $IIMWV,69.0,T,12.7,N,A*30
2026-03-01T07:28:20.000Z $IIRPM,E,1,0,,A*66
2026-03-01T07:28:20.000Z $IIRSA,0.9,A,,V*70
2026-03-01T07:28:20.000Z $IIVHW,291.3,T,,M,3.6,N,,K*59
2026-03-01T07:28:30.000Z !AIVDM,1,1,,B,15N2460P00J`tC4;9g`R4?vN0<02,0*5E
2026-03-01T07:28:30.000Z $GPGGA,072830,5258.5183,N,00444.3994,E,2,8,0.9,2.5,M,,M,,*61
2026-03-01T07:28:30.000Z $GPRMC,072830,A,5258.5183,N,00444.3994,E,5.7,294.1,010326,,,A*72
2026-03-01T07:28:30.000Z $GPVTG,294.8,T,,M,5.7,N,10.6,K,A*3F
2026-03-01T07:28:30.000Z $GPXTE,A,A,0.030,R,N,A*2E
2026-03-01T07:28:30.000Z $IIDBT,44.8,f,13.7,M,7.5,F*1E
2026-03-01T07:28:30.000Z $IIHDG,293.4,,,1.2,E*2D
2026-03-01T07:28:30.000Z $IIMTA,7.9,C*3B
2026-03-01T07:28:30.000Z $IIMWV,66.5,T,12.6,N,A*3B
2026-03-01T07:28:30.000Z $IIRPM,E,1,0,,A*66
2026-03-01T07:28:30.000Z $IIRSA,-0.0,A,,V*54
2026-03-01T07:28:30.000Z $IIVHW,293.4,T,,M,5.4,N,,K*58
2026-03-01T07:28:30.000Z $IIXDR,V,12.56,V,BATT*63
2026-03-01T07:28:40.000Z !AIVDM,1,1,,B,15N2113P00J`tC4;9g`R4?vN0<02,0*5E
2026-03-01T07:28:40.000Z $GPGGA,072840,5258.5315,N,00444.3663,E,2,10,0.9,2.5,M,,M,,*55
2026-03-01T07:28:40.000Z $GPRMC,072840,A,5258.5315,N,00444.3663,E,5.6,290.7,010326,,,A*7C
2026-03-01T07:28:40.000Z $IIDBT,35.8,f,10.9,M,6.0,F*11
2026-03-01T07:28:40.000Z $IIHDG,292.4,,,1.2,E*2C
2026-03-01T07:28:40.000Z $IIMWV,63.8,T,13.3,N,A*37
2026-03-01T07:28:40.000Z $IIRPM,E,1,0,,A*66
2026-03-01T07:28:40.000Z $IIRSA,2.4,A,,V*7F
2026-03-01T07:28:40.000Z $IIVHW,292.4,T,,M,5.3,N,,K*5E
2026-03-01T07:28:50.000Z $GPGGA,072850,5258.5475,N,00444.3451,E,2,11,0.9,2.5,M,,M,,*57
2026-03-01T07:28:50.000Z $GPRMC,072850,A,5258.5475,N,00444.3451,E,4.5,295.2,010326,,,A*7D
2026-03-01T07:28:50.000Z $IIDBT,30.2,f,9.2,M,5.0,F*2E
2026-03-01T07:28:50.000Z $IIHDG,294.6,,,1.2,E*28
2026-03-01T07:28:50.000Z $IIMWV,63.2,T,12.7,N,A*38
2026-03-01T07:28:50.000Z $IIRPM,E,1,0,,A*66
2026-03-01T07:28:50.000Z $IIRSA,3.3,A,,V*79
2026-03-01T07:28:50.000Z $IIVHW,294.6,T,,M,4.1,N,,K*59
2026-03-01T07:29:00.000Z !AIVDM,1,1,,B,15N2460P00J`tC4;9g`R4?vN0<02,0*5E
2026-03-01T07:29:00.000Z !AIVDO,1,1,,A,15RTd30000J`sV4;9a8H4?vP0000,0*7A
2026-03-01T07:29:00.000Z $GPGGA,072900,5258.5513,N,00444.3508,E,2,9,0.9,2.5,M,,M,,*66
2026-03-01T07:29:00.000Z $GPGSA,A,3,01,03,06,11,17,19,22,25,,,,,1.2,0.9,0.8*3D
2026-03-01T07:29:00.000Z $GPRMC,072900,A,5258.5513,N,00444.3508,E,6.0,297.6,010326,,,A*74
2026-03-01T07:29:00.000Z $GPVTG,297.2,T,,M,6.0,N,11.0,K,A*35
2026-03-01T07:29:00.000Z $GPXTE,A,A,0.047,R,N,A*2E
2026-03-01T07:29:00.000Z $IIDBT,48.2,f,14.7,M,8.0,F*15
2026-03-01T07:29:00.000Z $IIHDG,292.2,,,1.2,E*2A
2026-03-01T07:29:00.000Z $IIMDA,29.9600,I,1.0146,B,8.3,C,,C,,,,,,,,,,*50
2026-03-01T07:29:00.000Z $IIMTA,8.1,C*3C
2026-03-01T07:29:00.000Z $IIMTW,6.7,C*22
2026-03-01T07:29:00.000Z $IIMWV,63.8,T,12.3,N,A*36
2026-03-01T07:29:00.000Z $IIRPM,E,1,0,,A*66
2026-03-01T07:29:00.000Z $IIRSA,-3.6,A,,V*51
2026-03-01T07:29:00.000Z $IIVHW,292.2,T,,M,5.6,N,,K*5D
2026-03-01T07:29:00.000Z $IIXDR,V,12.65,V,BATT*63
2026-03-01T07:29:10.000Z $GPGGA,072910,5258.5646,N,00444.3265,E,2,11,0.9,2.5,M,,M,,*51
2026-03-01T07:29:10.000Z $GPRMC,072910,A,5258.5646,N,00444.3265,E,5.6,292.7,010326,,,A*7B
2026-03-01T07:29:10.000Z $IIDBT,42.3,f,12.9,M,7.1,F*18
2026-03-01T07:29:10.000Z $IIHDG,294.4,,,1.2,E*2A
2026-03-01T07:29:10.000Z $IIMWV,68.9,T,12.7,N,A*38
2026-03-01T07:29:10.000Z $IIRPM,E,1,0,,A*66
2026-03-01T07:29:10.000Z $IIRSA,0.3,A,,V*7A
2026-03-01T07:29:10.000Z $IIVHW,294.4,T,,M,5.2,N,,K*59
2026-03-01T07:29:20.000Z !AIVDM,1,1,,B,15N2113P00J`tC4;9g`R4?vN0<02,0*5E
2026-03-01T07:29:20.000Z $GPGGA,072920,5258.5831,N,00444.3162,E,2,9,0.9,2.5,M,,M,,*61
2026-03-01T07:29:20.000Z $GPRMC,072920,A,5258.5831,N,00444.3162,E,4.5,293.6,010326,,,A*70
2026-03-01T07:29:20.000Z $IIDBT,26.8,f,8.2,M,4.5,F*26
2026-03-01T07:29:20.000Z $IIHDG,291.1,,,1.2,E*2A
2026-03-01T07:29:20.000Z $IIMWV,70.6,T,13.0,N,A*38
2026-03-01T07:29:20.000Z $IIRPM,E,1,0,,A*66
2026-03-01T07:29:20.000Z $IIRSA,2.1,A,,V*7A
2026-03-01T07:29:20.000Z $IIVHW,291.1,T,,M,4.0,N,,K*5A
2026-03-01T07:29:30.000Z $GPGGA,072930,5258.5829,N,00444.2795,E,2,11,0.9,2.5,M,,M,,*5F
2026-03-01T07:29:30.000Z $GPRMC,072930,A,5258.5829,N,00444.2795,E,4.5,295.9,010326,,,A*7E
2026-03-01T07:29:30.000Z $GPVTG,295.9,T,,M,4.5,N,8.4,K,A*07
2026-03-01T07:29:30.000Z $GPXTE,A,A,0.027,L,N,A*36
2026-03-01T07:29:30.000Z $IIDBT,47.7,f,14.5,M,7.9,F*1B
2026-03-01T07:29:30.000Z $IIHDG,291.1,,,1.2,E*2A
2026-03-01T07:29:30.000Z $IIMTA,8.1,C*3C
2026-03-01T07:29:30.000Z $IIMWV,68.5,T,12.1,N,A*32
2026-03-01T07:29:30.000Z $IIRPM,E,1,0,,A*66
2026-03-01T07:29:30.000Z $IIRSA,-2.6,A,,V*50
2026-03-01T07:29:30.000Z $IIVHW,291.1,T,,M,4.3,N,,K*59
2026-03-01T07:29:30.000Z $IIXDR,V,12.63,V,BATT*65
2026-03-01T07:29:40.000Z !AIVDM,1,1,,B,15N2447P00J`tC4;9g`R4?vN0<02,0*5E
2026-03-01T07:29:40.000Z $GPGGA,072940,5258.5897,N,00444.2638,E,2,8,0.9,2.5,M,,M,,*63
2026-03-01T07:29:40.000Z $GPRMC,072940,A,5258.5897,N,00444.2638,E,5.6,293.6,010326,,,A*71
2026-03-01T07:29:40.000Z $IIDBT,32.1,f,9.8,M,5.4,F*21
2026-03-01T07:29:40.000Z $IIHDG,294.6,,,1.2,E*28
2026-03-01T07:29:40.000Z $IIMWV,69.1,T,12.8,N,A*3E
2026-03-01T07:29:40.000Z $IIRPM,E,1,0,,A*66
2026-03-01T07:29:40.000Z $IIRSA,-2.1,A,,V*57
2026-03-01T07:29:40.000Z $IIVHW,294.6,T,,M,5.5,N,,K*5C
2026-03-01T07:29:50.000Z $GPGGA,072950,5258.6052,N,00444.2611,E,2,10,0.9,2.5,M,,M,,*52
2026-03-01T07:29:50.000Z $GPRMC,072950,A,5258.6052,N,00444.2611,E,5.6,291.8,010326,,,A*75
2026-03-01T07:29:50.000Z $IIDBT,36.1,f,11.0,M,6.0,F*13
2026-03-01T07:29:50.000Z $IIHDG,294.0,,,1.2,E*2E
2026-03-01T07:29:50.000Z $IIMWV,68.9,T,13.9,N,A*37
2026-03-01T07:29:50.000Z $IIRPM,E,1,0,,A*66
2026-03-01T07:29:50.000Z $IIRSA,3.7,A,,V*7D
2026-03-01T07:29:50.000Z $IIVHW,294.0,T,,M,5.4,N,,K*5B
2026-03-01T07:30:00.000Z !AIVDO,1,1,,A,15RTd30000J`sV4;9a8H4?vP0000,0*7A
2026-03-01T07:30:00.000Z $GPGGA,073000,5258.6083,N,00444.2385,E,2,11,0.9,2.5,M,,M,,*5A
2026-03-01T07:30:00.000Z $GPGSA,A,3,01,03,06,11,17,19,22,25,,,,,1.2,0.9,0.8*3D
2026-03-01T07:30:00.000Z $GPRMC,073000,A,5258.6083,N,00444.2385,E,5.9,293.8,010326,,,A*71
2026-03-01T07:30:00.000Z $GPVTG,293.0,T,,M,5.9,N,10.9,K,A*31
2026-03-01T07:30:00.000Z $GPXTE,A,A,0.028,R,N,A*27
2026-03-01T07:30:00.000Z $IIDBT,47.7,f,14.6,M,8.0,F*1E
2026-03-01T07:30:00.000Z $IIHDG,292.4,,,1.2,E*2C
2026-03-01T07:30:00.000Z $IIMDA,29.9790,I,1.0152,B,8.1,C,,C,,,,,,,,,,*5F
2026-03-01T07:30:00.000Z $IIMTA,7.9,C*3B
2026-03-01T07:30:00.000Z $IIMTW,6.6,C*23
2026-03-01T07:30:00.000Z $IIMWV,69.8,T,12.2,N,A*3D
2026-03-01T07:30:00.000Z $IIRPM,E,1,0,,A*66
2026-03-01T07:30:00.000Z $IIRSA,4.3,A,,V*7E
2026-03-01T07:30:00.000Z $IIVHW,292.4,T,,M,5.6,N,,K*5B
2026-03-01T07:30:00.000Z $IIXDR,V,12.55,V,BATT*60
2026-03-01T07:30:10.000Z $GPGGA,073010,5258.6247,N,00444.2353,E,2,8,0.9,2.5,M,,M,,*62
2026-03-01T07:30:10.000Z $GPRMC,073010,A,5258.6247,N,00444.2353,E,4.4,291.8,010326,,,A*7F
2026-03-01T07:30:10.000Z $IIDBT,26.8,f,8.2,M,4.5,F*26
2026-03-01T07:30:10.000Z $IIHDG,292.6,,,1.2,E*2E
2026-03-01T07:30:10.000Z $IIMWV,67.4,T,13.4,N,A*38
2026-03-01T07:30:10.000Z $IIRPM,E,1,0,,A*66
2026-03-01T07:30:10.000Z $IIRSA,-3.5,A,,V*52
2026-03-01T07:30:10.000Z $IIVHW,292.6,T,,M,4.3,N,,K*5D
2026-03-01T07:30:20.000Z $GPGGA,073020,5258.6286,N,00444.2233,E,2,10,0.9,2.5,M,,M,,*52
2026-03-01T07:30:20.000Z $GPRMC,073020,A,5258.6286,N,00444.2233,E,4.7,298.2,010326,,,A*76
2026-03-01T07:30:20.000Z $IIDBT,29.2,f,8.9,M,4.9,F*24
2026-03-01T07:30:20.000Z $IIHDG,294.8,,,1.2,E*26
2026-03-01T07:30:20.000Z $IIMWV,63.8,T,13.9,N,A*3D
2026-03-01T07:30:20.000Z $IIRPM,E,1,0,,A*66
2026-03-01T07:30:20.000Z $IIRSA,-4.7,A,,V*57
2026-03-01T07:30:20.000Z $IIVHW,294.8,T,,M,4.5,N,,K*53
2026-03-01T07:30:30.000Z $GPGGA,073030,5258.6616,N,00444.2206,E,2,10,0.9,2.5,M,,M,,*58
2026-03-01T07:30:30.000Z $GPRMC,073030,A,5258.6616,N,00444.2206,E,5.2,296.3,010326,,,A*77
2026-03-01T07:30:30.000Z $GPVTG,297.0,T,,M,5.2,N,9.6,K,A*09
2026-03-01T07:30:30.000Z $GPXTE,A,A,0.001,L,N,A*32
2026-03-01T07:30:30.000Z $IIDBT,38.3,f,11.7,M,6.4,F*1C
2026-03-01T07:30:30.000Z $IIHDG,292.1,,,1.2,E*29
2026-03-01T07:30:30.000Z $IIMTA,8.2,C*3F
2026-03-01T07:30:30.000Z $IIMWV,67.5,T,13.5,N,A*38
2026-03-01T07:30:30.000Z $IIRPM,E,1,0,,A*66
2026-03-01T07:30:30.000Z $IIRSA,-3.5,A,,V*52
2026-03-01T07:30:30.000Z $IIVHW,292.1,T,,M,5.1,N,,K*59
2026-03-01T07:30:30.000Z $IIXDR,V,12.69,V,BATT*6F
2026-03-01T07:30:40.000Z !AIVDM,1,1,,B,15N2447P00J`tC4;9g`R4?vN0<02,0*5E
2026-03-01T07:30:40.000Z $GPGGA,073040,5258.6560,N,00444.1832,E,2,9,0.9,2.5,M,,M,,*6B
2026-03-01T07:30:40.000Z $GPRMC,073040,A,5258.6560,N,00444.1832,E,5.3,297.3,010326,,,A*7C
2026-03-01T07:30:40.000Z $IIDBT,29.3,f,8.9,M,4.9,F*25
2026-03-01T07:30:40.000Z $IIHDG,293.6,,,1.2,E*2F
2026-03-01T07:30:40.000Z $IIMWV,71.3,T,13.0,N,A*3C
2026-03-01T07:30:40.000Z $IIRPM,E,1,0,,A*66
2026-03-01T07:30:40.000Z $IIRSA,4.1,A,,V*7C
2026-03-01T07:30:40.000Z $IIVHW,293.6,T,,M,4.9,N,,K*56
2026-03-01T07:30:50.000Z $GPGGA,073050,5258.6599,N,00444.1595,E,2,10,0.9,2.5,M,,M,,*54
2026-03-01T07:30:50.000Z $GPRMC,073050,A,5258.6599,N,00444.1595,E,4.4,292.8,010326,,,A*73
2026-03-01T07:30:50.000Z $IIDBT,27.1,f,8.2,M,4.5,F*2E
2026-03-01T07:30:50.000Z $IIHDG,294.6,,,1.2,E*28
2026-03-01T07:30:50.000Z $IIMWV,71.9,T,13.3,N,A*35
2026-03-01T07:30:50.000Z $IIRPM,E,1,0,,A*66
2026-03-01T07:30:50.000Z $IIRSA,-0.6,A,,V*52
2026-03-01T07:30:50.000Z $IIVHW,294.6,T,,M,4.2,N,,K*5A
2026-03-01T07:31:00.000Z !AIVDM,1,1,,B,15N2113P00J`tC4;9g`R4?vN0<02,0*5E
2026-03-01T07:31:00.000Z !AIVDO,1,1,,A,15RTd30000J`sV4;9a8H4?vP0000,0*7A
2026-03-01T07:31:00.000Z $GPGGA,073100,5258.6789,N,00444.1714,E,2,10,0.9,2.5,M,,M,,*58
2026-03-01T07:31:00.000Z $GPGSA,A,3,01,03,06,11,17,19,22,25,,,,,1.2,0.9,0.8*3D
2026-03-01T07:31:00.000Z $GPRMC,073100,A,5258.6789,N,00444.1714,E,5.8,290.9,010326,,,A*71
2026-03-01T07:31:00.000Z $GPVTG,290.3,T,,M,5.8,N,10.7,K,A*3E
2026-03-01T07:31:00.000Z $GPXTE,A,A,0.044,L,N,A*33
2026-03-01T07:31:00.000Z $IIDBT,37.8,f,11.5,M,6.3,F*1D
2026-03-01T07:31:00.000Z $IIHDG,294.4,,,1.2,E*2A
2026-03-01T07:31:00.000Z $IIMDA,29.9768,I,1.0151,B,8.2,C,,C,,,,,,,,,,*58
2026-03-01T07:31:00.000Z $IIMTA,8.5,C*38
2026-03-01T07:31:00.000Z $IIMTW,6.4,C*21
2026-03-01T07:31:00.000Z $IIMWV,68.1,T,13.1,N,A*37
2026-03-01T07:31:00.000Z $IIRPM,E,1,0,,A*66
2026-03-01T07:31:00.000Z $IIRSA,1.4,A,,V*7C
2026-03-01T07:31:00.000Z $IIVHW,294.4,T,,M,5.5,N,,K*5E
2026-03-01T07:31:00.000Z $IIXDR,V,12.55,V,BATT*60
2026-03-01T07:31:10.000Z !AIVDM,1,1,,B,15N2451P00J`tC4;9g`R4?vN0<02,0*5E
2026-03-01T07:31:10.000Z $GPGGA,073110,5258.6796,N,00444.1492,E,2,8,0.9,2.5,M,,M,,*63
2026-03-01T07:31:10.000Z $GPRMC,073110,A,5258.6796,N,00444.1492,E,4.7,291.2,010326,,,A*77
2026-03-01T07:31:10.000Z $IIDBT,42.9,f,13.1,M,7.1,F*1B
2026-03-01T07:31:10.000Z $IIHDG,294.8,,,1.2,E*26
2026-03-01T07:31:10.000Z $IIMWV,68.6,T,12.4,N,A*34
2026-03-01T07:31:10.000Z $IIRPM,E,1,0,,A*66
2026-03-01T07:31:10.000Z $IIRSA,-0.3,A,,V*57
2026-03-01T07:31:10.000Z $IIVHW,294.8,T,,M,4.3,N,,K*55
2026-03-01T07:31:20.000Z $GPGGA,073120,5258.7096,N,00444.1294,E,2,8,0.9,2.5,M,,M,,*66
2026-03-01T07:31:20.000Z $GPRMC,073120,A,5258.7096,N,00444.1294,E,4.2,294.5,010326,,,A*75
2026-03-01T07:31:20.000Z $IIDBT,46.7,f,14.2,M,7.8,F*1C
2026-03-01T07:31:20.000Z $IIHDG,291.5,,,1.2,E*2E
2026-03-01T07:31:20.000Z $IIMWV,61.9,T,13.2,N,A*35
2026-03-01T07:31:20.000Z $IIRPM,E,1,0,,A*66
2026-03-01T07:31:20.000Z $IIRSA,-2.9,A,,V*5F
2026-03-01T07:31:20.000Z $IIVHW,291.5,T,,M,4.0,N,,K*5E
2026-03-01T07:31:30.000Z $GPGGA,073130,5258.7181,N,00444.1230,E,2,10,0.9,2.5,M,,M,,*57
2026-03-01T07:31:30.000Z $GPRMC,073130,A,5258.7181,N,00444.1230,E,4.8,293.2,010326,,,A*77
2026-03-01T07:31:30.000Z $GPVTG,293.7,T,,M,4.8,N,8.9,K,A*0F
2026-03-01T07:31:30.000Z $GPXTE,A,A,0.024,L,N,A*35
2026-03-01T07:31:30.000Z $IIDBT,43.4,f,13.2,M,7.2,F*17
2026-03-01T07:31:30.000Z $IIHDG,294.9,,,1.2,E*27
2026-03-01T07:31:30.000Z $IIMTA,8.4,C*39
2026-03-01T07:31:30.000Z $IIMWV,70.4,T,12.2,N,A*39
2026-03-01T07:31:30.000Z $IIRPM,E,1,0,,A*66
2026-03-01T07:31:30.000Z $IIRSA,2.8,A,,V*73
2026-03-01T07:31:30.000Z $IIVHW,294.9,T,,M,4.6,N,,K*51
2026-03-01T07:31:30.000Z $IIXDR,V,12.66,V,BATT*60
2026-03-01T07:31:40.000Z !AIVDM,1,1,,B,15N2451P00J`tC4;9g`R4?vN0<02,0*5E
2026-03-01T07:31:40.000Z $GPGGA,073140,5258.7265,N,00444.1016,E,2,10,0.9,2.5,M,,M,,*5F
2026-03-01T07:31:40.000Z $GPRMC,073140,A,5258.7265,N,00444.1016,E,5.6,295.5,010326,,,A*71
2026-03-01T07:31:40.000Z $IIDBT,32.6,f,9.9,M,5.4,F*27
2026-03-01T07:31:40.000Z $IIHDG,293.9,,,1.2,E*20
2026-03-01T07:31:40.000Z $IIMWV,72.5,T,12.5,N,A*3D
2026-03-01T07:31:40.000Z $IIRPM,E,1,0,,A*66
2026-03-01T07:31:40.000Z $IIRSA,3.6,A,,V*7C
2026-03-01T07:31:40.000Z $IIVHW,293.9,T,,M,5.3,N,,K*52
2026-03-01T07:31:50.000Z $GPGGA,073150,5258.7413,N,00444.0764,E,2,10,0.9,2.5,M,,M,,*5A
2026-03-01T07:31:50.000Z $GPRMC,073150,A,5258.7413,N,00444.0764,E,5.2,291.8,010326,,,A*79
2026-03-01T07:31:50.000Z $IIDBT,28.5,f,8.7,M,4.8,F*2D
2026-03-01T07:31:50.000Z $IIHDG,292.2,,,1.2,E*2A
2026-03-01T07:31:50.000Z $IIMWV,60.8,T,12.8,N,A*3E
2026-03-01T07:31:50.000Z $IIRPM,E,1,0,,A*66
2026-03-01T07:31:50.000Z $IIRSA,2.1,A,,V*7A
2026-03-01T07:31:50.000Z $IIVHW,292.2,T,,M,4.9,N,,K*53
2026-03-01T07:32:00.000Z !AIVDM,1,1,,B,15N2460P00J`tC4;9g`R4?vN0<02,0*5E
2026-03-01T07:32:00.000Z !AIVDO,1,1,,A,15RTd30000J`sV4;9a8H4?vP0000,0*7A
2026-03-01T07:32:00.000Z $GPGGA,073200,5258.7304,N,00444.0765,E,2,8,0.9,2.5,M,,M,,*65
2026-03-01T07:32:00.000Z $GPGSA,A,3,01,03,06,11,17,19,22,25,,,,,1.2,0.9,0.8*3D
2026-03-01T07:32:00.000Z $GPRMC,073200,A,5258.7304,N,00444.0765,E,5.8,293.9,010326,,,A*76
2026-03-01T07:32:00.000Z $GPVTG,293.5,T,,M,5.8,N,10.7,K,A*3B
2026-03-01T07:32:00.000Z $GPXTE,A,A,0.000,L,N,A*33
2026-03-01T07:32:00.000Z $IIDBT,30.6,f,9.3,M,5.1,F*2A
2026-03-01T07:32:00.000Z $IIHDG,292.0,,,1.2,E*28
2026-03-01T07:32:00.000Z $IIMDA,29.9815,I,1.0153,B,8.1,C,,C,,,,,,,,,,*5C
2026-03-01T07:32:00.000Z $IIMTA,8.4,C*39
2026-03-01T07:32:00.000Z $IIMTW,6.6,C*23
2026-03-01T07:32:00.000Z $IIMWV,68.5,T,12.6,N,A*35
2026-03-01T07:32:00.000Z $IIRPM,E,1,0,,A*66
2026-03-01T07:32:00.000Z $IIRSA,-0.6,A,,V*52
2026-03-01T07:32:00.000Z $IIVHW,292.0,T,,M,5.3,N,,K*5A
2026-03-01T07:32:00.000Z $IIXDR,V,12.55,V,BATT*60
2026-03-01T07:32:10.000Z $GPGGA,073210,5258.7498,N,00444.0668,E,2,10,0.9,2.5,M,,M,,*53
2026-03-01T07:32:10.000Z $GPRMC,073210,A,5258.7498,N,00444.0668,E,4.2,296.2,010326,,,A*7C
2026-03-01T07:32:10.000Z $IIDBT,46.2,f,14.1,M,7.7,F*15
2026-03-01T07:32:10.000Z $IIHDG,292.6,,,1.2,E*2E
2026-03-01T07:32:10.000Z $IIMWV,66.6,T,13.6,N,A*39
2026-03-01T07:32:10.000Z $IIRPM,E,1,0,,A*66
2026-03-01T07:32:10.000Z $IIRSA,-3.9,A,,V*5E
2026-03-01T07:32:10.000Z $IIVHW,292.6,T,,M,3.9,N,,K*50
2026-03-01T07:32:20.000Z $GPGGA,073220,5258.7585,N,00444.0407,E,2,11,0.9,2.5,M,,M,,*57
2026-03-01T07:32:20.000Z $GPRMC,073220,A,5258.7585,N,00444.0407,E,5.4,297.9,010326,,,A*74
2026-03-01T07:32:20.000Z $IIDBT,29.8,f,9.1,M,5.0,F*2F
2026-03-01T07:32:20.000Z $IIHDG,293.5,,,1.2,E*2C
2026-03-01T07:32:20.000Z $IIMWV,69.3,T,12.6,N,A*32
2026-03-01T07:32:20.000Z $IIRPM,E,1,0,,A*66
2026-03-01T07:32:20.000Z $IIRSA,-2.3,A,,V*55
2026-03-01T07:32:20.000Z $IIVHW,293.5,T,,M,5.2,N,,K*5F
2026-03-01T07:32:30.000Z !AIVDM,1,1,,B,15N2451P00J`tC4;9g`R4?vN0<02,0*5E
2026-03-01T07:32:30.000Z $GPGGA,073230,5258.7647,N,00444.0074,E,2,8,0.9,2.5,M,,M,,*63
2026-03-01T07:32:30.000Z $GPRMC,073230,A,5258.7647,N,00444.0074,E,4.5,292.1,010326,,,A*75
2026-03-01T07:32:30.000Z $GPVTG,292.3,T,,M,4.5,N,8.3,K,A*0D
2026-03-01T07:32:30.000Z $GPXTE,A,A,0.027,L,N,A*36
2026-03-01T07:32:30.000Z $IIDBT,32.7,f,10.0,M,5.4,F*17
2026-03-01T07:32:30.000Z $IIHDG,291.8,,,1.2,E*23
2026-03-01T07:32:30.000Z $IIMTA,8.0,C*3D
2026-03-01T07:32:30.000Z $IIMWV,61.0,T,12.0,N,A*3F
2026-03-01T07:32:30.000Z $IIRPM,E,1,0,,A*66
2026-03-01T07:32:30.000Z $IIRSA,2.4,A,,V*7F
2026-03-01T07:32:30.000Z $IIVHW,291.8,T,,M,4.2,N,,K*51
2026-03-01T07:32:30.000Z $IIXDR,V,12.65,V,BATT*63
2026-03-01T07:32:40.000Z !AIVDM,1,1,,B,15N2449P00J`tC4;9g`R4?vN0<02,0*5E
2026-03-01T07:32:40.000Z $GPGGA,073240,5258.7877,N,00444.0081,E,2,10,0.9,2.5,M,,M,,*5A
2026-03-01T07:32:40.000Z $GPRMC,073240,A,5258.7877,N,00444.0081,E,5.2,294.2,010326,,,A*76
2026-03-01T07:32:40.000Z $IIDBT,47.9,f,14.6,M,8.0,F*10
2026-03-01T07:32:40.000Z $IIHDG,291.3,,,1.2,E*28
2026-03-01T07:32:40.000Z $IIMWV,59.2,T,12.4,N,A*32
2026-03-01T07:32:40.000Z $IIRPM,E,1,0,,A*66
2026-03-01T07:32:40.000Z $IIRSA,1.0,A,,V*78
2026-03-01T07:32:40.000Z $IIVHW,291.3,T,,M,5.0,N,,K*59
2026-03-01T07:32:50.000Z $GPGGA,073250,5258.7954,N,00443.9804,E,2,10,0.9,2.5,M,,M,,*50
2026-03-01T07:32:50.000Z $GPRMC,073250,A,5258.7954,N,00443.9804,E,4.4,297.4,010326,,,A*7E
2026-03-01T07:32:50.000Z $IIDBT,46.0,f,14.0,M,7.7,F*16
2026-03-01T07:32:50.000Z $IIHDG,294.0,,,1.2,E*2E
2026-03-01T07:32:50.000Z $IIMWV,65.8,T,12.2,N,A*31
2026-03-01T07:32:50.000Z $IIRPM,E,1,0,,A*66
2026-03-01T07:32:50.000Z $IIRSA,4.1,A,,V*7C
2026-03-01T07:32:50.000Z $IIVHW,294.0,T,,M,4.1,N,,K*5F
2026-03-01T07:33:00.000Z !AIVDO,1,1,,A,15RTd30000J`sV4;9a8H4?vP0000,0*7A
2026-03-01T07:33:00.000Z $GPGGA,073300,5258.7920,N,00443.9795,E,2,9,0.9,2.5,M,,M,,*68
2026-03-01T07:33:00.000Z $GPGSA,A,3,01,03,06,11,17,19,22,25,,,,,1.2,0.9,0.8*3D
2026-03-01T07:33:00.000Z $GPRMC,073300,A,5258.7920,N,00443.9795,E,5.6,294.4,010326,,,A*7E
2026-03-01T07:33:00.000Z $GPVTG,294.5,T,,M,5.6,N,10.4,K,A*31
2026-03-01T07:33:00.000Z $GPXTE,A,A,0.034,L,N,A*34
2026-03-01T07:33:00.000Z $IIDBT,30.2,f,9.2,M,5.0,F*2E
2026-03-01T07:33:00.000Z $IIHDG,293.6,,,1.2,E*2F
2026-03-01T07:33:00.000Z $IIMDA,29.9773,I,1.0151,B,8.3,C,,C,,,,,,,,,,*53
2026-03-01T07:33:00.000Z $IIMTA,8.3,C*3E
2026-03-01T07:33:00.000Z $IIMTW,6.3,C*26
2026-03-01T07:33:00.000Z $IIMWV,64.8,T,12.4,N,A*36
2026-03-01T07:33:00.000Z $IIRPM,E,1,0,,A*66
2026-03-01T07:33:00.000Z $IIRSA,1.7,A,,V*7F
2026-03-01T07:33:00.000Z $IIVHW,293.6,T,,M,5.3,N,,K*5D
2026-03-01T07:33:00.000Z $IIXDR,V,12.52,V,BATT*67
2026-03-01T07:33:10.000Z $GPGGA,073310,5258.8079,N,00443.9813,E,2,10,0.9,2.5,M,,M,,*5A
2026-03-01T07:33:10.000Z $GPRMC,073310,A,5258.8079,N,00443.9813,E,5.0,299.1,010326,,,A*7A
2026-03-01T07:33:10.000Z $IIDBT,44.4,f,13.5,M,7.4,F*11
2026-03-01T07:33:10.000Z $IIHDG,293.3,,,1.2,E*2A
2026-03-01T07:33:10.000Z $IIMWV,58.3,T,12.3,N,A*35
2026-03-01T07:33:10.000Z $IIRPM,E,1,0,,A*66
2026-03-01T07:33:10.000Z $IIRSA,1.0,A,,V*78
2026-03-01T07:33:10.000Z $IIVHW,293.3,T,,M,4.8,N,,K*52
2026-03-01T07:33:20.000Z $GPGGA,073320,5258.8313,N,00443.9572,E,2,10,0.9,2.5,M,,M,,*5C
2026-03-01T07:33:20.000Z $GPRMC,073320,A,5258.8313,N,00443.9572,E,4.7,296.2,010326,,,A*76
2026-03-01T07:33:20.000Z $IIDBT,32.7,f,10.0,M,5.4,F*17
2026-03-01T07:33:20.000Z $IIHDG,292.5,,,1.2,E*2D
2026-03-01T07:33:20.000Z $IIMWV,64.4,T,13.7,N,A*38
2026-03-01T07:33:20.000Z $IIRPM,E,1,0,,A*66
2026-03-01T07:33:20.000Z $IIRSA,0.3,A,,V*7A
2026-03-01T07:33:20.000Z $IIVHW,292.5,T,,M,4.5,N,,K*58
2026-03-01T07:33:30.000Z !AIVDM,1,1,,B,15N2113P00J`tC4;9g`R4?vN0<02,0*5E
2026-03-01T07:33:30.000Z $GPGGA,073330,5258.8298,N,00443.9512,E,2,11,0.9,2.5,M,,M,,*58
2026-03-01T07:33:30.000Z $GPRMC,073330,A,5258.8298,N,00443.9512,E,5.4,295.3,010326,,,A*73
2026-03-01T07:33:30.000Z $GPVTG,295.6,T,,M,5.4,N,10.0,K,A*35
2026-03-01T07:33:30.000Z $GPXTE,A,A,0.007,R,N,A*2A
2026-03-01T07:33:30.000Z $IIDBT,29.1,f,8.9,M,4.8,F*26
2026-03-01T07:33:30.000Z $IIHDG,293.1,,,1.2,E*28
2026-03-01T07:33:30.000Z $IIMTA,8.3,C*3E
2026-03-01T07:33:30.000Z $IIMWV,59.2,T,13.1,N,A*36
2026-03-01T07:33:30.000Z $IIRPM,E,1,0,,A*66
2026-03-01T07:33:30.000Z $IIRSA,1.3,A,,V*7B
2026-03-01T07:33:30.000Z $IIVHW,293.1,T,,M,5.2,N,,K*5B
2026-03-01T07:33:30.000Z $IIXDR,V,12.55,V,BATT*60
2026-03-01T07:33:40.000Z !AIVDM,1,1,,B,15N2449P00J`tC4;9g`R4?vN0<02,0*5E
2026-03-01T07:33:40.000Z $GPGGA,073340,5258.8292,N,00443.9299,E,2,9,0.9,2.5,M,,M,,*68
2026-03-01T07:33:40.000Z $GPRMC,073340,A,5258.8292,N,00443.9299,E,5.7,293.4,010326,,,A*78
2026-03-01T07:33:40.000Z $IIDBT,31.3,f,9.5,M,5.2,F*2B
2026-03-01T07:33:40.000Z $IIHDG,291.0,,,1.2,E*2B
2026-03-01T07:33:40.000Z $IIMWV,61.3,T,12.4,N,A*38
2026-03-01T07:33:40.000Z $IIRPM,E,1,0,,A*66
2026-03-01T07:33:40.000Z $IIRSA,-2.1,A,,V*57
2026-03-01T07:33:40.000Z $IIVHW,291.0,T,,M,5.2,N,,K*58
2026-03-01T07:33:50.000Z !AIVDM,1,1,,B,15N2446P00J`tC4;9g`R4?vN0<02,0*5E
2026-03-01T07:33:50.000Z $GPGGA,073350,5258.8399,N,00443.9176,E,2,8,0.9,2.5,M,,M,,*60
2026-03-01T07:33:50.000Z $GPRMC,073350,A,5258.8399,N,00443.9176,E,5.4,293.0,010326,,,A*76
2026-03-01T07:33:50.000Z $IIDBT,41.0,f,12.5,M,6.8,F*1C
2026-03-01T07:33:50.000Z $IIHDG,292.0,,,1.2,E*28
2026-03-01T07:33:50.000Z $IIMWV,64.5,T,13.7,N,A*39
2026-03-01T07:33:50.000Z $IIRPM,E,1,0,,A*66
2026-03-01T07:33:50.000Z $IIRSA,1.4,A,,V*7C
2026-03-01T07:33:50.000Z $IIVHW,292.0,T,,M,5.1,N,,K*58
2026-03-01T07:34:00.000Z !AIVDM,1,1,,B,15N2446P00J`tC4;9g`R4?vN0<02,0*5E
2026-03-01T07:34:00.000Z !AIVDO,1,1,,A,15RTd30000J`sV4;9a8H4?vP0000,0*7A
2026-03-01T07:34:00.000Z $GPGGA,073400,5258.8637,N,00443.8831,E,2,10,0.9,2.5,M,,M,,*51
2026-03-01T07:34:00.000Z $GPGSA,A,3,01,03,06,11,17,19,22,25,,,,,1.2,0.9,0.8*3D
2026-03-01T07:34:00.000Z $GPRMC,073400,A,5258.8637,N,00443.8831,E,4.5,292.5,010326,,,A*7A
2026-03-01T07:34:00.000Z $GPVTG,292.3,T,,M,4.5,N,8.4,K,A*0A
2026-03-01T07:34:00.000Z $GPXTE,A,A,0.023,R,N,A*2C
2026-03-01T07:34:00.000Z $IIDBT,26.8,f,8.2,M,4.5,F*26
2026-03-01T07:34:00.000Z $IIHDG,292.0,,,1.2,E*28
2026-03-01T07:34:00.000Z $IIMDA,29.9651,I,1.0147,B,8.1,C,,C,,,,,,,,,,*57
2026-03-01T07:34:00.000Z $IIMTA,8.2,C*3F
2026-03-01T07:34:00.000Z $IIMTW,6.7,C*22
2026-03-01T07:34:00.000Z $IIMWV,65.2,T,13.7,N,A*3F
2026-03-01T07:34:00.000Z $IIRPM,E,1,0,,A*66
2026-03-01T07:34:00.000Z $IIRSA,-0.2,A,,V*56
2026-03-01T07:34:00.000Z $IIVHW,292.0,T,,M,4.1,N,,K*59
2026-03-01T07:34:00.000Z $IIXDR,V,12.69,V,BATT*6F
2026-03-01T07:34:10.000Z $GPGGA,073410,5258.8666,N,00443.8753,E,2,10,0.9,2.5,M,,M,,*5F
2026-03-01T07:34:10.000Z $GPRMC,073410,A,5258.8666,N,00443.8753,E,4.4,298.9,010326,,,A*73
2026-03-01T07:34:10.000Z $IIDBT,38.1,f,11.6,M,6.4,F*1F
2026-03-01T07:34:10.000Z $IIHDG,292.9,,,1.2,E*21
2026-03-01T07:34:10.000Z $IIMWV,64.2,T,12.9,N,A*31
2026-03-01T07:34:10.000Z $IIRPM,E,1,0,,A*66
2026-03-01T07:34:10.000Z $IIRSA,4.4,A,,V*79
2026-03-01T07:34:10.000Z $IIVHW,292.9,T,,M,4.2,N,,K*53
2026-03-01T07:34:20.000Z $GPGGA,073420,5258.8862,N,00443.8447,E,2,11,0.9,2.5,M,,M,,*51
2026-03-01T07:34:20.000Z $GPRMC,073420,A,5258.8862,N,00443.8447,E,5.7,291.6,010326,,,A*78
2026-03-01T07:34:20.000Z $IIDBT,44.8,f,13.6,M,7.5,F*1F
2026-03-01T07:34:20.000Z $IIHDG,292.5,,,1.2,E*2D
2026-03-01T07:34:20.000Z $IIMWV,58.5,T,12.6,N,A*36
2026-03-01T07:34:20.000Z $IIRPM,E,1,0,,A*66
2026-03-01T07:34:20.000Z $IIRSA,-2.9,A,,V*5F
2026-03-01T07:34:20.000Z $IIVHW,292.5,T,,M,5.3,N,,K*5F
2026-03-01T07:34:30.000Z !AIVDM,1,1,,B,15N2447P00J`tC4;9g`R4?vN0<02,0*5E
2026-03-01T07:34:30.000Z $GPGGA,073430,5258.8963,N,00443.8516,E,2,11,0.9,2.5,M,,M,,*55
2026-03-01T07:34:30.000Z $GPRMC,073430,A,5258.8963,N,00443.8516,E,4.3,298.1,010326,,,A*77
2026-03-01T07:34:30.000Z $GPVTG,298.2,T,,M,4.3,N,7.9,K,A*05
2026-03-01T07:34:30.000Z $GPXTE,A,A,0.017,R,N,A*2B
2026-03-01T07:34:30.000Z $IIDBT,30.5,f,9.3,M,5.1,F*29
2026-03-01T07:34:30.000Z $IIHDG,293.2,,,1.2,E*2B
2026-03-01T07:34:30.000Z $IIMTA,8.4,C*39
2026-03-01T07:34:30.000Z $IIMWV,72.6,T,13.7,N,A*3D
2026-03-01T07:34:30.000Z $IIRPM,E,1,0,,A*66
2026-03-01T07:34:30.000Z $IIRSA,3.5,A,,V*7F
2026-03-01T07:34:30.000Z $IIVHW,293.2,T,,M,3.8,N,,K*54
2026-03-01T07:34:30.000Z $IIXDR,V,12.68,V,BATT*6E
2026-03-01T07:34:40.000Z $GPGGA,073440,5258.8993,N,00443.8145,E,2,10,0.9,2.5,M,,M,,*5E
2026-03-01T07:34:40.000Z $GPRMC,073440,A,5258.8993,N,00443.8145,E,4.3,291.3,010326,,,A*76
2026-03-01T07:34:40.000Z $IIDBT,32.0,f,9.7,M,5.3,F*28
2026-03-01T07:34:40.000Z $IIHDG,291.2,,,1.2,E*29
2026-03-01T07:34:40.000Z $IIMWV,60.6,T,12.9,N,A*31
2026-03-01T07:34:40.000Z $IIRPM,E,1,0,,A*66
2026-03-01T07:34:40.000Z $IIRSA,-2.7,A,,V*51
2026-03-01T07:34:40.000Z $IIVHW,291.2,T,,M,3.9,N,,K*57
2026-03-01T07:34:50.000Z !AIVDM,1,1,,B,15N2460P00J`tC4;9g`R4?vN0<02,0*5E
2026-03-01T07:34:50.000Z $GPGGA,073450,5258.9117,N,00443.8091,E,2,9,0.9,2.5,M,,M,,*6A
2026-03-01T07:34:50.000Z $GPRMC,073450,A,5258.9117,N,00443.8091,E,5.3,293.0,010326,,,A*7A
2026-03-01T07:34:50.000Z $IIDBT,43.3,f,13.2,M,7.2,F*10
2026-03-01T07:34:50.000Z $IIHDG,294.6,,,1.2,E*28
2026-03-01T07:34:50.000Z $IIMWV,65.1,T,13.7,N,A*3C
2026-03-01T07:34:50.000Z $IIRPM,E,1,0,,A*66
2026-03-01T07:34:50.000Z $IIRSA,-3.2,A,,V*55
2026-03-01T07:34:50.000Z $IIVHW,294.6,T,,M,4.8,N,,K*50
2026-03-01T07:35:00.000Z !AIVDM,1,1,,B,15N2445P00J`tC4;9g`R4?vN0<02,0*5E
2026-03-01T07:35:00.000Z !AIVDM,1,1,,B,15N2446P00J`tC4;9g`R4?vN0<02,0*5E
2026-03-01T07:35:00.000Z !AIVDO,1,1,,A,15RTd30000J`sV4;9a8H4?vP0000,0*7A
2026-03-01T07:35:00.000Z !AIVDO,1,1,,A,15RTd30000J`sV4;9a8H4?vP0000,0*7A
2026-03-01T07:35:00.000Z $GPGGA,073500,5258.9098,N,00443.7957,E,2,11,0.9,2.5,M,,M,,*5D
2026-03-01T07:35:00.000Z $GPGGA,073500,5258.9177,N,00443.7941,E,2,8,0.9,2.5,M,,M,,*62
2026-03-01T07:35:00.000Z $GPGSA,A,3,01,03,06,11,17,19,22,25,,,,,1.2,0.9,0.8*3D
2026-03-01T07:35:00.000Z $GPGSA,A,3,01,03,06,11,17,19,22,25,,,,,1.2,0.9,0.8*3D
2026-03-01T07:35:00.000Z $GPRMC,073500,A,5258.9098,N,00443.7957,E,5.4,293.5,010326,,,A*76
2026-03-01T07:35:00.000Z $GPRMC,073500,A,5258.9177,N,00443.7941,E,5.1,303.0,010326,,,A*79
2026-03-01T07:35:00.000Z $GPVTG,293.1,T,,M,5.4,N,10.0,K,A*34
2026-03-01T07:35:00.000Z $GPVTG,303.6,T,,M,5.1,N,9.4,K,A*02
2026-03-01T07:35:00.000Z $GPXTE,A,A,0.031,L,N,A*31
2026-03-01T07:35:00.000Z $GPXTE,A,A,0.049,R,N,A*20
2026-03-01T07:35:00.000Z $IIDBT,32.3,f,9.8,M,5.4,F*23
2026-03-01T07:35:00.000Z $IIDBT,54.1,f,16.5,M,9.0,F*1A
2026-03-01T07:35:00.000Z $IIHDG,293.8,,,1.2,E*21
2026-03-01T07:35:00.000Z $IIHDG,298.5,,,1.2,E*27
2026-03-01T07:35:00.000Z $IIMDA,29.9668,I,1.0148,B,7.8,C,,C,,,,,,,,,,*54
2026-03-01T07:35:00.000Z $IIMDA,29.9712,I,1.0149,B,8.1,C,,C,,,,,,,,,,*5F
2026-03-01T07:35:00.000Z $IIMTA,8.0,C*3D
2026-03-01T07:35:00.000Z $IIMTA,8.5,C*38
2026-03-01T07:35:00.000Z $IIMTW,6.6,C*23
2026-03-01T07:35:00.000Z $IIMTW,6.7,C*22
2026-03-01T07:35:00.000Z $IIMWV,58.4,T,14.7,N,A*30
2026-03-01T07:35:00.000Z $IIMWV,67.6,T,13.3,N,A*3D
2026-03-01T07:35:00.000Z $IIRPM,E,1,0,,A*66
2026-03-01T07:35:00.000Z $IIRPM,E,1,0,,A*66
2026-03-01T07:35:00.000Z $IIRSA,-1.7,A,,V*52
2026-03-01T07:35:00.000Z $IIRSA,4.0,A,,V*7D
2026-03-01T07:35:00.000Z $IIVHW,293.8,T,,M,5.1,N,,K*51
2026-03-01T07:35:00.000Z $IIVHW,298.5,T,,M,4.8,N,,K*5F
2026-03-01T07:35:00.000Z $IIXDR,V,12.45,V,BATT*61
2026-03-01T07:35:00.000Z $IIXDR,V,12.54,V,BATT*61
2026-03-01T07:35:10.000Z $GPGGA,073510,5258.9196,N,00443.7862,E,2,8,0.9,2.5,M,,M,,*6C
2026-03-01T07:35:10.000Z $GPRMC,073510,A,5258.9196,N,00443.7862,E,5.4,306.8,010326,,,A*7F
2026-03-01T07:35:10.000Z $IIDBT,56.1,f,17.1,M,9.4,F*19
2026-03-01T07:35:10.000Z $IIHDG,297.8,,,1.2,E*25
2026-03-01T07:35:10.000Z $IIMWV,47.0,T,14.4,N,A*39
2026-03-01T07:35:10.000Z $IIRPM,E,1,0,,A*66
2026-03-01T07:35:10.000Z $IIRSA,0.6,A,,V*7F
2026-03-01T07:35:10.000Z $IIVHW,297.8,T,,M,5.2,N,,K*56
2026-03-01T07:35:20.000Z $GPGGA,073520,5258.9205,N,00443.7924,E,2,9,0.9,2.5,M,,M,,*64
2026-03-01T07:35:20.000Z $GPRMC,073520,A,5258.9205,N,00443.7924,E,6.3,301.8,010326,,,A*75
2026-03-01T07:35:20.000Z $IIDBT,50.2,f,15.3,M,8.4,F*1D
2026-03-01T07:35:20.000Z $IIHDG,297.1,,,1.2,E*2C
2026-03-01T07:35:20.000Z $IIMWV,58.8,T,16.0,N,A*39
2026-03-01T07:35:20.000Z $IIRPM,E,1,0,,A*66
2026-03-01T07:35:20.000Z $IIRSA,3.5,A,,V*7F
2026-03-01T07:35:20.000Z $IIVHW,297.1,T,,M,6.0,N,,K*5E
2026-03-01T07:35:30.000Z !AIVDM,1,1,,B,15N2451P00J`tC4;9g`R4?vN0<02,0*5E
2026-03-01T07:35:30.000Z $GPGGA,073530,5258.9401,N,00443.7893,E,2,8,0.9,2.5,M,,M,,*6B
2026-03-01T07:35:30.000Z $GPRMC,073530,A,5258.9401,N,00443.7893,E,6.0,293.5,010326,,,A*7F
2026-03-01T07:35:30.000Z $GPVTG,293.1,T,,M,6.0,N,11.1,K,A*33
2026-03-01T07:35:30.000Z $GPXTE,A,A,0.035,R,N,A*2B
2026-03-01T07:35:30.000Z $IIDBT,51.9,f,15.8,M,8.7,F*1F
2026-03-01T07:35:30.000Z $IIHDG,298.7,,,1.2,E*25
2026-03-01T07:35:30.000Z $IIMTA,7.9,C*3B
2026-03-01T07:35:30.000Z $IIMWV,55.7,T,14.7,N,A*3E
2026-03-01T07:35:30.000Z $IIRPM,E,1,0,,A*66
2026-03-01T07:35:30.000Z $IIRSA,4.7,A,,V*7A
2026-03-01T07:35:30.000Z $IIVHW,298.7,T,,M,5.8,N,,K*5C
2026-03-01T07:35:30.000Z $IIXDR,V,12.35,V,BATT*66
2026-03-01T07:35:40.000Z $GPGGA,073540,5258.9279,N,00443.8004,E,2,10,0.9,2.5,M,,M,,*55
2026-03-01T07:35:40.000Z $GPRMC,073540,A,5258.9279,N,00443.8004,E,5.5,292.2,010326,,,A*78
2026-03-01T07:35:40.000Z $IIDBT,39.3,f,12.0,M,6.6,F*1B
2026-03-01T07:35:40.000Z $IIHDG,296.8,,,1.2,E*24
2026-03-01T07:35:40.000Z $IIMWV,53.6,T,14.5,N,A*3B
2026-03-01T07:35:40.000Z $IIRPM,E,1,0,,A*66
2026-03-01T07:35:40.000Z $IIRSA,-3.3,A,,V*54
2026-03-01T07:35:40.000Z $IIVHW,296.8,T,,M,5.2,N,,K*57
2026-03-01T07:35:50.000Z !AIVDM,1,1,,B,15N2446P00J`tC4;9g`R4?vN0<02,0*5E
2026-03-01T07:35:50.000Z $GPGGA,073550,5258.9394,N,00443.7907,E,2,10,0.9,2.5,M,,M,,*53
2026-03-01T07:35:50.000Z $GPRMC,073550,A,5258.9394,N,00443.7907,E,6.4,295.9,010326,,,A*70
2026-03-01T07:35:50.000Z $IIDBT,35.7,f,10.9,M,5.9,F*14
2026-03-01T07:35:50.000Z $IIHDG,298.2,,,1.2,E*20
2026-03-01T07:35:50.000Z $IIMWV,50.7,T,15.0,N,A*3D
2026-03-01T07:35:50.000Z $IIRPM,E,1,0,,A*66
2026-03-01T07:35:50.000Z $IIRSA,-0.6,A,,V*52
2026-03-01T07:35:50.000Z $IIVHW,298.2,T,,M,6.0,N,,K*52
2026-03-01T07:36:00.000Z !AIVDO,1,1,,A,15RTd30000J`sV4;9a8H4?vP0000,0*7A
2026-03-01T07:36:00.000Z $GPGGA,073600,5258.9352,N,00443.7741,E,2,8,0.9,2.5,M,,M,,*6A
2026-03-01T07:36:00.000Z $GPGSA,A,3,01,03,06,11,17,19,22,25,,,,,1.2,0.9,0.8*3D
2026-03-01T07:36:00.000Z $GPRMC,073600,A,5258.9352,N,00443.7741,E,6.4,305.8,010326,,,A*79
2026-03-01T07:36:00.000Z $GPVTG,305.6,T,,M,6.4,N,11.8,K,A*37
2026-03-01T07:36:00.000Z $GPXTE,A,A,0.049,R,N,A*20
2026-03-01T07:36:00.000Z $IIDBT,59.1,f,18.0,M,9.8,F*14
2026-03-01T07:36:00.000Z $IIHDG,299.9,,,1.2,E*2A
2026-03-01T07:36:00.000Z $IIMDA,29.9462,I,1.0141,B,7.8,C,,C,,,,,,,,,,*55
2026-03-01T07:36:00.000Z $IIMTA,7.6,C*34
2026-03-01T07:36:00.000Z $IIMTW,6.7,C*22
2026-03-01T07:36:00.000Z $IIMWV,53.0,T,15.6,N,A*3F
2026-03-01T07:36:00.000Z $IIRPM,E,1,0,,A*66
2026-03-01T07:36:00.000Z $IIRSA,4.5,A,,V*78
2026-03-01T07:36:00.000Z $IIVHW,299.9,T,,M,6.2,N,,K*5A
2026-03-01T07:36:00.000Z $IIXDR,V,12.30,V,BATT*63
2026-03-01T07:36:10.000Z !AIVDM,1,1,,B,15N2446P00J`tC4;9g`R4?vN0<02,0*5E
2026-03-01T07:36:10.000Z $GPGGA,073610,5258.9383,N,00443.7913,E,2,9,0.9,2.5,M,,M,,*6F
2026-03-01T07:36:10.000Z $GPRMC,073610,A,5258.9383,N,00443.7913,E,5.5,307.3,010326,,,A*76
2026-03-01T07:36:10.000Z $IIDBT,65.9,f,20.1,M,11.0,F*28
2026-03-01T07:36:10.000Z $IIHDG,299.0,,,1.2,E*23
2026-03-01T07:36:10.000Z $IIMWV,53.4,T,14.2,N,A*3E
2026-03-01T07:36:10.000Z $IIRPM,E,1,0,,A*66
2026-03-01T07:36:10.000Z $IIRSA,1.8,A,,V*70
2026-03-01T07:36:10.000Z $IIVHW,299.0,T,,M,5.0,N,,K*52
2026-03-01T07:36:20.000Z $GPGGA,073620,5258.9576,N,00443.7772,E,2,11,0.9,2.5,M,,M,,*50
2026-03-01T07:36:20.000Z $GPRMC,073620,A,5258.9576,N,00443.7772,E,6.4,305.6,010326,,,A*75
2026-03-01T07:36:20.000Z $IIDBT,42.9,f,13.1,M,7.2,F*18
2026-03-01T07:36:20.000Z $IIHDG,299.4,,,1.2,E*27
2026-03-01T07:36:20.000Z $IIMWV,49.9,T,15.0,N,A*3B
2026-03-01T07:36:20.000Z $IIRPM,E,1,0,,A*66
2026-03-01T07:36:20.000Z $IIRSA,1.4,A,,V*7C
2026-03-01T07:36:20.000Z $IIVHW,299.4,T,,M,6.1,N,,K*54
2026-03-01T07:36:30.000Z $GPGGA,073630,5258.9465,N,00443.7812,E,2,9,0.9,2.5,M,,M,,*62
2026-03-01T07:36:30.000Z $GPRMC,073630,A,5258.9465,N,00443.7812,E,6.5,306.6,010326,,,A*7C
2026-03-01T07:36:30.000Z $GPVTG,306.4,T,,M,6.5,N,12.0,K,A*3C
2026-03-01T07:36:30.000Z $GPXTE,A,A,0.027,L,N,A*36
2026-03-01T07:36:30.000Z $IIDBT,42.5,f,13.0,M,7.1,F*16
2026-03-01T07:36:30.000Z $IIHDG,299.6,,,1.2,E*25
2026-03-01T07:36:30.000Z $IIMTA,7.7,C*35
2026-03-01T07:36:30.000Z $IIMWV,47.9,T,15.2,N,A*37
2026-03-01T07:36:30.000Z $IIRPM,E,1,0,,A*66
2026-03-01T07:36:30.000Z $IIRSA,-3.9,A,,V*5E
2026-03-01T07:36:30.000Z $IIVHW,299.6,T,,M,6.1,N,,K*56
2026-03-01T07:36:30.000Z $IIXDR,V,12.34,V,BATT*67
2026-03-01T07:36:40.000Z !AIVDM,1,1,,B,15N2460P00J`tC4;9g`R4?vN0<02,0*5E
2026-03-01T07:36:40.000Z $GPGGA,073640,5258.9575,N,00443.7584,E,2,10,0.9,2.5,M,,M,,*5F
2026-03-01T07:36:40.000Z $GPRMC,073640,A,5258.9575,N,00443.7584,E,7.0,300.6,010326,,,A*7B
2026-03-01T07:36:40.000Z $IIDBT,56.8,f,17.3,M,9.5,F*13
2026-03-01T07:36:40.000Z $IIHDG,297.7,,,1.2,E*2A
2026-03-01T07:36:40.000Z $IIMWV,57.6,T,15.4,N,A*3F
2026-03-01T07:36:40.000Z $IIRPM,E,1,0,,A*66
2026-03-01T07:36:40.000Z $IIRSA,-3.4,A,,V*53
2026-03-01T07:36:40.000Z $IIVHW,297.7,T,,M,6.9,N,,K*51
2026-03-01T07:36:50.000Z $GPGGA,073650,5258.9725,N,00443.7516,E,2,11,0.9,2.5,M,,M,,*53
2026-03-01T07:36:50.000Z $GPRMC,073650,A,5258.9725,N,00443.7516,E,6.7,292.8,010326,,,A*74
2026-03-01T07:36:50.000Z $IIDBT,70.6,f,21.5,M,11.8,F*2E
2026-03-01T07:36:50.000Z $IIHDG,297.1,,,1.2,E*2C
2026-03-01T07:36:50.000Z $IIMWV,54.4,T,15.2,N,A*38
2026-03-01T07:36:50.000Z $IIRPM,E,1,0,,A*66
2026-03-01T07:36:50.000Z $IIRSA,-3.3,A,,V*54
2026-03-01T07:36:50.000Z $IIVHW,297.1,T,,M,6.6,N,,K*58
2026-03-01T07:37:00.000Z !AIVDO,1,1,,A,15RTd30000J`sV4;9a8H4?vP0000,0*7A
2026-03-01T07:37:00.000Z $GPGGA,073700,5258.9717,N,00443.7429,E,2,10,0.9,2.5,M,,M,,*5A
2026-03-01T07:37:00.000Z $GPGSA,A,3,01,03,06,11,17,19,22,25,,,,,1.2,0.9,0.8*3D
2026-03-01T07:37:00.000Z $GPRMC,073700,A,5258.9717,N,00443.7429,E,5.4,302.7,010326,,,A*7B
2026-03-01T07:37:00.000Z $GPVTG,302.8,T,,M,5.4,N,10.0,K,A*34
2026-03-01T07:37:00.000Z $GPXTE,A,A,0.032,R,N,A*2C
2026-03-01T07:37:00.000Z $IIDBT,58.6,f,17.9,M,9.8,F*14
2026-03-01T07:37:00.000Z $IIHDG,298.8,,,1.2,E*2A
2026-03-01T07:37:00.000Z $IIMDA,29.9498,I,1.0142,B,7.8,C,,C,,,,,,,,,,*53
2026-03-01T07:37:00.000Z $IIMTA,7.5,C*37
2026-03-01T07:37:00.000Z $IIMTW,6.5,C*20
2026-03-01T07:37:00.000Z $IIMWV,51.9,T,15.6,N,A*34
2026-03-01T07:37:00.000Z $IIRPM,E,1,0,,A*66
2026-03-01T07:37:00.000Z $IIRSA,-2.6,A,,V*50
2026-03-01T07:37:00.000Z $IIVHW,298.8,T,,M,5.1,N,,K*5A
2026-03-01T07:37:00.000Z $IIXDR,V,12.45,V,BATT*61
2026-03-01T07:37:10.000Z $GPGGA,073710,5258.9830,N,00443.7364,E,2,8,0.9,2.5,M,,M,,*66
2026-03-01T07:37:10.000Z $GPRMC,073710,A,5258.9830,N,00443.7364,E,5.4,292.6,010326,,,A*77
2026-03-01T07:37:10.000Z $IIDBT,45.2,f,13.8,M,7.5,F*1A
2026-03-01T07:37:10.000Z $IIHDG,298.9,,,1.2,E*2B
2026-03-01T07:37:10.000Z $IIMWV,61.5,T,15.3,N,A*3E
2026-03-01T07:37:10.000Z $IIRPM,E,1,0,,A*66
2026-03-01T07:37:10.000Z $IIRSA,-0.7,A,,V*53
2026-03-01T07:37:10.000Z $IIVHW,298.9,T,,M,5.3,N,,K*59
2026-03-01T07:37:20.000Z $GPGGA,073720,5258.9845,N,00443.7434,E,2,10,0.9,2.5,M,,M,,*5C
2026-03-01T07:37:20.000Z $GPRMC,073720,A,5258.9845,N,00443.7434,E,6.0,307.2,010326,,,A*7A
2026-03-01T07:37:20.000Z $IIDBT,69.1,f,21.1,M,11.5,F*28
2026-03-01T07:37:20.000Z $IIHDG,298.7,,,1.2,E*25
2026-03-01T07:37:20.000Z $IIMWV,62.8,T,15.1,N,A*32
2026-03-01T07:37:20.000Z $IIRPM,E,1,0,,A*66
2026-03-01T07:37:20.000Z $IIRSA,2.7,A,,V*7C
2026-03-01T07:37:20.000Z $IIVHW,298.7,T,,M,5.8,N,,K*5C
2026-03-01T07:37:30.000Z $GPGGA,073730,5258.9756,N,00443.7337,E,2,8,0.9,2.5,M,,M,,*6D
2026-03-01T07:37:30.000Z $GPRMC,073730,A,5258.9756,N,00443.7337,E,6.7,305.4,010326,,,A*71
2026-03-01T07:37:30.000Z $GPVTG,305.7,T,,M,6.7,N,12.5,K,A*3B
2026-03-01T07:37:30.000Z $GPXTE,A,A,0.001,L,N,A*32
2026-03-01T07:37:30.000Z $IIDBT,46.8,f,14.3,M,7.8,F*12
2026-03-01T07:37:30.000Z $IIHDG,296.1,,,1.2,E*2D
2026-03-01T07:37:30.000Z $IIMTA,7.6,C*34
2026-03-01T07:37:30.000Z $IIMWV,52.8,T,14.4,N,A*35
2026-03-01T07:37:30.000Z $IIRPM,E,1,0,,A*66
2026-03-01T07:37:30.000Z $IIRSA,0.9,A,,V*70
2026-03-01T07:37:30.000Z $IIVHW,296.1,T,,M,6.4,N,,K*5B
2026-03-01T07:37:30.000Z $IIXDR,V,12.36,V,BATT*65
2026-03-01T07:37:40.000Z !AIVDM,1,1,,B,15N2446P00J`tC4;9g`R4?vN0<02,0*5E
2026-03-01T07:37:40.000Z $GPGGA,073740,5258.9835,N,00443.7468,E,2,8,0.9,2.5,M,,M,,*6D
2026-03-01T07:37:40.000Z $GPRMC,073740,A,5258.9835,N,00443.7468,E,5.3,304.2,010326,,,A*71
2026-03-01T07:37:40.000Z $IIDBT,51.6,f,15.7,M,8.6,F*1E
2026-03-01T07:37:40.000Z $IIHDG,296.0,,,1.2,E*2C
2026-03-01T07:37:40.000Z $IIMWV,53.3,T,15.9,N,A*33
2026-03-01T07:37:40.000Z $IIRPM,E,1,0,,A*66
2026-03-01T07:37:40.000Z $IIRSA,-3.6,A,,V*51
2026-03-01T07:37:40.000Z $IIVHW,296.0,T,,M,5.2,N,,K*5F
2026-03-01T07:37:50.000Z !AIVDM,1,1,,B,15N2460P00J`tC4;9g`R4?vN0<02,0*5E
2026-03-01T07:37:50.000Z $GPGGA,073750,5258.9823,N,00443.7230,E,2,11,0.9,2.5,M,,M,,*58
2026-03-01T07:37:50.000Z $GPRMC,073750,A,5258.9823,N,00443.7230,E,5.2,292.3,010326,,,A*72
2026-03-01T07:37:50.000Z $IIDBT,66.3,f,20.2,M,11.1,F*23
2026-03-01T07:37:50.000Z $IIHDG,299.7,,,1.2,E*24
2026-03-01T07:37:50.000Z $IIMWV,47.8,T,15.0,N,A*34
2026-03-01T07:37:50.000Z $IIRPM,E,1,0,,A*66
2026-03-01T07:37:50.000Z $IIRSA,-1.8,A,,V*5D
2026-03-01T07:37:50.000Z $IIVHW,299.7,T,,M,4.9,N,,K*5D
2026-03-01T07:38:00.000Z !AIVDO,1,1,,A,15RTd30000J`sV4;9a8H4?vP0000,0*7A
2026-03-01T07:38:00.000Z $GPGGA,073800,5258.9958,N,00443.7165,E,2,8,0.9,2.5,M,,M,,*64
2026-03-01T07:38:00.000Z $GPGSA,A,3,01,03,06,11,17,19,22,25,,,,,1.2,0.9,0.8*3D
2026-03-01T07:38:00.000Z $GPRMC,073800,A,5258.9958,N,00443.7165,E,5.4,299.5,010326,,,A*7D
2026-03-01T07:38:00.000Z $GPVTG,299.4,T,,M,5.4,N,10.1,K,A*3A
2026-03-01T07:38:00.000Z $GPXTE,A,A,0.023,R,N,A*2C
2026-03-01T07:38:00.000Z $IIDBT,41.4,f,12.6,M,6.9,F*1A
2026-03-01T07:38:00.000Z $IIHDG,297.7,,,1.2,E*2A
2026-03-01T07:38:00.000Z $IIMDA,29.9540,I,1.0144,B,7.8,C,,C,,,,,,,,,,*51
2026-03-01T07:38:00.000Z $IIMTA,7.5,C*37
2026-03-01T07:38:00.000Z $IIMTW,6.7,C*22
2026-03-01T07:38:00.000Z $IIMWV,55.2,T,15.2,N,A*3F
2026-03-01T07:38:00.000Z $IIRPM,E,1,0,,A*66
2026-03-01T07:38:00.000Z $IIRSA,2.1,A,,V*7A
2026-03-01T07:38:00.000Z $IIVHW,297.7,T,,M,5.2,N,,K*59
2026-03-01T07:38:00.000Z $IIXDR,V,12.37,V,BATT*64
2026-03-01T07:38:10.000Z $GPGGA,073810,5259.0022,N,00443.7277,E,2,11,0.9,2.5,M,,M,,*51
2026-03-01T07:38:10.000Z $GPRMC,073810,A,5259.0022,N,00443.7277,E,6.8,292.4,010326,,,A*75
2026-03-01T07:38:10.000Z $IIDBT,38.5,f,11.7,M,6.4,F*1A
2026-03-01T07:38:10.000Z $IIHDG,296.0,,,1.2,E*2C
2026-03-01T07:38:10.000Z $IIMWV,48.5,T,15.8,N,A*3E
2026-03-01T07:38:10.000Z $IIRPM,E,1,0,,A*66
2026-03-01T07:38:10.000Z $IIRSA,-1.7,A,,V*52
2026-03-01T07:38:10.000Z $IIVHW,296.0,T,,M,6.5,N,,K*5B
2026-03-01T07:38:20.000Z $GPGGA,073820,5259.0048,N,00443.7178,E,2,10,0.9,2.5,M,,M,,*53
2026-03-01T07:38:20.000Z $GPRMC,073820,A,5259.0048,N,00443.7178,E,6.1,303.9,010326,,,A*7B
2026-03-01T07:38:20.000Z $IIDBT,45.2,f,13.8,M,7.5,F*1A
2026-03-01T07:38:20.000Z $IIHDG,296.8,,,1.2,E*24
2026-03-01T07:38:20.000Z $IIMWV,57.5,T,15.3,N,A*3B
2026-03-01T07:38:20.000Z $IIRPM,E,1,0,,A*66
2026-03-01T07:38:20.000Z $IIRSA,-3.1,A,,V*56
2026-03-01T07:38:20.000Z $IIVHW,296.8,T,,M,6.0,N,,K*56
2026-03-01T07:38:30.000Z $GPGGA,073830,5259.0120,N,00443.7255,E,2,10,0.9,2.5,M,,M,,*51
2026-03-01T07:38:30.000Z $GPRMC,073830,A,5259.0120,N,00443.7255,E,5.2,301.1,010326,,,A*73
2026-03-01T07:38:30.000Z $GPVTG,301.2,T,,M,5.2,N,9.6,K,A*05
2026-03-01T07:38:30.000Z $GPXTE,A,A,0.037,L,N,A*37
2026-03-01T07:38:30.000Z $IIDBT,33.1,f,10.1,M,5.5,F*10
2026-03-01T07:38:30.000Z $IIHDG,299.0,,,1.2,E*23
2026-03-01T07:38:30.000Z $IIMTA,7.5,C*37
2026-03-01T07:38:30.000Z $IIMWV,47.2,T,16.0,N,A*3D
2026-03-01T07:38:30.000Z $IIRPM,E,1,0,,A*66
2026-03-01T07:38:30.000Z $IIRSA,-3.4,A,,V*53
2026-03-01T07:38:30.000Z $IIVHW,299.0,T,,M,4.7,N,,K*54
2026-03-01T07:38:30.000Z $IIXDR,V,12.47,V,BATT*63
2026-03-01T07:38:40.000Z $GPGGA,073840,5259.0021,N,00443.7249,E,2,8,0.9,2.5,M,,M,,*62
2026-03-01T07:38:40.000Z $GPRMC,073840,A,5259.0021,N,00443.7249,E,6.3,298.8,010326,,,A*73
2026-03-01T07:38:40.000Z $IIDBT,57.7,f,17.6,M,9.6,F*1B
2026-03-01T07:38:40.000Z $IIHDG,298.4,,,1.2,E*26
2026-03-01T07:38:40.000Z $IIMWV,49.6,T,14.4,N,A*31
2026-03-01T07:38:40.000Z $IIRPM,E,1,0,,A*66
2026-03-01T07:38:40.000Z $IIRSA,-3.0,A,,V*57
2026-03-01T07:38:40.000Z $IIVHW,298.4,T,,M,6.1,N,,K*55
2026-03-01T07:38:50.000Z !AIVDM,1,1,,B,15N2460P00J`tC4;9g`R4?vN0<02,0*5E
2026-03-01T07:38:50.000Z $GPGGA,073850,5259.0200,N,00443.7117,E,2,10,0.9,2.5,M,,M,,*53
2026-03-01T07:38:50.000Z $GPRMC,073850,A,5259.0200,N,00443.7117,E,6.1,301.9,010326,,,A*79
2026-03-01T07:38:50.000Z $IIDBT,47.3,f,14.4,M,7.9,F*1E
2026-03-01T07:38:50.000Z $IIHDG,298.5,,,1.2,E*27
2026-03-01T07:38:50.000Z $IIMWV,54.8,T,14.9,N,A*3E
2026-03-01T07:38:50.000Z $IIRPM,E,1,0,,A*66
2026-03-01T07:38:50.000Z $IIRSA,-1.4,A,,V*51
2026-03-01T07:38:50.000Z $IIVHW,298.5,T,,M,5.7,N,,K*51
2026-03-01T07:39:00.000Z !AIVDO,1,1,,A,15RTd30000J`sV4;9a8H4?vP0000,0*7A
2026-03-01T07:39:00.000Z $GPGGA,073900,5259.0149,N,00443.7251,E,2,11,0.9,2.5,M,,M,,*59
2026-03-01T07:39:00.000Z $GPGSA,A,3,01,03,06,11,17,19,22,25,,,,,1.2,0.9,0.8*3D
2026-03-01T07:39:00.000Z $GPRMC,073900,A,5259.0149,N,00443.7251,E,5.8,294.3,010326,,,A*7F
2026-03-01T07:39:00.000Z $GPVTG,294.9,T,,M,5.8,N,10.7,K,A*30
2026-03-01T07:39:00.000Z $GPXTE,A,A,0.050,L,N,A*36
2026-03-01T07:39:00.000Z $IIDBT,67.6,f,20.6,M,11.3,F*21
2026-03-01T07:39:00.000Z $IIHDG,299.5,,,1.2,E*26
2026-03-01T07:39:00.000Z $IIMDA,29.9447,I,1.0140,B,7.6,C,,C,,,,,,,,,,*5D
2026-03-01T07:39:00.000Z $IIMTA,7.9,C*3B
2026-03-01T07:39:00.000Z $IIMTW,6.7,C*22
2026-03-01T07:39:00.000Z $IIMWV,55.8,T,15.4,N,A*33
2026-03-01T07:39:00.000Z $IIRPM,E,1,0,,A*66
2026-03-01T07:39:00.000Z $IIRSA,-3.0,A,,V*57
2026-03-01T07:39:00.000Z $IIVHW,299.5,T,,M,5.6,N,,K*51
2026-03-01T07:39:00.000Z $IIXDR,V,12.44,V,BATT*60
2026-03-01T07:39:10.000Z $GPGGA,073910,5259.0340,N,00443.7080,E,2,9,0.9,2.5,M,,M,,*64
2026-03-01T07:39:10.000Z $GPRMC,073910,A,5259.0340,N,00443.7080,E,5.7,298.5,010326,,,A*7E
2026-03-01T07:39:10.000Z $IIDBT,63.2,f,19.3,M,10.5,F*29
2026-03-01T07:39:10.000Z $IIHDG,299.8,,,1.2,E*2B
2026-03-01T07:39:10.000Z $IIMWV,54.1,T,15.1,N,A*3E
2026-03-01T07:39:10.000Z $IIRPM,E,1,0,,A*66
2026-03-01T07:39:10.000Z $IIRSA,-3.0,A,,V*57
2026-03-01T07:39:10.000Z $IIVHW,299.8,T,,M,5.2,N,,K*58
2026-03-01T07:39:20.000Z $GPGGA,073920,5259.0373,N,00443.7177,E,2,8,0.9,2.5,M,,M,,*6F
2026-03-01T07:39:20.000Z $GPRMC,073920,A,5259.0373,N,00443.7177,E,6.0,292.6,010326,,,A*79
2026-03-01T07:39:20.000Z $IIDBT,55.4,f,16.9,M,9.2,F*10
2026-03-01T07:39:20.000Z $IIHDG,298.5,,,1.2,E*27
2026-03-01T07:39:20.000Z $IIMWV,52.3,T,14.5,N,A*3F
2026-03-01T07:39:20.000Z $IIRPM,E,1,0,,A*66
2026-03-01T07:39:20.000Z $IIRSA,-1.4,A,,V*51
2026-03-01T07:39:20.000Z $IIVHW,298.5,T,,M,5.7,N,,K*51
2026-03-01T07:39:30.000Z !AIVDM,1,1,,B,15N2445P00J`tC4;9g`R4?vN0<02,0*5E
2026-03-01T07:39:30.000Z $GPGGA,073930,5259.0365,N,00443.7182,E,2,9,0.9,2.5,M,,M,,*62
2026-03-01T07:39:30.000Z $GPRMC,073930,A,5259.0365,N,00443.7182,E,6.9,302.6,010326,,,A*74
2026-03-01T07:39:30.000Z $GPVTG,302.1,T,,M,6.9,N,12.8,K,A*39
2026-03-01T07:39:30.000Z $GPXTE,A,A,0.001,L,N,A*32
2026-03-01T07:39:30.000Z $IIDBT,71.5,f,21.8,M,11.9,F*20
2026-03-01T07:39:30.000Z $IIHDG,298.0,,,1.2,E*22
2026-03-01T07:39:30.000Z $IIMTA,7.8,C*3A
2026-03-01T07:39:30.000Z $IIMWV,62.6,T,15.4,N,A*39
2026-03-01T07:39:30.000Z $IIRPM,E,1,0,,A*66
2026-03-01T07:39:30.000Z $IIRSA,-1.9,A,,V*5C
2026-03-01T07:39:30.000Z $IIVHW,298.0,T,,M,6.6,N,,K*56
2026-03-01T07:39:30.000Z $IIXDR,V,12.47,V,BATT*63
2026-03-01T07:39:40.000Z $GPGGA,073940,5259.0427,N,00443.7083,E,2,10,0.9,2.5,M,,M,,*5C
2026-03-01T07:39:40.000Z $GPRMC,073940,A,5259.0427,N,00443.7083,E,6.9,306.0,010326,,,A*70
2026-03-01T07:39:40.000Z $IIDBT,56.2,f,17.1,M,9.4,F*1A
2026-03-01T07:39:40.000Z $IIHDG,297.1,,,1.2,E*2C
2026-03-01T07:39:40.000Z $IIMWV,60.6,T,14.6,N,A*38
2026-03-01T07:39:40.000Z $IIRPM,E,1,0,,A*66
2026-03-01T07:39:40.000Z $IIRSA,3.8,A,,V*72
2026-03-01T07:39:40.000Z $IIVHW,297.1,T,,M,6.5,N,,K*5B
2026-03-01T07:39:50.000Z $GPGGA,073950,5259.0436,N,00443.7070,E,2,11,0.9,2.5,M,,M,,*50
2026-03-01T07:39:50.000Z $GPRMC,073950,A,5259.0436,N,00443.7070,E,6.7,295.8,010326,,,A*70
2026-03-01T07:39:50.000Z $IIDBT,68.9,f,21.0,M,11.5,F*20
2026-03-01T07:39:50.000Z $IIHDG,298.0,,,1.2,E*22
2026-03-01T07:39:50.000Z $IIMWV,49.8,T,14.9,N,A*32
2026-03-01T07:39:50.000Z $IIRPM,E,1,0,,A*66
2026-03-01T07:39:50.000Z $IIRSA,-1.0,A,,V*55
2026-03-01T07:39:50.000Z $IIVHW,298.0,T,,M,6.5,N,,K*55
2026-03-01T07:40:00.000Z !AIVDM,1,1,,B,15N2449P00J`tC4;9g`R4?vN0<02,0*5E
2026-03-01T07:40:00.000Z !AIVDO,1,1,,A,15RTd30000J`sV4;9a8H4?vP0000,0*7A
2026-03-01T07:40:00.000Z $GPGGA,074000,5259.0568,N,00443.6746,E,2,11,0.9,2.5,M,,M,,*52
2026-03-01T07:40:00.000Z $GPGSA,A,3,01,03,06,11,17,19,22,25,,,,,1.2,0.9,0.8*3D
2026-03-01T07:40:00.000Z $GPRMC,074000,A,5259.0568,N,00443.6746,E,5.8,292.6,010326,,,A*77
2026-03-01T07:40:00.000Z $GPVTG,292.5,T,,M,5.8,N,10.7,K,A*3A
2026-03-01T07:40:00.000Z $GPXTE,A,A,0.013,L,N,A*31
2026-03-01T07:40:00.000Z $IIDBT,51.3,f,15.6,M,8.6,F*1A
2026-03-01T07:40:00.000Z $IIHDG,299.3,,,1.2,E*20
2026-03-01T07:40:00.000Z $IIMDA,29.9562,I,1.0144,B,7.7,C,,C,,,,,,,,,,*5E
2026-03-01T07:40:00.000Z $IIMTA,7.8,C*3A
2026-03-01T07:40:00.000Z $IIMTW,6.7,C*22
2026-03-01T07:40:00.000Z $IIMWV,48.8,T,15.6,N,A*3D
2026-03-01T07:40:00.000Z $IIRPM,E,1,0,,A*66
2026-03-01T07:40:00.000Z $IIRSA,2.1,A,,V*7A
2026-03-01T07:40:00.000Z $IIVHW,299.3,T,,M,5.3,N,,K*52
2026-03-01T07:40:00.000Z $IIXDR,V,12.49,V,BATT*6D
2026-03-01T07:40:10.000Z $GPGGA,074010,5259.0425,N,00443.6947,E,2,11,0.9,2.5,M,,M,,*54
2026-03-01T07:40:10.000Z $GPRMC,074010,A,5259.0425,N,00443.6947,E,6.7,298.9,010326,,,A*78
2026-03-01T07:40:10.000Z $IIDBT,40.4,f,12.3,M,6.7,F*10
2026-03-01T07:40:10.000Z $IIHDG,297.2,,,1.2,E*2F
2026-03-01T07:40:10.000Z $IIMWV,62.3,T,15.8,N,A*30
2026-03-01T07:40:10.000Z $IIRPM,E,1,0,,A*66
2026-03-01T07:40:10.000Z $IIRSA,-4.2,A,,V*52
2026-03-01T07:40:10.000Z $IIVHW,297.2,T,,M,6.6,N,,K*5B
2026-03-01T07:40:20.000Z !AIVDM,1,1,,B,15N2449P00J`tC4;9g`R4?vN0<02,0*5E
2026-03-01T07:40:20.000Z $GPGGA,074020,5259.0522,N,00443.6835,E,2,9,0.9,2.5,M,,M,,*6C
2026-03-01T07:40:20.000Z $GPRMC,074020,A,5259.0522,N,00443.6835,E,5.6,302.8,010326,,,A*78
2026-03-01T07:40:20.000Z $IIDBT,40.4,f,12.3,M,6.7,F*10
2026-03-01T07:40:20.000Z $IIHDG,296.1,,,1.2,E*2D
2026-03-01T07:40:20.000Z $IIMWV,54.6,T,15.0,N,A*38
2026-03-01T07:40:20.000Z $IIRPM,E,1,0,,A*66
2026-03-01T07:40:20.000Z $IIRSA,-0.8,A,,V*5C
2026-03-01T07:40:20.000Z $IIVHW,296.1,T,,M,5.1,N,,K*5D
2026-03-01T07:40:30.000Z !AIVDM,1,1,,B,15N2447P00J`tC4;9g`R4?vN0<02,0*5E
2026-03-01T07:40:30.000Z $GPGGA,074030,5259.0632,N,00443.6741,E,2,11,0.9,2.5,M,,M,,*5A
2026-03-01T07:40:30.000Z $GPRMC,074030,A,5259.0632,N,00443.6741,E,5.8,294.0,010326,,,A*7F
2026-03-01T07:40:30.000Z $GPVTG,294.7,T,,M,5.8,N,10.7,K,A*3E
2026-03-01T07:40:30.000Z $GPXTE,A,A,0.050,R,N,A*28
2026-03-01T07:40:30.000Z $IIDBT,54.6,f,16.6,M,9.1,F*1F
2026-03-01T07:40:30.000Z $IIHDG,299.4,,,1.2,E*27
2026-03-01T07:40:30.000Z $IIMTA,7.8,C*3A
2026-03-01T07:40:30.000Z $IIMWV,60.2,T,14.8,N,A*32
2026-03-01T07:40:30.000Z $IIRPM,E,1,0,,A*66
2026-03-01T07:40:30.000Z $IIRSA,2.7,A,,V*7C
2026-03-01T07:40:30.000Z $IIVHW,299.4,T,,M,5.3,N,,K*55
2026-03-01T07:40:30.000Z $IIXDR,V,12.49,V,BATT*6D
2026-03-01T07:40:40.000Z !AIVDM,1,1,,B,15N2460P00J`tC4;9g`R4?vN0<02,0*5E
2026-03-01T07:40:40.000Z $GPGGA,074040,5259.0727,N,00443.6761,E,2,8,0.9,2.5,M,,M,,*62
2026-03-01T07:40:40.000Z $GPRMC,074040,A,5259.0727,N,00443.6761,E,6.2,293.2,010326,,,A*73
2026-03-01T07:40:40.000Z $IIDBT,49.8,f,15.2,M,8.3,F*19
2026-03-01T07:40:40.000Z $IIHDG,298.3,,,1.2,E*21
2026-03-01T07:40:40.000Z $IIMWV,53.0,T,15.4,N,A*3D
2026-03-01T07:40:40.000Z $IIRPM,E,1,0,,A*66
2026-03-01T07:40:40.000Z $IIRSA,-1.4,A,,V*51
2026-03-01T07:40:40.000Z $IIVHW,298.3,T,,M,5.9,N,,K*59
2026-03-01T07:40:50.000Z $GPGGA,074050,5259.0618,N,00443.6812,E,2,10,0.9,2.5,M,,M,,*5C
2026-03-01T07:40:50.000Z $GPRMC,074050,A,5259.0618,N,00443.6812,E,5.2,300.6,010326,,,A*78
2026-03-01T07:40:50.000Z $IIDBT,33.7,f,10.3,M,5.6,F*17
2026-03-01T07:40:50.000Z $IIHDG,296.3,,,1.2,E*2F
2026-03-01T07:40:50.000Z $IIMWV,50.0,T,15.0,N,A*3A
2026-03-01T07:40:50.000Z $IIRPM,E,1,0,,A*66
2026-03-01T07:40:50.000Z $IIRSA,-2.4,A,,V*52
2026-03-01T07:40:50.000Z $IIVHW,296.3,T,,M,4.8,N,,K*57
2026-03-01T07:41:00.000Z !AIVDO,1,1,,A,15RTd30000J`sV4;9a8H4?vP0000,0*7A
2026-03-01T07:41:00.000Z $GPGGA,074100,5259.0817,N,00443.6664,E,2,10,0.9,2.5,M,,M,,*56
2026-03-01T07:41:00.000Z $GPGSA,A,3,01,03,06,11,17,19,22,25,,,,,1.2,0.9,0.8*3D
2026-03-01T07:41:00.000Z $GPRMC,074100,A,5259.0817,N,00443.6664,E,6.3,295.3,010326,,,A*78
2026-03-01T07:41:00.000Z $GPVTG,296.0,T,,M,6.3,N,11.6,K,A*33
2026-03-01T07:41:00.000Z $GPXTE,A,A,0.000,L,N,A*33
2026-03-01T07:41:00.000Z $IIDBT,37.2,f,11.3,M,6.2,F*10
2026-03-01T07:41:00.000Z $IIHDG,297.9,,,1.2,E*24
2026-03-01T07:41:00.000Z $IIMDA,29.9510,I,1.0143,B,7.9,C,,C,,,,,,,,,,*52
2026-03-01T07:41:00.000Z $IIMTA,7.6,C*34
2026-03-01T07:41:00.000Z $IIMTW,6.4,C*21
2026-03-01T07:41:00.000Z $IIMWV,47.9,T,14.6,N,A*32
2026-03-01T07:41:00.000Z $IIRPM,E,1,0,,A*66
2026-03-01T07:41:00.000Z $IIRSA,-0.8,A,,V*5C
2026-03-01T07:41:00.000Z $IIVHW,297.9,T,,M,6.0,N,,K*56
2026-03-01T07:41:00.000Z $IIXDR,V,12.33,V,BATT*60
2026-03-01T07:41:10.000Z $GPGGA,074110,5259.0834,N,00443.6501,E,2,11,0.9,2.5,M,,M,,*57
2026-03-01T07:41:10.000Z $GPRMC,074110,A,5259.0834,N,00443.6501,E,6.8,294.3,010326,,,A*72
2026-03-01T07:41:10.000Z $IIDBT,51.4,f,15.7,M,8.6,F*1C
2026-03-01T07:41:10.000Z $IIHDG,297.6,,,1.2,E*2B
2026-03-01T07:41:10.000Z $IIMWV,47.2,T,14.5,N,A*3A
2026-03-01T07:41:10.000Z $IIRPM,E,1,0,,A*66
2026-03-01T07:41:10.000Z $IIRSA,-4.4,A,,V*54
2026-03-01T07:41:10.000Z $IIVHW,297.6,T,,M,6.4,N,,K*5D
2026-03-01T07:41:20.000Z $GPGGA,074120,5259.0757,N,00443.6511,E,2,11,0.9,2.5,M,,M,,*5F
2026-03-01T07:41:20.000Z $GPRMC,074120,A,5259.0757,N,00443.6511,E,5.3,301.5,010326,,,A*79
2026-03-01T07:41:20.000Z $IIDBT,44.7,f,13.6,M,7.5,F*10
2026-03-01T07:41:20.000Z $IIHDG,297.5,,,1.2,E*28
2026-03-01T07:41:20.000Z $IIMWV,50.7,T,14.5,N,A*39
2026-03-01T07:41:20.000Z $IIRPM,E,1,0,,A*66
2026-03-01T07:41:20.000Z $IIRSA,-0.5,A,,V*51
2026-03-01T07:41:20.000Z $IIVHW,297.5,T,,M,5.0,N,,K*59
2026-03-01T07:41:30.000Z !AIVDM,1,1,,B,15N2113P00J`tC4;9g`R4?vN0<02,0*5E
2026-03-01T07:41:30.000Z $GPGGA,074130,5259.0859,N,00443.6405,E,2,9,0.9,2.5,M,,M,,*62
2026-03-01T07:41:30.000Z $GPRMC,074130,A,5259.0859,N,00443.6405,E,6.6,301.7,010326,,,A*79
2026-03-01T07:41:30.000Z $GPVTG,301.7,T,,M,6.6,N,12.2,K,A*39
2026-03-01T07:41:30.000Z $GPXTE,A,A,0.029,L,N,A*38
2026-03-01T07:41:30.000Z $IIDBT,40.8,f,12.4,M,6.8,F*14
2026-03-01T07:41:30.000Z $IIHDG,297.5,,,1.2,E*28
2026-03-01T07:41:30.000Z $IIMTA,7.7,C*35
2026-03-01T07:41:30.000Z $IIMWV,52.5,T,15.3,N,A*3E
2026-03-01T07:41:30.000Z $IIRPM,E,1,0,,A*66
2026-03-01T07:41:30.000Z $IIRSA,0.9,A,,V*70
2026-03-01T07:41:30.000Z $IIVHW,297.5,T,,M,6.4,N,,K*5E
2026-03-01T07:41:30.000Z $IIXDR,V,12.45,V,BATT*61
2026-03-01T07:41:40.000Z $GPGGA,074140,5259.0907,N,00443.6442,E,2,8,0.9,2.5,M,,M,,*6D
2026-03-01T07:41:40.000Z $GPRMC,074140,A,5259.0907,N,00443.6442,E,5.4,292.2,010326,,,A*78
2026-03-01T07:41:40.000Z $IIDBT,54.0,f,16.5,M,9.0,F*1B
2026-03-01T07:41:40.000Z $IIHDG,297.8,,,1.2,E*25
2026-03-01T07:41:40.000Z $IIMWV,53.4,T,14.5,N,A*39
2026-03-01T07:41:40.000Z $IIRPM,E,1,0,,A*66
2026-03-01T07:41:40.000Z $IIRSA,0.2,A,,V*7B
2026-03-01T07:41:40.000Z $IIVHW,297.8,T,,M,5.0,N,,K*54
2026-03-01T07:41:50.000Z !AIVDM,1,1,,B,15N2449P00J`tC4;9g`R4?vN0<02,0*5E
2026-03-01T07:41:50.000Z $GPGGA,074150,5259.0918,N,00443.6657,E,2,10,0.9,2.5,M,,M,,*5D
2026-03-01T07:41:50.000Z $GPRMC,074150,A,5259.0918,N,00443.6657,E,6.1,299.4,010326,,,A*7A
2026-03-01T07:41:50.000Z $IIDBT,49.1,f,15.0,M,8.2,F*13
2026-03-01T07:41:50.000Z $IIHDG,297.4,,,1.2,E*29
2026-03-01T07:41:50.000Z $IIMWV,62.3,T,15.8,N,A*30
2026-03-01T07:41:50.000Z $IIRPM,E,1,0,,A*66
2026-03-01T07:41:50.000Z $IIRSA,2.0,A,,V*7B
2026-03-01T07:41:50.000Z $IIVHW,297.4,T,,M,5.8,N,,K*50
2026-03-01T07:42:00.000Z !AIVDO,1,1,,A,15RTd30000J`sV4;9a8H4?vP0000,0*7A
2026-03-01T07:42:00.000Z $GPGGA,074200,5259.0892,N,00443.6481,E,2,10,0.9,2.5,M,,M,,*51
2026-03-01T07:42:00.000Z $GPGSA,A,3,01,03,06,11,17,19,22,25,,,,,1.2,0.9,0.8*3D
2026-03-01T07:42:00.000Z $GPRMC,074200,A,5259.0892,N,00443.6481,E,5.1,295.3,010326,,,A*7E
2026-03-01T07:42:00.000Z $GPVTG,295.5,T,,M,5.1,N,9.4,K,A*0F
2026-03-01T07:42:00.000Z $GPXTE,A,A,0.011,L,N,A*33
2026-03-01T07:42:00.000Z $IIDBT,41.8,f,12.7,M,7.0,F*1F
2026-03-01T07:42:00.000Z $IIHDG,297.6,,,1.2,E*2B
2026-03-01T07:42:00.000Z $IIMDA,29.9645,I,1.0147,B,7.7,C,,C,,,,,,,,,,*5B
2026-03-01T07:42:00.000Z $IIMTA,8.0,C*3D
2026-03-01T07:42:00.000Z $IIMTW,6.6,C*23
2026-03-01T07:42:00.000Z $IIMWV,54.5,T,14.3,N,A*39
2026-03-01T07:42:00.000Z $IIRPM,E,1,0,,A*66
2026-03-01T07:42:00.000Z $IIRSA,2.8,A,,V*73
2026-03-01T07:42:00.000Z $IIVHW,297.6,T,,M,4.8,N,,K*53
2026-03-01T07:42:00.000Z $IIXDR,V,12.30,V,BATT*63
2026-03-01T07:42:10.000Z !AIVDM,1,1,,B,15N2113P00J`tC4;9g`R4?vN0<02,0*5E
2026-03-01T07:42:10.000Z $GPGGA,074210,5259.1093,N,00443.6376,E,2,11,0.9,2.5,M,,M,,*56
2026-03-01T07:42:10.000Z $GPRMC,074210,A,5259.1093,N,00443.6376,E,5.4,292.0,010326,,,A*79
2026-03-01T07:42:10.000Z $IIDBT,59.0,f,18.0,M,9.8,F*15
2026-03-01T07:42:10.000Z $IIHDG,297.2,,,1.2,E*2F
2026-03-01T07:42:10.000Z $IIMWV,48.2,T,14.9,N,A*39
2026-03-01T07:42:10.000Z $IIRPM,E,1,0,,A*66
2026-03-01T07:42:10.000Z $IIRSA,-1.9,A,,V*5C
2026-03-01T07:42:10.000Z $IIVHW,297.2,T,,M,5.1,N,,K*5F
2026-03-01T07:42:20.000Z $GPGGA,074220,5259.1107,N,00443.6578,E,2,11,0.9,2.5,M,,M,,*51
2026-03-01T07:42:20.000Z $GPRMC,074220,A,5259.1107,N,00443.6578,E,6.2,297.0,010326,,,A*7E
2026-03-01T07:42:20.000Z $IIDBT,52.3,f,15.9,M,8.7,F*17
2026-03-01T07:42:20.000Z $IIHDG,299.5,,,1.2,E*26
2026-03-01T07:42:20.000Z $IIMWV,61.5,T,15.1,N,A*3C
2026-03-01T07:42:20.000Z $IIRPM,E,1,0,,A*66
2026-03-01T07:42:20.000Z $IIRSA,-1.7,A,,V*52
2026-03-01T07:42:20.000Z $IIVHW,299.5,T,,M,6.1,N,,K*55
2026-03-01T07:42:30.000Z !AIVDM,1,1,,B,15N2446P00J`tC4;9g`R4?vN0<02,0*5E
2026-03-01T07:42:30.000Z $GPGGA,074230,5259.1108,N,00443.6240,E,2,8,0.9,2.5,M,,M,,*6B
2026-03-01T07:42:30.000Z $GPRMC,074230,A,5259.1108,N,00443.6240,E,5.6,293.9,010326,,,A*76
2026-03-01T07:42:30.000Z $GPVTG,293.5,T,,M,5.6,N,10.3,K,A*31
2026-03-01T07:42:30.000Z $GPXTE,A,A,0.016,L,N,A*34
2026-03-01T07:42:30.000Z $IIDBT,68.5,f,20.9,M,11.4,F*25
2026-03-01T07:42:30.000Z $IIHDG,297.3,,,1.2,E*2E
2026-03-01T07:42:30.000Z $IIMTA,7.6,C*34
2026-03-01T07:42:30.000Z $IIMWV,60.9,T,14.1,N,A*30
2026-03-01T07:42:30.000Z $IIRPM,E,1,0,,A*66
2026-03-01T07:42:30.000Z $IIRSA,-4.1,A,,V*51
2026-03-01T07:42:30.000Z $IIVHW,297.3,T,,M,5.4,N,,K*5B
2026-03-01T07:42:30.000Z $IIXDR,V,12.36,V,BATT*65
2026-03-01T07:42:40.000Z $GPGGA,074240,5259.1059,N,00443.6490,E,2,11,0.9,2.5,M,,M,,*5A
2026-03-01T07:42:40.000Z $GPRMC,074240,A,5259.1059,N,00443.6490,E,5.5,299.0,010326,,,A*7F
2026-03-01T07:42:40.000Z $IIDBT,35.2,f,10.7,M,5.9,F*1F
2026-03-01T07:42:40.000Z $IIHDG,296.0,,,1.2,E*2C
2026-03-01T07:42:40.000Z $IIMWV,48.9,T,15.6,N,A*3C
2026-03-01T07:42:40.000Z $IIRPM,E,1,0,,A*66
2026-03-01T07:42:40.000Z $IIRSA,1.8,A,,V*70
2026-03-01T07:42:40.000Z $IIVHW,296.0,T,,M,5.2,N,,K*5F
2026-03-01T07:42:50.000Z $GPGGA,074250,5259.1283,N,00443.6373,E,2,10,0.9,2.5,M,,M,,*55
2026-03-01T07:42:50.000Z $GPRMC,074250,A,5259.1283,N,00443.6373,E,6.8,303.6,010326,,,A*7B
2026-03-01T07:42:50.000Z $IIDBT,40.7,f,12.4,M,6.8,F*1B
2026-03-01T07:42:50.000Z $IIHDG,296.0,,,1.2,E*2C
2026-03-01T07:42:50.000Z $IIMWV,49.6,T,15.9,N,A*3D
2026-03-01T07:42:50.000Z $IIRPM,E,1,0,,A*66
2026-03-01T07:42:50.000Z $IIRSA,-0.7,A,,V*53
2026-03-01T07:42:50.000Z $IIVHW,296.0,T,,M,6.6,N,,K*58
2026-03-01T07:43:00.000Z !AIVDO,1,1,,A,15RTd30000J`sV4;9a8H4?vP0000,0*7A
2026-03-01T07:43:00.000Z $GPGGA,074300,5259.1156,N,00443.6229,E,2,9,0.9,2.5,M,,M,,*6C
2026-03-01T07:43:00.000Z $GPGSA,A,3,01,03,06,11,17,19,22,25,,,,,1.2,0.9,0.8*3D
2026-03-01T07:43:00.000Z $GPRMC,074300,A,5259.1156,N,00443.6229,E,5.7,296.7,010326,,,A*7A
2026-03-01T07:43:00.000Z $GPVTG,296.6,T,,M,5.7,N,10.5,K,A*30
2026-03-01T07:43:00.000Z $GPXTE,A,A,0.027,L,N,A*36
2026-03-01T07:43:00.000Z $IIDBT,48.0,f,14.6,M,8.0,F*16
2026-03-01T07:43:00.000Z $IIHDG,297.3,,,1.2,E*2E
2026-03-01T07:43:00.000Z $IIMDA,29.9461,I,1.0141,B,7.7,C,,C,,,,,,,,,,*59
2026-03-01T07:43:00.000Z $IIMTA,7.8,C*3A
2026-03-01T07:43:00.000Z $IIMTW,6.7,C*22
2026-03-01T07:43:00.000Z $IIMWV,49.3,T,14.7,N,A*37
2026-03-01T07:43:00.000Z $IIRPM,E,1,0,,A*66
2026-03-01T07:43:00.000Z $IIRSA,-2.0,A,,V*56
2026-03-01T07:43:00.000Z $IIVHW,297.3,T,,M,5.4,N,,K*5B
2026-03-01T07:43:00.000Z $IIXDR,V,12.49,V,BATT*6D
2026-03-01T07:43:10.000Z $GPGGA,074310,5259.1364,N,00443.6130,E,2,8,0.9,2.5,M,,M,,*64
2026-03-01T07:43:10.000Z $GPRMC,074310,A,5259.1364,N,00443.6130,E,6.4,299.8,010326,,,A*73
2026-03-01T07:43:10.000Z $IIDBT,69.6,f,21.2,M,11.6,F*2F
2026-03-01T07:43:10.000Z $IIHDG,298.7,,,1.2,E*25
2026-03-01T07:43:10.000Z $IIMWV,50.3,T,14.3,N,A*3B
2026-03-01T07:43:10.000Z $IIRPM,E,1,0,,A*66
2026-03-01T07:43:10.000Z $IIRSA,3.5,A,,V*7F
2026-03-01T07:43:10.000Z $IIVHW,298.7,T,,M,6.2,N,,K*55
2026-03-01T07:43:20.000Z $GPGGA,074320,5259.1189,N,00443.6308,E,2,10,0.9,2.5,M,,M,,*56
2026-03-01T07:43:20.000Z $GPRMC,074320,A,5259.1189,N,00443.6308,E,6.0,299.8,010326,,,A*7C
2026-03-01T07:43:20.000Z $IIDBT,39.3,f,12.0,M,6.6,F*1B
2026-03-01T07:43:20.000Z $IIHDG,296.4,,,1.2,E*28
2026-03-01T07:43:20.000Z $IIMWV,48.8,T,15.1,N,A*3A
2026-03-01T07:43:20.000Z $IIRPM,E,1,0,,A*66
2026-03-01T07:43:20.000Z $IIRSA,-0.5,A,,V*51
2026-03-01T07:43:20.000Z $IIVHW,296.4,T,,M,5.9,N,,K*50
2026-03-01T07:43:30.000Z $GPGGA,074330,5259.1398,N,00443.6175,E,2,8,0.9,2.5,M,,M,,*64
2026-03-01T07:43:30.000Z $GPRMC,074330,A,5259.1398,N,00443.6175,E,6.9,301.4,010326,,,A*72
2026-03-01T07:43:30.000Z $GPVTG,301.2,T,,M,6.9,N,12.8,K,A*39
2026-03-01T07:43:30.000Z $GPXTE,A,A,0.014,L,N,A*36
2026-03-01T07:43:30.000Z $IIDBT,38.2,f,11.6,M,6.4,F*1C
2026-03-01T07:43:30.000Z $IIHDG,299.3,,,1.2,E*20
2026-03-01T07:43:30.000Z $IIMTA,8.0,C*3D
2026-03-01T07:43:30.000Z $IIMWV,62.6,T,14.0,N,A*3C
2026-03-01T07:43:30.000Z $IIRPM,E,1,0,,A*66
2026-03-01T07:43:30.000Z $IIRSA,4.4,A,,V*79
2026-03-01T07:43:30.000Z $IIVHW,299.3,T,,M,6.5,N,,K*57
2026-03-01T07:43:30.000Z $IIXDR,V,12.49,V,BATT*6D
2026-03-01T07:43:40.000Z $GPGGA,074340,5259.1490,N,00443.6269,E,2,8,0.9,2.5,M,,M,,*62
2026-03-01T07:43:40.000Z $GPRMC,074340,A,5259.1490,N,00443.6269,E,5.0,302.9,010326,,,A*70
2026-03-01T07:43:40.000Z $IIDBT,71.3,f,21.7,M,11.9,F*29
2026-03-01T07:43:40.000Z $IIHDG,299.9,,,1.2,E*2A
2026-03-01T07:43:40.000Z $IIMWV,62.7,T,14.9,N,A*34
2026-03-01T07:43:40.000Z $IIRPM,E,1,0,,A*66
2026-03-01T07:43:40.000Z $IIRSA,3.9,A,,V*73
2026-03-01T07:43:40.000Z $IIVHW,299.9,T,,M,4.6,N,,K*5C
2026-03-01T07:43:50.000Z !AIVDM,1,1,,B,15N2446P00J`tC4;9g`R4?vN0<02,0*5E
2026-03-01T07:43:50.000Z $GPGGA,074350,5259.1528,N,00443.6243,E,2,9,0.9,2.5,M,,M,,*68
2026-03-01T07:43:50.000Z $GPRMC,074350,A,5259.1528,N,00443.6243,E,5.3,292.9,010326,,,A*70
2026-03-01T07:43:50.000Z $IIDBT,37.8,f,11.5,M,6.3,F*1D
2026-03-01T07:43:50.000Z $IIHDG,296.1,,,1.2,E*2D
2026-03-01T07:43:50.000Z $IIMWV,57.5,T,14.3,N,A*3A
2026-03-01T07:43:50.000Z $IIRPM,E,1,0,,A*66
2026-03-01T07:43:50.000Z $IIRSA,-3.6,A,,V*51
2026-03-01T07:43:50.000Z $IIVHW,296.1,T,,M,5.2,N,,K*5E
2026-03-01T07:44:00.000Z !AIVDO,1,1,,A,15RTd30000J`sV4;9a8H4?vP0000,0*7A
2026-03-01T07:44:00.000Z $GPGGA,074400,5259.1526,N,00443.5971,E,2,8,0.9,2.5,M,,M,,*6C
2026-03-01T07:44:00.000Z $GPGSA,A,3,01,03,06,11,17,19,22,25,,,,,1.2,0.9,0.8*3D
2026-03-01T07:44:00.000Z $GPRMC,074400,A,5259.1526,N,00443.5971,E,6.9,301.0,010326,,,A*7E
2026-03-01T07:44:00.000Z $GPVTG,301.6,T,,M,6.9,N,12.7,K,A*32
2026-03-01T07:44:00.000Z $GPXTE,A,A,0.005,R,N,A*28
2026-03-01T07:44:00.000Z $IIDBT,45.2,f,13.8,M,7.5,F*1A
2026-03-01T07:44:00.000Z $IIHDG,299.3,,,1.2,E*20
2026-03-01T07:44:00.000Z $IIMDA,29.9519,I,1.0143,B,7.7,C,,C,,,,,,,,,,*55
2026-03-01T07:44:00.000Z $IIMTA,7.8,C*3A
2026-03-01T07:44:00.000Z $IIMTW,6.5,C*20
2026-03-01T07:44:00.000Z $IIMWV,52.8,T,14.3,N,A*32
2026-03-01T07:44:00.000Z $IIRPM,E,1,0,,A*66
2026-03-01T07:44:00.000Z $IIRSA,0.5,A,,V*7C
2026-03-01T07:44:00.000Z $IIVHW,299.3,T,,M,6.4,N,,K*56
2026-03-01T07:44:00.000Z $IIXDR,V,12.49,V,BATT*6D
2026-03-01T07:44:10.000Z !AIVDM,1,1,,B,15N2113P00J`tC4;9g`R4?vN0<02,0*5E
2026-03-01T07:44:10.000Z $GPGGA,074410,5259.1471,N,00443.6041,E,2,10,0.9,2.5,M,,M,,*5E
2026-03-01T07:44:10.000Z $GPRMC,074410,A,5259.1471,N,00443.6041,E,5.9,303.2,010326,,,A*76
2026-03-01T07:44:10.000Z $IIDBT,43.2,f,13.2,M,7.2,F*11
2026-03-01T07:44:10.000Z $IIHDG,297.5,,,1.2,E*28
2026-03-01T07:44:10.000Z $IIMWV,54.5,T,14.1,N,A*3B
2026-03-01T07:44:10.000Z $IIRPM,E,1,0,,A*66
2026-03-01T07:44:10.000Z $IIRSA,4.1,A,,V*7C
2026-03-01T07:44:10.000Z $IIVHW,297.5,T,,M,5.5,N,,K*5C
2026-03-01T07:44:20.000Z !AIVDM,1,1,,B,15N2446P00J`tC4;9g`R4?vN0<02,0*5E
2026-03-01T07:44:20.000Z $GPGGA,074420,5259.1523,N,00443.5834,E,2,9,0.9,2.5,M,,M,,*6A
2026-03-01T07:44:20.000Z $GPRMC,074420,A,5259.1523,N,00443.5834,E,5.2,294.1,010326,,,A*7D
2026-03-01T07:44:20.000Z $IIDBT,54.0,f,16.5,M,9.0,F*1B
2026-03-01T07:44:20.000Z $IIHDG,298.5,,,1.2,E*27
2026-03-01T07:44:20.000Z $IIMWV,58.4,T,14.8,N,A*3F
2026-03-01T07:44:20.000Z $IIRPM,E,1,0,,A*66
2026-03-01T07:44:20.000Z $IIRSA,1.9,A,,V*71
2026-03-01T07:44:20.000Z $IIVHW,298.5,T,,M,4.9,N,,K*5E
2026-03-01T07:44:30.000Z $GPGGA,074430,5259.1514,N,00443.5818,E,2,11,0.9,2.5,M,,M,,*58
2026-03-01T07:44:30.000Z $GPRMC,074430,A,5259.1514,N,00443.5818,E,5.5,295.1,010326,,,A*70
2026-03-01T07:44:30.000Z $GPVTG,295.0,T,,M,5.5,N,10.1,K,A*33
2026-03-01T07:44:30.000Z $GPXTE,A,A,0.037,R,N,A*29
2026-03-01T07:44:30.000Z $IIDBT,51.2,f,15.6,M,8.5,F*18
2026-03-01T07:44:30.000Z $IIHDG,297.2,,,1.2,E*2F
2026-03-01T07:44:30.000Z $IIMTA,7.8,C*3A
2026-03-01T07:44:30.000Z $IIMWV,62.8,T,15.4,N,A*37
2026-03-01T07:44:30.000Z $IIRPM,E,1,0,,A*66
2026-03-01T07:44:30.000Z $IIRSA,-5.0,A,,V*51
2026-03-01T07:44:30.000Z $IIVHW,297.2,T,,M,5.2,N,,K*5C
2026-03-01T07:44:30.000Z $IIXDR,V,12.33,V,BATT*60
2026-03-01T07:44:40.000Z $GPGGA,074440,5259.1523,N,00443.6014,E,2,8,0.9,2.5,M,,M,,*64
2026-03-01T07:44:40.000Z $GPRMC,074440,A,5259.1523,N,00443.6014,E,6.7,292.8,010326,,,A*7B
2026-03-01T07:44:40.000Z $IIDBT,52.3,f,15.9,M,8.7,F*17
2026-03-01T07:44:40.000Z $IIHDG,299.2,,,1.2,E*21
2026-03-01T07:44:40.000Z $IIMWV,49.9,T,14.7,N,A*3D
2026-03-01T07:44:40.000Z $IIRPM,E,1,0,,A*66
2026-03-01T07:44:40.000Z $IIRSA,-3.1,A,,V*56
2026-03-01T07:44:40.000Z $IIVHW,299.2,T,,M,6.4,N,,K*57
2026-03-01T07:44:50.000Z !AIVDM,1,1,,B,15N2445P00J`tC4;9g`R4?vN0<02,0*5E
2026-03-01T07:44:50.000Z $GPGGA,074450,5259.1728,N,00443.5877,E,2,8,0.9,2.5,M,,M,,*62
2026-03-01T07:44:50.000Z $GPRMC,074450,A,5259.1728,N,00443.5877,E,5.5,302.7,010326,,,A*7B
2026-03-01T07:44:50.000Z $IIDBT,61.5,f,18.7,M,10.2,F*2E
2026-03-01T07:44:50.000Z $IIHDG,297.4,,,1.2,E*29
2026-03-01T07:44:50.000Z $IIMWV,56.2,T,14.8,N,A*37
2026-03-01T07:44:50.000Z $IIRPM,E,1,0,,A*66
2026-03-01T07:44:50.000Z $IIRSA,-4.7,A,,V*57
2026-03-01T07:44:50.000Z $IIVHW,297.4,T,,M,5.1,N,,K*59
2026-03-01T07:45:00.000Z !AIVDM,1,1,,B,15N2460P00J`tC4;9g`R4?vN0<02,0*5E
2026-03-01T07:45:00.000Z !AIVDO,1,1,,A,15RTd30000J`sV4;9a8H4?vP0000,0*7A
2026-03-01T07:45:00.000Z $GPGGA,074500,5259.1718,N,00443.5915,E,2,10,0.9,2.5,M,,M,,*59
2026-03-01T07:45:00.000Z $GPGSA,A,3,01,03,06,11,17,19,22,25,,,,,1.2,0.9,0.8*3D
2026-03-01T07:45:00.000Z $GPRMC,074500,A,5259.1718,N,00443.5915,E,5.3,297.8,010326,,,A*7D
2026-03-01T07:45:00.000Z $GPVTG,297.9,T,,M,5.3,N,9.8,K,A*0F
2026-03-01T07:45:00.000Z $GPXTE,A,A,0.004,L,N,A*37
2026-03-01T07:45:00.000Z $IIDBT,65.6,f,20.0,M,10.9,F*2E
2026-03-01T07:45:00.000Z $IIHDG,298.1,,,1.2,E*23
2026-03-01T07:45:00.000Z $IIMDA,29.9692,I,1.0149,B,7.8,C,,C,,,,,,,,,,*50
2026-03-01T07:45:00.000Z $IIMTA,7.7,C*35
2026-03-01T07:45:00.000Z $IIMTW,6.2,C*27
2026-03-01T07:45:00.000Z $IIMWV,62.1,T,14.7,N,A*3C
2026-03-01T07:45:00.000Z $IIRPM,E,1,0,,A*66
2026-03-01T07:45:00.000Z $IIRSA,-0.3,A,,V*57
2026-03-01T07:45:00.000Z $IIVHW,298.1,T,,M,4.9,N,,K*5A
2026-03-01T07:45:00.000Z $IIXDR,V,12.36,V,BATT*65
2026-03-01T07:45:10.000Z $GPGGA,074510,5259.1780,N,00443.5796,E,2,9,0.9,2.5,M,,M,,*64
2026-03-01T07:45:10.000Z $GPRMC,074510,A,5259.1780,N,00443.5796,E,6.0,305.7,010326,,,A*7D
2026-03-01T07:45:10.000Z $IIDBT,38.4,f,11.7,M,6.4,F*1B
2026-03-01T07:45:10.000Z $IIHDG,296.2,,,1.2,E*2E
2026-03-01T07:45:10.000Z $IIMWV,50.6,T,15.8,N,A*34
2026-03-01T07:45:10.000Z $IIRPM,E,1,0,,A*66
2026-03-01T07:45:10.000Z $IIRSA,0.0,A,,V*79
2026-03-01T07:45:10.000Z $IIVHW,296.2,T,,M,5.5,N,,K*5A
2026-03-01T07:45:20.000Z $GPGGA,074520,5259.1796,N,00443.5687,E,2,8,0.9,2.5,M,,M,,*60
2026-03-01T07:45:20.000Z $GPRMC,074520,A,5259.1796,N,00443.5687,E,6.2,294.3,010326,,,A*77
2026-03-01T07:45:20.000Z $IIDBT,38.3,f,11.7,M,6.4,F*1C
2026-03-01T07:45:20.000Z $IIHDG,299.3,,,1.2,E*20
2026-03-01T07:45:20.000Z $IIMWV,60.7,T,14.3,N,A*3C
2026-03-01T07:45:20.000Z $IIRPM,E,1,0,,A*66
2026-03-01T07:45:20.000Z $IIRSA,1.4,A,,V*7C
2026-03-01T07:45:20.000Z $IIVHW,299.3,T,,M,5.7,N,,K*56
2026-03-01T07:45:30.000Z !AIVDM,1,1,,B,15N2449P00J`tC4;9g`R4?vN0<02,0*5E
2026-03-01T07:45:30.000Z $GPGGA,074530,5259.1722,N,00443.5862,E,2,8,0.9,2.5,M,,M,,*6B
2026-03-01T07:45:30.000Z $GPRMC,074530,A,5259.1722,N,00443.5862,E,6.5,303.6,010326,,,A*71
2026-03-01T07:45:30.000Z $GPVTG,303.4,T,,M,6.5,N,12.1,K,A*38
2026-03-01T07:45:30.000Z $GPXTE,A,A,0.011,L,N,A*33
2026-03-01T07:45:30.000Z $IIDBT,37.2,f,11.3,M,6.2,F*10
2026-03-01T07:45:30.000Z $IIHDG,299.4,,,1.2,E*27
2026-03-01T07:45:30.000Z $IIMTA,7.6,C*34
2026-03-01T07:45:30.000Z $IIMWV,54.1,T,15.3,N,A*3C
2026-03-01T07:45:30.000Z $IIRPM,E,1,0,,A*66
2026-03-01T07:45:30.000Z $IIRSA,-4.1,A,,V*51
2026-03-01T07:45:30.000Z $IIVHW,299.4,T,,M,6.2,N,,K*57
2026-03-01T07:45:30.000Z $IIXDR,V,12.40,V,BATT*64
2026-03-01T07:45:40.000Z $GPGGA,074540,5259.1808,N,00443.5617,E,2,9,0.9,2.5,M,,M,,*66
2026-03-01T07:45:40.000Z $GPRMC,074540,A,5259.1808,N,00443.5617,E,6.8,299.7,010326,,,A*73
2026-03-01T07:45:40.000Z $IIDBT,58.7,f,17.9,M,9.8,F*15
2026-03-01T07:45:40.000Z $IIHDG,297.3,,,1.2,E*2E
2026-03-01T07:45:40.000Z $IIMWV,48.2,T,15.1,N,A*30
2026-03-01T07:45:40.000Z $IIRPM,E,1,0,,A*66
2026-03-01T07:45:40.000Z $IIRSA,-2.0,A,,V*56
2026-03-01T07:45:40.000Z $IIVHW,297.3,T,,M,6.4,N,,K*58
2026-03-01T07:45:50.000Z $GPGGA,074550,5259.2035,N,00443.5609,E,2,8,0.9,2.5,M,,M,,*6C
2026-03-01T07:45:50.000Z $GPRMC,074550,A,5259.2035,N,00443.5609,E,5.9,293.8,010326,,,A*7F
2026-03-01T07:45:50.000Z $IIDBT,70.1,f,21.4,M,11.7,F*27
2026-03-01T07:45:50.000Z $IIHDG,299.8,,,1.2,E*2B
2026-03-01T07:45:50.000Z $IIMWV,58.4,T,15.4,N,A*32
2026-03-01T07:45:50.000Z $IIRPM,E,1,0,,A*66
2026-03-01T07:45:50.000Z $IIRSA,-0.2,A,,V*56
2026-03-01T07:45:50.000Z $IIVHW,299.8,T,,M,5.5,N,,K*5F
2026-03-01T07:46:00.000Z !AIVDO,1,1,,A,15RTd30000J`sV4;9a8H4?vP0000,0*7A
2026-03-01T07:46:00.000Z $GPGGA,074600,5259.1961,N,00443.5536,E,2,9,0.9,2.5,M,,M,,*6F
2026-03-01T07:46:00.000Z $GPGSA,A,3,01,03,06,11,17,19,22,25,,,,,1.2,0.9,0.8*3D
2026-03-01T07:46:00.000Z $GPRMC,074600,A,5259.1961,N,00443.5536,E,6.0,299.8,010326,,,A*7D
2026-03-01T07:46:00.000Z $GPVTG,299.4,T,,M,6.0,N,11.2,K,A*3F
2026-03-01T07:46:00.000Z $GPXTE,A,A,0.011,R,N,A*2D
2026-03-01T07:46:00.000Z $IIDBT,34.9,f,10.6,M,5.8,F*15
2026-03-01T07:46:00.000Z $IIHDG,298.8,,,1.2,E*2A
2026-03-01T07:46:00.000Z $IIMDA,29.9467,I,1.0141,B,7.8,C,,C,,,,,,,,,,*50
2026-03-01T07:46:00.000Z $IIMTA,7.9,C*3B
2026-03-01T07:46:00.000Z $IIMTW,6.5,C*20
2026-03-01T07:46:00.000Z $IIMWV,60.6,T,14.1,N,A*3F
2026-03-01T07:46:00.000Z $IIRPM,E,1,0,,A*66
2026-03-01T07:46:00.000Z $IIRSA,2.5,A,,V*7E
2026-03-01T07:46:00.000Z $IIVHW,298.8,T,,M,5.9,N,,K*52
2026-03-01T07:46:00.000Z $IIXDR,V,12.49,V,BATT*6D
2026-03-01T07:46:10.000Z !AIVDM,1,1,,B,15N2445P00J`tC4;9g`R4?vN0<02,0*5E
2026-03-01T07:46:10.000Z $GPGGA,074610,5259.1937,N,00443.5734,E,2,11,0.9,2.5,M,,M,,*54
2026-03-01T07:46:10.000Z $GPRMC,074610,A,5259.1937,N,00443.5734,E,6.3,295.5,010326,,,A*7D
2026-03-01T07:46:10.000Z $IIDBT,33.7,f,10.3,M,5.6,F*17
2026-03-01T07:46:10.000Z $IIHDG,298.6,,,1.2,E*24
2026-03-01T07:46:10.000Z $IIMWV,54.5,T,14.3,N,A*39
2026-03-01T07:46:10.000Z $IIRPM,E,1,0,,A*66
2026-03-01T07:46:10.000Z $IIRSA,0.3,A,,V*7A
2026-03-01T07:46:10.000Z $IIVHW,298.6,T,,M,5.8,N,,K*5D
2026-03-01T07:46:20.000Z !AIVDM,1,1,,B,15N2449P00J`tC4;9g`R4?vN0<02,0*5E
2026-03-01T07:46:20.000Z $GPGGA,074620,5259.2020,N,00443.5442,E,2,11,0.9,2.5,M,,M,,*59
2026-03-01T07:46:20.000Z $GPRMC,074620,A,5259.2020,N,00443.5442,E,5.3,306.5,010326,,,A*78
2026-03-01T07:46:20.000Z $IIDBT,38.1,f,11.6,M,6.3,F*18
2026-03-01T07:46:20.000Z $IIHDG,298.7,,,1.2,E*25
2026-03-01T07:46:20.000Z $IIMWV,49.8,T,14.8,N,A*33
2026-03-01T07:46:20.000Z $IIRPM,E,1,0,,A*66
2026-03-01T07:46:20.000Z $IIRSA,-3.0,A,,V*57
2026-03-01T07:46:20.000Z $IIVHW,298.7,T,,M,4.9,N,,K*5C
2026-03-01T07:46:30.000Z !AIVDM,1,1,,B,15N2449P00J`tC4;9g`R4?vN0<02,0*5E
2026-03-01T07:46:30.000Z $GPGGA,074630,5259.2067,N,00443.5418,E,2,8,0.9,2.5,M,,M,,*6C
2026-03-01T07:46:30.000Z $GPRMC,074630,A,5259.2067,N,00443.5418,E,6.2,304.8,010326,,,A*78
2026-03-01T07:46:30.000Z $GPVTG,304.7,T,,M,6.2,N,11.4,K,A*3D
2026-03-01T07:46:30.000Z $GPXTE,A,A,0.006,L,N,A*35
2026-03-01T07:46:30.000Z $IIDBT,34.7,f,10.6,M,5.8,F*1B
2026-03-01T07:46:30.000Z $IIHDG,299.5,,,1.2,E*26
2026-03-01T07:46:30.000Z $IIMTA,7.7,C*35
2026-03-01T07:46:30.000Z $IIMWV,47.9,T,15.0,N,A*35
2026-03-01T07:46:30.000Z $IIRPM,E,1,0,,A*66
2026-03-01T07:46:30.000Z $IIRSA,-1.2,A,,V*57
2026-03-01T07:46:30.000Z $IIVHW,299.5,T,,M,5.9,N,,K*5E
2026-03-01T07:46:30.000Z $IIXDR,V,12.49,V,BATT*6D
2026-03-01T07:46:40.000Z $GPGGA,074640,5259.2019,N,00443.5464,E,2,10,0.9,2.5,M,,M,,*50
2026-03-01T07:46:40.000Z $GPRMC,074640,A,5259.2019,N,00443.5464,E,6.0,298.3,010326,,,A*70
2026-03-01T07:46:40.000Z $IIDBT,65.3,f,19.9,M,10.9,F*28
2026-03-01T07:46:40.000Z $IIHDG,298.4,,,1.2,E*26
2026-03-01T07:46:40.000Z $IIMWV,48.2,T,15.7,N,A*36
2026-03-01T07:46:40.000Z $IIRPM,E,1,0,,A*66
2026-03-01T07:46:40.000Z $IIRSA,-0.8,A,,V*5C
2026-03-01T07:46:40.000Z $IIVHW,298.4,T,,M,5.9,N,,K*5E
2026-03-01T07:46:50.000Z !AIVDM,1,1,,B,15N2446P00J`tC4;9g`R4?vN0<02,0*5E
2026-03-01T07:46:50.000Z $GPGGA,074650,5259.2227,N,00443.5306,E,2,10,0.9,2.5,M,,M,,*5D
2026-03-01T07:46:50.000Z $GPRMC,074650,A,5259.2227,N,00443.5306,E,5.4,292.0,010326,,,A*73
2026-03-01T07:46:50.000Z $IIDBT,51.7,f,15.8,M,8.6,F*10
2026-03-01T07:46:50.000Z $IIHDG,299.0,,,1.2,E*23
2026-03-01T07:46:50.000Z $IIMWV,55.7,T,15.1,N,A*39
2026-03-01T07:46:50.000Z $IIRPM,E,1,0,,A*66
2026-03-01T07:46:50.000Z $IIRSA,3.3,A,,V*79
2026-03-01T07:46:50.000Z $IIVHW,299.0,T,,M,5.2,N,,K*50
2026-03-01T07:47:00.000Z !AIVDO,1,1,,A,15RTd30000J`sV4;9a8H4?vP0000,0*7A
2026-03-01T07:47:00.000Z $GPGGA,074700,5259.2094,N,00443.5441,E,2,8,0.9,2.5,M,,M,,*6E
2026-03-01T07:47:00.000Z $GPGSA,A,3,01,03,06,11,17,19,22,25,,,,,1.2,0.9,0.8*3D
2026-03-01T07:47:00.000Z $GPRMC,074700,A,5259.2094,N,00443.5441,E,5.8,305.9,010326,,,A*73
2026-03-01T07:47:00.000Z $GPVTG,305.1,T,,M,5.8,N,10.8,K,A*3E
2026-03-01T07:47:00.000Z $GPXTE,A,A,0.033,L,N,A*33
2026-03-01T07:47:00.000Z $IIDBT,63.6,f,19.4,M,10.6,F*29
2026-03-01T07:47:00.000Z $IIHDG,299.7,,,1.2,E*24
2026-03-01T07:47:00.000Z $IIMDA,29.9705,I,1.0149,B,7.7,C,,C,,,,,,,,,,*50
2026-03-01T07:47:00.000Z $IIMTA,8.1,C*3C
2026-03-01T07:47:00.000Z $IIMTW,6.6,C*23
2026-03-01T07:47:00.000Z $IIMWV,57.9,T,15.5,N,A*31
2026-03-01T07:47:00.000Z $IIRPM,E,1,0,,A*66
2026-03-01T07:47:00.000Z $IIRSA,-2.6,A,,V*50
2026-03-01T07:47:00.000Z $IIVHW,299.7,T,,M,5.3,N,,K*56
2026-03-01T07:47:00.000Z $IIXDR,V,12.31,V,BATT*62
2026-03-01T07:47:10.000Z $GPGGA,074710,5259.2155,N,00443.5182,E,2,10,0.9,2.5,M,,M,,*50
2026-03-01T07:47:10.000Z $GPRMC,074710,A,5259.2155,N,00443.5182,E,5.4,299.3,010326,,,A*76
2026-03-01T07:47:10.000Z $IIDBT,58.7,f,17.9,M,9.8,F*15
2026-03-01T07:47:10.000Z $IIHDG,296.1,,,1.2,E*2D
2026-03-01T07:47:10.000Z $IIMWV,51.1,T,15.7,N,A*3D
2026-03-01T07:47:10.000Z $IIRPM,E,1,0,,A*66
2026-03-01T07:47:10.000Z $IIRSA,1.7,A,,V*7F
2026-03-01T07:47:10.000Z $IIVHW,296.1,T,,M,5.0,N,,K*5C
2026-03-01T07:47:20.000Z $GPGGA,074720,5259.2210,N,00443.5448,E,2,11,0.9,2.5,M,,M,,*53
2026-03-01T07:47:20.000Z $GPRMC,074720,A,5259.2210,N,00443.5448,E,6.4,302.0,010326,,,A*77
2026-03-01T07:47:20.000Z $IIDBT,59.6,f,18.2,M,9.9,F*10
2026-03-01T07:47:20.000Z $IIHDG,299.2,,,1.2,E*21
2026-03-01T07:47:20.000Z $IIMWV,57.0,T,14.5,N,A*39
2026-03-01T07:47:20.000Z $IIRPM,E,1,0,,A*66
2026-03-01T07:47:20.000Z $IIRSA,-3.9,A,,V*5E
2026-03-01T07:47:20.000Z $IIVHW,299.2,T,,M,6.1,N,,K*52
2026-03-01T07:47:30.000Z $GPGGA,074730,5259.2288,N,00443.5153,E,2,8,0.9,2.5,M,,M,,*64
2026-03-01T07:47:30.000Z $GPRMC,074730,A,5259.2288,N,00443.5153,E,6.0,295.4,010326,,,A*77
2026-03-01T07:47:30.000Z $GPVTG,295.7,T,,M,6.0,N,11.2,K,A*30
2026-03-01T07:47:30.000Z $GPXTE,A,A,0.020,L,N,A*31
2026-03-01T07:47:30.000Z $IIDBT,70.2,f,21.4,M,11.7,F*24
2026-03-01T07:47:30.000Z $IIHDG,298.2,,,1.2,E*20
2026-03-01T07:47:30.000Z $IIMTA,7.9,C*3B
2026-03-01T07:47:30.000Z $IIMWV,62.3,T,14.2,N,A*3B
2026-03-01T07:47:30.000Z $IIRPM,E,1,0,,A*66
2026-03-01T07:47:30.000Z $IIRSA,0.5,A,,V*7C
2026-03-01T07:47:30.000Z $IIVHW,298.2,T,,M,5.8,N,,K*59
2026-03-01T07:47:30.000Z $IIXDR,V,12.39,V,BATT*6A
2026-03-01T07:47:40.000Z $GPGGA,074740,5259.2422,N,00443.5107,E,2,9,0.9,2.5,M,,M,,*65
2026-03-01T07:47:40.000Z $GPRMC,074740,A,5259.2422,N,00443.5107,E,6.0,306.2,010326,,,A*7A
2026-03-01T07:47:40.000Z $IIDBT,50.7,f,15.4,M,8.4,F*1F
2026-03-01T07:47:40.000Z $IIHDG,299.7,,,1.2,E*24
2026-03-01T07:47:40.000Z $IIMWV,50.2,T,15.0,N,A*38
2026-03-01T07:47:40.000Z $IIRPM,E,1,0,,A*66
2026-03-01T07:47:40.000Z $IIRSA,-3.2,A,,V*55
2026-03-01T07:47:40.000Z $IIVHW,299.7,T,,M,5.7,N,,K*52
2026-03-01T07:47:50.000Z $GPGGA,074750,5259.2447,N,00443.5066,E,2,8,0.9,2.5,M,,M,,*60
2026-03-01T07:47:50.000Z $GPRMC,074750,A,5259.2447,N,00443.5066,E,5.1,296.1,010326,,,A*77
2026-03-01T07:47:50.000Z $IIDBT,63.5,f,19.3,M,10.6,F*2D
2026-03-01T07:47:50.000Z $IIHDG,299.0,,,1.2,E*23
2026-03-01T07:47:50.000Z $IIMWV,52.6,T,14.6,N,A*39
2026-03-01T07:47:50.000Z $IIRPM,E,1,0,,A*66
2026-03-01T07:47:50.000Z $IIRSA,-2.9,A,,V*5F
2026-03-01T07:47:50.000Z $IIVHW,299.0,T,,M,4.6,N,,K*55
2026-03-01T07:48:00.000Z !AIVDO,1,1,,A,15RTd30000J`sV4;9a8H4?vP0000,0*7A
2026-03-01T07:48:00.000Z $GPGGA,074800,5259.2463,N,00443.5148,E,2,9,0.9,2.5,M,,M,,*60
2026-03-01T07:48:00.000Z $GPGSA,A,3,01,03,06,11,17,19,22,25,,,,,1.2,0.9,0.8*3D
2026-03-01T07:48:00.000Z $GPRMC,074800,A,5259.2463,N,00443.5148,E,5.1,300.5,010326,,,A*7C
2026-03-01T07:48:00.000Z $GPVTG,300.4,T,,M,5.1,N,9.4,K,A*03
2026-03-01T07:48:00.000Z $GPXTE,A,A,0.016,R,N,A*2A
2026-03-01T07:48:00.000Z $IIDBT,44.8,f,13.7,M,7.5,F*1E
2026-03-01T07:48:00.000Z $IIHDG,297.7,,,1.2,E*2A
2026-03-01T07:48:00.000Z $IIMDA,29.9508,I,1.0143,B,7.8,C,,C,,,,,,,,,,*5A
2026-03-01T07:48:00.000Z $IIMTA,7.6,C*34
2026-03-01T07:48:00.000Z $IIMTW,6.8,C*2D
2026-03-01T07:48:00.000Z $IIMWV,58.2,T,15.8,N,A*38
2026-03-01T07:48:00.000Z $IIRPM,E,1,0,,A*66
2026-03-01T07:48:00.000Z $IIRSA,2.3,A,,V*78
2026-03-01T07:48:00.000Z $IIVHW,297.7,T,,M,4.6,N,,K*5C
2026-03-01T07:48:00.000Z $IIXDR,V,12.33,V,BATT*60
2026-03-01T07:48:10.000Z $GPGGA,074810,5259.2588,N,00443.5280,E,2,8,0.9,2.5,M,,M,,*63
2026-03-01T07:48:10.000Z $GPRMC,074810,A,5259.2588,N,00443.5280,E,5.6,306.0,010326,,,A*7A
2026-03-01T07:48:10.000Z $IIDBT,58.9,f,17.9,M,9.8,F*1B
2026-03-01T07:48:10.000Z $IIHDG,297.0,,,1.2,E*2D
2026-03-01T07:48:10.000Z $IIMWV,60.7,T,15.3,N,A*3D
2026-03-01T07:48:10.000Z $IIRPM,E,1,0,,A*66
2026-03-01T07:48:10.000Z $IIRSA,-3.6,A,,V*51
2026-03-01T07:48:10.000Z $IIVHW,297.0,T,,M,5.3,N,,K*5F
2026-03-01T07:48:20.000Z $GPGGA,074820,5259.2646,N,00443.5000,E,2,11,0.9,2.5,M,,M,,*53
2026-03-01T07:48:20.000Z $GPRMC,074820,A,5259.2646,N,00443.5000,E,6.9,297.6,010326,,,A*71
2026-03-01T07:48:20.000Z $IIDBT,69.1,f,21.1,M,11.5,F*28
2026-03-01T07:48:20.000Z $IIHDG,296.1,,,1.2,E*2D
2026-03-01T07:48:20.000Z $IIMWV,49.3,T,14.6,N,A*36
2026-03-01T07:48:20.000Z $IIRPM,E,1,0,,A*66
2026-03-01T07:48:20.000Z $IIRSA,1.5,A,,V*7D
2026-03-01T07:48:20.000Z $IIVHW,296.1,T,,M,6.5,N,,K*5A
2026-03-01T07:48:30.000Z !AIVDM,1,1,,B,15N2446P00J`tC4;9g`R4?vN0<02,0*5E
2026-03-01T07:48:30.000Z $GPGGA,074830,5259.2645,N,00443.4889,E,2,8,0.9,2.5,M,,M,,*61
2026-03-01T07:48:30.000Z $GPRMC,074830,A,5259.2645,N,00443.4889,E,5.1,296.8,010326,,,A*7F
2026-03-01T07:48:30.000Z $GPVTG,296.9,T,,M,5.1,N,9.4,K,A*00
2026-03-01T07:48:30.000Z $GPXTE,A,A,0.038,L,N,A*38
2026-03-01T07:48:30.000Z $IIDBT,66.3,f,20.2,M,11.1,F*23
2026-03-01T07:48:30.000Z $IIHDG,299.5,,,1.2,E*26
2026-03-01T07:48:30.000Z $IIMTA,7.5,C*37
2026-03-01T07:48:30.000Z $IIMWV,57.1,T,14.3,N,A*3E
2026-03-01T07:48:30.000Z $IIRPM,E,1,0,,A*66
2026-03-01T07:48:30.000Z $IIRSA,4.8,A,,V*75
2026-03-01T07:48:30.000Z $IIVHW,299.5,T,,M,4.7,N,,K*51
2026-03-01T07:48:30.000Z $IIXDR,V,12.34,V,BATT*67
2026-03-01T07:48:40.000Z $GPGGA,074840,5259.2609,N,00443.5190,E,2,9,0.9,2.5,M,,M,,*6F
2026-03-01T07:48:40.000Z $GPRMC,074840,A,5259.2609,N,00443.5190,E,5.7,298.4,010326,,,A*74
2026-03-01T07:48:40.000Z $IIDBT,65.4,f,19.9,M,10.9,F*2F
2026-03-01T07:48:40.000Z $IIHDG,299.9,,,1.2,E*2A
2026-03-01T07:48:40.000Z $IIMWV,48.5,T,14.8,N,A*3F
2026-03-01T07:48:40.000Z $IIRPM,E,1,0,,A*66
2026-03-01T07:48:40.000Z $IIRSA,-1.0,A,,V*55
2026-03-01T07:48:40.000Z $IIVHW,299.9,T,,M,5.4,N,,K*5F
2026-03-01T07:48:50.000Z $GPGGA,074850,5259.2562,N,00443.5020,E,2,11,0.9,2.5,M,,M,,*53
2026-03-01T07:48:50.000Z $GPRMC,074850,A,5259.2562,N,00443.5020,E,5.4,302.4,010326,,,A*70
2026-03-01T07:48:50.000Z $IIDBT,32.9,f,10.0,M,5.5,F*18
2026-03-01T07:48:50.000Z $IIHDG,297.4,,,1.2,E*29
2026-03-01T07:48:50.000Z $IIMWV,49.7,T,14.5,N,A*31
2026-03-01T07:48:50.000Z $IIRPM,E,1,0,,A*66
2026-03-01T07:48:50.000Z $IIRSA,-3.5,A,,V*52
2026-03-01T07:48:50.000Z $IIVHW,297.4,T,,M,5.3,N,,K*5B
2026-03-01T07:49:00.000Z !AIVDM,1,1,,B,15N2449P00J`tC4;9g`R4?vN0<02,0*5E
2026-03-01T07:49:00.000Z !AIVDO,1,1,,A,15RTd30000J`sV4;9a8H4?vP0000,0*7A
2026-03-01T07:49:00.000Z $GPGGA,074900,5259.2746,N,00443.4820,E,2,11,0.9,2.5,M,,M,,*5A
2026-03-01T07:49:00.000Z $GPGSA,A,3,01,03,06,11,17,19,22,25,,,,,1.2,0.9,0.8*3D
2026-03-01T07:49:00.000Z $GPRMC,074900,A,5259.2746,N,00443.4820,E,5.6,300.7,010326,,,A*7A
2026-03-01T07:49:00.000Z $GPVTG,301.0,T,,M,5.6,N,10.4,K,A*39
2026-03-01T07:49:00.000Z $GPXTE,A,A,0.007,R,N,A*2A
2026-03-01T07:49:00.000Z $IIDBT,71.8,f,21.9,M,12.0,F*26
2026-03-01T07:49:00.000Z $IIHDG,298.1,,,1.2,E*23
2026-03-01T07:49:00.000Z $IIMDA,29.9481,I,1.0142,B,7.8,C,,C,,,,,,,,,,*5B
2026-03-01T07:49:00.000Z $IIMTA,7.8,C*3A
2026-03-01T07:49:00.000Z $IIMTW,6.3,C*26
2026-03-01T07:49:00.000Z $IIMWV,59.7,T,15.8,N,A*3C
2026-03-01T07:49:00.000Z $IIRPM,E,1,0,,A*66
2026-03-01T07:49:00.000Z $IIRSA,-3.7,A,,V*50
2026-03-01T07:49:00.000Z $IIVHW,298.1,T,,M,5.3,N,,K*51
2026-03-01T07:49:00.000Z $IIXDR,V,12.49,V,BATT*6D
2026-03-01T07:49:10.000Z $GPGGA,074910,5259.2873,N,00443.4965,E,2,11,0.9,2.5,M,,M,,*52
2026-03-01T07:49:10.000Z $GPRMC,074910,A,5259.2873,N,00443.4965,E,6.0,300.5,010326,,,A*75
2026-03-01T07:49:10.000Z $IIDBT,56.9,f,17.3,M,9.5,F*12
2026-03-01T07:49:10.000Z $IIHDG,298.1,,,1.2,E*23
2026-03-01T07:49:10.000Z $IIMWV,61.0,T,14.4,N,A*3D
2026-03-01T07:49:10.000Z $IIRPM,E,1,0,,A*66
2026-03-01T07:49:10.000Z $IIRSA,2.0,A,,V*7B
2026-03-01T07:49:10.000Z $IIVHW,298.1,T,,M,5.6,N,,K*54
2026-03-01T07:49:20.000Z $GPGGA,074920,5259.2772,N,00443.4971,E,2,11,0.9,2.5,M,,M,,*5A
2026-03-01T07:49:20.000Z $GPRMC,074920,A,5259.2772,N,00443.4971,E,6.9,297.1,010326,,,A*7F
2026-03-01T07:49:20.000Z $IIDBT,46.0,f,14.0,M,7.7,F*16
2026-03-01T07:49:20.000Z $IIHDG,297.8,,,1.2,E*25
2026-03-01T07:49:20.000Z $IIMWV,50.7,T,14.6,N,A*3A
2026-03-01T07:49:20.000Z $IIRPM,E,1,0,,A*66
2026-03-01T07:49:20.000Z $IIRSA,-3.4,A,,V*53
2026-03-01T07:49:20.000Z $IIVHW,297.8,T,,M,6.5,N,,K*52
2026-03-01T07:49:30.000Z $GPGGA,074930,5259.2921,N,00443.4754,E,2,10,0.9,2.5,M,,M,,*5B
2026-03-01T07:49:30.000Z $GPRMC,074930,A,5259.2921,N,00443.4754,E,5.4,307.6,010326,,,A*7E
2026-03-01T07:49:30.000Z $GPVTG,307.9,T,,M,5.4,N,10.1,K,A*31
2026-03-01T07:49:30.000Z $GPXTE,A,A,0.023,R,N,A*2C
2026-03-01T07:49:30.000Z $IIDBT,38.8,f,11.8,M,6.5,F*19
2026-03-01T07:49:30.000Z $IIHDG,296.4,,,1.2,E*28
2026-03-01T07:49:30.000Z $IIMTA,7.8,C*3A
2026-03-01T07:49:30.000Z $IIMWV,52.0,T,14.2,N,A*3B
2026-03-01T07:49:30.000Z $IIRPM,E,1,0,,A*66
2026-03-01T07:49:30.000Z $IIRSA,3.8,A,,V*72
2026-03-01T07:49:30.000Z $IIVHW,296.4,T,,M,5.3,N,,K*5A
2026-03-01T07:49:30.000Z $IIXDR,V,12.32,V,BATT*61
2026-03-01T07:49:40.000Z $GPGGA,074940,5259.2876,N,00443.4840,E,2,9,0.9,2.5,M,,M,,*6D
2026-03-01T07:49:40.000Z $GPRMC,074940,A,5259.2876,N,00443.4840,E,5.6,303.0,010326,,,A*70
2026-03-01T07:49:40.000Z $IIDBT,42.1,f,12.8,M,7.0,F*1A
2026-03-01T07:49:40.000Z $IIHDG,296.7,,,1.2,E*2B
2026-03-01T07:49:40.000Z $IIMWV,59.1,T,15.6,N,A*34
2026-03-01T07:49:40.000Z $IIRPM,E,1,0,,A*66
2026-03-01T07:49:40.000Z $IIRSA,-3.3,A,,V*54
2026-03-01T07:49:40.000Z $IIVHW,296.7,T,,M,5.1,N,,K*5B
2026-03-01T07:49:50.000Z !AIVDM,1,1,,B,15N2445P00J`tC4;9g`R4?vN0<02,0*5E
2026-03-01T07:49:50.000Z $GPGGA,074950,5259.2992,N,00443.4885,E,2,8,0.9,2.5,M,,M,,*6F
2026-03-01T07:49:50.000Z $GPRMC,074950,A,5259.2992,N,00443.4885,E,5.5,307.0,010326,,,A*74
2026-03-01T07:49:50.000Z $IIDBT,41.9,f,12.8,M,7.0,F*11
2026-03-01T07:49:50.000Z $IIHDG,296.4,,,1.2,E*28
2026-03-01T07:49:50.000Z $IIMWV,62.9,T,14.1,N,A*32
2026-03-01T07:49:50.000Z $IIRPM,E,1,0,,A*66
2026-03-01T07:49:50.000Z $IIRSA,0.5,A,,V*7C
2026-03-01T07:49:50.000Z $IIVHW,296.4,T,,M,5.1,N,,K*58
2026-03-01T07:50:00.000Z !AIVDO,1,1,,A,15RTd30000J`sV4;9a8H4?vP0000,0*7A
2026-03-01T07:50:00.000Z $GPGGA,075000,5259.2895,N,00443.4586,E,2,8,0.9,2.5,M,,M,,*6A
2026-03-01T07:50:00.000Z $GPGSA,A,3,01,03,06,11,17,19,22,25,,,,,1.2,0.9,0.8*3D
2026-03-01T07:50:00.000Z $GPRMC,075000,A,5259.2895,N,00443.4586,E,5.3,301.3,010326,,,A*72
2026-03-01T07:50:00.000Z $GPVTG,301.1,T,,M,5.3,N,9.7,K,A*06
2026-03-01T07:50:00.000Z $GPXTE,A,A,0.043,R,N,A*2A
2026-03-01T07:50:00.000Z $IIDBT,60.8,f,18.5,M,10.1,F*23
2026-03-01T07:50:00.000Z $IIHDG,299.9,,,1.2,E*2A
2026-03-01T07:50:00.000Z $IIMDA,29.9435,I,1.0140,B,7.7,C,,C,,,,,,,,,,*59
2026-03-01T07:50:00.000Z $IIMTA,7.7,C*35
2026-03-01T07:50:00.000Z $IIMTW,6.7,C*22
2026-03-01T07:50:00.000Z $IIMWV,62.0,T,14.7,N,A*3D
2026-03-01T07:50:00.000Z $IIRPM,E,1,0,,A*66
2026-03-01T07:50:00.000Z $IIRSA,-2.3,A,,V*55
2026-03-01T07:50:00.000Z $IIVHW,299.9,T,,M,5.0,N,,K*5B
2026-03-01T07:50:00.000Z $IIXDR,V,12.39,V,BATT*6A
2026-03-01T07:50:10.000Z !AIVDM,1,1,,B,15N2113P00J`tC4;9g`R4?vN0<02,0*5E
2026-03-01T07:50:10.000Z $GPGGA,075010,5259.3100,N,00443.4823,E,2,8,0.9,2.5,M,,M,,*6D
2026-03-01T07:50:10.000Z $GPRMC,075010,A,5259.3100,N,00443.4823,E,5.3,301.7,010326,,,A*71
2026-03-01T07:50:10.000Z $IIDBT,48.5,f,14.8,M,8.1,F*1C
2026-03-01T07:50:10.000Z $IIHDG,296.0,,,1.2,E*2C
2026-03-01T07:50:10.000Z $IIMWV,58.7,T,14.6,N,A*32
2026-03-01T07:50:10.000Z $IIRPM,E,1,0,,A*66
2026-03-01T07:50:10.000Z $IIRSA,-3.8,A,,V*5F
2026-03-01T07:50:10.000Z $IIVHW,296.0,T,,M,4.9,N,,K*55
2026-03-01T07:50:20.000Z $GPGGA,075020,5259.3167,N,00443.4739,E,2,9,0.9,2.5,M,,M,,*6A
2026-03-01T07:50:20.000Z $GPRMC,075020,A,5259.3167,N,00443.4739,E,5.4,298.7,010326,,,A*71
2026-03-01T07:50:20.000Z $IIDBT,33.4,f,10.2,M,5.6,F*15
2026-03-01T07:50:20.000Z $IIHDG,297.0,,,1.2,E*2D
2026-03-01T07:50:20.000Z $IIMWV,53.7,T,15.4,N,A*3A
2026-03-01T07:50:20.000Z $IIRPM,E,1,0,,A*66
2026-03-01T07:50:20.000Z $IIRSA,1.2,A,,V*7A
2026-03-01T07:50:20.000Z $IIVHW,297.0,T,,M,5.2,N,,K*5E
2026-03-01T07:50:30.000Z !AIVDM,1,1,,B,15N2447P00J`tC4;9g`R4?vN0<02,0*5E
2026-03-01T07:50:30.000Z $GPGGA,075030,5259.3083,N,00443.4506,E,2,11,0.9,2.5,M,,M,,*57
2026-03-01T07:50:30.000Z $GPRMC,075030,A,5259.3083,N,00443.4506,E,5.0,294.1,010326,,,A*7B
2026-03-01T07:50:30.000Z $GPVTG,294.6,T,,M,5.0,N,9.3,K,A*0B
2026-03-01T07:50:30.000Z $GPXTE,A,A,0.046,L,N,A*31
2026-03-01T07:50:30.000Z $IIDBT,58.1,f,17.7,M,9.7,F*12
2026-03-01T07:50:30.000Z $IIHDG,299.1,,,1.2,E*22
2026-03-01T07:50:30.000Z $IIMTA,7.6,C*34
2026-03-01T07:50:30.000Z $IIMWV,55.4,T,15.3,N,A*38
2026-03-01T07:50:30.000Z $IIRPM,E,1,0,,A*66
2026-03-01T07:50:30.000Z $IIRSA,-4.2,A,,V*52
2026-03-01T07:50:30.000Z $IIVHW,299.1,T,,M,4.9,N,,K*5B
2026-03-01T07:50:30.000Z $IIXDR,V,12.40,V,BATT*64
2026-03-01T07:50:40.000Z $GPGGA,075040,5259.3142,N,00443.4634,E,2,9,0.9,2.5,M,,M,,*67
2026-03-01T07:50:40.000Z $GPRMC,075040,A,5259.3142,N,00443.4634,E,5.6,292.4,010326,,,A*77
2026-03-01T07:50:40.000Z $IIDBT,38.0,f,11.6,M,6.3,F*19
2026-03-01T07:50:40.000Z $IIHDG,299.3,,,1.2,E*20
2026-03-01T07:50:40.000Z $IIMWV,60.3,T,15.4,N,A*3E
2026-03-01T07:50:40.000Z $IIRPM,E,1,0,,A*66
2026-03-01T07:50:40.000Z $IIRSA,-2.0,A,,V*56
2026-03-01T07:50:40.000Z $IIVHW,299.3,T,,M,5.1,N,,K*50
2026-03-01T07:50:50.000Z $GPGGA,075050,5259.3237,N,00443.4428,E,2,8,0.9,2.5,M,,M,,*69
2026-03-01T07:50:50.000Z $GPRMC,075050,A,5259.3237,N,00443.4428,E,5.2,295.6,010326,,,A*79
2026-03-01T07:50:50.000Z $IIDBT,64.7,f,19.7,M,10.8,F*22
2026-03-01T07:50:50.000Z $IIHDG,297.5,,,1.2,E*28
2026-03-01T07:50:50.000Z $IIMWV,60.5,T,15.1,N,A*3D
2026-03-01T07:50:50.000Z $IIRPM,E,1,0,,A*66
2026-03-01T07:50:50.000Z $IIRSA,3.7,A,,V*7D
2026-03-01T07:50:50.000Z $IIVHW,297.5,T,,M,4.9,N,,K*51
2026-03-01T07:51:00.000Z !AIVDO,1,1,,A,15RTd30000J`sV4;9a8H4?vP0000,0*7A
2026-03-01T07:51:00.000Z $GPGGA,075100,5259.3252,N,00443.4479,E,2,11,0.9,2.5,M,,M,,*52
2026-03-01T07:51:00.000Z $GPGSA,A,3,01,03,06,11,17,19,22,25,,,,,1.2,0.9,0.8*3D
2026-03-01T07:51:00.000Z $GPRMC,075100,A,5259.3252,N,00443.4479,E,6.9,292.0,010326,,,A*73
2026-03-01T07:51:00.000Z $GPVTG,292.4,T,,M,6.9,N,12.8,K,A*34
2026-03-01T07:51:00.000Z $GPXTE,A,A,0.003,R,N,A*2E
2026-03-01T07:51:00.000Z $IIDBT,64.9,f,19.8,M,10.8,F*23
2026-03-01T07:51:00.000Z $IIHDG,296.2,,,1.2,E*2E
2026-03-01T07:51:00.000Z $IIMDA,29.9716,I,1.0150,B,8.0,C,,C,,,,,,,,,,*52
2026-03-01T07:51:00.000Z $IIMTA,7.8,C*3A
2026-03-01T07:51:00.000Z $IIMTW,6.5,C*20
2026-03-01T07:51:00.000Z $IIMWV,56.8,T,15.2,N,A*36
2026-03-01T07:51:00.000Z $IIRPM,E,1,0,,A*66
2026-03-01T07:51:00.000Z $IIRSA,-0.9,A,,V*5D
2026-03-01T07:51:00.000Z $IIVHW,296.2,T,,M,6.8,N,,K*54
2026-03-01T07:51:00.000Z $IIXDR,V,12.36,V,BATT*65
2026-03-01T07:51:10.000Z $GPGGA,075110,5259.3276,N,00443.4406,E,2,8,0.9,2.5,M,,M,,*65
2026-03-01T07:51:10.000Z $GPRMC,075110,A,5259.3276,N,00443.4406,E,6.6,304.3,010326,,,A*7E
2026-03-01T07:51:10.000Z $IIDBT,56.3,f,17.2,M,9.4,F*18
2026-03-01T07:51:10.000Z $IIHDG,296.3,,,1.2,E*2F
2026-03-01T07:51:10.000Z $IIMWV,56.3,T,14.5,N,A*3B
2026-03-01T07:51:10.000Z $IIRPM,E,1,0,,A*66
2026-03-01T07:51:10.000Z $IIRSA,3.6,A,,V*7C
2026-03-01T07:51:10.000Z $IIVHW,296.3,T,,M,6.1,N,,K*5C
2026-03-01T07:51:20.000Z $GPGGA,075120,5259.3373,N,00443.4287,E,2,9,0.9,2.5,M,,M,,*6C
2026-03-01T07:51:20.000Z $GPRMC,075120,A,5259.3373,N,00443.4287,E,5.1,294.1,010326,,,A*78
2026-03-01T07:51:20.000Z $IIDBT,64.8,f,19.7,M,10.8,F*2D
2026-03-01T07:51:20.000Z $IIHDG,299.6,,,1.2,E*25
2026-03-01T07:51:20.000Z $IIMWV,50.2,T,14.3,N,A*3A
2026-03-01T07:51:20.000Z $IIRPM,E,1,0,,A*66
2026-03-01T07:51:20.000Z $IIRSA,-2.2,A,,V*54
2026-03-01T07:51:20.000Z $IIVHW,299.6,T,,M,4.8,N,,K*5D
2026-03-01T07:51:30.000Z $GPGGA,075130,5259.3319,N,00443.4513,E,2,9,0.9,2.5,M,,M,,*6B
2026-03-01T07:51:30.000Z $GPRMC,075130,A,5259.3319,N,00443.4513,E,6.6,306.6,010326,,,A*76
2026-03-01T07:51:30.000Z $GPVTG,306.8,T,,M,6.6,N,12.2,K,A*31
2026-03-01T07:51:30.000Z $GPXTE,A,A,0.003,L,N,A*30
2026-03-01T07:51:30.000Z $IIDBT,33.3,f,10.1,M,5.5,F*12
2026-03-01T07:51:30.000Z $IIHDG,296.4,,,1.2,E*28
2026-03-01T07:51:30.000Z $IIMTA,8.0,C*3D
2026-03-01T07:51:30.000Z $IIMWV,51.4,T,15.6,N,A*39
2026-03-01T07:51:30.000Z $IIRPM,E,1,0,,A*66
2026-03-01T07:51:30.000Z $IIRSA,2.0,A,,V*7B
2026-03-01T07:51:30.000Z $IIVHW,296.4,T,,M,6.4,N,,K*5E
2026-03-01T07:51:30.000Z $IIXDR,V,12.34,V,BATT*67
2026-03-01T07:51:40.000Z $GPGGA,075140,5259.3314,N,00443.4224,E,2,10,0.9,2.5,M,,M,,*5A
2026-03-01T07:51:40.000Z $GPRMC,075140,A,5259.3314,N,00443.4224,E,6.6,306.4,010326,,,A*7D
2026-03-01T07:51:40.000Z $IIDBT,36.8,f,11.2,M,6.1,F*19
2026-03-01T07:51:40.000Z $IIHDG,296.5,,,1.2,E*29
2026-03-01T07:51:40.000Z $IIMWV,55.4,T,14.9,N,A*33
2026-03-01T07:51:40.000Z $IIRPM,E,1,0,,A*66
2026-03-01T07:51:40.000Z $IIRSA,4.7,A,,V*7A
2026-03-01T07:51:40.000Z $IIVHW,296.5,T,,M,6.2,N,,K*59
2026-03-01T07:51:50.000Z $GPGGA,075150,5259.3383,N,00443.4248,E,2,8,0.9,2.5,M,,M,,*66
2026-03-01T07:51:50.000Z $GPRMC,075150,A,5259.3383,N,00443.4248,E,5.9,301.1,010326,,,A*76
2026-03-01T07:51:50.000Z $IIDBT,36.7,f,11.2,M,6.1,F*16
2026-03-01T07:51:50.000Z $IIHDG,298.8,,,1.2,E*2A
2026-03-01T07:51:50.000Z $IIMWV,52.6,T,14.6,N,A*39
2026-03-01T07:51:50.000Z $IIRPM,E,1,0,,A*66
2026-03-01T07:51:50.000Z $IIRSA,2.6,A,,V*7D
2026-03-01T07:51:50.000Z $IIVHW,298.8,T,,M,5.6,N,,K*5D
2026-03-01T07:52:00.000Z !AIVDO,1,1,,A,15RTd30000J`sV4;9a8H4?vP0000,0*7A
2026-03-01T07:52:00.000Z $GPGGA,075200,5259.3488,N,00443.4283,E,2,11,0.9,2.5,M,,M,,*53
2026-03-01T07:52:00.000Z $GPGSA,A,3,01,03,06,11,17,19,22,25,,,,,1.2,0.9,0.8*3D
2026-03-01T07:52:00.000Z $GPRMC,075200,A,5259.3488,N,00443.4283,E,6.1,293.8,010326,,,A*73
2026-03-01T07:52:00.000Z $GPVTG,293.4,T,,M,6.1,N,11.4,K,A*32
2026-03-01T07:52:00.000Z $GPXTE,A,A,0.022,R,N,A*2D
2026-03-01T07:52:00.000Z $IIDBT,58.9,f,18.0,M,9.8,F*1D
2026-03-01T07:52:00.000Z $IIHDG,297.7,,,1.2,E*2A
2026-03-01T07:52:00.000Z $IIMDA,29.9630,I,1.0147,B,7.8,C,,C,,,,,,,,,,*56
2026-03-01T07:52:00.000Z $IIMTA,7.9,C*3B
2026-03-01T07:52:00.000Z $IIMTW,6.4,C*21
2026-03-01T07:52:00.000Z $IIMWV,61.5,T,14.6,N,A*3A
2026-03-01T07:52:00.000Z $IIRPM,E,1,0,,A*66
2026-03-01T07:52:00.000Z $IIRSA,0.0,A,,V*79
2026-03-01T07:52:00.000Z $IIVHW,297.7,T,,M,5.9,N,,K*52
2026-03-01T07:52:00.000Z $IIXDR,V,12.36,V,BATT*65
2026-03-01T07:52:10.000Z !AIVDM,1,1,,B,15N2447P00J`tC4;9g`R4?vN0<02,0*5E
2026-03-01T07:52:10.000Z $GPGGA,075210,5259.3388,N,00443.4311,E,2,9,0.9,2.5,M,,M,,*66
2026-03-01T07:52:10.000Z $GPRMC,075210,A,5259.3388,N,00443.4311,E,5.7,306.2,010326,,,A*7D
2026-03-01T07:52:10.000Z $IIDBT,64.3,f,19.6,M,10.7,F*28
2026-03-01T07:52:10.000Z $IIHDG,299.2,,,1.2,E*21
2026-03-01T07:52:10.000Z $IIMWV,50.3,T,16.0,N,A*3A
2026-03-01T07:52:10.000Z $IIRPM,E,1,0,,A*66
2026-03-01T07:52:10.000Z $IIRSA,2.0,A,,V*7B
2026-03-01T07:52:10.000Z $IIVHW,299.2,T,,M,5.3,N,,K*53
2026-03-01T07:52:20.000Z !AIVDM,1,1,,B,15N2446P00J`tC4;9g`R4?vN0<02,0*5E
2026-03-01T07:52:20.000Z $GPGGA,075220,5259.3452,N,00443.4228,E,2,9,0.9,2.5,M,,M,,*6E
2026-03-01T07:52:20.000Z $GPRMC,075220,A,5259.3452,N,00443.4228,E,6.0,303.3,010326,,,A*75
2026-03-01T07:52:20.000Z $IIDBT,70.7,f,21.6,M,11.8,F*2C
2026-03-01T07:52:20.000Z $IIHDG,296.1,,,1.2,E*2D
2026-03-01T07:52:20.000Z $IIMWV,59.7,T,15.2,N,A*36
2026-03-01T07:52:20.000Z $IIRPM,E,1,0,,A*66
2026-03-01T07:52:20.000Z $IIRSA,-0.8,A,,V*5C
2026-03-01T07:52:20.000Z $IIVHW,296.1,T,,M,5.8,N,,K*54
2026-03-01T07:52:30.000Z $GPGGA,075230,5259.3538,N,00443.4322,E,2,11,0.9,2.5,M,,M,,*50
2026-03-01T07:52:30.000Z $GPRMC,075230,A,5259.3538,N,00443.4322,E,5.7,297.8,010326,,,A*71
2026-03-01T07:52:30.000Z $GPVTG,297.5,T,,M,5.7,N,10.6,K,A*31
2026-03-01T07:52:30.000Z $GPXTE,A,A,0.024,R,N,A*2B
2026-03-01T07:52:30.000Z $IIDBT,48.4,f,14.7,M,8.1,F*12
2026-03-01T07:52:30.000Z $IIHDG,297.4,,,1.2,E*29
2026-03-01T07:52:30.000Z $IIMTA,7.9,C*3B
2026-03-01T07:52:30.000Z $IIMWV,61.6,T,14.8,N,A*37
2026-03-01T07:52:30.000Z $IIRPM,E,1,0,,A*66
2026-03-01T07:52:30.000Z $IIRSA,-1.4,A,,V*51
2026-03-01T07:52:30.000Z $IIVHW,297.4,T,,M,5.5,N,,K*5D
2026-03-01T07:52:30.000Z $IIXDR,V,12.33,V,BATT*60
2026-03-01T07:52:40.000Z $GPGGA,075240,5259.3715,N,00443.4275,E,2,10,0.9,2.5,M,,M,,*58
2026-03-01T07:52:40.000Z $GPRMC,075240,A,5259.3715,N,00443.4275,E,6.0,307.2,010326,,,A*7E
2026-03-01T07:52:40.000Z $IIDBT,53.5,f,16.3,M,8.9,F*17
2026-03-01T07:52:40.000Z $IIHDG,297.3,,,1.2,E*2E
2026-03-01T07:52:40.000Z $IIMWV,58.1,T,15.1,N,A*32
2026-03-01T07:52:40.000Z $IIRPM,E,1,0,,A*66
2026-03-01T07:52:40.000Z $IIRSA,-0.3,A,,V*57
2026-03-01T07:52:40.000Z $IIVHW,297.3,T,,M,5.8,N,,K*57
2026-03-01T07:52:50.000Z !AIVDM,1,1,,B,15N2451P00J`tC4;9g`R4?vN0<02,0*5E
2026-03-01T07:52:50.000Z $GPGGA,075250,5259.3642,N,00443.4266,E,2,9,0.9,2.5,M,,M,,*60
2026-03-01T07:52:50.000Z $GPRMC,075250,A,5259.3642,N,00443.4266,E,5.6,297.4,010326,,,A*75
2026-03-01T07:52:50.000Z $IIDBT,45.4,f,13.8,M,7.6,F*1F
2026-03-01T07:52:50.000Z $IIHDG,296.6,,,1.2,E*2A
2026-03-01T07:52:50.000Z $IIMWV,55.1,T,14.4,N,A*3B
2026-03-01T07:52:50.000Z $IIRPM,E,1,0,,A*66
2026-03-01T07:52:50.000Z $IIRSA,3.2,A,,V*78
2026-03-01T07:52:50.000Z $IIVHW,296.6,T,,M,5.3,N,,K*58
2026-03-01T07:53:00.000Z !AIVDO,1,1,,A,15RTd30000J`sV4;9a8H4?vP0000,0*7A
2026-03-01T07:53:00.000Z $GPGGA,075300,5259.3736,N,00443.4004,E,2,8,0.9,2.5,M,,M,,*61
2026-03-01T07:53:00.000Z $GPGSA,A,3,01,03,06,11,17,19,22,25,,,,,1.2,0.9,0.8*3D
2026-03-01T07:53:00.000Z $GPRMC,075300,A,5259.3736,N,00443.4004,E,6.0,295.9,010326,,,A*7F
2026-03-01T07:53:00.000Z $GPVTG,295.3,T,,M,6.0,N,11.2,K,A*34
2026-03-01T07:53:00.000Z $GPXTE,A,A,0.042,L,N,A*35
2026-03-01T07:53:00.000Z $IIDBT,54.6,f,16.6,M,9.1,F*1F
2026-03-01T07:53:00.000Z $IIHDG,296.7,,,1.2,E*2B
2026-03-01T07:53:00.000Z $IIMDA,29.9583,I,1.0145,B,7.9,C,,C,,,,,,,,,,*5E
2026-03-01T07:53:00.000Z $IIMTA,8.0,C*3D
2026-03-01T07:53:00.000Z $IIMTW,6.6,C*23
2026-03-01T07:53:00.000Z $IIMWV,52.5,T,14.3,N,A*3F
2026-03-01T07:53:00.000Z $IIRPM,E,1,0,,A*66
2026-03-01T07:53:00.000Z $IIRSA,-2.5,A,,V*53
2026-03-01T07:53:00.000Z $IIVHW,296.7,T,,M,5.6,N,,K*5C
2026-03-01T07:53:00.000Z $IIXDR,V,12.39,V,BATT*6A
2026-03-01T07:53:10.000Z $GPGGA,075310,5259.3676,N,00443.4013,E,2,8,0.9,2.5,M,,M,,*63
2026-03-01T07:53:10.000Z $GPRMC,075310,A,5259.3676,N,00443.4013,E,5.4,298.3,010326,,,A*7D
2026-03-01T07:53:10.000Z $IIDBT,33.8,f,10.3,M,5.6,F*18
2026-03-01T07:53:10.000Z $IIHDG,299.8,,,1.2,E*2B
2026-03-01T07:53:10.000Z $IIMWV,56.6,T,15.9,N,A*33
2026-03-01T07:53:10.000Z $IIRPM,E,1,0,,A*66
2026-03-01T07:53:10.000Z $IIRSA,-4.2,A,,V*52
2026-03-01T07:53:10.000Z $IIVHW,299.8,T,,M,5.1,N,,K*5B
2026-03-01T07:53:20.000Z !AIVDM,1,1,,B,15N2460P00J`tC4;9g`R4?vN0<02,0*5E
2026-03-01T07:53:20.000Z $GPGGA,075320,5259.3777,N,00443.4176,E,2,10,0.9,2.5,M,,M,,*5B
2026-03-01T07:53:20.000Z $GPRMC,075320,A,5259.3777,N,00443.4176,E,5.5,304.4,010326,,,A*7E
2026-03-01T07:53:20.000Z $IIDBT,49.2,f,15.0,M,8.2,F*10
2026-03-01T07:53:20.000Z $IIHDG,296.3,,,1.2,E*2F
2026-03-01T07:53:20.000Z $IIMWV,51.3,T,15.2,N,A*3A
2026-03-01T07:53:20.000Z $IIRPM,E,1,0,,A*66
2026-03-01T07:53:20.000Z $IIRSA,-3.0,A,,V*57
2026-03-01T07:53:20.000Z $IIVHW,296.3,T,,M,5.3,N,,K*5D
2026-03-01T07:53:30.000Z $GPGGA,075330,5259.3744,N,00443.3802,E,2,8,0.9,2.5,M,,M,,*6E
2026-03-01T07:53:30.000Z $GPRMC,075330,A,5259.3744,N,00443.3802,E,5.5,297.1,010326,,,A*7C
2026-03-01T07:53:30.000Z $GPVTG,297.2,T,,M,5.5,N,10.2,K,A*30
2026-03-01T07:53:30.000Z $GPXTE,A,A,0.036,R,N,A*28
2026-03-01T07:53:30.000Z $IIDBT,35.4,f,10.8,M,5.9,F*16
2026-03-01T07:53:30.000Z $IIHDG,299.3,,,1.2,E*20
2026-03-01T07:53:30.000Z $IIMTA,8.1,C*3C
2026-03-01T07:53:30.000Z $IIMWV,51.4,T,15.8,N,A*37
2026-03-01T07:53:30.000Z $IIRPM,E,1,0,,A*66
2026-03-01T07:53:30.000Z $IIRSA,0.8,A,,V*71
2026-03-01T07:53:30.000Z $IIVHW,299.3,T,,M,5.2,N,,K*53
2026-03-01T07:53:30.000Z $IIXDR,V,12.46,V,BATT*62
2026-03-01T07:53:40.000Z $GPGGA,075340,5259.3811,N,00443.3894,E,2,8,0.9,2.5,M,,M,,*69
2026-03-01T07:53:40.000Z $GPRMC,075340,A,5259.3811,N,00443.3894,E,5.2,299.8,010326,,,A*7B
2026-03-01T07:53:40.000Z $IIDBT,70.4,f,21.5,M,11.7,F*23
2026-03-01T07:53:40.000Z $IIHDG,299.8,,,1.2,E*2B
2026-03-01T07:53:40.000Z $IIMWV,51.8,T,15.6,N,A*35
2026-03-01T07:53:40.000Z $IIRPM,E,1,0,,A*66
2026-03-01T07:53:40.000Z $IIRSA,0.8,A,,V*71
2026-03-01T07:53:40.000Z $IIVHW,299.8,T,,M,5.0,N,,K*5A
2026-03-01T07:53:50.000Z $GPGGA,075350,5259.3868,N,00443.4052,E,2,10,0.9,2.5,M,,M,,*5A
2026-03-01T07:53:50.000Z $GPRMC,075350,A,5259.3868,N,00443.4052,E,6.3,299.2,010326,,,A*79
2026-03-01T07:53:50.000Z $IIDBT,56.9,f,17.3,M,9.5,F*12
2026-03-01T07:53:50.000Z $IIHDG,298.5,,,1.2,E*27
2026-03-01T07:53:50.000Z $IIMWV,53.5,T,14.3,N,A*3E
2026-03-01T07:53:50.000Z $IIRPM,E,1,0,,A*66
2026-03-01T07:53:50.000Z $IIRSA,0.0,A,,V*79
2026-03-01T07:53:50.000Z $IIVHW,298.5,T,,M,5.9,N,,K*5F
2026-03-01T07:54:00.000Z !AIVDO,1,1,,A,15RTd30000J`sV4;9a8H4?vP0000,0*7A
2026-03-01T07:54:00.000Z $GPGGA,075400,5259.3969,N,00443.3684,E,2,10,0.9,2.5,M,,M,,*52
2026-03-01T07:54:00.000Z $GPGSA,A,3,01,03,06,11,17,19,22,25,,,,,1.2,0.9,0.8*3D
2026-03-01T07:54:00.000Z $GPRMC,075400,A,5259.3969,N,00443.3684,E,6.0,299.4,010326,,,A*74
2026-03-01T07:54:00.000Z $GPVTG,299.2,T,,M,6.0,N,11.0,K,A*3B
2026-03-01T07:54:00.000Z $GPXTE,A,A,0.036,R,N,A*28
2026-03-01T07:54:00.000Z $IIDBT,52.4,f,16.0,M,8.7,F*1A
2026-03-01T07:54:00.000Z $IIHDG,297.1,,,1.2,E*2C
2026-03-01T07:54:00.000Z $IIMDA,29.9652,I,1.0147,B,8.0,C,,C,,,,,,,,,,*55
2026-03-01T07:54:00.000Z $IIMTA,7.8,C*3A
2026-03-01T07:54:00.000Z $IIMTW,6.7,C*22
2026-03-01T07:54:00.000Z $IIMWV,56.8,T,15.0,N,A*34
2026-03-01T07:54:00.000Z $IIRPM,E,1,0,,A*66
2026-03-01T07:54:00.000Z $IIRSA,4.4,A,,V*79
2026-03-01T07:54:00.000Z $IIVHW,297.1,T,,M,5.8,N,,K*55
2026-03-01T07:54:00.000Z $IIXDR,V,12.42,V,BATT*66
2026-03-01T07:54:10.000Z $GPGGA,075410,5259.4015,N,00443.3677,E,2,9,0.9,2.5,M,,M,,*62
2026-03-01T07:54:10.000Z $GPRMC,075410,A,5259.4015,N,00443.3677,E,6.4,301.4,010326,,,A*78
2026-03-01T07:54:10.000Z $IIDBT,54.2,f,16.5,M,9.0,F*19
2026-03-01T07:54:10.000Z $IIHDG,298.4,,,1.2,E*26
2026-03-01T07:54:10.000Z $IIMWV,52.9,T,14.3,N,A*33
2026-03-01T07:54:10.000Z $IIRPM,E,1,0,,A*66
2026-03-01T07:54:10.000Z $IIRSA,2.7,A,,V*7C
2026-03-01T07:54:10.000Z $IIVHW,298.4,T,,M,6.2,N,,K*56
2026-03-01T07:54:20.000Z $GPGGA,075420,5259.4024,N,00443.3837,E,2,10,0.9,2.5,M,,M,,*51
2026-03-01T07:54:20.000Z $GPRMC,075420,A,5259.4024,N,00443.3837,E,6.5,295.3,010326,,,A*79
2026-03-01T07:54:20.000Z $IIDBT,40.5,f,12.4,M,6.8,F*19
2026-03-01T07:54:20.000Z $IIHDG,298.6,,,1.2,E*24
2026-03-01T07:54:20.000Z $IIMWV,52.5,T,15.7,N,A*3A
2026-03-01T07:54:20.000Z $IIRPM,E,1,0,,A*66
2026-03-01T07:54:20.000Z $IIRSA,-4.0,A,,V*50
2026-03-01T07:54:20.000Z $IIVHW,298.6,T,,M,6.4,N,,K*52
2026-03-01T07:54:30.000Z $GPGGA,075430,5259.4193,N,00443.3735,E,2,11,0.9,2.5,M,,M,,*51
2026-03-01T07:54:30.000Z $GPRMC,075430,A,5259.4193,N,00443.3735,E,5.9,305.4,010326,,,A*78
2026-03-01T07:54:30.000Z $GPVTG,305.6,T,,M,5.9,N,10.9,K,A*39
2026-03-01T07:54:30.000Z $GPXTE,A,A,0.039,L,N,A*39
2026-03-01T07:54:30.000Z $IIDBT,58.3,f,17.8,M,9.7,F*1F
2026-03-01T07:54:30.000Z $IIHDG,297.7,,,1.2,E*2A
2026-03-01T07:54:30.000Z $IIMTA,7.5,C*37
2026-03-01T07:54:30.000Z $IIMWV,59.3,T,14.7,N,A*36
2026-03-01T07:54:30.000Z $IIRPM,E,1,0,,A*66
2026-03-01T07:54:30.000Z $IIRSA,1.3,A,,V*7B
2026-03-01T07:54:30.000Z $IIVHW,297.7,T,,M,5.7,N,,K*5C
2026-03-01T07:54:30.000Z $IIXDR,V,12.39,V,BATT*6A
2026-03-01T07:54:40.000Z !AIVDM,1,1,,B,15N2445P00J`tC4;9g`R4?vN0<02,0*5E
2026-03-01T07:54:40.000Z $GPGGA,075440,5259.4026,N,00443.3745,E,2,9,0.9,2.5,M,,M,,*67
2026-03-01T07:54:40.000Z $GPRMC,075440,A,5259.4026,N,00443.3745,E,5.7,299.6,010326,,,A*7F
2026-03-01T07:54:40.000Z $IIDBT,42.0,f,12.8,M,7.0,F*1B
2026-03-01T07:54:40.000Z $IIHDG,297.5,,,1.2,E*28
2026-03-01T07:54:40.000Z $IIMWV,54.2,T,14.0,N,A*3D
2026-03-01T07:54:40.000Z $IIRPM,E,1,0,,A*66
2026-03-01T07:54:40.000Z $IIRSA,-3.0,A,,V*57
2026-03-01T07:54:40.000Z $IIVHW,297.5,T,,M,5.5,N,,K*5C
2026-03-01T07:54:50.000Z $GPGGA,075450,5259.4226,N,00443.3824,E,2,10,0.9,2.5,M,,M,,*54
2026-03-01T07:54:50.000Z $GPRMC,075450,A,5259.4226,N,00443.3824,E,6.1,305.1,010326,,,A*72
2026-03-01T07:54:50.000Z $IIDBT,48.5,f,14.8,M,8.1,F*1C
2026-03-01T07:54:50.000Z $IIHDG,298.6,,,1.2,E*24
2026-03-01T07:54:50.000Z $IIMWV,62.2,T,14.7,N,A*3F
2026-03-01T07:54:50.000Z $IIRPM,E,1,0,,A*66
2026-03-01T07:54:50.000Z $IIRSA,-2.0,A,,V*56
2026-03-01T07:54:50.000Z $IIVHW,298.6,T,,M,5.8,N,,K*5D
2026-03-01T07:55:00.000Z !AIVDO,1,1,,A,15RTd30000J`sV4;9a8H4?vP0000,0*7A
2026-03-01T07:55:00.000Z $GPGGA,075500,5259.4163,N,00443.3701,E,2,8,0.9,2.5,M,,M,,*63
2026-03-01T07:55:00.000Z $GPGSA,A,3,01,03,06,11,17,19,22,25,,,,,1.2,0.9,0.8*3D
2026-03-01T07:55:00.000Z $GPRMC,075500,A,5259.4163,N,00443.3701,E,6.8,302.5,010326,,,A*76
2026-03-01T07:55:00.000Z $GPVTG,302.1,T,,M,6.8,N,12.7,K,A*37
2026-03-01T07:55:00.000Z $GPXTE,A,A,0.024,R,N,A*2B
2026-03-01T07:55:00.000Z $IIDBT,51.9,f,15.8,M,8.7,F*1F
2026-03-01T07:55:00.000Z $IIHDG,297.6,,,1.2,E*2B
2026-03-01T07:55:00.000Z $IIMDA,29.9509,I,1.0143,B,7.6,C,,C,,,,,,,,,,*55
2026-03-01T07:55:00.000Z $IIMTA,7.5,C*37
2026-03-01T07:55:00.000Z $IIMTW,6.6,C*23
2026-03-01T07:55:00.000Z $IIMWV,52.2,T,15.9,N,A*33
2026-03-01T07:55:00.000Z $IIRPM,E,1,0,,A*66
2026-03-01T07:55:00.000Z $IIRSA,1.9,A,,V*71
2026-03-01T07:55:00.000Z $IIVHW,297.6,T,,M,6.4,N,,K*5D
2026-03-01T07:55:00.000Z $IIXDR,V,12.38,V,BATT*6B
2026-03-01T07:55:10.000Z $GPGGA,075510,5259.4319,N,00443.3542,E,2,9,0.9,2.5,M,,M,,*69
2026-03-01T07:55:10.000Z $GPRMC,075510,A,5259.4319,N,00443.3542,E,6.5,303.5,010326,,,A*71
2026-03-01T07:55:10.000Z $IIDBT,38.6,f,11.8,M,6.4,F*16
2026-03-01T07:55:10.000Z $IIHDG,298.9,,,1.2,E*2B
2026-03-01T07:55:10.000Z $IIMWV,59.2,T,14.6,N,A*36
2026-03-01T07:55:10.000Z $IIRPM,E,1,0,,A*66
2026-03-01T07:55:10.000Z $IIRSA,4.8,A,,V*75
2026-03-01T07:55:10.000Z $IIVHW,298.9,T,,M,6.2,N,,K*5B
2026-03-01T07:55:20.000Z !AIVDM,1,1,,B,15N2460P00J`tC4;9g`R4?vN0<02,0*5E
2026-03-01T07:55:20.000Z $GPGGA,075520,5259.4274,N,00443.3642,E,2,10,0.9,2.5,M,,M,,*5B
2026-03-01T07:55:20.000Z $GPRMC,075520,A,5259.4274,N,00443.3642,E,6.3,302.7,010326,,,A*7E
2026-03-01T07:55:20.000Z $IIDBT,56.4,f,17.2,M,9.4,F*1F
2026-03-01T07:55:20.000Z $IIHDG,297.9,,,1.2,E*24
2026-03-01T07:55:20.000Z $IIMWV,51.0,T,15.2,N,A*39
2026-03-01T07:55:20.000Z $IIRPM,E,1,0,,A*66
2026-03-01T07:55:20.000Z $IIRSA,-2.3,A,,V*55
2026-03-01T07:55:20.000Z $IIVHW,297.9,T,,M,6.1,N,,K*57
2026-03-01T07:55:30.000Z $GPGGA,075530,5259.4238,N,00443.3410,E,2,10,0.9,2.5,M,,M,,*57
2026-03-01T07:55:30.000Z $GPRMC,075530,A,5259.4238,N,00443.3410,E,5.1,306.7,010326,,,A*77
2026-03-01T07:55:30.000Z $GPVTG,307.0,T,,M,5.1,N,9.4,K,A*00
2026-03-01T07:55:30.000Z $GPXTE,A,A,0.002,R,N,A*2F
2026-03-01T07:55:30.000Z $IIDBT,43.3,f,13.2,M,7.2,F*10
2026-03-01T07:55:30.000Z $IIHDG,296.4,,,1.2,E*28
2026-03-01T07:55:30.000Z $IIMTA,7.5,C*37
2026-03-01T07:55:30.000Z $IIMWV,60.7,T,15.8,N,A*36
2026-03-01T07:55:30.000Z $IIRPM,E,1,0,,A*66
2026-03-01T07:55:30.000Z $IIRSA,2.0,A,,V*7B
2026-03-01T07:55:30.000Z $IIVHW,296.4,T,,M,4.7,N,,K*5F
2026-03-01T07:55:30.000Z $IIXDR,V,12.34,V,BATT*67
2026-03-01T07:55:40.000Z !AIVDM,1,1,,B,15N2451P00J`tC4;9g`R4?vN0<02,0*5E
2026-03-01T07:55:40.000Z $GPGGA,075540,5259.4302,N,00443.3370,E,2,9,0.9,2.5,M,,M,,*61
2026-03-01T07:55:40.000Z $GPRMC,075540,A,5259.4302,N,00443.3370,E,6.8,300.6,010326,,,A*74
2026-03-01T07:55:40.000Z $IIDBT,37.9,f,11.6,M,6.3,F*1F
2026-03-01T07:55:40.000Z $IIHDG,296.6,,,1.2,E*2A
2026-03-01T07:55:40.000Z $IIMWV,47.8,T,14.6,N,A*33
2026-03-01T07:55:40.000Z $IIRPM,E,1,0,,A*66
2026-03-01T07:55:40.000Z $IIRSA,-2.5,A,,V*53
2026-03-01T07:55:40.000Z $IIVHW,296.6,T,,M,6.6,N,,K*5E
2026-03-01T07:55:50.000Z $GPGGA,075550,5259.4317,N,00443.3487,E,2,8,0.9,2.5,M,,M,,*6A
2026-03-01T07:55:50.000Z $GPRMC,075550,A,5259.4317,N,00443.3487,E,5.0,294.2,010326,,,A*7D
2026-03-01T07:55:50.000Z $IIDBT,65.9,f,20.1,M,11.0,F*28
2026-03-01T07:55:50.000Z $IIHDG,299.1,,,1.2,E*22
2026-03-01T07:55:50.000Z $IIMWV,56.7,T,14.9,N,A*33
2026-03-01T07:55:50.000Z $IIRPM,E,1,0,,A*66
2026-03-01T07:55:50.000Z $IIRSA,-3.1,A,,V*56
2026-03-01T07:55:50.000Z $IIVHW,299.1,T,,M,4.9,N,,K*5B
2026-03-01T07:56:00.000Z !AIVDO,1,1,,A,15RTd30000J`sV4;9a8H4?vP0000,0*7A
2026-03-01T07:56:00.000Z $GPGGA,075600,5259.4436,N,00443.3566,E,2,10,0.9,2.5,M,,M,,*5F
2026-03-01T07:56:00.000Z $GPGSA,A,3,01,03,06,11,17,19,22,25,,,,,1.2,0.9,0.8*3D
2026-03-01T07:56:00.000Z $GPRMC,075600,A,5259.4436,N,00443.3566,E,6.3,293.5,010326,,,A*71
2026-03-01T07:56:00.000Z $GPVTG,293.1,T,,M,6.3,N,11.6,K,A*37
2026-03-01T07:56:00.000Z $GPXTE,A,A,0.034,L,N,A*34
2026-03-01T07:56:00.000Z $IIDBT,70.5,f,21.5,M,11.7,F*22
2026-03-01T07:56:00.000Z $IIHDG,296.4,,,1.2,E*28
2026-03-01T07:56:00.000Z $IIMDA,29.9676,I,1.0148,B,7.7,C,,C,,,,,,,,,,*54
2026-03-01T07:56:00.000Z $IIMTA,7.9,C*3B
2026-03-01T07:56:00.000Z $IIMTW,6.4,C*21
2026-03-01T07:56:00.000Z $IIMWV,48.9,T,14.1,N,A*3A
2026-03-01T07:56:00.000Z $IIRPM,E,1,0,,A*66
2026-03-01T07:56:00.000Z $IIRSA,-1.7,A,,V*52
2026-03-01T07:56:00.000Z $IIVHW,296.4,T,,M,5.8,N,,K*51
2026-03-01T07:56:00.000Z $IIXDR,V,12.48,V,BATT*6C
2026-03-01T07:56:10.000Z !AIVDM,1,1,,B,15N2445P00J`tC4;9g`R4?vN0<02,0*5E
2026-03-01T07:56:10.000Z $GPGGA,075610,5259.4502,N,00443.3305,E,2,10,0.9,2.5,M,,M,,*5B
2026-03-01T07:56:10.000Z $GPRMC,075610,A,5259.4502,N,00443.3305,E,6.6,293.5,010326,,,A*70
2026-03-01T07:56:10.000Z $IIDBT,71.7,f,21.9,M,12.0,F*29
2026-03-01T07:56:10.000Z $IIHDG,299.8,,,1.2,E*2B
2026-03-01T07:56:10.000Z $IIMWV,53.5,T,15.4,N,A*38
2026-03-01T07:56:10.000Z $IIRPM,E,1,0,,A*66
2026-03-01T07:56:10.000Z $IIRSA,-3.2,A,,V*55
2026-03-01T07:56:10.000Z $IIVHW,299.8,T,,M,6.4,N,,K*5D
2026-03-01T07:56:20.000Z $GPGGA,075620,5259.4585,N,00443.3221,E,2,11,0.9,2.5,M,,M,,*51
2026-03-01T07:56:20.000Z $GPRMC,075620,A,5259.4585,N,00443.3221,E,6.9,292.2,010326,,,A*72
2026-03-01T07:56:20.000Z $IIDBT,67.7,f,20.6,M,11.3,F*20
2026-03-01T07:56:20.000Z $IIHDG,296.6,,,1.2,E*2A
2026-03-01T07:56:20.000Z $IIMWV,50.9,T,15.6,N,A*35
2026-03-01T07:56:20.000Z $IIRPM,E,1,0,,A*66
2026-03-01T07:56:20.000Z $IIRSA,-4.6,A,,V*56
2026-03-01T07:56:20.000Z $IIVHW,296.6,T,,M,6.5,N,,K*5D
2026-03-01T07:56:30.000Z !AIVDM,1,1,,B,15N2460P00J`tC4;9g`R4?vN0<02,0*5E
2026-03-01T07:56:30.000Z $GPGGA,075630,5259.4647,N,00443.3391,E,2,8,0.9,2.5,M,,M,,*6F
2026-03-01T07:56:30.000Z $GPRMC,075630,A,5259.4647,N,00443.3391,E,5.7,300.9,010326,,,A*78
2026-03-01T07:56:30.000Z $GPVTG,300.8,T,,M,5.7,N,10.6,K,A*33
2026-03-01T07:56:30.000Z $GPXTE,A,A,0.021,R,N,A*2E
2026-03-01T07:56:30.000Z $IIDBT,68.7,f,20.9,M,11.4,F*27
2026-03-01T07:56:30.000Z $IIHDG,299.3,,,1.2,E*20
2026-03-01T07:56:30.000Z $IIMTA,8.0,C*3D
2026-03-01T07:56:30.000Z $IIMWV,60.7,T,15.2,N,A*3C
2026-03-01T07:56:30.000Z $IIRPM,E,1,0,,A*66
2026-03-01T07:56:30.000Z $IIRSA,3.3,A,,V*79
2026-03-01T07:56:30.000Z $IIVHW,299.3,T,,M,5.5,N,,K*54
2026-03-01T07:56:30.000Z $IIXDR,V,12.49,V,BATT*6D
2026-03-01T07:56:40.000Z $GPGGA,075640,5259.4580,N,00443.3385,E,2,9,0.9,2.5,M,,M,,*64
2026-03-01T07:56:40.000Z $GPRMC,075640,A,5259.4580,N,00443.3385,E,6.3,300.8,010326,,,A*74
2026-03-01T07:56:40.000Z $IIDBT,65.1,f,19.8,M,10.9,F*2B
2026-03-01T07:56:40.000Z $IIHDG,298.9,,,1.2,E*2B
2026-03-01T07:56:40.000Z $IIMWV,52.5,T,14.1,N,A*3D
2026-03-01T07:56:40.000Z $IIRPM,E,1,0,,A*66
2026-03-01T07:56:40.000Z $IIRSA,4.1,A,,V*7C
2026-03-01T07:56:40.000Z $IIVHW,298.9,T,,M,5.9,N,,K*53
2026-03-01T07:56:50.000Z $GPGGA,075650,5259.4608,N,00443.3383,E,2,11,0.9,2.5,M,,M,,*59
2026-03-01T07:56:50.000Z $GPRMC,075650,A,5259.4608,N,00443.3383,E,5.8,298.9,010326,,,A*79
2026-03-01T07:56:50.000Z $IIDBT,68.2,f,20.8,M,11.4,F*23
2026-03-01T07:56:50.000Z $IIHDG,298.8,,,1.2,E*2A
2026-03-01T07:56:50.000Z $IIMWV,47.7,T,15.7,N,A*3C
2026-03-01T07:56:50.000Z $IIRPM,E,1,0,,A*66
2026-03-01T07:56:50.000Z $IIRSA,-3.6,A,,V*51
2026-03-01T07:56:50.000Z $IIVHW,298.8,T,,M,5.6,N,,K*5D
2026-03-01T07:57:00.000Z !AIVDM,1,1,,B,15N2447P00J`tC4;9g`R4?vN0<02,0*5E
2026-03-01T07:57:00.000Z !AIVDO,1,1,,A,15RTd30000J`sV4;9a8H4?vP0000,0*7A
2026-03-01T07:57:00.000Z $GPGGA,075700,5259.4667,N,00443.3133,E,2,9,0.9,2.5,M,,M,,*64
2026-03-01T07:57:00.000Z $GPGSA,A,3,01,03,06,11,17,19,22,25,,,,,1.2,0.9,0.8*3D
2026-03-01T07:57:00.000Z $GPRMC,075700,A,5259.4667,N,00443.3133,E,5.0,295.2,010326,,,A*73
2026-03-01T07:57:00.000Z $GPVTG,295.8,T,,M,5.0,N,9.3,K,A*04
2026-03-01T07:57:00.000Z $GPXTE,A,A,0.024,R,N,A*2B
2026-03-01T07:57:00.000Z $IIDBT,55.8,f,17.0,M,9.3,F*15
2026-03-01T07:57:00.000Z $IIHDG,297.7,,,1.2,E*2A
2026-03-01T07:57:00.000Z $IIMDA,29.9585,I,1.0145,B,7.9,C,,C,,,,,,,,,,*58
2026-03-01T07:57:00.000Z $IIMTA,7.8,C*3A
2026-03-01T07:57:00.000Z $IIMTW,6.5,C*20
2026-03-01T07:57:00.000Z $IIMWV,60.4,T,15.2,N,A*3F
2026-03-01T07:57:00.000Z $IIRPM,E,1,0,,A*66
2026-03-01T07:57:00.000Z $IIRSA,-4.9,A,,V*59
2026-03-01T07:57:00.000Z $IIVHW,297.7,T,,M,4.5,N,,K*5F
2026-03-01T07:57:00.000Z $IIXDR,V,12.31,V,BATT*62
2026-03-01T07:57:10.000Z $GPGGA,075710,5259.4663,N,00443.3281,E,2,9,0.9,2.5,M,,M,,*6B
2026-03-01T07:57:10.000Z $GPRMC,075710,A,5259.4663,N,00443.3281,E,6.0,306.7,010326,,,A*71
2026-03-01T07:57:10.000Z $IIDBT,58.2,f,17.7,M,9.7,F*11
2026-03-01T07:57:10.000Z $IIHDG,298.9,,,1.2,E*2B
2026-03-01T07:57:10.000Z $IIMWV,61.1,T,15.2,N,A*3B
2026-03-01T07:57:10.000Z $IIRPM,E,1,0,,A*66
2026-03-01T07:57:10.000Z $IIRSA,0.6,A,,V*7F
2026-03-01T07:57:10.000Z $IIVHW,298.9,T,,M,5.6,N,,K*5C
2026-03-01T07:57:20.000Z !AIVDM,1,1,,B,15N2445P00J`tC4;9g`R4?vN0<02,0*5E
2026-03-01T07:57:20.000Z $GPGGA,075720,5259.4839,N,00443.3167,E,2,9,0.9,2.5,M,,M,,*62
2026-03-01T07:57:20.000Z $GPRMC,075720,A,5259.4839,N,00443.3167,E,6.5,303.1,010326,,,A*7E
2026-03-01T07:57:20.000Z $IIDBT,63.6,f,19.4,M,10.6,F*29
2026-03-01T07:57:20.000Z $IIHDG,298.3,,,1.2,E*21
2026-03-01T07:57:20.000Z $IIMWV,51.6,T,15.9,N,A*34
2026-03-01T07:57:20.000Z $IIRPM,E,1,0,,A*66
2026-03-01T07:57:20.000Z $IIRSA,0.5,A,,V*7C
2026-03-01T07:57:20.000Z $IIVHW,298.3,T,,M,6.4,N,,K*57
2026-03-01T07:57:30.000Z !AIVDM,1,1,,B,15N2451P00J`tC4;9g`R4?vN0<02,0*5E
2026-03-01T07:57:30.000Z $GPGGA,075730,5259.4905,N,00443.3001,E,2,9,0.9,2.5,M,,M,,*6C
2026-03-01T07:57:30.000Z $GPRMC,075730,A,5259.4905,N,00443.3001,E,6.8,293.9,010326,,,A*7D
2026-03-01T07:57:30.000Z $GPVTG,293.7,T,,M,6.8,N,12.7,K,A*38
2026-03-01T07:57:30.000Z $GPXTE,A,A,0.016,L,N,A*34
2026-03-01T07:57:30.000Z $IIDBT,70.5,f,21.5,M,11.8,F*2D
2026-03-01T07:57:30.000Z $IIHDG,299.6,,,1.2,E*25
2026-03-01T07:57:30.000Z $IIMTA,7.9,C*3B
2026-03-01T07:57:30.000Z $IIMWV,47.1,T,14.7,N,A*3B
2026-03-01T07:57:30.000Z $IIRPM,E,1,0,,A*66
2026-03-01T07:57:30.000Z $IIRSA,-2.7,A,,V*51
2026-03-01T07:57:30.000Z $IIVHW,299.6,T,,M,6.5,N,,K*52
2026-03-01T07:57:30.000Z $IIXDR,V,12.47,V,BATT*63
2026-03-01T07:57:40.000Z !AIVDM,1,1,,B,15N2447P00J`tC4;9g`R4?vN0<02,0*5E
2026-03-01T07:57:40.000Z $GPGGA,075740,5259.4819,N,00443.2998,E,2,9,0.9,2.5,M,,M,,*6F
2026-03-01T07:57:40.000Z $GPRMC,075740,A,5259.4819,N,00443.2998,E,5.5,297.5,010326,,,A*78
2026-03-01T07:57:40.000Z $IIDBT,46.6,f,14.2,M,7.8,F*1D
2026-03-01T07:57:40.000Z $IIHDG,298.4,,,1.2,E*26
2026-03-01T07:57:40.000Z $IIMWV,47.5,T,14.9,N,A*31
2026-03-01T07:57:40.000Z $IIRPM,E,1,0,,A*66
2026-03-01T07:57:40.000Z $IIRSA,4.8,A,,V*75
2026-03-01T07:57:40.000Z $IIVHW,298.4,T,,M,5.3,N,,K*54
2026-03-01T07:57:50.000Z !AIVDM,1,1,,B,15N2113P00J`tC4;9g`R4?vN0<02,0*5E
2026-03-01T07:57:50.000Z $GPGGA,075750,5259.4904,N,00443.3155,E,2,10,0.9,2.5,M,,M,,*53
2026-03-01T07:57:50.000Z $GPRMC,075750,A,5259.4904,N,00443.3155,E,5.2,293.0,010326,,,A*7A
2026-03-01T07:57:50.000Z $IIDBT,61.7,f,18.8,M,10.3,F*22
2026-03-01T07:57:50.000Z $IIHDG,299.9,,,1.2,E*2A
2026-03-01T07:57:50.000Z $IIMWV,56.3,T,15.4,N,A*3B
2026-03-01T07:57:50.000Z $IIRPM,E,1,0,,A*66
2026-03-01T07:57:50.000Z $IIRSA,-3.4,A,,V*53
2026-03-01T07:57:50.000Z $IIVHW,299.9,T,,M,4.9,N,,K*53
2026-03-01T07:58:00.000Z !AIVDO,1,1,,A,15RTd30000J`sV4;9a8H4?vP0000,0*7A
2026-03-01T07:58:00.000Z $GPGGA,075800,5259.5049,N,00443.3046,E,2,11,0.9,2.5,M,,M,,*5A
2026-03-01T07:58:00.000Z $GPGSA,A,3,01,03,06,11,17,19,22,25,,,,,1.2,0.9,0.8*3D
2026-03-01T07:58:00.000Z $GPRMC,075800,A,5259.5049,N,00443.3046,E,6.2,301.3,010326,,,A*78
2026-03-01T07:58:00.000Z $GPVTG,301.5,T,,M,6.2,N,11.4,K,A*3A
2026-03-01T07:58:00.000Z $GPXTE,A,A,0.028,L,N,A*39
2026-03-01T07:58:00.000Z $IIDBT,58.9,f,18.0,M,9.8,F*1D
2026-03-01T07:58:00.000Z $IIHDG,296.9,,,1.2,E*25
2026-03-01T07:58:00.000Z $IIMDA,29.9461,I,1.0141,B,7.9,C,,C,,,,,,,,,,*57
2026-03-01T07:58:00.000Z $IIMTA,7.9,C*3B
2026-03-01T07:58:00.000Z $IIMTW,6.8,C*2D
2026-03-01T07:58:00.000Z $IIMWV,55.6,T,14.8,N,A*30
2026-03-01T07:58:00.000Z $IIRPM,E,1,0,,A*66
2026-03-01T07:58:00.000Z $IIRSA,-4.0,A,,V*50
2026-03-01T07:58:00.000Z $IIVHW,296.9,T,,M,5.8,N,,K*5C
2026-03-01T07:58:00.000Z $IIXDR,V,12.41,V,BATT*65
2026-03-01T07:58:10.000Z $GPGGA,075810,5259.5022,N,00443.3007,E,2,8,0.9,2.5,M,,M,,*6B
2026-03-01T07:58:10.000Z $GPRMC,075810,A,5259.5022,N,00443.3007,E,6.5,306.9,010326,,,A*7B
2026-03-01T07:58:10.000Z $IIDBT,54.4,f,16.6,M,9.1,F*1D
2026-03-01T07:58:10.000Z $IIHDG,297.7,,,1.2,E*2A
2026-03-01T07:58:10.000Z $IIMWV,61.4,T,15.2,N,A*3E
2026-03-01T07:58:10.000Z $IIRPM,E,1,0,,A*66
2026-03-01T07:58:10.000Z $IIRSA,-2.0,A,,V*56
2026-03-01T07:58:10.000Z $IIVHW,297.7,T,,M,6.4,N,,K*5C
2026-03-01T07:58:20.000Z !AIVDM,1,1,,B,15N2460P00J`tC4;9g`R4?vN0<02,0*5E
2026-03-01T07:58:20.000Z $GPGGA,075820,5259.5017,N,00443.2802,E,2,11,0.9,2.5,M,,M,,*5A
2026-03-01T07:58:20.000Z $GPRMC,075820,A,5259.5017,N,00443.2802,E,6.1,301.0,010326,,,A*78
2026-03-01T07:58:20.000Z $IIDBT,55.0,f,16.8,M,9.2,F*15
2026-03-01T07:58:20.000Z $IIHDG,296.1,,,1.2,E*2D
2026-03-01T07:58:20.000Z $IIMWV,58.4,T,15.7,N,A*31
2026-03-01T07:58:20.000Z $IIRPM,E,1,0,,A*66
2026-03-01T07:58:20.000Z $IIRSA,0.9,A,,V*70
2026-03-01T07:58:20.000Z $IIVHW,296.1,T,,M,5.8,N,,K*54
2026-03-01T07:58:30.000Z $GPGGA,075830,5259.5061,N,00443.3018,E,2,10,0.9,2.5,M,,M,,*59
2026-03-01T07:58:30.000Z $GPRMC,075830,A,5259.5061,N,00443.3018,E,6.7,299.8,010326,,,A*74
2026-03-01T07:58:30.000Z $GPVTG,299.7,T,,M,6.7,N,12.5,K,A*3F
2026-03-01T07:58:30.000Z $GPXTE,A,A,0.046,L,N,A*31
2026-03-01T07:58:30.000Z $IIDBT,42.3,f,12.9,M,7.1,F*18
2026-03-01T07:58:30.000Z $IIHDG,297.0,,,1.2,E*2D
2026-03-01T07:58:30.000Z $IIMTA,8.0,C*3D
2026-03-01T07:58:30.000Z $IIMWV,58.0,T,15.1,N,A*33
2026-03-01T07:58:30.000Z $IIRPM,E,1,0,,A*66
2026-03-01T07:58:30.000Z $IIRSA,2.2,A,,V*79
2026-03-01T07:58:30.000Z $IIVHW,297.0,T,,M,6.6,N,,K*59
2026-03-01T07:58:30.000Z $IIXDR,V,12.44,V,BATT*60
2026-03-01T07:58:40.000Z $GPGGA,075840,5259.5233,N,00443.2675,E,2,9,0.9,2.5,M,,M,,*6F
2026-03-01T07:58:40.000Z $GPRMC,075840,A,5259.5233,N,00443.2675,E,5.2,293.5,010326,,,A*7B
2026-03-01T07:58:40.000Z $IIDBT,40.8,f,12.4,M,6.8,F*14
2026-03-01T07:58:40.000Z $IIHDG,296.6,,,1.2,E*2A
2026-03-01T07:58:40.000Z $IIMWV,50.5,T,15.7,N,A*38
2026-03-01T07:58:40.000Z $IIRPM,E,1,0,,A*66
2026-03-01T07:58:40.000Z $IIRSA,4.2,A,,V*7F
2026-03-01T07:58:40.000Z $IIVHW,296.6,T,,M,4.8,N,,K*52
2026-03-01T07:58:50.000Z $GPGGA,075850,5259.5134,N,00443.2813,E,2,9,0.9,2.5,M,,M,,*64
2026-03-01T07:58:50.000Z $GPRMC,075850,A,5259.5134,N,00443.2813,E,5.6,305.9,010326,,,A*76
2026-03-01T07:58:50.000Z $IIDBT,68.2,f,20.8,M,11.4,F*23
2026-03-01T07:58:50.000Z $IIHDG,299.9,,,1.2,E*2A
2026-03-01T07:58:50.000Z $IIMWV,48.5,T,15.5,N,A*33
2026-03-01T07:58:50.000Z $IIRPM,E,1,0,,A*66
2026-03-01T07:58:50.000Z $IIRSA,-0.7,A,,V*53
2026-03-01T07:58:50.000Z $IIVHW,299.9,T,,M,5.2,N,,K*59
2026-03-01T07:59:00.000Z !AIVDO,1,1,,A,15RTd30000J`sV4;9a8H4?vP0000,0*7A
2026-03-01T07:59:00.000Z $GPGGA,075900,5259.5283,N,00443.2601,E,2,11,0.9,2.5,M,,M,,*5B
2026-03-01T07:59:00.000Z $GPGSA,A,3,01,03,06,11,17,19,22,25,,,,,1.2,0.9,0.8*3D
2026-03-01T07:59:00.000Z $GPRMC,075900,A,5259.5283,N,00443.2601,E,6.6,297.7,010326,,,A*77
2026-03-01T07:59:00.000Z $GPVTG,297.4,T,,M,6.6,N,12.3,K,A*35
2026-03-01T07:59:00.000Z $GPXTE,A,A,0.050,R,N,A*28
2026-03-01T07:59:00.000Z $IIDBT,50.9,f,15.5,M,8.5,F*11
2026-03-01T07:59:00.000Z $IIHDG,299.3,,,1.2,E*20
2026-03-01T07:59:00.000Z $IIMDA,29.9654,I,1.0147,B,7.9,C,,C,,,,,,,,,,*55
2026-03-01T07:59:00.000Z $IIMTA,7.9,C*3B
2026-03-01T07:59:00.000Z $IIMTW,6.6,C*23
2026-03-01T07:59:00.000Z $IIMWV,56.8,T,15.3,N,A*37
2026-03-01T07:59:00.000Z $IIRPM,E,1,0,,A*66
2026-03-01T07:59:00.000Z $IIRSA,2.3,A,,V*78
2026-03-01T07:59:00.000Z $IIVHW,299.3,T,,M,6.5,N,,K*57
2026-03-01T07:59:00.000Z $IIXDR,V,12.45,V,BATT*61
2026-03-01T07:59:10.000Z $GPGGA,075910,5259.5368,N,00443.2727,E,2,10,0.9,2.5,M,,M,,*5A
2026-03-01T07:59:10.000Z $GPRMC,075910,A,5259.5368,N,00443.2727,E,5.3,292.4,010326,,,A*77
2026-03-01T07:59:10.000Z $IIDBT,45.5,f,13.9,M,7.6,F*1F
2026-03-01T07:59:10.000Z $IIHDG,297.6,,,1.2,E*2B
2026-03-01T07:59:10.000Z $IIMWV,60.3,T,14.5,N,A*3E
2026-03-01T07:59:10.000Z $IIRPM,E,1,0,,A*66
2026-03-01T07:59:10.000Z $IIRSA,-1.4,A,,V*51
2026-03-01T07:59:10.000Z $IIVHW,297.6,T,,M,4.8,N,,K*53
2026-03-01T07:59:20.000Z $GPGGA,075920,5259.5187,N,00443.2828,E,2,10,0.9,2.5,M,,M,,*5A
2026-03-01T07:59:20.000Z $GPRMC,075920,A,5259.5187,N,00443.2828,E,5.4,301.8,010326,,,A*77
2026-03-01T07:59:20.000Z $IIDBT,59.5,f,18.1,M,9.9,F*10
2026-03-01T07:59:20.000Z $IIHDG,297.8,,,1.2,E*25
2026-03-01T07:59:20.000Z $IIMWV,51.4,T,15.3,N,A*3C
2026-03-01T07:59:20.000Z $IIRPM,E,1,0,,A*66
2026-03-01T07:59:20.000Z $IIRSA,2.1,A,,V*7A
2026-03-01T07:59:20.000Z $IIVHW,297.8,T,,M,5.2,N,,K*56
2026-03-01T07:59:30.000Z $GPGGA,075930,5259.5396,N,00443.2579,E,2,9,0.9,2.5,M,,M,,*68
2026-03-01T07:59:30.000Z $GPRMC,075930,A,5259.5396,N,00443.2579,E,5.6,296.4,010326,,,A*7C
2026-03-01T07:59:30.000Z $GPVTG,296.4,T,,M,5.6,N,10.3,K,A*35
2026-03-01T07:59:30.000Z $GPXTE,A,A,0.001,L,N,A*32
2026-03-01T07:59:30.000Z $IIDBT,68.8,f,21.0,M,11.5,F*21
2026-03-01T07:59:30.000Z $IIHDG,298.8,,,1.2,E*2A
2026-03-01T07:59:30.000Z $IIMTA,7.6,C*34
2026-03-01T07:59:30.000Z $IIMWV,56.4,T,14.8,N,A*31
2026-03-01T07:59:30.000Z $IIRPM,E,1,0,,A*66
2026-03-01T07:59:30.000Z $IIRSA,0.5,A,,V*7C
2026-03-01T07:59:30.000Z $IIVHW,298.8,T,,M,5.3,N,,K*58
2026-03-01T07:59:30.000Z $IIXDR,V,12.34,V,BATT*67
2026-03-01T07:59:40.000Z $GPGGA,075940,5259.5391,N,00443.2499,E,2,8,0.9,2.5,M,,M,,*66
2026-03-01T07:59:40.000Z $GPRMC,075940,A,5259.5391,N,00443.2499,E,5.6,304.6,010326,,,A*7B
2026-03-01T07:59:40.000Z $IIDBT,40.6,f,12.4,M,6.8,F*1A
2026-03-01T07:59:40.000Z $IIHDG,296.0,,,1.2,E*2C
2026-03-01T07:59:40.000Z $IIMWV,56.2,T,14.1,N,A*3E
2026-03-01T07:59:40.000Z $IIRPM,E,1,0,,A*66
2026-03-01T07:59:40.000Z $IIRSA,3.4,A,,V*7E
2026-03-01T07:59:40.000Z $IIVHW,296.0,T,,M,5.4,N,,K*59
2026-03-01T07:59:50.000Z $GPGGA,075950,5259.5339,N,00443.2625,E,2,10,0.9,2.5,M,,M,,*59
2026-03-01T07:59:50.000Z $GPRMC,075950,A,5259.5339,N,00443.2625,E,5.0,301.0,010326,,,A*78
2026-03-01T07:59:50.000Z $IIDBT,57.2,f,17.4,M,9.5,F*1F
2026-03-01T07:59:50.000Z $IIHDG,299.0,,,1.2,E*23
2026-03-01T07:59:50.000Z $IIMWV,59.7,T,14.6,N,A*33
2026-03-01T07:59:50.000Z $IIRPM,E,1,0,,A*66
2026-03-01T07:59:50.000Z $IIRSA,2.0,A,,V*7B
2026-03-01T07:59:50.000Z $IIVHW,299.0,T,,M,4.7,N,,K*54
2026-03-01T08:00:00.000Z !AIVDM,1,1,,B,15N2451P00J`tC4;9g`R4?vN0<02,0*5E
2026-03-01T08:00:00.000Z !AIVDO,1,1,,A,15RTd30000J`sV4;9a8H4?vP0000,0*7A
2026-03-01T08:00:00.000Z $GPGGA,080000,5259.5551,N,00443.2369,E,2,11,0.9,2.5,M,,M,,*5B
2026-03-01T08:00:00.000Z $GPGSA,A,3,01,03,06,11,17,19,22,25,,,,,1.2,0.9,0.8*3D
2026-03-01T08:00:00.000Z $GPRMC,080000,A,5259.5551,N,00443.2369,E,6.3,299.1,010326,,,A*7A
2026-03-01T08:00:00.000Z $GPVTG,299.7,T,,M,6.3,N,11.6,K,A*3B
2026-03-01T08:00:00.000Z $GPXTE,A,A,0.036,L,N,A*36
2026-03-01T08:00:00.000Z $IIDBT,56.0,f,17.1,M,9.3,F*1F
2026-03-01T08:00:00.000Z $IIHDG,299.1,,,1.2,E*22
2026-03-01T08:00:00.000Z $IIMDA,29.9591,I,1.0145,B,7.9,C,,C,,,,,,,,,,*5D
2026-03-01T08:00:00.000Z $IIMTA,7.7,C*35
2026-03-01T08:00:00.000Z $IIMTW,6.2,C*27
2026-03-01T08:00:00.000Z $IIMWV,58.8,T,15.2,N,A*38
2026-03-01T08:00:00.000Z $IIRPM,E,1,0,,A*66
2026-03-01T08:00:00.000Z $IIRSA,-4.5,A,,V*55
2026-03-01T08:00:00.000Z $IIVHW,299.1,T,,M,5.8,N,,K*5B
2026-03-01T08:00:00.000Z $IIXDR,V,12.46,V,BATT*62
2026-03-01T08:00:10.000Z $GPGGA,080010,5259.5574,N,00443.2398,E,2,10,0.9,2.5,M,,M,,*52
2026-03-01T08:00:10.000Z $GPRMC,080010,A,5259.5574,N,00443.2398,E,6.5,293.1,010326,,,A*7E
2026-03-01T08:00:10.000Z $IIDBT,37.0,f,11.3,M,6.2,F*12
2026-03-01T08:00:10.000Z $IIHDG,296.4,,,1.2,E*28
2026-03-01T08:00:10.000Z $IIMWV,58.3,T,15.5,N,A*34
2026-03-01T08:00:10.000Z $IIRPM,E,1,0,,A*66
2026-03-01T08:00:10.000Z $IIRSA,2.8,A,,V*73
2026-03-01T08:00:10.000Z $IIVHW,296.4,T,,M,6.4,N,,K*5E
2026-03-01T08:00:20.000Z !AIVDM,1,1,,B,15N2113P00J`tC4;9g`R4?vN0<02,0*5E
2026-03-01T08:00:20.000Z $GPGGA,080020,5259.5447,N,00443.2346,E,2,8,0.9,2.5,M,,M,,*6A
2026-03-01T08:00:20.000Z $GPRMC,080020,A,5259.5447,N,00443.2346,E,5.6,297.5,010326,,,A*7F
2026-03-01T08:00:20.000Z $IIDBT,40.7,f,12.4,M,6.8,F*1B
2026-03-01T08:00:20.000Z $IIHDG,299.4,,,1.2,E*27
2026-03-01T08:00:20.000Z $IIMWV,51.4,T,14.4,N,A*3A
2026-03-01T08:00:20.000Z $IIRPM,E,1,0,,A*66
2026-03-01T08:00:20.000Z $IIRSA,-4.7,A,,V*57
2026-03-01T08:00:20.000Z $IIVHW,299.4,T,,M,5.2,N,,K*54
2026-03-01T08:00:30.000Z $GPGGA,080030,5259.5488,N,00443.2434,E,2,8,0.9,2.5,M,,M,,*6A
2026-03-01T08:00:30.000Z $GPRMC,080030,A,5259.5488,N,00443.2434,E,6.9,299.8,010326,,,A*70
2026-03-01T08:00:30.000Z $GPVTG,299.8,T,,M,6.9,N,12.8,K,A*33
2026-03-01T08:00:30.000Z $GPXTE,A,A,0.014,R,N,A*28
2026-03-01T08:00:30.000Z $IIDBT,45.4,f,13.9,M,7.6,F*1E
2026-03-01T08:00:30.000Z $IIHDG,299.7,,,1.2,E*24
2026-03-01T08:00:30.000Z $IIMTA,7.5,C*37
2026-03-01T08:00:30.000Z $IIMWV,54.5,T,15.1,N,A*3A
2026-03-01T08:00:30.000Z $IIRPM,E,1,0,,A*66
2026-03-01T08:00:30.000Z $IIRSA,3.7,A,,V*7D
2026-03-01T08:00:30.000Z $IIVHW,299.7,T,,M,6.7,N,,K*51
2026-03-01T08:00:30.000Z $IIXDR,V,12.34,V,BATT*67
2026-03-01T08:00:40.000Z !AIVDM,1,1,,B,15N2460P00J`tC4;9g`R4?vN0<02,0*5E
2026-03-01T08:00:40.000Z $GPGGA,080040,5259.5687,N,00443.2345,E,2,9,0.9,2.5,M,,M,,*60
2026-03-01T08:00:40.000Z $GPRMC,080040,A,5259.5687,N,00443.2345,E,7.0,298.7,010326,,,A*7D
2026-03-01T08:00:40.000Z $IIDBT,70.1,f,21.4,M,11.7,F*27
2026-03-01T08:00:40.000Z $IIHDG,299.5,,,1.2,E*26
2026-03-01T08:00:40.000Z $IIMWV,59.5,T,15.7,N,A*31
2026-03-01T08:00:40.000Z $IIRPM,E,1,0,,A*66
2026-03-01T08:00:40.000Z $IIRSA,2.5,A,,V*7E
2026-03-01T08:00:40.000Z $IIVHW,299.5,T,,M,6.9,N,,K*5D
2026-03-01T08:00:50.000Z !AIVDM,1,1,,B,15N2447P00J`tC4;9g`R4?vN0<02,0*5E
2026-03-01T08:00:50.000Z $GPGGA,080050,5259.5724,N,00443.2238,E,2,9,0.9,2.5,M,,M,,*62
2026-03-01T08:00:50.000Z $GPRMC,080050,A,5259.5724,N,00443.2238,E,6.9,306.9,010326,,,A*7F
2026-03-01T08:00:50.000Z $IIDBT,33.8,f,10.3,M,5.6,F*18
2026-03-01T08:00:50.000Z $IIHDG,298.3,,,1.2,E*21
2026-03-01T08:00:50.000Z $IIMWV,48.2,T,15.3,N,A*32
2026-03-01T08:00:50.000Z $IIRPM,E,1,0,,A*66
2026-03-01T08:00:50.000Z $IIRSA,3.3,A,,V*79
2026-03-01T08:00:50.000Z $IIVHW,298.3,T,,M,6.7,N,,K*54
2026-03-01T08:01:00.000Z !AIVDO,1,1,,A,15RTd30000J`sV4;9a8H4?vP0000,0*7A
2026-03-01T08:01:00.000Z $GPGGA,080100,5259.5641,N,00443.2291,E,2,8,0.9,2.5,M,,M,,*66
2026-03-01T08:01:00.000Z $GPGSA,A,3,01,03,06,11,17,19,22,25,,,,,1.2,0.9,0.8*3D
2026-03-01T08:01:00.000Z $GPRMC,080100,A,5259.5641,N,00443.2291,E,5.7,293.3,010326,,,A*70
2026-03-01T08:01:00.000Z $GPVTG,293.4,T,,M,5.7,N,10.5,K,A*37
2026-03-01T08:01:00.000Z $GPXTE,A,A,0.006,R,N,A*2B
2026-03-01T08:01:00.000Z $IIDBT,58.0,f,17.7,M,9.7,F*13
2026-03-01T08:01:00.000Z $IIHDG,296.9,,,1.2,E*25
2026-03-01T08:01:00.000Z $IIMDA,29.9488,I,1.0142,B,7.8,C,,C,,,,,,,,,,*52
2026-03-01T08:01:00.000Z $IIMTA,7.5,C*37
2026-03-01T08:01:00.000Z $IIMTW,6.5,C*20
2026-03-01T08:01:00.000Z $IIMWV,54.2,T,15.7,N,A*3B
2026-03-01T08:01:00.000Z $IIRPM,E,1,0,,A*66
2026-03-01T08:01:00.000Z $IIRSA,4.1,A,,V*7C
2026-03-01T08:01:00.000Z $IIVHW,296.9,T,,M,5.3,N,,K*57
2026-03-01T08:01:00.000Z $IIXDR,V,12.31,V,BATT*62
2026-03-01T08:01:10.000Z $GPGGA,080110,5259.5862,N,00443.2312,E,2,9,0.9,2.5,M,,M,,*63
2026-03-01T08:01:10.000Z $GPRMC,080110,A,5259.5862,N,00443.2312,E,6.2,300.8,010326,,,A*72
2026-03-01T08:01:10.000Z $IIDBT,63.5,f,19.3,M,10.6,F*2D
2026-03-01T08:01:10.000Z $IIHDG,296.9,,,1.2,E*25
2026-03-01T08:01:10.000Z $IIMWV,54.2,T,14.0,N,A*3D
2026-03-01T08:01:10.000Z $IIRPM,E,1,0,,A*66
2026-03-01T08:01:10.000Z $IIRSA,-4.6,A,,V*56
2026-03-01T08:01:10.000Z $IIVHW,296.9,T,,M,5.7,N,,K*53
2026-03-01T08:01:20.000Z $GPGGA,080120,5259.5788,N,00443.2341,E,2,10,0.9,2.5,M,,M,,*55
2026-03-01T08:01:20.000Z $GPRMC,080120,A,5259.5788,N,00443.2341,E,5.2,307.3,010326,,,A*73
2026-03-01T08:01:20.000Z $IIDBT,48.8,f,14.9,M,8.1,F*10
2026-03-01T08:01:20.000Z $IIHDG,298.2,,,1.2,E*20
2026-03-01T08:01:20.000Z $IIMWV,47.1,T,15.5,N,A*38
2026-03-01T08:01:20.000Z $IIRPM,E,1,0,,A*66
2026-03-01T08:01:20.000Z $IIRSA,2.8,A,,V*73
2026-03-01T08:01:20.000Z $IIVHW,298.2,T,,M,4.9,N,,K*59
2026-03-01T08:01:30.000Z !AIVDM,1,1,,B,15N2449P00J`tC4;9g`R4?vN0<02,0*5E
2026-03-01T08:01:30.000Z $GPGGA,080130,5259.5760,N,00443.2158,E,2,9,0.9,2.5,M,,M,,*60
2026-03-01T08:01:30.000Z $GPRMC,080130,A,5259.5760,N,00443.2158,E,5.1,306.6,010326,,,A*79
2026-03-01T08:01:30.000Z $GPVTG,306.1,T,,M,5.1,N,9.5,K,A*01
2026-03-01T08:01:30.000Z $GPXTE,A,A,0.049,L,N,A*3E
2026-03-01T08:01:30.000Z $IIDBT,52.5,f,16.0,M,8.7,F*1B
2026-03-01T08:01:30.000Z $IIHDG,297.7,,,1.2,E*2A
2026-03-01T08:01:30.000Z $IIMTA,7.6,C*34
2026-03-01T08:01:30.000Z $IIMWV,60.5,T,15.3,N,A*3F
2026-03-01T08:01:30.000Z $IIRPM,E,1,0,,A*66
2026-03-01T08:01:30.000Z $IIRSA,-3.2,A,,V*55
2026-03-01T08:01:30.000Z $IIVHW,297.7,T,,M,4.7,N,,K*5D
2026-03-01T08:01:30.000Z $IIXDR,V,12.45,V,BATT*61
2026-03-01T08:01:40.000Z $GPGGA,080140,5259.5954,N,00443.2361,E,2,10,0.9,2.5,M,,M,,*5E
2026-03-01T08:01:40.000Z $GPRMC,080140,A,5259.5954,N,00443.2361,E,5.5,294.3,010326,,,A*74
2026-03-01T08:01:40.000Z $IIDBT,46.2,f,14.1,M,7.7,F*15
2026-03-01T08:01:40.000Z $IIHDG,297.0,,,1.2,E*2D
2026-03-01T08:01:40.000Z $IIMWV,59.4,T,14.8,N,A*3E
2026-03-01T08:01:40.000Z $IIRPM,E,1,0,,A*66
2026-03-01T08:01:40.000Z $IIRSA,-4.1,A,,V*51
2026-03-01T08:01:40.000Z $IIVHW,297.0,T,,M,5.0,N,,K*5C
2026-03-01T08:01:50.000Z $GPGGA,080150,5259.6010,N,00443.2012,E,2,9,0.9,2.5,M,,M,,*6A
2026-03-01T08:01:50.000Z $GPRMC,080150,A,5259.6010,N,00443.2012,E,5.1,298.2,010326,,,A*71
2026-03-01T08:01:50.000Z $IIDBT,52.7,f,16.1,M,8.8,F*17
2026-03-01T08:01:50.000Z $IIHDG,296.3,,,1.2,E*2F
2026-03-01T08:01:50.000Z $IIMWV,58.0,T,15.7,N,A*35
2026-03-01T08:01:50.000Z $IIRPM,E,1,0,,A*66
2026-03-01T08:01:50.000Z $IIRSA,4.3,A,,V*7E
2026-03-01T08:01:50.000Z $IIVHW,296.3,T,,M,4.6,N,,K*59
2026-03-01T08:02:00.000Z !AIVDO,1,1,,A,15RTd30000J`sV4;9a8H4?vP0000,0*7A
2026-03-01T08:02:00.000Z $GPGGA,080200,5259.6004,N,00443.2202,E,2,10,0.9,2.5,M,,M,,*52
2026-03-01T08:02:00.000Z $GPGSA,A,3,01,03,06,11,17,19,22,25,,,,,1.2,0.9,0.8*3D
2026-03-01T08:02:00.000Z $GPRMC,080200,A,5259.6004,N,00443.2202,E,5.8,302.6,010326,,,A*7E
2026-03-01T08:02:00.000Z $GPVTG,302.4,T,,M,5.8,N,10.8,K,A*3C
2026-03-01T08:02:00.000Z $GPXTE,A,A,0.019,R,N,A*25
2026-03-01T08:02:00.000Z $IIDBT,48.6,f,14.8,M,8.1,F*1F
2026-03-01T08:02:00.000Z $IIHDG,299.7,,,1.2,E*24
2026-03-01T08:02:00.000Z $IIMDA,29.9499,I,1.0142,B,8.0,C,,C,,,,,,,,,,*55
2026-03-01T08:02:00.000Z $IIMTA,7.7,C*35
2026-03-01T08:02:00.000Z $IIMTW,6.8,C*2D
2026-03-01T08:02:00.000Z $IIMWV,56.3,T,14.8,N,A*36
2026-03-01T08:02:00.000Z $IIRPM,E,1,0,,A*66
2026-03-01T08:02:00.000Z $IIRSA,0.4,A,,V*7D
2026-03-01T08:02:00.000Z $IIVHW,299.7,T,,M,5.5,N,,K*50
2026-03-01T08:02:00.000Z $IIXDR,V,12.37,V,BATT*64
2026-03-01T08:02:10.000Z $GPGGA,080210,5259.6018,N,00443.2168,E,2,10,0.9,2.5,M,,M,,*51
2026-03-01T08:02:10.000Z $GPRMC,080210,A,5259.6018,N,00443.2168,E,6.3,302.7,010326,,,A*74
2026-03-01T08:02:10.000Z $IIDBT,46.3,f,14.1,M,7.7,F*14
2026-03-01T08:02:10.000Z $IIHDG,299.9,,,1.2,E*2A
2026-03-01T08:02:10.000Z $IIMWV,59.2,T,15.7,N,A*36
2026-03-01T08:02:10.000Z $IIRPM,E,1,0,,A*66
2026-03-01T08:02:10.000Z $IIRSA,1.3,A,,V*7B
2026-03-01T08:02:10.000Z $IIVHW,299.9,T,,M,5.8,N,,K*53
2026-03-01T08:02:20.000Z $GPGGA,080220,5259.6034,N,00443.2027,E,2,10,0.9,2.5,M,,M,,*56
2026-03-01T08:02:20.000Z $GPRMC,080220,A,5259.6034,N,00443.2027,E,7.0,294.0,010326,,,A*78
2026-03-01T08:02:20.000Z $IIDBT,46.1,f,14.1,M,7.7,F*16
2026-03-01T08:02:20.000Z $IIHDG,298.6,,,1.2,E*24
2026-03-01T08:02:20.000Z $IIMWV,59.6,T,15.7,N,A*32
2026-03-01T08:02:20.000Z $IIRPM,E,1,0,,A*66
2026-03-01T08:02:20.000Z $IIRSA,-3.7,A,,V*50
2026-03-01T08:02:20.000Z $IIVHW,298.6,T,,M,6.5,N,,K*53
2026-03-01T08:02:30.000Z !AIVDM,1,1,,B,15N2451P00J`tC4;9g`R4?vN0<02,0*5E
2026-03-01T08:02:30.000Z $GPGGA,080230,5259.6019,N,00443.2047,E,2,8,0.9,2.5,M,,M,,*67
2026-03-01T08:02:30.000Z $GPRMC,080230,A,5259.6019,N,00443.2047,E,5.9,293.5,010326,,,A*79
2026-03-01T08:02:30.000Z $GPVTG,293.7,T,,M,5.9,N,11.0,K,A*3E
2026-03-01T08:02:30.000Z $GPXTE,A,A,0.038,R,N,A*26
2026-03-01T08:02:30.000Z $IIDBT,41.4,f,12.6,M,6.9,F*1A
2026-03-01T08:02:30.000Z $IIHDG,298.0,,,1.2,E*22
2026-03-01T08:02:30.000Z $IIMTA,7.5,C*37
2026-03-01T08:02:30.000Z $IIMWV,47.8,T,15.9,N,A*3D
2026-03-01T08:02:30.000Z $IIRPM,E,1,0,,A*66
2026-03-01T08:02:30.000Z $IIRSA,-1.8,A,,V*5D
2026-03-01T08:02:30.000Z $IIVHW,298.0,T,,M,5.6,N,,K*55
2026-03-01T08:02:30.000Z $IIXDR,V,12.48,V,BATT*6C
2026-03-01T08:02:40.000Z !AIVDM,1,1,,B,15N2451P00J`tC4;9g`R4?vN0<02,0*5E
2026-03-01T08:02:40.000Z $GPGGA,080240,5259.6234,N,00443.1884,E,2,8,0.9,2.5,M,,M,,*69
2026-03-01T08:02:40.000Z $GPRMC,080240,A,5259.6234,N,00443.1884,E,5.4,301.9,010326,,,A*7C
2026-03-01T08:02:40.000Z $IIDBT,52.9,f,16.1,M,8.8,F*19
2026-03-01T08:02:40.000Z $IIHDG,297.2,,,1.2,E*2F
2026-03-01T08:02:40.000Z $IIMWV,49.8,T,14.9,N,A*32
2026-03-01T08:02:40.000Z $IIRPM,E,1,0,,A*66
2026-03-01T08:02:40.000Z $IIRSA,-1.8,A,,V*5D
2026-03-01T08:02:40.000Z $IIVHW,297.2,T,,M,5.2,N,,K*5C
2026-03-01T08:02:50.000Z !AIVDM,1,1,,B,15N2445P00J`tC4;9g`R4?vN0<02,0*5E
2026-03-01T08:02:50.000Z $GPGGA,080250,5259.6233,N,00443.1876,E,2,11,0.9,2.5,M,,M,,*5A
2026-03-01T08:02:50.000Z $GPRMC,080250,A,5259.6233,N,00443.1876,E,5.1,299.9,010326,,,A*72
2026-03-01T08:02:50.000Z $IIDBT,69.1,f,21.0,M,11.5,F*29
2026-03-01T08:02:50.000Z $IIHDG,296.9,,,1.2,E*25
2026-03-01T08:02:50.000Z $IIMWV,55.9,T,14.8,N,A*3F
2026-03-01T08:02:50.000Z $IIRPM,E,1,0,,A*66
2026-03-01T08:02:50.000Z $IIRSA,3.8,A,,V*72
2026-03-01T08:02:50.000Z $IIVHW,296.9,T,,M,5.0,N,,K*54
2026-03-01T08:03:00.000Z !AIVDM,1,1,,B,15N2451P00J`tC4;9g`R4?vN0<02,0*5E
2026-03-01T08:03:00.000Z !AIVDO,1,1,,A,15RTd30000J`sV4;9a8H4?vP0000,0*7A
2026-03-01T08:03:00.000Z $GPGGA,080300,5259.6261,N,00443.1835,E,2,11,0.9,2.5,M,,M,,*5E
2026-03-01T08:03:00.000Z $GPGSA,A,3,01,03,06,11,17,19,22,25,,,,,1.2,0.9,0.8*3D
2026-03-01T08:03:00.000Z $GPRMC,080300,A,5259.6261,N,00443.1835,E,7.0,302.8,010326,,,A*77
2026-03-01T08:03:00.000Z $GPVTG,302.4,T,,M,7.0,N,12.9,K,A*35
2026-03-01T08:03:00.000Z $GPXTE,A,A,0.004,L,N,A*37
2026-03-01T08:03:00.000Z $IIDBT,61.8,f,18.8,M,10.3,F*2D
2026-03-01T08:03:00.000Z $IIHDG,299.0,,,1.2,E*23
2026-03-01T08:03:00.000Z $IIMDA,29.9526,I,1.0143,B,8.0,C,,C,,,,,,,,,,*51
2026-03-01T08:03:00.000Z $IIMTA,8.0,C*3D
2026-03-01T08:03:00.000Z $IIMTW,6.3,C*26
2026-03-01T08:03:00.000Z $IIMWV,62.9,T,15.6,N,A*34
2026-03-01T08:03:00.000Z $IIRPM,E,1,0,,A*66
2026-03-01T08:03:00.000Z $IIRSA,-2.6,A,,V*50
2026-03-01T08:03:00.000Z $IIVHW,299.0,T,,M,6.5,N,,K*54
2026-03-01T08:03:00.000Z $IIXDR,V,12.35,V,BATT*66
2026-03-01T08:03:10.000Z $GPGGA,080310,5259.6337,N,00443.1859,E,2,11,0.9,2.5,M,,M,,*57
2026-03-01T08:03:10.000Z $GPRMC,080310,A,5259.6337,N,00443.1859,E,6.7,295.9,010326,,,A*76
2026-03-01T08:03:10.000Z $IIDBT,55.1,f,16.8,M,9.2,F*14
2026-03-01T08:03:10.000Z $IIHDG,298.6,,,1.2,E*24
2026-03-01T08:03:10.000Z $IIMWV,54.6,T,15.6,N,A*3E
2026-03-01T08:03:10.000Z $IIRPM,E,1,0,,A*66
2026-03-01T08:03:10.000Z $IIRSA,1.2,A,,V*7A
2026-03-01T08:03:10.000Z $IIVHW,298.6,T,,M,6.3,N,,K*55
2026-03-01T08:03:20.000Z $GPGGA,080320,5259.6286,N,00443.1650,E,2,11,0.9,2.5,M,,M,,*58
2026-03-01T08:03:20.000Z $GPRMC,080320,A,5259.6286,N,00443.1650,E,6.9,296.3,010326,,,A*7E
2026-03-01T08:03:20.000Z $IIDBT,38.6,f,11.8,M,6.4,F*16
2026-03-01T08:03:20.000Z $IIHDG,297.5,,,1.2,E*28
2026-03-01T08:03:20.000Z $IIMWV,47.2,T,14.2,N,A*3D
2026-03-01T08:03:20.000Z $IIRPM,E,1,0,,A*66
2026-03-01T08:03:20.000Z $IIRSA,1.3,A,,V*7B
2026-03-01T08:03:20.000Z $IIVHW,297.5,T,,M,6.8,N,,K*52
2026-03-01T08:03:30.000Z !AIVDM,1,1,,B,15N2445P00J`tC4;9g`R4?vN0<02,0*5E
2026-03-01T08:03:30.000Z $GPGGA,080330,5259.6340,N,00443.1656,E,2,9,0.9,2.5,M,,M,,*6D
2026-03-01T08:03:30.000Z $GPRMC,080330,A,5259.6340,N,00443.1656,E,5.1,301.4,010326,,,A*71
2026-03-01T08:03:30.000Z $GPVTG,301.5,T,,M,5.1,N,9.5,K,A*02
2026-03-01T08:03:30.000Z $GPXTE,A,A,0.020,R,N,A*2F
2026-03-01T08:03:30.000Z $IIDBT,40.3,f,12.3,M,6.7,F*17
2026-03-01T08:03:30.000Z $IIHDG,298.6,,,1.2,E*24
2026-03-01T08:03:30.000Z $IIMTA,8.1,C*3C
2026-03-01T08:03:30.000Z $IIMWV,52.5,T,14.1,N,A*3D
2026-03-01T08:03:30.000Z $IIRPM,E,1,0,,A*66
2026-03-01T08:03:30.000Z $IIRSA,1.5,A,,V*7D
2026-03-01T08:03:30.000Z $IIVHW,298.6,T,,M,4.8,N,,K*5C
2026-03-01T08:03:30.000Z $IIXDR,V,12.41,V,BATT*65
2026-03-01T08:03:40.000Z $GPGGA,080340,5259.6324,N,00443.1680,E,2,10,0.9,2.5,M,,M,,*5B
2026-03-01T08:03:40.000Z $GPRMC,080340,A,5259.6324,N,00443.1680,E,6.3,295.4,010326,,,A*72
2026-03-01T08:03:40.000Z $IIDBT,52.7,f,16.1,M,8.8,F*17
2026-03-01T08:03:40.000Z $IIHDG,297.3,,,1.2,E*2E
2026-03-01T08:03:40.000Z $IIMWV,62.0,T,15.5,N,A*3E
2026-03-01T08:03:40.000Z $IIRPM,E,1,0,,A*66
2026-03-01T08:03:40.000Z $IIRSA,-0.7,A,,V*53
2026-03-01T08:03:40.000Z $IIVHW,297.3,T,,M,6.1,N,,K*5D
2026-03-01T08:03:50.000Z !AIVDM,1,1,,B,15N2447P00J`tC4;9g`R4?vN0<02,0*5E
2026-03-01T08:03:50.000Z $GPGGA,080350,5259.6491,N,00443.1567,E,2,10,0.9,2.5,M,,M,,*59
2026-03-01T08:03:50.000Z $GPRMC,080350,A,5259.6491,N,00443.1567,E,5.9,300.4,010326,,,A*74
2026-03-01T08:03:50.000Z $IIDBT,62.0,f,18.9,M,10.3,F*27
2026-03-01T08:03:50.000Z $IIHDG,299.2,,,1.2,E*21
2026-03-01T08:03:50.000Z $IIMWV,53.2,T,15.3,N,A*38
2026-03-01T08:03:50.000Z $IIRPM,E,1,0,,A*66
2026-03-01T08:03:50.000Z $IIRSA,-4.2,A,,V*52
2026-03-01T08:03:50.000Z $IIVHW,299.2,T,,M,5.6,N,,K*56
2026-03-01T08:04:00.000Z !AIVDO,1,1,,A,15RTd30000J`sV4;9a8H4?vP0000,0*7A
2026-03-01T08:04:00.000Z $GPGGA,080400,5259.6542,N,00443.1780,E,2,11,0.9,2.5,M,,M,,*5E
2026-03-01T08:04:00.000Z $GPGSA,A,3,01,03,06,11,17,19,22,25,,,,,1.2,0.9,0.8*3D
2026-03-01T08:04:00.000Z $GPRMC,080400,A,5259.6542,N,00443.1780,E,5.4,299.5,010326,,,A*7F
2026-03-01T08:04:00.000Z $GPVTG,299.2,T,,M,5.4,N,10.1,K,A*3C
2026-03-01T08:04:00.000Z $GPXTE,A,A,0.047,R,N,A*2E
2026-03-01T08:04:00.000Z $IIDBT,65.0,f,19.8,M,10.8,F*2B
2026-03-01T08:04:00.000Z $IIHDG,296.9,,,1.2,E*25
2026-03-01T08:04:00.000Z $IIMDA,29.9629,I,1.0147,B,7.8,C,,C,,,,,,,,,,*5E
2026-03-01T08:04:00.000Z $IIMTA,7.6,C*34
2026-03-01T08:04:00.000Z $IIMTW,6.4,C*21
2026-03-01T08:04:00.000Z $IIMWV,51.4,T,14.5,N,A*3B
2026-03-01T08:04:00.000Z $IIRPM,E,1,0,,A*66
2026-03-01T08:04:00.000Z $IIRSA,3.4,A,,V*7E
2026-03-01T08:04:00.000Z $IIVHW,296.9,T,,M,5.2,N,,K*56
2026-03-01T08:04:00.000Z $IIXDR,V,12.42,V,BATT*66
2026-03-01T08:04:10.000Z $GPGGA,080410,5259.6479,N,00443.1623,E,2,11,0.9,2.5,M,,M,,*5E
2026-03-01T08:04:10.000Z $GPRMC,080410,A,5259.6479,N,00443.1623,E,5.9,294.9,010326,,,A*73
2026-03-01T08:04:10.000Z $IIDBT,49.6,f,15.1,M,8.3,F*14
2026-03-01T08:04:10.000Z $IIHDG,296.8,,,1.2,E*24
2026-03-01T08:04:10.000Z $IIMWV,50.5,T,14.4,N,A*3A
2026-03-01T08:04:10.000Z $IIRPM,E,1,0,,A*66
2026-03-01T08:04:10.000Z $IIRSA,-4.1,A,,V*51
2026-03-01T08:04:10.000Z $IIVHW,296.8,T,,M,5.6,N,,K*53
2026-03-01T08:04:20.000Z $GPGGA,080420,5259.6614,N,00443.1507,E,2,10,0.9,2.5,M,,M,,*50
2026-03-01T08:04:20.000Z $GPRMC,080420,A,5259.6614,N,00443.1507,E,5.7,298.3,010326,,,A*74
2026-03-01T08:04:20.000Z $IIDBT,38.4,f,11.7,M,6.4,F*1B
2026-03-01T08:04:20.000Z $IIHDG,297.1,,,1.2,E*2C
2026-03-01T08:04:20.000Z $IIMWV,51.8,T,14.2,N,A*30
2026-03-01T08:04:20.000Z $IIRPM,E,1,0,,A*66
2026-03-01T08:04:20.000Z $IIRSA,-3.0,A,,V*57
2026-03-01T08:04:20.000Z $IIVHW,297.1,T,,M,5.5,N,,K*58
2026-03-01T08:04:30.000Z $GPGGA,080430,5259.6551,N,00443.1476,E,2,9,0.9,2.5,M,,M,,*6C
2026-03-01T08:04:30.000Z $GPRMC,080430,A,5259.6551,N,00443.1476,E,5.2,293.0,010326,,,A*7D
2026-03-01T08:04:30.000Z $GPVTG,293.4,T,,M,5.2,N,9.7,K,A*08
2026-03-01T08:04:30.000Z $GPXTE,A,A,0.006,L,N,A*35
2026-03-01T08:04:30.000Z $IIDBT,66.9,f,20.4,M,11.1,F*2F
2026-03-01T08:04:30.000Z $IIHDG,299.3,,,1.2,E*20
2026-03-01T08:04:30.000Z $IIMTA,8.0,C*3D
2026-03-01T08:04:30.000Z $IIMWV,58.1,T,14.9,N,A*3B
2026-03-01T08:04:30.000Z $IIRPM,E,1,0,,A*66
2026-03-01T08:04:30.000Z $IIRSA,-1.3,A,,V*56
2026-03-01T08:04:30.000Z $IIVHW,299.3,T,,M,5.1,N,,K*50
2026-03-01T08:04:30.000Z $IIXDR,V,12.48,V,BATT*6C
2026-03-01T08:04:40.000Z $GPGGA,080440,5259.6535,N,00443.1502,E,2,11,0.9,2.5,M,,M,,*52
2026-03-01T08:04:40.000Z $GPRMC,080440,A,5259.6535,N,00443.1502,E,5.6,307.0,010326,,,A*72
2026-03-01T08:04:40.000Z $IIDBT,60.9,f,18.6,M,10.2,F*22
2026-03-01T08:04:40.000Z $IIHDG,296.9,,,1.2,E*25
2026-03-01T08:04:40.000Z $IIMWV,57.4,T,15.5,N,A*3C
2026-03-01T08:04:40.000Z $IIRPM,E,1,0,,A*66
2026-03-01T08:04:40.000Z $IIRSA,0.5,A,,V*7C
2026-03-01T08:04:40.000Z $IIVHW,296.9,T,,M,5.5,N,,K*51
2026-03-01T08:04:50.000Z !AIVDM,1,1,,B,15N2447P00J`tC4;9g`R4?vN0<02,0*5E
2026-03-01T08:04:50.000Z $GPGGA,080450,5259.6650,N,00443.1516,E,2,10,0.9,2.5,M,,M,,*57
2026-03-01T08:04:50.000Z $GPRMC,080450,A,5259.6650,N,00443.1516,E,6.9,293.2,010326,,,A*74
2026-03-01T08:04:50.000Z $IIDBT,50.1,f,15.3,M,8.4,F*1E
2026-03-01T08:04:50.000Z $IIHDG,299.6,,,1.2,E*25
2026-03-01T08:04:50.000Z $IIMWV,58.8,T,15.3,N,A*39
2026-03-01T08:04:50.000Z $IIRPM,E,1,0,,A*66
2026-03-01T08:04:50.000Z $IIRSA,1.4,A,,V*7C
2026-03-01T08:04:50.000Z $IIVHW,299.6,T,,M,6.8,N,,K*5F
2026-03-01T08:05:00.000Z !AIVDM,1,1,,B,15N2447P00J`tC4;9g`R4?vN0<02,0*5E
2026-03-01T08:05:00.000Z !AIVDO,1,1,,A,15RTd30000J`sV4;9a8H4?vP0000,0*7A
2026-03-01T08:05:00.000Z $GPGGA,080500,5259.6779,N,00443.1378,E,2,8,0.9,2.5,M,,M,,*6E
2026-03-01T08:05:00.000Z $GPGSA,A,3,01,03,06,11,17,19,22,25,,,,,1.2,0.9,0.8*3D
2026-03-01T08:05:00.000Z $GPRMC,080500,A,5259.6779,N,00443.1378,E,6.8,301.7,010326,,,A*7A
2026-03-01T08:05:00.000Z $GPVTG,301.9,T,,M,6.8,N,12.6,K,A*3D
2026-03-01T08:05:00.000Z $GPXTE,A,A,0.018,L,N,A*3A
2026-03-01T08:05:00.000Z $IIDBT,49.3,f,15.0,M,8.2,F*11
2026-03-01T08:05:00.000Z $IIHDG,297.9,,,1.2,E*24
2026-03-01T08:05:00.000Z $IIMDA,29.9539,I,1.0144,B,8.0,C,,C,,,,,,,,,,*58
2026-03-01T08:05:00.000Z $IIMTA,7.9,C*3B
2026-03-01T08:05:00.000Z $IIMTW,6.7,C*22
2026-03-01T08:05:00.000Z $IIMWV,56.7,T,14.5,N,A*3F
2026-03-01T08:05:00.000Z $IIRPM,E,1,0,,A*66
2026-03-01T08:05:00.000Z $IIRSA,-5.0,A,,V*51
2026-03-01T08:05:00.000Z $IIVHW,297.9,T,,M,6.4,N,,K*52
2026-03-01T08:05:00.000Z $IIXDR,V,12.36,V,BATT*65
2026-03-01T08:05:10.000Z $GPGGA,080510,5259.6711,N,00443.1510,E,2,10,0.9,2.5,M,,M,,*50
2026-03-01T08:05:10.000Z $GPRMC,080510,A,5259.6711,N,00443.1510,E,6.0,302.4,010326,,,A*75
2026-03-01T08:05:10.000Z $IIDBT,40.0,f,12.2,M,6.7,F*15
2026-03-01T08:05:10.000Z $IIHDG,296.2,,,1.2,E*2E
2026-03-01T08:05:10.000Z $IIMWV,60.9,T,14.5,N,A*34
2026-03-01T08:05:10.000Z $IIRPM,E,1,0,,A*66
2026-03-01T08:05:10.000Z $IIRSA,0.1,A,,V*78
2026-03-01T08:05:10.000Z $IIVHW,296.2,T,,M,5.9,N,,K*56
2026-03-01T08:05:20.000Z $GPGGA,080520,5259.6769,N,00443.1221,E,2,8,0.9,2.5,M,,M,,*60
2026-03-01T08:05:20.000Z $GPRMC,080520,A,5259.6769,N,00443.1221,E,6.1,298.6,010326,,,A*7D
2026-03-01T08:05:20.000Z $IIDBT,66.1,f,20.2,M,11.0,F*20
2026-03-01T08:05:20.000Z $IIHDG,297.9,,,1.2,E*24
2026-03-01T08:05:20.000Z $IIMWV,51.2,T,14.2,N,A*3A
2026-03-01T08:05:20.000Z $IIRPM,E,1,0,,A*66
2026-03-01T08:05:20.000Z $IIRSA,-4.4,A,,V*54
2026-03-01T08:05:20.000Z $IIVHW,297.9,T,,M,5.9,N,,K*5C
2026-03-01T08:05:30.000Z !AIVDM,1,1,,B,15N2445P00J`tC4;9g`R4?vN0<02,0*5E
2026-03-01T08:05:30.000Z $GPGGA,080530,5259.6828,N,00443.1517,E,2,10,0.9,2.5,M,,M,,*50
2026-03-01T08:05:30.000Z $GPRMC,080530,A,5259.6828,N,00443.1517,E,6.5,294.8,010326,,,A*72
2026-03-01T08:05:30.000Z $GPVTG,294.1,T,,M,6.5,N,12.0,K,A*33
2026-03-01T08:05:30.000Z $GPXTE,A,A,0.025,R,N,A*2A
2026-03-01T08:05:30.000Z $IIDBT,50.5,f,15.4,M,8.4,F*1D
2026-03-01T08:05:30.000Z $IIHDG,298.8,,,1.2,E*2A
2026-03-01T08:05:30.000Z $IIMTA,7.7,C*35
2026-03-01T08:05:30.000Z $IIMWV,57.9,T,15.2,N,A*36
2026-03-01T08:05:30.000Z $IIRPM,E,1,0,,A*66
2026-03-01T08:05:30.000Z $IIRSA,4.2,A,,V*7F
2026-03-01T08:05:30.000Z $IIVHW,298.8,T,,M,6.0,N,,K*58
2026-03-01T08:05:30.000Z $IIXDR,V,12.40,V,BATT*64
2026-03-01T08:05:40.000Z $GPGGA,080540,5259.6885,N,00443.1280,E,2,11,0.9,2.5,M,,M,,*58
2026-03-01T08:05:40.000Z $GPRMC,080540,A,5259.6885,N,00443.1280,E,5.1,292.6,010326,,,A*74
2026-03-01T08:05:40.000Z $IIDBT,66.2,f,20.2,M,11.0,F*23
2026-03-01T08:05:40.000Z $IIHDG,298.0,,,1.2,E*22
2026-03-01T08:05:40.000Z $IIMWV,50.9,T,14.9,N,A*3B
2026-03-01T08:05:40.000Z $IIRPM,E,1,0,,A*66
2026-03-01T08:05:40.000Z $IIRSA,-4.1,A,,V*51
2026-03-01T08:05:40.000Z $IIVHW,298.0,T,,M,5.0,N,,K*53
2026-03-01T08:05:50.000Z $GPGGA,080550,5259.6918,N,00443.1264,E,2,8,0.9,2.5,M,,M,,*6E
2026-03-01T08:05:50.000Z $GPRMC,080550,A,5259.6918,N,00443.1264,E,5.6,293.0,010326,,,A*7A
2026-03-01T08:05:50.000Z $IIDBT,57.1,f,17.4,M,9.5,F*1C
2026-03-01T08:05:50.000Z $IIHDG,297.0,,,1.2,E*2D
2026-03-01T08:05:50.000Z $IIMWV,48.5,T,14.6,N,A*31
2026-03-01T08:05:50.000Z $IIRPM,E,1,0,,A*66
2026-03-01T08:05:50.000Z $IIRSA,2.5,A,,V*7E
2026-03-01T08:05:50.000Z $IIVHW,297.0,T,,M,5.3,N,,K*5F
2026-03-01T08:06:00.000Z !AIVDM,1,1,,B,15N2449P00J`tC4;9g`R4?vN0<02,0*5E
2026-03-01T08:06:00.000Z !AIVDO,1,1,,A,15RTd30000J`sV4;9a8H4?vP0000,0*7A
2026-03-01T08:06:00.000Z $GPGGA,080600,5259.7027,N,00443.1347,E,2,10,0.9,2.5,M,,M,,*55
2026-03-01T08:06:00.000Z $GPGSA,A,3,01,03,06,11,17,19,22,25,,,,,1.2,0.9,0.8*3D
2026-03-01T08:06:00.000Z $GPRMC,080600,A,5259.7027,N,00443.1347,E,5.5,297.8,010326,,,A*77
2026-03-01T08:06:00.000Z $GPVTG,297.1,T,,M,5.5,N,10.1,K,A*30
2026-03-01T08:06:00.000Z $GPXTE,A,A,0.005,R,N,A*28
2026-03-01T08:06:00.000Z $IIDBT,61.3,f,18.7,M,10.2,F*28
2026-03-01T08:06:00.000Z $IIHDG,298.8,,,1.2,E*2A
2026-03-01T08:06:00.000Z $IIMDA,29.9469,I,1.0141,B,7.9,C,,C,,,,,,,,,,*5F
2026-03-01T08:06:00.000Z $IIMTA,7.6,C*34
2026-03-01T08:06:00.000Z $IIMTW,6.3,C*26
2026-03-01T08:06:00.000Z $IIMWV,57.0,T,15.2,N,A*3F
2026-03-01T08:06:00.000Z $IIRPM,E,1,0,,A*66
2026-03-01T08:06:00.000Z $IIRSA,1.5,A,,V*7D
2026-03-01T08:06:00.000Z $IIVHW,298.8,T,,M,5.1,N,,K*5A
2026-03-01T08:06:00.000Z $IIXDR,V,12.37,V,BATT*64
2026-03-01T08:06:10.000Z !AIVDM,1,1,,B,15N2446P00J`tC4;9g`R4?vN0<02,0*5E
2026-03-01T08:06:10.000Z $GPGGA,080610,5259.6984,N,00443.1317,E,2,9,0.9,2.5,M,,M,,*68
2026-03-01T08:06:10.000Z $GPRMC,080610,A,5259.6984,N,00443.1317,E,6.3,292.9,010326,,,A*73
2026-03-01T08:06:10.000Z $IIDBT,68.1,f,20.8,M,11.4,F*20
2026-03-01T08:06:10.000Z $IIHDG,298.5,,,1.2,E*27
2026-03-01T08:06:10.000Z $IIMWV,52.2,T,14.3,N,A*38
2026-03-01T08:06:10.000Z $IIRPM,E,1,0,,A*66
2026-03-01T08:06:10.000Z $IIRSA,-4.4,A,,V*54
2026-03-01T08:06:10.000Z $IIVHW,298.5,T,,M,5.8,N,,K*5E
2026-03-01T08:06:20.000Z $GPGGA,080620,5259.7067,N,00443.1209,E,2,10,0.9,2.5,M,,M,,*58
2026-03-01T08:06:20.000Z $GPRMC,080620,A,5259.7067,N,00443.1209,E,6.2,299.0,010326,,,A*78
2026-03-01T08:06:20.000Z $IIDBT,70.2,f,21.4,M,11.7,F*24
2026-03-01T08:06:20.000Z $IIHDG,298.0,,,1.2,E*22
2026-03-01T08:06:20.000Z $IIMWV,54.0,T,14.3,N,A*3C
2026-03-01T08:06:20.000Z $IIRPM,E,1,0,,A*66
2026-03-01T08:06:20.000Z $IIRSA,-0.2,A,,V*56
2026-03-01T08:06:20.000Z $IIVHW,298.0,T,,M,5.8,N,,K*5B
2026-03-01T08:06:30.000Z $GPGGA,080630,5259.6996,N,00443.1221,E,2,10,0.9,2.5,M,,M,,*55
2026-03-01T08:06:30.000Z $GPRMC,080630,A,5259.6996,N,00443.1221,E,6.2,305.5,010326,,,A*74
2026-03-01T08:06:30.000Z $GPVTG,305.9,T,,M,6.2,N,11.4,K,A*32
2026-03-01T08:06:30.000Z $GPXTE,A,A,0.030,R,N,A*2E
2026-03-01T08:06:30.000Z $IIDBT,65.1,f,19.8,M,10.9,F*2B
2026-03-01T08:06:30.000Z $IIHDG,297.7,,,1.2,E*2A
2026-03-01T08:06:30.000Z $IIMTA,7.7,C*35
2026-03-01T08:06:30.000Z $IIMWV,52.0,T,15.7,N,A*3F
2026-03-01T08:06:30.000Z $IIRPM,E,1,0,,A*66
2026-03-01T08:06:30.000Z $IIRSA,-0.9,A,,V*5D
2026-03-01T08:06:30.000Z $IIVHW,297.7,T,,M,5.9,N,,K*52
2026-03-01T08:06:30.000Z $IIXDR,V,12.39,V,BATT*6A
2026-03-01T08:06:40.000Z !AIVDM,1,1,,B,15N2446P00J`tC4;9g`R4?vN0<02,0*5E
2026-03-01T08:06:40.000Z $GPGGA,080640,5259.7191,N,00443.1157,E,2,8,0.9,2.5,M,,M,,*67
2026-03-01T08:06:40.000Z $GPRMC,080640,A,5259.7191,N,00443.1157,E,5.5,296.3,010326,,,A*76
2026-03-01T08:06:40.000Z $IIDBT,58.1,f,17.7,M,9.7,F*12
2026-03-01T08:06:40.000Z $IIHDG,296.1,,,1.2,E*2D
2026-03-01T08:06:40.000Z $IIMWV,55.6,T,14.2,N,A*3A
2026-03-01T08:06:40.000Z $IIRPM,E,1,0,,A*66
2026-03-01T08:06:40.000Z $IIRSA,-2.5,A,,V*53
2026-03-01T08:06:40.000Z $IIVHW,296.1,T,,M,5.0,N,,K*5C
2026-03-01T08:06:50.000Z !AIVDM,1,1,,B,15N2449P00J`tC4;9g`R4?vN0<02,0*5E
2026-03-01T08:06:50.000Z $GPGGA,080650,5259.7303,N,00443.1110,E,2,9,0.9,2.5,M,,M,,*6D
2026-03-01T08:06:50.000Z $GPRMC,080650,A,5259.7303,N,00443.1110,E,5.3,292.6,010326,,,A*7A
2026-03-01T08:06:50.000Z $IIDBT,62.5,f,19.0,M,10.4,F*2D
2026-03-01T08:06:50.000Z $IIHDG,298.1,,,1.2,E*23
2026-03-01T08:06:50.000Z $IIMWV,55.3,T,15.2,N,A*3E
2026-03-01T08:06:50.000Z $IIRPM,E,1,0,,A*66
2026-03-01T08:06:50.000Z $IIRSA,3.1,A,,V*7B
2026-03-01T08:06:50.000Z $IIVHW,298.1,T,,M,4.9,N,,K*5A
2026-03-01T08:07:00.000Z !AIVDO,1,1,,A,15RTd30000J`sV4;9a8H4?vP0000,0*7A
2026-03-01T08:07:00.000Z $GPGGA,080700,5259.7121,N,00443.0995,E,2,11,0.9,2.5,M,,M,,*56
2026-03-01T08:07:00.000Z $GPGSA,A,3,01,03,06,11,17,19,22,25,,,,,1.2,0.9,0.8*3D
2026-03-01T08:07:00.000Z $GPRMC,080700,A,5259.7121,N,00443.0995,E,5.1,301.6,010326,,,A*71
2026-03-01T08:07:00.000Z $GPVTG,301.5,T,,M,5.1,N,9.5,K,A*02
2026-03-01T08:07:00.000Z $GPXTE,A,A,0.024,L,N,A*35
2026-03-01T08:07:00.000Z $IIDBT,36.3,f,11.1,M,6.0,F*10
2026-03-01T08:07:00.000Z $IIHDG,297.2,,,1.2,E*2F
2026-03-01T08:07:00.000Z $IIMDA,29.9696,I,1.0149,B,7.7,C,,C,,,,,,,,,,*5B
2026-03-01T08:07:00.000Z $IIMTA,8.0,C*3D
2026-03-01T08:07:00.000Z $IIMTW,6.6,C*23
2026-03-01T08:07:00.000Z $IIMWV,50.8,T,15.4,N,A*36
2026-03-01T08:07:00.000Z $IIRPM,E,1,0,,A*66
2026-03-01T08:07:00.000Z $IIRSA,-3.5,A,,V*52
2026-03-01T08:07:00.000Z $IIVHW,297.2,T,,M,5.0,N,,K*5E
2026-03-01T08:07:00.000Z $IIXDR,V,12.31,V,BATT*62
2026-03-01T08:07:10.000Z $GPGGA,080710,5259.7171,N,00443.1157,E,2,10,0.9,2.5,M,,M,,*54
2026-03-01T08:07:10.000Z $GPRMC,080710,A,5259.7171,N,00443.1157,E,6.0,304.7,010326,,,A*74
2026-03-01T08:07:10.000Z $IIDBT,70.5,f,21.5,M,11.7,F*22
2026-03-01T08:07:10.000Z $IIHDG,297.0,,,1.2,E*2D
2026-03-01T08:07:10.000Z $IIMWV,47.4,T,14.0,N,A*39
2026-03-01T08:07:10.000Z $IIRPM,E,1,0,,A*66
2026-03-01T08:07:10.000Z $IIRSA,-0.1,A,,V*55
2026-03-01T08:07:10.000Z $IIVHW,297.0,T,,M,5.6,N,,K*5A
2026-03-01T08:07:20.000Z !AIVDM,1,1,,B,15N2445P00J`tC4;9g`R4?vN0<02,0*5E
2026-03-01T08:07:20.000Z $GPGGA,080720,5259.7355,N,00443.0792,E,2,9,0.9,2.5,M,,M,,*65
2026-03-01T08:07:20.000Z $GPRMC,080720,A,5259.7355,N,00443.0792,E,6.1,305.0,010326,,,A*7A
2026-03-01T08:07:20.000Z $IIDBT,53.5,f,16.3,M,8.9,F*17
2026-03-01T08:07:20.000Z $IIHDG,299.3,,,1.2,E*20
2026-03-01T08:07:20.000Z $IIMWV,56.0,T,14.6,N,A*3B
2026-03-01T08:07:20.000Z $IIRPM,E,1,0,,A*66
2026-03-01T08:07:20.000Z $IIRSA,0.6,A,,V*7F
2026-03-01T08:07:20.000Z $IIVHW,299.3,T,,M,5.8,N,,K*59
2026-03-01T08:07:30.000Z !AIVDM,1,1,,B,15N2449P00J`tC4;9g`R4?vN0<02,0*5E
2026-03-01T08:07:30.000Z $GPGGA,080730,5259.7291,N,00443.0941,E,2,11,0.9,2.5,M,,M,,*54
2026-03-01T08:07:30.000Z $GPRMC,080730,A,5259.7291,N,00443.0941,E,5.4,306.0,010326,,,A*77
2026-03-01T08:07:30.000Z $GPVTG,306.9,T,,M,5.4,N,9.9,K,A*00
2026-03-01T08:07:30.000Z $GPXTE,A,A,0.001,L,N,A*32
2026-03-01T08:07:30.000Z $IIDBT,58.1,f,17.7,M,9.7,F*12
2026-03-01T08:07:30.000Z $IIHDG,299.3,,,1.2,E*20
2026-03-01T08:07:30.000Z $IIMTA,7.8,C*3A
2026-03-01T08:07:30.000Z $IIMWV,51.3,T,14.0,N,A*39
2026-03-01T08:07:30.000Z $IIRPM,E,1,0,,A*66
2026-03-01T08:07:30.000Z $IIRSA,2.2,A,,V*79
2026-03-01T08:07:30.000Z $IIVHW,299.3,T,,M,5.1,N,,K*50
2026-03-01T08:07:30.000Z $IIXDR,V,12.39,V,BATT*6A
2026-03-01T08:07:40.000Z $GPGGA,080740,5259.7350,N,00443.1011,E,2,8,0.9,2.5,M,,M,,*6A
2026-03-01T08:07:40.000Z $GPRMC,080740,A,5259.7350,N,00443.1011,E,6.4,299.0,010326,,,A*75
2026-03-01T08:07:40.000Z $IIDBT,69.5,f,21.2,M,11.6,F*2C
2026-03-01T08:07:40.000Z $IIHDG,298.6,,,1.2,E*24
2026-03-01T08:07:40.000Z $IIMWV,52.2,T,14.0,N,A*3B
2026-03-01T08:07:40.000Z $IIRPM,E,1,0,,A*66
2026-03-01T08:07:40.000Z $IIRSA,1.7,A,,V*7F
2026-03-01T08:07:40.000Z $IIVHW,298.6,T,,M,6.2,N,,K*54
2026-03-01T08:07:50.000Z $GPGGA,080750,5259.7474,N,00443.1004,E,2,9,0.9,2.5,M,,M,,*6F
2026-03-01T08:07:50.000Z $GPRMC,080750,A,5259.7474,N,00443.1004,E,5.1,307.9,010326,,,A*78
2026-03-01T08:07:50.000Z $IIDBT,36.7,f,11.2,M,6.1,F*16
2026-03-01T08:07:50.000Z $IIHDG,298.6,,,1.2,E*24
2026-03-01T08:07:50.000Z $IIMWV,48.5,T,15.5,N,A*33
2026-03-01T08:07:50.000Z $IIRPM,E,1,0,,A*66
2026-03-01T08:07:50.000Z $IIRSA,-3.7,A,,V*50
2026-03-01T08:07:50.000Z $IIVHW,298.6,T,,M,4.9,N,,K*5D
2026-03-01T08:08:00.000Z !AIVDO,1,1,,A,15RTd30000J`sV4;9a8H4?vP0000,0*7A
2026-03-01T08:08:00.000Z $GPGGA,080800,5259.7560,N,00443.0919,E,2,10,0.9,2.5,M,,M,,*5D
2026-03-01T08:08:00.000Z $GPGSA,A,3,01,03,06,11,17,19,22,25,,,,,1.2,0.9,0.8*3D
2026-03-01T08:08:00.000Z $GPRMC,080800,A,5259.7560,N,00443.0919,E,6.1,304.3,010326,,,A*78
2026-03-01T08:08:00.000Z $GPVTG,304.3,T,,M,6.1,N,11.4,K,A*3A
2026-03-01T08:08:00.000Z $GPXTE,A,A,0.010,L,N,A*32
2026-03-01T08:08:00.000Z $IIDBT,49.5,f,15.1,M,8.3,F*17
2026-03-01T08:08:00.000Z $IIHDG,297.6,,,1.2,E*2B
2026-03-01T08:08:00.000Z $IIMDA,29.9473,I,1.0141,B,7.8,C,,C,,,,,,,,,,*55
2026-03-01T08:08:00.000Z $IIMTA,7.9,C*3B
2026-03-01T08:08:00.000Z $IIMTW,6.2,C*27
2026-03-01T08:08:00.000Z $IIMWV,56.3,T,15.1,N,A*3E
2026-03-01T08:08:00.000Z $IIRPM,E,1,0,,A*66
2026-03-01T08:08:00.000Z $IIRSA,4.2,A,,V*7F
2026-03-01T08:08:00.000Z $IIVHW,297.6,T,,M,5.7,N,,K*5D
2026-03-01T08:08:00.000Z $IIXDR,V,12.44,V,BATT*60
2026-03-01T08:08:10.000Z $GPGGA,080810,5259.7481,N,00443.0885,E,2,9,0.9,2.5,M,,M,,*6E
2026-03-01T08:08:10.000Z $GPRMC,080810,A,5259.7481,N,00443.0885,E,6.0,295.9,010326,,,A*71
2026-03-01T08:08:10.000Z $IIDBT,59.2,f,18.1,M,9.9,F*17
2026-03-01T08:08:10.000Z $IIHDG,297.5,,,1.2,E*28
2026-03-01T08:08:10.000Z $IIMWV,58.0,T,15.0,N,A*32
2026-03-01T08:08:10.000Z $IIRPM,E,1,0,,A*66
2026-03-01T08:08:10.000Z $IIRSA,4.2,A,,V*7F
2026-03-01T08:08:10.000Z $IIVHW,297.5,T,,M,5.6,N,,K*5F
2026-03-01T08:08:20.000Z $GPGGA,080820,5259.7475,N,00443.0659,E,2,11,0.9,2.5,M,,M,,*50
2026-03-01T08:08:20.000Z $GPRMC,080820,A,5259.7475,N,00443.0659,E,5.8,301.5,010326,,,A*7D
2026-03-01T08:08:20.000Z $IIDBT,34.0,f,10.4,M,5.7,F*11
2026-03-01T08:08:20.000Z $IIHDG,296.5,,,1.2,E*29
2026-03-01T08:08:20.000Z $IIMWV,48.2,T,15.8,N,A*39
2026-03-01T08:08:20.000Z $IIRPM,E,1,0,,A*66
2026-03-01T08:08:20.000Z $IIRSA,2.0,A,,V*7B
2026-03-01T08:08:20.000Z $IIVHW,296.5,T,,M,5.3,N,,K*5B
2026-03-01T08:08:30.000Z $GPGGA,080830,5259.7725,N,00443.0818,E,2,8,0.9,2.5,M,,M,,*64
2026-03-01T08:08:30.000Z $GPRMC,080830,A,5259.7725,N,00443.0818,E,5.9,294.1,010326,,,A*79
2026-03-01T08:08:30.000Z $GPVTG,294.7,T,,M,5.9,N,11.0,K,A*39
2026-03-01T08:08:30.000Z $GPXTE,A,A,0.035,R,N,A*2B
2026-03-01T08:08:30.000Z $IIDBT,34.1,f,10.4,M,5.7,F*10
2026-03-01T08:08:30.000Z $IIHDG,298.3,,,1.2,E*21
2026-03-01T08:08:30.000Z $IIMTA,7.9,C*3B
2026-03-01T08:08:30.000Z $IIMWV,47.9,T,14.7,N,A*33
2026-03-01T08:08:30.000Z $IIRPM,E,1,0,,A*66
2026-03-01T08:08:30.000Z $IIRSA,3.4,A,,V*7E
2026-03-01T08:08:30.000Z $IIVHW,298.3,T,,M,5.7,N,,K*57
2026-03-01T08:08:30.000Z $IIXDR,V,12.50,V,BATT*65
2026-03-01T08:08:40.000Z !AIVDM,1,1,,B,15N2451P00J`tC4;9g`R4?vN0<02,0*5E
2026-03-01T08:08:40.000Z $GPGGA,080840,5259.7670,N,00443.0701,E,2,11,0.9,2.5,M,,M,,*5D
2026-03-01T08:08:40.000Z $GPRMC,080840,A,5259.7670,N,00443.0701,E,5.8,297.3,010326,,,A*78
2026-03-01T08:08:40.000Z $IIDBT,67.5,f,20.6,M,11.2,F*23
2026-03-01T08:08:40.000Z $IIHDG,298.3,,,1.2,E*21
2026-03-01T08:08:40.000Z $IIMWV,53.7,T,14.5,N,A*3A
2026-03-01T08:08:40.000Z $IIRPM,E,1,0,,A*66
2026-03-01T08:08:40.000Z $IIRSA,-3.3,A,,V*54
2026-03-01T08:08:40.000Z $IIVHW,298.3,T,,M,5.5,N,,K*55
2026-03-01T08:08:50.000Z $GPGGA,080850,5259.7585,N,00443.0726,E,2,10,0.9,2.5,M,,M,,*51
2026-03-01T08:08:50.000Z $GPRMC,080850,A,5259.7585,N,00443.0726,E,6.0,298.5,010326,,,A*77
2026-03-01T08:08:50.000Z $IIDBT,43.0,f,13.1,M,7.2,F*10
2026-03-01T08:08:50.000Z $IIHDG,299.2,,,1.2,E*21
2026-03-01T08:08:50.000Z $IIMWV,49.2,T,15.5,N,A*35
2026-03-01T08:08:50.000Z $IIRPM,E,1,0,,A*66
2026-03-01T08:08:50.000Z $IIRSA,-2.8,A,,V*5E
2026-03-01T08:08:50.000Z $IIVHW,299.2,T,,M,5.8,N,,K*58
2026-03-01T08:09:00.000Z !AIVDO,1,1,,A,15RTd30000J`sV4;9a8H4?vP0000,0*7A
2026-03-01T08:09:00.000Z $GPGGA,080900,5259.7754,N,00443.0661,E,2,10,0.9,2.5,M,,M,,*59
2026-03-01T08:09:00.000Z $GPGSA,A,3,01,03,06,11,17,19,22,25,,,,,1.2,0.9,0.8*3D
2026-03-01T08:09:00.000Z $GPRMC,080900,A,5259.7754,N,00443.0661,E,5.0,296.0,010326,,,A*77
2026-03-01T08:09:00.000Z $GPVTG,296.5,T,,M,5.0,N,9.3,K,A*0A
2026-03-01T08:09:00.000Z $GPXTE,A,A,0.000,L,N,A*33
2026-03-01T08:09:00.000Z $IIDBT,60.1,f,18.3,M,10.0,F*2D
2026-03-01T08:09:00.000Z $IIHDG,297.6,,,1.2,E*2B
2026-03-01T08:09:00.000Z $IIMDA,29.9571,I,1.0145,B,7.7,C,,C,,,,,,,,,,*5D
2026-03-01T08:09:00.000Z $IIMTA,7.7,C*35
2026-03-01T08:09:00.000Z $IIMTW,6.8,C*2D
2026-03-01T08:09:00.000Z $IIMWV,56.4,T,15.9,N,A*31
2026-03-01T08:09:00.000Z $IIRPM,E,1,0,,A*66
2026-03-01T08:09:00.000Z $IIRSA,4.3,A,,V*7E
2026-03-01T08:09:00.000Z $IIVHW,297.6,T,,M,4.8,N,,K*53
2026-03-01T08:09:00.000Z $IIXDR,V,12.36,V,BATT*65
2026-03-01T08:09:10.000Z $GPGGA,080910,5259.7844,N,00443.0653,E,2,8,0.9,2.5,M,,M,,*6E
2026-03-01T08:09:10.000Z $GPRMC,080910,A,5259.7844,N,00443.0653,E,6.3,303.3,010326,,,A*77
2026-03-01T08:09:10.000Z $IIDBT,67.1,f,20.4,M,11.2,F*25
2026-03-01T08:09:10.000Z $IIHDG,298.3,,,1.2,E*21
2026-03-01T08:09:10.000Z $IIMWV,53.1,T,14.3,N,A*3A
2026-03-01T08:09:10.000Z $IIRPM,E,1,0,,A*66
2026-03-01T08:09:10.000Z $IIRSA,0.8,A,,V*71
2026-03-01T08:09:10.000Z $IIVHW,298.3,T,,M,6.0,N,,K*53
2026-03-01T08:09:20.000Z $GPGGA,080920,5259.7711,N,00443.0632,E,2,11,0.9,2.5,M,,M,,*5D
2026-03-01T08:09:20.000Z $GPRMC,080920,A,5259.7711,N,00443.0632,E,5.6,307.1,010326,,,A*7C
2026-03-01T08:09:20.000Z $IIDBT,41.9,f,12.8,M,7.0,F*11
2026-03-01T08:09:20.000Z $IIHDG,297.2,,,1.2,E*2F
2026-03-01T08:09:20.000Z $IIMWV,50.9,T,15.8,N,A*3B
2026-03-01T08:09:20.000Z $IIRPM,E,1,0,,A*66
2026-03-01T08:09:20.000Z $IIRSA,-0.3,A,,V*57
2026-03-01T08:09:20.000Z $IIVHW,297.2,T,,M,5.4,N,,K*5A
2026-03-01T08:09:30.000Z !AIVDM,1,1,,B,15N2446P00J`tC4;9g`R4?vN0<02,0*5E
2026-03-01T08:09:30.000Z $GPGGA,080930,5259.7762,N,00443.0502,E,2,9,0.9,2.5,M,,M,,*61
2026-03-01T08:09:30.000Z $GPRMC,080930,A,5259.7762,N,00443.0502,E,6.0,300.3,010326,,,A*79
2026-03-01T08:09:30.000Z $GPVTG,300.9,T,,M,6.0,N,11.1,K,A*30
2026-03-01T08:09:30.000Z $GPXTE,A,A,0.009,R,N,A*24
2026-03-01T08:09:30.000Z $IIDBT,52.6,f,16.0,M,8.8,F*17
2026-03-01T08:09:30.000Z $IIHDG,296.2,,,1.2,E*2E
2026-03-01T08:09:30.000Z $IIMTA,7.6,C*34
2026-03-01T08:09:30.000Z $IIMWV,56.3,T,14.9,N,A*37
2026-03-01T08:09:30.000Z $IIRPM,E,1,0,,A*66
2026-03-01T08:09:30.000Z $IIRSA,4.3,A,,V*7E
2026-03-01T08:09:30.000Z $IIVHW,296.2,T,,M,5.8,N,,K*57
2026-03-01T08:09:30.000Z $IIXDR,V,12.37,V,BATT*64
2026-03-01T08:09:40.000Z $GPGGA,080940,5259.7891,N,00443.0454,E,2,8,0.9,2.5,M,,M,,*66
2026-03-01T08:09:40.000Z $GPRMC,080940,A,5259.7891,N,00443.0454,E,5.1,293.1,010326,,,A*74
2026-03-01T08:09:40.000Z $IIDBT,65.5,f,20.0,M,10.9,F*2D
2026-03-01T08:09:40.000Z $IIHDG,299.7,,,1.2,E*24
2026-03-01T08:09:40.000Z $IIMWV,58.4,T,15.7,N,A*31
2026-03-01T08:09:40.000Z $IIRPM,E,1,0,,A*66
2026-03-01T08:09:40.000Z $IIRSA,3.3,A,,V*79
2026-03-01T08:09:40.000Z $IIVHW,299.7,T,,M,4.6,N,,K*52
2026-03-01T08:09:50.000Z $GPGGA,080950,5259.7902,N,00443.0257,E,2,11,0.9,2.5,M,,M,,*51
2026-03-01T08:09:50.000Z $GPRMC,080950,A,5259.7902,N,00443.0257,E,5.7,302.4,010326,,,A*71
2026-03-01T08:09:50.000Z $IIDBT,57.8,f,17.6,M,9.6,F*14
2026-03-01T08:09:50.000Z $IIHDG,298.7,,,1.2,E*25
2026-03-01T08:09:50.000Z $IIMWV,55.6,T,14.9,N,A*31
2026-03-01T08:09:50.000Z $IIRPM,E,1,0,,A*66
2026-03-01T08:09:50.000Z $IIRSA,0.9,A,,V*70
2026-03-01T08:09:50.000Z $IIVHW,298.7,T,,M,5.6,N,,K*52
2026-03-01T08:10:00.000Z !AIVDO,1,1,,A,15RTd30000J`sV4;9a8H4?vP0000,0*7A
2026-03-01T08:10:00.000Z $GPGGA,081000,5259.7960,N,00443.0297,E,2,10,0.9,2.5,M,,M,,*55
2026-03-01T08:10:00.000Z $GPGSA,A,3,01,03,06,11,17,19,22,25,,,,,1.2,0.9,0.8*3D
2026-03-01T08:10:00.000Z $GPRMC,081000,A,5259.7960,N,00443.0297,E,5.1,292.9,010326,,,A*77
2026-03-01T08:10:00.000Z $GPVTG,292.2,T,,M,5.1,N,9.5,K,A*0E
2026-03-01T08:10:00.000Z $GPXTE,A,A,0.024,R,N,A*2B
2026-03-01T08:10:00.000Z $IIDBT,37.5,f,11.4,M,6.3,F*11
2026-03-01T08:10:00.000Z $IIHDG,298.3,,,1.2,E*21
2026-03-01T08:10:00.000Z $IIMDA,29.9548,I,1.0144,B,7.7,C,,C,,,,,,,,,,*56
2026-03-01T08:10:00.000Z $IIMTA,7.8,C*3A
2026-03-01T08:10:00.000Z $IIMTW,6.7,C*22
2026-03-01T08:10:00.000Z $IIMWV,52.5,T,14.8,N,A*34
2026-03-01T08:10:00.000Z $IIRPM,E,1,0,,A*66
2026-03-01T08:10:00.000Z $IIRSA,2.9,A,,V*72
2026-03-01T08:10:00.000Z $IIVHW,298.3,T,,M,4.8,N,,K*59
2026-03-01T08:10:00.000Z $IIXDR,V,12.46,V,BATT*62
2026-03-01T08:10:10.000Z $GPGGA,081010,5259.7971,N,00443.0350,E,2,10,0.9,2.5,M,,M,,*5E
2026-03-01T08:10:10.000Z $GPRMC,081010,A,5259.7971,N,00443.0350,E,5.6,298.0,010326,,,A*78
2026-03-01T08:10:10.000Z $IIDBT,70.4,f,21.5,M,11.7,F*23
2026-03-01T08:10:10.000Z $IIHDG,298.2,,,1.2,E*20
2026-03-01T08:10:10.000Z $IIMWV,58.4,T,14.8,N,A*3F
2026-03-01T08:10:10.000Z $IIRPM,E,1,0,,A*66
2026-03-01T08:10:10.000Z $IIRSA,-0.0,A,,V*54
2026-03-01T08:10:10.000Z $IIVHW,298.2,T,,M,5.4,N,,K*55
2026-03-01T08:10:20.000Z $GPGGA,081020,5259.8127,N,00443.0141,E,2,11,0.9,2.5,M,,M,,*5A
2026-03-01T08:10:20.000Z $GPRMC,081020,A,5259.8127,N,00443.0141,E,6.8,296.7,010326,,,A*79
2026-03-01T08:10:20.000Z $IIDBT,37.4,f,11.4,M,6.2,F*11
2026-03-01T08:10:20.000Z $IIHDG,297.2,,,1.2,E*2F
2026-03-01T08:10:20.000Z $IIMWV,56.9,T,15.5,N,A*30
2026-03-01T08:10:20.000Z $IIRPM,E,1,0,,A*66
2026-03-01T08:10:20.000Z $IIRSA,2.1,A,,V*7A
2026-03-01T08:10:20.000Z $IIVHW,297.2,T,,M,6.5,N,,K*58
2026-03-01T08:10:30.000Z $GPGGA,081030,5259.8203,N,00443.0217,E,2,11,0.9,2.5,M,,M,,*5E
2026-03-01T08:10:30.000Z $GPRMC,081030,A,5259.8203,N,00443.0217,E,5.3,301.8,010326,,,A*75
2026-03-01T08:10:30.000Z $GPVTG,301.1,T,,M,5.3,N,9.8,K,A*09
2026-03-01T08:10:30.000Z $GPXTE,A,A,0.013,R,N,A*2F
2026-03-01T08:10:30.000Z $IIDBT,36.5,f,11.1,M,6.1,F*17
2026-03-01T08:10:30.000Z $IIHDG,297.8,,,1.2,E*25
2026-03-01T08:10:30.000Z $IIMTA,8.1,C*3C
2026-03-01T08:10:30.000Z $IIMWV,49.3,T,15.3,N,A*32
2026-03-01T08:10:30.000Z $IIRPM,E,1,0,,A*66
2026-03-01T08:10:30.000Z $IIRSA,3.5,A,,V*7F
2026-03-01T08:10:30.000Z $IIVHW,297.8,T,,M,4.8,N,,K*5D
2026-03-01T08:10:30.000Z $IIXDR,V,12.49,V,BATT*6D
2026-03-01T08:10:40.000Z !AIVDM,1,1,,B,15N2449P00J`tC4;9g`R4?vN0<02,0*5E
2026-03-01T08:10:40.000Z $GPGGA,081040,5259.8069,N,00443.0339,E,2,9,0.9,2.5,M,,M,,*63
2026-03-01T08:10:40.000Z $GPRMC,081040,A,5259.8069,N,00443.0339,E,6.5,296.9,010326,,,A*7A
2026-03-01T08:10:40.000Z $IIDBT,42.8,f,13.1,M,7.1,F*1A
2026-03-01T08:10:40.000Z $IIHDG,296.6,,,1.2,E*2A
2026-03-01T08:10:40.000Z $IIMWV,62.3,T,15.3,N,A*3B
2026-03-01T08:10:40.000Z $IIRPM,E,1,0,,A*66
2026-03-01T08:10:40.000Z $IIRSA,-3.3,A,,V*54
2026-03-01T08:10:40.000Z $IIVHW,296.6,T,,M,6.1,N,,K*59
2026-03-01T08:10:50.000Z !AIVDM,1,1,,B,15N2449P00J`tC4;9g`R4?vN0<02,0*5E
2026-03-01T08:10:50.000Z $GPGGA,081050,5259.8217,N,00443.0131,E,2,11,0.9,2.5,M,,M,,*5A
2026-03-01T08:10:50.000Z $GPRMC,081050,A,5259.8217,N,00443.0131,E,5.3,293.3,010326,,,A*70
2026-03-01T08:10:50.000Z $IIDBT,67.2,f,20.5,M,11.2,F*27
2026-03-01T08:10:50.000Z $IIHDG,296.3,,,1.2,E*2F
2026-03-01T08:10:50.000Z $IIMWV,62.3,T,15.5,N,A*3D
2026-03-01T08:10:50.000Z $IIRPM,E,1,0,,A*66
2026-03-01T08:10:50.000Z $IIRSA,-2.6,A,,V*50
2026-03-01T08:10:50.000Z $IIVHW,296.3,T,,M,5.2,N,,K*5C
2026-03-01T08:11:00.000Z !AIVDO,1,1,,A,15RTd30000J`sV4;9a8H4?vP0000,0*7A
2026-03-01T08:11:00.000Z $GPGGA,081100,5259.8268,N,00443.0063,E,2,8,0.9,2.5,M,,M,,*68
2026-03-01T08:11:00.000Z $GPGSA,A,3,01,03,06,11,17,19,22,25,,,,,1.2,0.9,0.8*3D
2026-03-01T08:11:00.000Z $GPRMC,081100,A,5259.8268,N,00443.0063,E,6.7,306.2,010326,,,A*71
2026-03-01T08:11:00.000Z $GPVTG,306.1,T,,M,6.7,N,12.5,K,A*3E
2026-03-01T08:11:00.000Z $GPXTE,A,A,0.050,L,N,A*36
2026-03-01T08:11:00.000Z $IIDBT,34.1,f,10.4,M,5.7,F*10
2026-03-01T08:11:00.000Z $IIHDG,299.0,,,1.2,E*23
2026-03-01T08:11:00.000Z $IIMDA,29.9720,I,1.0150,B,7.7,C,,C,,,,,,,,,,*5F
2026-03-01T08:11:00.000Z $IIMTA,7.5,C*37
2026-03-01T08:11:00.000Z $IIMTW,6.7,C*22
2026-03-01T08:11:00.000Z $IIMWV,59.1,T,14.7,N,A*34
2026-03-01T08:11:00.000Z $IIRPM,E,1,0,,A*66
2026-03-01T08:11:00.000Z $IIRSA,-4.8,A,,V*58
2026-03-01T08:11:00.000Z $IIVHW,299.0,T,,M,6.3,N,,K*52
2026-03-01T08:11:00.000Z $IIXDR,V,12.46,V,BATT*62
2026-03-01T08:11:10.000Z $GPGGA,081110,5259.8366,N,00443.0082,E,2,10,0.9,2.5,M,,M,,*50
2026-03-01T08:11:10.000Z $GPRMC,081110,A,5259.8366,N,00443.0082,E,5.3,295.9,010326,,,A*77
2026-03-01T08:11:10.000Z $IIDBT,62.4,f,19.0,M,10.4,F*2C
2026-03-01T08:11:10.000Z $IIHDG,299.3,,,1.2,E*20
2026-03-01T08:11:10.000Z $IIMWV,48.1,T,15.7,N,A*35
2026-03-01T08:11:10.000Z $IIRPM,E,1,0,,A*66
2026-03-01T08:11:10.000Z $IIRSA,2.2,A,,V*79
2026-03-01T08:11:10.000Z $IIVHW,299.3,T,,M,4.9,N,,K*59
2026-03-01T08:11:20.000Z !AIVDM,1,1,,B,15N2446P00J`tC4;9g`R4?vN0<02,0*5E
2026-03-01T08:11:20.000Z $GPGGA,081120,5259.8400,N,00443.0054,E,2,10,0.9,2.5,M,,M,,*5F
2026-03-01T08:11:20.000Z $GPRMC,081120,A,5259.8400,N,00443.0054,E,5.7,300.6,010326,,,A*7E
2026-03-01T08:11:20.000Z $IIDBT,52.0,f,15.9,M,8.7,F*14
2026-03-01T08:11:20.000Z $IIHDG,296.3,,,1.2,E*2F
2026-03-01T08:11:20.000Z $IIMWV,59.5,T,15.5,N,A*33
2026-03-01T08:11:20.000Z $IIRPM,E,1,0,,A*66
2026-03-01T08:11:20.000Z $IIRSA,1.8,A,,V*70
2026-03-01T08:11:20.000Z $IIVHW,296.3,T,,M,5.4,N,,K*5A
2026-03-01T08:11:30.000Z $GPGGA,081130,5259.8462,N,00443.0126,E,2,10,0.9,2.5,M,,M,,*5E
2026-03-01T08:11:30.000Z $GPRMC,081130,A,5259.8462,N,00443.0126,E,5.9,294.2,010326,,,A*79
2026-03-01T08:11:30.000Z $GPVTG,294.1,T,,M,5.9,N,11.0,K,A*3F
2026-03-01T08:11:30.000Z $GPXTE,A,A,0.015,R,N,A*29
2026-03-01T08:11:30.000Z $IIDBT,52.3,f,15.9,M,8.7,F*17
2026-03-01T08:11:30.000Z $IIHDG,296.7,,,1.2,E*2B
2026-03-01T08:11:30.000Z $IIMTA,7.7,C*35
2026-03-01T08:11:30.000Z $IIMWV,56.5,T,14.9,N,A*31
2026-03-01T08:11:30.000Z $IIRPM,E,1,0,,A*66
2026-03-01T08:11:30.000Z $IIRSA,2.3,A,,V*78
2026-03-01T08:11:30.000Z $IIVHW,296.7,T,,M,5.7,N,,K*5D
2026-03-01T08:11:30.000Z $IIXDR,V,12.41,V,BATT*65
2026-03-01T08:11:40.000Z $GPGGA,081140,5259.8391,N,00443.0089,E,2,9,0.9,2.5,M,,M,,*6E
2026-03-01T08:11:40.000Z $GPRMC,081140,A,5259.8391,N,00443.0089,E,6.1,296.3,010326,,,A*79
2026-03-01T08:11:40.000Z $IIDBT,35.4,f,10.8,M,5.9,F*16
2026-03-01T08:11:40.000Z $IIHDG,299.6,,,1.2,E*25
2026-03-01T08:11:40.000Z $IIMWV,54.2,T,14.8,N,A*35
2026-03-01T08:11:40.000Z $IIRPM,E,1,0,,A*66
2026-03-01T08:11:40.000Z $IIRSA,-4.9,A,,V*59
2026-03-01T08:11:40.000Z $IIVHW,299.6,T,,M,5.7,N,,K*53
2026-03-01T08:11:50.000Z $GPGGA,081150,5259.8345,N,00442.9932,E,2,10,0.9,2.5,M,,M,,*5F
2026-03-01T08:11:50.000Z $GPRMC,081150,A,5259.8345,N,00442.9932,E,5.7,306.5,010326,,,A*7B
2026-03-01T08:11:50.000Z $IIDBT,47.3,f,14.4,M,7.9,F*1E
2026-03-01T08:11:50.000Z $IIHDG,298.4,,,1.2,E*26
2026-03-01T08:11:50.000Z $IIMWV,57.2,T,14.8,N,A*36
2026-03-01T08:11:50.000Z $IIRPM,E,1,0,,A*66
2026-03-01T08:11:50.000Z $IIRSA,2.9,A,,V*72
2026-03-01T08:11:50.000Z $IIVHW,298.4,T,,M,5.5,N,,K*52
2026-03-01T08:12:00.000Z !AIVDM,1,1,,B,15N2447P00J`tC4;9g`R4?vN0<02,0*5E
2026-03-01T08:12:00.000Z !AIVDO,1,1,,A,15RTd30000J`sV4;9a8H4?vP0000,0*7A
2026-03-01T08:12:00.000Z $GPGGA,081200,5259.8413,N,00443.0090,E,2,11,0.9,2.5,M,,M,,*55
2026-03-01T08:12:00.000Z $GPGSA,A,3,01,03,06,11,17,19,22,25,,,,,1.2,0.9,0.8*3D
2026-03-01T08:12:00.000Z $GPRMC,081200,A,5259.8413,N,00443.0090,E,6.4,297.3,010326,,,A*7F
2026-03-01T08:12:00.000Z $GPVTG,297.4,T,,M,6.4,N,11.9,K,A*3E
2026-03-01T08:12:00.000Z $GPXTE,A,A,0.024,L,N,A*35
2026-03-01T08:12:00.000Z $IIDBT,45.2,f,13.8,M,7.5,F*1A
2026-03-01T08:12:00.000Z $IIHDG,299.2,,,1.2,E*21
2026-03-01T08:12:00.000Z $IIMDA,29.9551,I,1.0144,B,7.7,C,,C,,,,,,,,,,*5E
2026-03-01T08:12:00.000Z $IIMTA,8.0,C*3D
2026-03-01T08:12:00.000Z $IIMTW,6.3,C*26
2026-03-01T08:12:00.000Z $IIMWV,53.6,T,14.7,N,A*39
2026-03-01T08:12:00.000Z $IIRPM,E,1,0,,A*66
2026-03-01T08:12:00.000Z $IIRSA,2.9,A,,V*72
2026-03-01T08:12:00.000Z $IIVHW,299.2,T,,M,5.9,N,,K*59
2026-03-01T08:12:00.000Z $IIXDR,V,12.38,V,BATT*6B
2026-03-01T08:12:10.000Z !AIVDM,1,1,,B,15N2113P00J`tC4;9g`R4?vN0<02,0*5E
2026-03-01T08:12:10.000Z $GPGGA,081210,5259.8471,N,00442.9877,E,2,9,0.9,2.5,M,,M,,*60
2026-03-01T08:12:10.000Z $GPRMC,081210,A,5259.8471,N,00442.9877,E,6.4,297.0,010326,,,A*70
2026-03-01T08:12:10.000Z $IIDBT,47.1,f,14.4,M,7.9,F*1C
2026-03-01T08:12:10.000Z $IIHDG,299.8,,,1.2,E*2B
2026-03-01T08:12:10.000Z $IIMWV,55.8,T,14.4,N,A*32
2026-03-01T08:12:10.000Z $IIRPM,E,1,0,,A*66
2026-03-01T08:12:10.000Z $IIRSA,4.6,A,,V*7B
2026-03-01T08:12:10.000Z $IIVHW,299.8,T,,M,6.1,N,,K*58
2026-03-01T08:12:20.000Z !AIVDM,1,1,,B,15N2460P00J`tC4;9g`R4?vN0<02,0*5E
2026-03-01T08:12:20.000Z $GPGGA,081220,5259.8581,N,00442.9776,E,2,11,0.9,2.5,M,,M,,*5A
2026-03-01T08:12:20.000Z $GPRMC,081220,A,5259.8581,N,00442.9776,E,6.7,293.9,010326,,,A*7D
2026-03-01T08:12:20.000Z $IIDBT,44.2,f,13.5,M,7.4,F*17
2026-03-01T08:12:20.000Z $IIHDG,296.4,,,1.2,E*28
2026-03-01T08:12:20.000Z $IIMWV,49.8,T,15.0,N,A*3A
2026-03-01T08:12:20.000Z $IIRPM,E,1,0,,A*66
2026-03-01T08:12:20.000Z $IIRSA,4.6,A,,V*7B
2026-03-01T08:12:20.000Z $IIVHW,296.4,T,,M,6.3,N,,K*59
2026-03-01T08:12:30.000Z $GPGGA,081230,5259.8560,N,00442.9733,E,2,8,0.9,2.5,M,,M,,*6D
2026-03-01T08:12:30.000Z $GPRMC,081230,A,5259.8560,N,00442.9733,E,5.4,299.4,010326,,,A*75
2026-03-01T08:12:30.000Z $GPVTG,299.4,T,,M,5.4,N,10.0,K,A*3B
2026-03-01T08:12:30.000Z $GPXTE,A,A,0.043,L,N,A*34
2026-03-01T08:12:30.000Z $IIDBT,38.7,f,11.8,M,6.4,F*17
2026-03-01T08:12:30.000Z $IIHDG,296.9,,,1.2,E*25
2026-03-01T08:12:30.000Z $IIMTA,7.5,C*37
2026-03-01T08:12:30.000Z $IIMWV,59.3,T,15.6,N,A*36
2026-03-01T08:12:30.000Z $IIRPM,E,1,0,,A*66
2026-03-01T08:12:30.000Z $IIRSA,-4.0,A,,V*50
2026-03-01T08:12:30.000Z $IIVHW,296.9,T,,M,5.0,N,,K*54
2026-03-01T08:12:30.000Z $IIXDR,V,12.35,V,BATT*66
2026-03-01T08:12:40.000Z $GPGGA,081240,5259.8664,N,00442.9709,E,2,11,0.9,2.5,M,,M,,*5C
2026-03-01T08:12:40.000Z $GPRMC,081240,A,5259.8664,N,00442.9709,E,5.7,304.6,010326,,,A*78
2026-03-01T08:12:40.000Z $IIDBT,46.6,f,14.2,M,7.8,F*1D
2026-03-01T08:12:40.000Z $IIHDG,297.9,,,1.2,E*24
2026-03-01T08:12:40.000Z $IIMWV,61.7,T,14.4,N,A*3A
2026-03-01T08:12:40.000Z $IIRPM,E,1,0,,A*66
2026-03-01T08:12:40.000Z $IIRSA,-3.4,A,,V*53
2026-03-01T08:12:40.000Z $IIVHW,297.9,T,,M,5.2,N,,K*57
2026-03-01T08:12:50.000Z $GPGGA,081250,5259.8587,N,00442.9665,E,2,8,0.9,2.5,M,,M,,*60
2026-03-01T08:12:50.000Z $GPRMC,081250,A,5259.8587,N,00442.9665,E,6.2,305.4,010326,,,A*79
2026-03-01T08:12:50.000Z $IIDBT,66.7,f,20.3,M,11.1,F*26
2026-03-01T08:12:50.000Z $IIHDG,296.8,,,1.2,E*24
2026-03-01T08:12:50.000Z $IIMWV,57.1,T,15.2,N,A*3E
2026-03-01T08:12:50.000Z $IIRPM,E,1,0,,A*66
2026-03-01T08:12:50.000Z $IIRSA,0.5,A,,V*7C
2026-03-01T08:12:50.000Z $IIVHW,296.8,T,,M,5.8,N,,K*5D
2026-03-01T08:13:00.000Z !AIVDM,1,1,,B,15N2451P00J`tC4;9g`R4?vN0<02,0*5E
2026-03-01T08:13:00.000Z !AIVDO,1,1,,A,15RTd30000J`sV4;9a8H4?vP0000,0*7A
2026-03-01T08:13:00.000Z $GPGGA,081300,5259.8633,N,00442.9593,E,2,11,0.9,2.5,M,,M,,*5A
2026-03-01T08:13:00.000Z $GPGSA,A,3,01,03,06,11,17,19,22,25,,,,,1.2,0.9,0.8*3D
2026-03-01T08:13:00.000Z $GPRMC,081300,A,5259.8633,N,00442.9593,E,6.3,306.8,010326,,,A*75
2026-03-01T08:13:00.000Z $GPVTG,306.6,T,,M,6.3,N,11.7,K,A*3C
2026-03-01T08:13:00.000Z $GPXTE,A,A,0.031,L,N,A*31
2026-03-01T08:13:00.000Z $IIDBT,36.8,f,11.2,M,6.1,F*19
2026-03-01T08:13:00.000Z $IIHDG,299.2,,,1.2,E*21
2026-03-01T08:13:00.000Z $IIMDA,29.9592,I,1.0145,B,7.9,C,,C,,,,,,,,,,*5E
2026-03-01T08:13:00.000Z $IIMTA,7.7,C*35
2026-03-01T08:13:00.000Z $IIMTW,6.5,C*20
2026-03-01T08:13:00.000Z $IIMWV,54.5,T,14.1,N,A*3B
2026-03-01T08:13:00.000Z $IIRPM,E,1,0,,A*66
2026-03-01T08:13:00.000Z $IIRSA,-3.2,A,,V*55
2026-03-01T08:13:00.000Z $IIVHW,299.2,T,,M,6.1,N,,K*52
2026-03-01T08:13:00.000Z $IIXDR,V,12.49,V,BATT*6D
2026-03-01T08:13:10.000Z $GPGGA,081310,5259.8698,N,00442.9694,E,2,10,0.9,2.5,M,,M,,*5F
2026-03-01T08:13:10.000Z $GPRMC,081310,A,5259.8698,N,00442.9694,E,5.8,294.1,010326,,,A*7A
2026-03-01T08:13:10.000Z $IIDBT,43.6,f,13.3,M,7.3,F*15
2026-03-01T08:13:10.000Z $IIHDG,298.2,,,1.2,E*20
2026-03-01T08:13:10.000Z $IIMWV,52.7,T,14.1,N,A*3F
2026-03-01T08:13:10.000Z $IIRPM,E,1,0,,A*66
2026-03-01T08:13:10.000Z $IIRSA,3.6,A,,V*7C
2026-03-01T08:13:10.000Z $IIVHW,298.2,T,,M,5.4,N,,K*55
2026-03-01T08:13:20.000Z $GPGGA,081320,5259.8802,N,00442.9465,E,2,9,0.9,2.5,M,,M,,*65
2026-03-01T08:13:20.000Z $GPRMC,081320,A,5259.8802,N,00442.9465,E,5.3,304.1,010326,,,A*7B
2026-03-01T08:13:20.000Z $IIDBT,70.8,f,21.6,M,11.8,F*23
2026-03-01T08:13:20.000Z $IIHDG,297.0,,,1.2,E*2D
2026-03-01T08:13:20.000Z $IIMWV,48.8,T,14.9,N,A*33
2026-03-01T08:13:20.000Z $IIRPM,E,1,0,,A*66
2026-03-01T08:13:20.000Z $IIRSA,-5.0,A,,V*51
2026-03-01T08:13:20.000Z $IIVHW,297.0,T,,M,5.2,N,,K*5E
2026-03-01T08:13:30.000Z $GPGGA,081330,5259.8876,N,00442.9673,E,2,9,0.9,2.5,M,,M,,*62
2026-03-01T08:13:30.000Z $GPRMC,081330,A,5259.8876,N,00442.9673,E,6.8,302.5,010326,,,A*76
2026-03-01T08:13:30.000Z $GPVTG,302.7,T,,M,6.8,N,12.6,K,A*30
2026-03-01T08:13:30.000Z $GPXTE,A,A,0.041,R,N,A*28
2026-03-01T08:13:30.000Z $IIDBT,70.9,f,21.6,M,11.8,F*22
2026-03-01T08:13:30.000Z $IIHDG,298.6,,,1.2,E*24
2026-03-01T08:13:30.000Z $IIMTA,7.6,C*34
2026-03-01T08:13:30.000Z $IIMWV,60.5,T,15.5,N,A*39
2026-03-01T08:13:30.000Z $IIRPM,E,1,0,,A*66
2026-03-01T08:13:30.000Z $IIRSA,-1.6,A,,V*53
2026-03-01T08:13:30.000Z $IIVHW,298.6,T,,M,6.5,N,,K*53
2026-03-01T08:13:30.000Z $IIXDR,V,12.38,V,BATT*6B
2026-03-01T08:13:40.000Z $GPGGA,081340,5259.8885,N,00442.9631,E,2,9,0.9,2.5,M,,M,,*6F
2026-03-01T08:13:40.000Z $GPRMC,081340,A,5259.8885,N,00442.9631,E,5.6,307.7,010326,,,A*71
2026-03-01T08:13:40.000Z $IIDBT,64.1,f,19.5,M,10.7,F*29
2026-03-01T08:13:40.000Z $IIHDG,298.0,,,1.2,E*22
2026-03-01T08:13:40.000Z $IIMWV,61.9,T,14.3,N,A*33
2026-03-01T08:13:40.000Z $IIRPM,E,1,0,,A*66
2026-03-01T08:13:40.000Z $IIRSA,-0.7,A,,V*53
2026-03-01T08:13:40.000Z $IIVHW,298.0,T,,M,5.2,N,,K*51
2026-03-01T08:13:50.000Z $GPGGA,081350,5259.8866,N,00442.9690,E,2,10,0.9,2.5,M,,M,,*50
2026-03-01T08:13:50.000Z $GPRMC,081350,A,5259.8866,N,00442.9690,E,5.7,300.7,010326,,,A*70
2026-03-01T08:13:50.000Z $IIDBT,33.7,f,10.3,M,5.6,F*17
2026-03-01T08:13:50.000Z $IIHDG,296.8,,,1.2,E*24
2026-03-01T08:13:50.000Z $IIMWV,60.9,T,14.6,N,A*37
2026-03-01T08:13:50.000Z $IIRPM,E,1,0,,A*66
2026-03-01T08:13:50.000Z $IIRSA,4.6,A,,V*7B
2026-03-01T08:13:50.000Z $IIVHW,296.8,T,,M,5.4,N,,K*51
2026-03-01T08:14:00.000Z !AIVDO,1,1,,A,15RTd30000J`sV4;9a8H4?vP0000,0*7A
2026-03-01T08:14:00.000Z $GPGGA,081400,5259.9012,N,00442.9434,E,2,10,0.9,2.5,M,,M,,*54
2026-03-01T08:14:00.000Z $GPGSA,A,3,01,03,06,11,17,19,22,25,,,,,1.2,0.9,0.8*3D
2026-03-01T08:14:00.000Z $GPRMC,081400,A,5259.9012,N,00442.9434,E,6.2,295.1,010326,,,A*79
2026-03-01T08:14:00.000Z $GPVTG,295.3,T,,M,6.2,N,11.4,K,A*30
2026-03-01T08:14:00.000Z $GPXTE,A,A,0.018,R,N,A*24
2026-03-01T08:14:00.000Z $IIDBT,36.8,f,11.2,M,6.1,F*19
2026-03-01T08:14:00.000Z $IIHDG,296.1,,,1.2,E*2D
2026-03-01T08:14:00.000Z $IIMDA,29.9443,I,1.0140,B,7.7,C,,C,,,,,,,,,,*58
2026-03-01T08:14:00.000Z $IIMTA,7.9,C*3B
2026-03-01T08:14:00.000Z $IIMTW,6.5,C*20
2026-03-01T08:14:00.000Z $IIMWV,58.7,T,14.0,N,A*34
2026-03-01T08:14:00.000Z $IIRPM,E,1,0,,A*66
2026-03-01T08:14:00.000Z $IIRSA,-3.2,A,,V*55
2026-03-01T08:14:00.000Z $IIVHW,296.1,T,,M,6.0,N,,K*5F
2026-03-01T08:14:00.000Z $IIXDR,V,12.48,V,BATT*6C
2026-03-01T08:14:10.000Z $GPGGA,081410,5259.8982,N,00442.9319,E,2,10,0.9,2.5,M,,M,,*5C
2026-03-01T08:14:10.000Z $GPRMC,081410,A,5259.8982,N,00442.9319,E,5.8,305.8,010326,,,A*79
2026-03-01T08:14:10.000Z $IIDBT,38.5,f,11.7,M,6.4,F*1A
2026-03-01T08:14:10.000Z $IIHDG,297.9,,,1.2,E*24
2026-03-01T08:14:10.000Z $IIMWV,60.3,T,14.4,N,A*3F
2026-03-01T08:14:10.000Z $IIRPM,E,1,0,,A*66
2026-03-01T08:14:10.000Z $IIRSA,-2.9,A,,V*5F
2026-03-01T08:14:10.000Z $IIVHW,297.9,T,,M,5.4,N,,K*51
2026-03-01T08:14:20.000Z $GPGGA,081420,5259.9186,N,00442.9306,E,2,9,0.9,2.5,M,,M,,*64
2026-03-01T08:14:20.000Z $GPRMC,081420,A,5259.9186,N,00442.9306,E,6.9,304.4,010326,,,A*76
2026-03-01T08:14:20.000Z $IIDBT,45.2,f,13.8,M,7.5,F*1A
2026-03-01T08:14:20.000Z $IIHDG,297.8,,,1.2,E*25
2026-03-01T08:14:20.000Z $IIMWV,59.9,T,15.2,N,A*38
2026-03-01T08:14:20.000Z $IIRPM,E,1,0,,A*66
2026-03-01T08:14:20.000Z $IIRSA,-2.7,A,,V*51
2026-03-01T08:14:20.000Z $IIVHW,297.8,T,,M,6.4,N,,K*53
2026-03-01T08:14:30.000Z $GPGGA,081430,5259.9205,N,00442.9219,E,2,8,0.9,2.5,M,,M,,*63
2026-03-01T08:14:30.000Z $GPRMC,081430,A,5259.9205,N,00442.9219,E,7.0,303.9,010326,,,A*72
2026-03-01T08:14:30.000Z $GPVTG,303.2,T,,M,7.0,N,12.9,K,A*32
2026-03-01T08:14:30.000Z $GPXTE,A,A,0.021,L,N,A*30
2026-03-01T08:14:30.000Z $IIDBT,55.5,f,16.9,M,9.2,F*11
2026-03-01T08:14:30.000Z $IIHDG,299.7,,,1.2,E*24
2026-03-01T08:14:30.000Z $IIMTA,8.0,C*3D
2026-03-01T08:14:30.000Z $IIMWV,53.1,T,15.0,N,A*38
2026-03-01T08:14:30.000Z $IIRPM,E,1,0,,A*66
2026-03-01T08:14:30.000Z $IIRSA,-3.5,A,,V*52
2026-03-01T08:14:30.000Z $IIVHW,299.7,T,,M,6.8,N,,K*5E
2026-03-01T08:14:30.000Z $IIXDR,V,12.34,V,BATT*67
2026-03-01T08:14:40.000Z $GPGGA,081440,5259.9222,N,00442.9471,E,2,9,0.9,2.5,M,,M,,*68
2026-03-01T08:14:40.000Z $GPRMC,081440,A,5259.9222,N,00442.9471,E,6.7,303.2,010326,,,A*75
2026-03-01T08:14:40.000Z $IIDBT,67.3,f,20.5,M,11.2,F*26
2026-03-01T08:14:40.000Z $IIHDG,296.3,,,1.2,E*2F
2026-03-01T08:14:40.000Z $IIMWV,60.9,T,14.9,N,A*38
2026-03-01T08:14:40.000Z $IIRPM,E,1,0,,A*66
2026-03-01T08:14:40.000Z $IIRSA,1.3,A,,V*7B
2026-03-01T08:14:40.000Z $IIVHW,296.3,T,,M,6.2,N,,K*5F
2026-03-01T08:14:50.000Z !AIVDM,1,1,,B,15N2445P00J`tC4;9g`R4?vN0<02,0*5E
2026-03-01T08:14:50.000Z $GPGGA,081450,5259.9282,N,00442.9425,E,2,9,0.9,2.5,M,,M,,*62
2026-03-01T08:14:50.000Z $GPRMC,081450,A,5259.9282,N,00442.9425,E,6.3,295.5,010326,,,A*72
2026-03-01T08:14:50.000Z $IIDBT,33.3,f,10.2,M,5.6,F*12
2026-03-01T08:14:50.000Z $IIHDG,296.6,,,1.2,E*2A
2026-03-01T08:14:50.000Z $IIMWV,49.1,T,14.6,N,A*34
2026-03-01T08:14:50.000Z $IIRPM,E,1,0,,A*66
2026-03-01T08:14:50.000Z $IIRSA,2.7,A,,V*7C
2026-03-01T08:14:50.000Z $IIVHW,296.6,T,,M,6.0,N,,K*58
2026-03-01T08:15:00.000Z !AIVDO,1,1,,A,15RTd30000J`sV4;9a8H4?vP0000,0*7A
2026-03-01T08:15:00.000Z $GPGGA,081500,5259.9319,N,00442.9443,E,2,8,0.9,2.5,M,,M,,*64
2026-03-01T08:15:00.000Z $GPGSA,A,3,01,03,06,11,17,19,22,25,,,,,1.2,0.9,0.8*3D
2026-03-01T08:15:00.000Z $GPRMC,081500,A,5259.9319,N,00442.9443,E,5.9,305.8,010326,,,A*79
2026-03-01T08:15:00.000Z $GPVTG,305.7,T,,M,5.9,N,10.9,K,A*38
2026-03-01T08:15:00.000Z $GPXTE,A,A,0.042,L,N,A*35
2026-03-01T08:15:00.000Z $IIDBT,46.1,f,14.1,M,7.7,F*16
2026-03-01T08:15:00.000Z $IIHDG,298.4,,,1.2,E*26
2026-03-01T08:15:00.000Z $IIMDA,29.9464,I,1.0141,B,7.8,C,,C,,,,,,,,,,*53
2026-03-01T08:15:00.000Z $IIMTA,7.5,C*37
2026-03-01T08:15:00.000Z $IIMTW,6.6,C*23
2026-03-01T08:15:00.000Z $IIMWV,50.3,T,15.2,N,A*3B
2026-03-01T08:15:00.000Z $IIRPM,E,1,0,,A*66
2026-03-01T08:15:00.000Z $IIRSA,-1.5,A,,V*50
2026-03-01T08:15:00.000Z $IIVHW,298.4,T,,M,5.6,N,,K*51
2026-03-01T08:15:00.000Z $IIXDR,V,12.38,V,BATT*6B
2026-03-01T08:15:10.000Z $GPGGA,081510,5259.9232,N,00442.9358,E,2,11,0.9,2.5,M,,M,,*58
2026-03-01T08:15:10.000Z $GPRMC,081510,A,5259.9232,N,00442.9358,E,5.1,298.1,010326,,,A*79
2026-03-01T08:15:10.000Z $IIDBT,37.9,f,11.6,M,6.3,F*1F
2026-03-01T08:15:10.000Z $IIHDG,298.5,,,1.2,E*27
2026-03-01T08:15:10.000Z $IIMWV,48.9,T,14.8,N,A*33
2026-03-01T08:15:10.000Z $IIRPM,E,1,0,,A*66
2026-03-01T08:15:10.000Z $IIRSA,4.3,A,,V*7E
2026-03-01T08:15:10.000Z $IIVHW,298.5,T,,M,4.6,N,,K*51
2026-03-01T08:15:20.000Z $GPGGA,081520,5259.9277,N,00442.9085,E,2,9,0.9,2.5,M,,M,,*60
2026-03-01T08:15:20.000Z $GPRMC,081520,A,5259.9277,N,00442.9085,E,6.4,293.2,010326,,,A*76
2026-03-01T08:15:20.000Z $IIDBT,39.4,f,12.0,M,6.6,F*1C
2026-03-01T08:15:20.000Z $IIHDG,300.0,,,1.2,E*22
2026-03-01T08:15:20.000Z $IIMWV,48.3,T,15.3,N,A*33
2026-03-01T08:15:20.000Z $IIRPM,E,1,0,,A*66
2026-03-01T08:15:20.000Z $IIRSA,-4.7,A,,V*57
2026-03-01T08:15:20.000Z $IIVHW,300.0,T,,M,6.2,N,,K*52
2026-03-01T08:15:30.000Z $GPGGA,081530,5259.9362,N,00442.9225,E,2,10,0.9,2.5,M,,M,,*54
2026-03-01T08:15:30.000Z $GPRMC,081530,A,5259.9362,N,00442.9225,E,5.9,296.4,010326,,,A*77
2026-03-01T08:15:30.000Z $GPVTG,296.0,T,,M,5.9,N,10.9,K,A*34
2026-03-01T08:15:30.000Z $GPXTE,A,A,0.047,L,N,A*30
2026-03-01T08:15:30.000Z $IIDBT,50.4,f,15.4,M,8.4,F*1C
2026-03-01T08:15:30.000Z $IIHDG,297.4,,,1.2,E*29
2026-03-01T08:15:30.000Z $IIMTA,7.6,C*34
2026-03-01T08:15:30.000Z $IIMWV,55.6,T,15.7,N,A*3E
2026-03-01T08:15:30.000Z $IIRPM,E,1,0,,A*66
2026-03-01T08:15:30.000Z $IIRSA,1.9,A,,V*71
2026-03-01T08:15:30.000Z $IIVHW,297.4,T,,M,5.5,N,,K*5D
2026-03-01T08:15:30.000Z $IIXDR,V,12.47,V,BATT*63
2026-03-01T08:15:40.000Z $GPGGA,081540,5259.9344,N,00442.8978,E,2,10,0.9,2.5,M,,M,,*55
2026-03-01T08:15:40.000Z $GPRMC,081540,A,5259.9344,N,00442.8978,E,5.1,294.0,010326,,,A*78
2026-03-01T08:15:40.000Z $IIDBT,40.7,f,12.4,M,6.8,F*1B
2026-03-01T08:15:40.000Z $IIHDG,296.3,,,1.2,E*2F
2026-03-01T08:15:40.000Z $IIMWV,49.8,T,14.8,N,A*33
2026-03-01T08:15:40.000Z $IIRPM,E,1,0,,A*66
2026-03-01T08:15:40.000Z $IIRSA,1.1,A,,V*79
2026-03-01T08:15:40.000Z $IIVHW,296.3,T,,M,4.9,N,,K*56
2026-03-01T08:15:50.000Z $GPGGA,081550,5259.9523,N,00442.9088,E,2,9,0.9,2.5,M,,M,,*6C
2026-03-01T08:15:50.000Z $GPRMC,081550,A,5259.9523,N,00442.9088,E,6.9,295.8,010326,,,A*7B
2026-03-01T08:15:50.000Z $IIDBT,66.6,f,20.3,M,11.1,F*27
2026-03-01T08:15:50.000Z $IIHDG,296.4,,,1.2,E*28
2026-03-01T08:15:50.000Z $IIMWV,62.9,T,15.5,N,A*37
2026-03-01T08:15:50.000Z $IIRPM,E,1,0,,A*66
2026-03-01T08:15:50.000Z $IIRSA,-4.8,A,,V*58
2026-03-01T08:15:50.000Z $IIVHW,296.4,T,,M,6.7,N,,K*5D
2026-03-01T08:16:00.000Z !AIVDM,1,1,,B,15N2446P00J`tC4;9g`R4?vN0<02,0*5E
2026-03-01T08:16:00.000Z !AIVDO,1,1,,A,15RTd30000J`sV4;9a8H4?vP0000,0*7A
2026-03-01T08:16:00.000Z $GPGGA,081600,5259.9588,N,00442.9155,E,2,9,0.9,2.5,M,,M,,*6A
2026-03-01T08:16:00.000Z $GPGSA,A,3,01,03,06,11,17,19,22,25,,,,,1.2,0.9,0.8*3D
2026-03-01T08:16:00.000Z $GPRMC,081600,A,5259.9588,N,00442.9155,E,5.6,292.3,010326,,,A*7D
2026-03-01T08:16:00.000Z $GPVTG,292.8,T,,M,5.6,N,10.4,K,A*3A
2026-03-01T08:16:00.000Z $GPXTE,A,A,0.018,R,N,A*24
2026-03-01T08:16:00.000Z $IIDBT,44.2,f,13.5,M,7.4,F*17
2026-03-01T08:16:00.000Z $IIHDG,299.6,,,1.2,E*25
2026-03-01T08:16:00.000Z $IIMDA,29.9589,I,1.0145,B,7.9,C,,C,,,,,,,,,,*54
2026-03-01T08:16:00.000Z $IIMTA,8.0,C*3D
2026-03-01T08:16:00.000Z $IIMTW,6.2,C*27
2026-03-01T08:16:00.000Z $IIMWV,50.0,T,15.4,N,A*3E
2026-03-01T08:16:00.000Z $IIRPM,E,1,0,,A*66
2026-03-01T08:16:00.000Z $IIRSA,3.2,A,,V*78
2026-03-01T08:16:00.000Z $IIVHW,299.6,T,,M,5.2,N,,K*56
2026-03-01T08:16:00.000Z $IIXDR,V,12.40,V,BATT*64
2026-03-01T08:16:10.000Z $GPGGA,081610,5259.9491,N,00442.8943,E,2,10,0.9,2.5,M,,M,,*54
2026-03-01T08:16:10.000Z $GPRMC,081610,A,5259.9491,N,00442.8943,E,5.8,293.5,010326,,,A*72
2026-03-01T08:16:10.000Z $IIDBT,53.2,f,16.2,M,8.9,F*11
2026-03-01T08:16:10.000Z $IIHDG,298.0,,,1.2,E*22
2026-03-01T08:16:10.000Z $IIMWV,60.7,T,15.0,N,A*3E
2026-03-01T08:16:10.000Z $IIRPM,E,1,0,,A*66
2026-03-01T08:16:10.000Z $IIRSA,-1.9,A,,V*5C
2026-03-01T08:16:10.000Z $IIVHW,298.0,T,,M,5.3,N,,K*50
2026-03-01T08:16:20.000Z $GPGGA,081620,5259.9451,N,00442.8911,E,2,10,0.9,2.5,M,,M,,*5C
2026-03-01T08:16:20.000Z $GPRMC,081620,A,5259.9451,N,00442.8911,E,5.5,296.6,010326,,,A*71
2026-03-01T08:16:20.000Z $IIDBT,71.0,f,21.6,M,11.8,F*2A
2026-03-01T08:16:20.000Z $IIHDG,299.2,,,1.2,E*21
2026-03-01T08:16:20.000Z $IIMWV,59.4,T,14.8,N,A*3E
2026-03-01T08:16:20.000Z $IIRPM,E,1,0,,A*66
2026-03-01T08:16:20.000Z $IIRSA,2.6,A,,V*7D
2026-03-01T08:16:20.000Z $IIVHW,299.2,T,,M,5.1,N,,K*51
2026-03-01T08:16:30.000Z $GPGGA,081630,5259.9663,N,00442.8826,E,2,9,0.9,2.5,M,,M,,*63
2026-03-01T08:16:30.000Z $GPRMC,081630,A,5259.9663,N,00442.8826,E,6.1,302.9,010326,,,A*72
2026-03-01T08:16:30.000Z $GPVTG,302.7,T,,M,6.1,N,11.3,K,A*3F
2026-03-01T08:16:30.000Z $GPXTE,A,A,0.010,R,N,A*2C
2026-03-01T08:16:30.000Z $IIDBT,37.6,f,11.5,M,6.3,F*13
2026-03-01T08:16:30.000Z $IIHDG,297.3,,,1.2,E*2E
2026-03-01T08:16:30.000Z $IIMTA,7.7,C*35
2026-03-01T08:16:30.000Z $IIMWV,58.6,T,14.2,N,A*37
2026-03-01T08:16:30.000Z $IIRPM,E,1,0,,A*66
2026-03-01T08:16:30.000Z $IIRSA,-3.7,A,,V*50
2026-03-01T08:16:30.000Z $IIVHW,297.3,T,,M,5.9,N,,K*56
2026-03-01T08:16:30.000Z $IIXDR,V,12.37,V,BATT*64
2026-03-01T08:16:40.000Z !AIVDM,1,1,,B,15N2449P00J`tC4;9g`R4?vN0<02,0*5E
2026-03-01T08:16:40.000Z $GPGGA,081640,5259.9704,N,00442.8997,E,2,8,0.9,2.5,M,,M,,*6E
2026-03-01T08:16:40.000Z $GPRMC,081640,A,5259.9704,N,00442.8997,E,6.7,305.0,010326,,,A*76
2026-03-01T08:16:40.000Z $IIDBT,71.9,f,21.9,M,12.0,F*27
2026-03-01T08:16:40.000Z $IIHDG,297.0,,,1.2,E*2D
2026-03-01T08:16:40.000Z $IIMWV,58.5,T,14.2,N,A*34
2026-03-01T08:16:40.000Z $IIRPM,E,1,0,,A*66
2026-03-01T08:16:40.000Z $IIRSA,-2.3,A,,V*55
2026-03-01T08:16:40.000Z $IIVHW,297.0,T,,M,6.4,N,,K*5B
2026-03-01T08:16:50.000Z $GPGGA,081650,5259.9751,N,00442.8745,E,2,9,0.9,2.5,M,,M,,*6F
2026-03-01T08:16:50.000Z $GPRMC,081650,A,5259.9751,N,00442.8745,E,5.2,292.7,010326,,,A*78
2026-03-01T08:16:50.000Z $IIDBT,33.2,f,10.1,M,5.5,F*13
2026-03-01T08:16:50.000Z $IIHDG,299.4,,,1.2,E*27
2026-03-01T08:16:50.000Z $IIMWV,47.4,T,15.3,N,A*3B
2026-03-01T08:16:50.000Z $IIRPM,E,1,0,,A*66
2026-03-01T08:16:50.000Z $IIRSA,2.1,A,,V*7A
2026-03-01T08:16:50.000Z $IIVHW,299.4,T,,M,4.8,N,,K*5F
2026-03-01T08:17:00.000Z !AIVDO,1,1,,A,15RTd30000J`sV4;9a8H4?vP0000,0*7A
2026-03-01T08:17:00.000Z $GPGGA,081700,5259.9675,N,00442.8945,E,2,9,0.9,2.5,M,,M,,*62
2026-03-01T08:17:00.000Z $GPGSA,A,3,01,03,06,11,17,19,22,25,,,,,1.2,0.9,0.8*3D
2026-03-01T08:17:00.000Z $GPRMC,081700,A,5259.9675,N,00442.8945,E,6.2,295.5,010326,,,A*73
2026-03-01T08:17:00.000Z $GPVTG,295.6,T,,M,6.2,N,11.6,K,A*37
2026-03-01T08:17:00.000Z $GPXTE,A,A,0.047,R,N,A*2E
2026-03-01T08:17:00.000Z $IIDBT,52.1,f,15.9,M,8.7,F*15
2026-03-01T08:17:00.000Z $IIHDG,296.7,,,1.2,E*2B
2026-03-01T08:17:00.000Z $IIMDA,29.9509,I,1.0143,B,7.7,C,,C,,,,,,,,,,*54
2026-03-01T08:17:00.000Z $IIMTA,7.9,C*3B
2026-03-01T08:17:00.000Z $IIMTW,6.7,C*22
2026-03-01T08:17:00.000Z $IIMWV,62.1,T,15.4,N,A*3E
2026-03-01T08:17:00.000Z $IIRPM,E,1,0,,A*66
2026-03-01T08:17:00.000Z $IIRSA,4.2,A,,V*7F
2026-03-01T08:17:00.000Z $IIVHW,296.7,T,,M,5.9,N,,K*53
2026-03-01T08:17:00.000Z $IIXDR,V,12.44,V,BATT*60
2026-03-01T08:17:10.000Z $GPGGA,081710,5259.9825,N,00442.8742,E,2,8,0.9,2.5,M,,M,,*60
2026-03-01T08:17:10.000Z $GPRMC,081710,A,5259.9825,N,00442.8742,E,6.7,301.9,010326,,,A*75
2026-03-01T08:17:10.000Z $IIDBT,68.8,f,21.0,M,11.5,F*21
2026-03-01T08:17:10.000Z $IIHDG,299.7,,,1.2,E*24
2026-03-01T08:17:10.000Z $IIMWV,50.0,T,15.9,N,A*33
2026-03-01T08:17:10.000Z $IIRPM,E,1,0,,A*66
2026-03-01T08:17:10.000Z $IIRSA,-2.0,A,,V*56
2026-03-01T08:17:10.000Z $IIVHW,299.7,T,,M,6.5,N,,K*53
2026-03-01T08:17:20.000Z $GPGGA,081720,5259.9814,N,00442.8823,E,2,8,0.9,2.5,M,,M,,*69
2026-03-01T08:17:20.000Z $GPRMC,081720,A,5259.9814,N,00442.8823,E,5.3,306.4,010326,,,A*71
2026-03-01T08:17:20.000Z $IIDBT,44.4,f,13.5,M,7.4,F*11
2026-03-01T08:17:20.000Z $IIHDG,299.5,,,1.2,E*26
2026-03-01T08:17:20.000Z $IIMWV,49.3,T,14.2,N,A*32
2026-03-01T08:17:20.000Z $IIRPM,E,1,0,,A*66
2026-03-01T08:17:20.000Z $IIRSA,-3.2,A,,V*55
2026-03-01T08:17:20.000Z $IIVHW,299.5,T,,M,5.0,N,,K*57
2026-03-01T08:17:30.000Z $GPGGA,081730,5259.9948,N,00442.8852,E,2,11,0.9,2.5,M,,M,,*5E
2026-03-01T08:17:30.000Z $GPRMC,081730,A,5259.9948,N,00442.8852,E,6.3,303.6,010326,,,A*7A
2026-03-01T08:17:30.000Z $GPVTG,303.3,T,,M,6.3,N,11.7,K,A*3C
2026-03-01T08:17:30.000Z $GPXTE,A,A,0.014,L,N,A*36
2026-03-01T08:17:30.000Z $IIDBT,59.5,f,18.1,M,9.9,F*10
2026-03-01T08:17:30.000Z $IIHDG,296.3,,,1.2,E*2F
2026-03-01T08:17:30.000Z $IIMTA,7.8,C*3A
2026-03-01T08:17:30.000Z $IIMWV,53.3,T,15.6,N,A*3C
2026-03-01T08:17:30.000Z $IIRPM,E,1,0,,A*66
2026-03-01T08:17:30.000Z $IIRSA,-1.2,A,,V*57
2026-03-01T08:17:30.000Z $IIVHW,296.3,T,,M,5.9,N,,K*57
2026-03-01T08:17:30.000Z $IIXDR,V,12.32,V,BATT*61
2026-03-01T08:17:40.000Z $GPGGA,081740,5259.9828,N,00442.8575,E,2,9,0.9,2.5,M,,M,,*6F
2026-03-01T08:17:40.000Z $GPRMC,081740,A,5259.9828,N,00442.8575,E,5.7,297.8,010326,,,A*77
2026-03-01T08:17:40.000Z $IIDBT,41.4,f,12.6,M,6.9,F*1A
2026-03-01T08:17:40.000Z $IIHDG,296.6,,,1.2,E*2A
2026-03-01T08:17:40.000Z $IIMWV,60.5,T,15.2,N,A*3E
2026-03-01T08:17:40.000Z $IIRPM,E,1,0,,A*66
2026-03-01T08:17:40.000Z $IIRSA,0.7,A,,V*7E
2026-03-01T08:17:40.000Z $IIVHW,296.6,T,,M,5.2,N,,K*59
2026-03-01T08:17:50.000Z $GPGGA,081750,5259.9917,N,00442.8623,E,2,8,0.9,2.5,M,,M,,*62
2026-03-01T08:17:50.000Z $GPRMC,081750,A,5259.9917,N,00442.8623,E,5.6,306.3,010326,,,A*78
2026-03-01T08:17:50.000Z $IIDBT,40.0,f,12.2,M,6.7,F*15
2026-03-01T08:17:50.000Z $IIHDG,299.3,,,1.2,E*20
2026-03-01T08:17:50.000Z $IIMWV,47.4,T,15.8,N,A*30
2026-03-01T08:17:50.000Z $IIRPM,E,1,0,,A*66
2026-03-01T08:17:50.000Z $IIRSA,-0.1,A,,V*55
2026-03-01T08:17:50.000Z $IIVHW,299.3,T,,M,5.3,N,,K*52
2026-03-01T08:18:00.000Z !AIVDO,1,1,,A,15RTd30000J`sV4;9a8H4?vP0000,0*7A
2026-03-01T08:18:00.000Z $GPGGA,081800,5259.9880,N,00442.8458,E,2,9,0.9,2.5,M,,M,,*68
2026-03-01T08:18:00.000Z $GPGSA,A,3,01,03,06,11,17,19,22,25,,,,,1.2,0.9,0.8*3D
2026-03-01T08:18:00.000Z $GPRMC,081800,A,5259.9880,N,00442.8458,E,5.4,294.8,010326,,,A*70
2026-03-01T08:18:00.000Z $GPVTG,294.3,T,,M,5.4,N,10.1,K,A*30
2026-03-01T08:18:00.000Z $GPXTE,A,A,0.030,R,N,A*2E
2026-03-01T08:18:00.000Z $IIDBT,51.3,f,15.6,M,8.5,F*19
2026-03-01T08:18:00.000Z $IIHDG,298.6,,,1.2,E*24
2026-03-01T08:18:00.000Z $IIMDA,29.9462,I,1.0141,B,7.9,C,,C,,,,,,,,,,*54
2026-03-01T08:18:00.000Z $IIMTA,7.5,C*37
2026-03-01T08:18:00.000Z $IIMTW,6.4,C*21
2026-03-01T08:18:00.000Z $IIMWV,53.0,T,15.4,N,A*3D
2026-03-01T08:18:00.000Z $IIRPM,E,1,0,,A*66
2026-03-01T08:18:00.000Z $IIRSA,1.1,A,,V*79
2026-03-01T08:18:00.000Z $IIVHW,298.6,T,,M,5.2,N,,K*57
2026-03-01T08:18:00.000Z $IIXDR,V,12.45,V,BATT*61
2026-03-01T08:18:10.000Z $GPGGA,081810,5300.0074,N,00442.8414,E,2,11,0.9,2.5,M,,M,,*5F
2026-03-01T08:18:10.000Z $GPRMC,081810,A,5300.0074,N,00442.8414,E,6.4,302.8,010326,,,A*73
2026-03-01T08:18:10.000Z $IIDBT,54.4,f,16.6,M,9.1,F*1D
2026-03-01T08:18:10.000Z $IIHDG,297.4,,,1.2,E*29
2026-03-01T08:18:10.000Z $IIMWV,53.4,T,15.0,N,A*3D
2026-03-01T08:18:10.000Z $IIRPM,E,1,0,,A*66
2026-03-01T08:18:10.000Z $IIRSA,-1.4,A,,V*51
2026-03-01T08:18:10.000Z $IIVHW,297.4,T,,M,6.2,N,,K*59
2026-03-01T08:18:20.000Z $GPGGA,081820,5300.0000,N,00442.8402,E,2,10,0.9,2.5,M,,M,,*59
2026-03-01T08:18:20.000Z $GPRMC,081820,A,5300.0000,N,00442.8402,E,5.3,305.3,010326,,,A*7C
2026-03-01T08:18:20.000Z $IIDBT,65.2,f,19.9,M,10.9,F*29
2026-03-01T08:18:20.000Z $IIHDG,297.2,,,1.2,E*2F
2026-03-01T08:18:20.000Z $IIMWV,56.9,T,14.6,N,A*32
2026-03-01T08:18:20.000Z $IIRPM,E,1,0,,A*66
2026-03-01T08:18:20.000Z $IIRSA,-0.7,A,,V*53
2026-03-01T08:18:20.000Z $IIVHW,297.2,T,,M,4.9,N,,K*56
2026-03-01T08:18:30.000Z $GPGGA,081830,5300.0138,N,00442.8603,E,2,9,0.9,2.5,M,,M,,*69
2026-03-01T08:18:30.000Z $GPRMC,081830,A,5300.0138,N,00442.8603,E,5.8,306.0,010326,,,A*7F
2026-03-01T08:18:30.000Z $GPVTG,306.9,T,,M,5.8,N,10.8,K,A*35
2026-03-01T08:18:30.000Z $GPXTE,A,A,0.033,L,N,A*33
2026-03-01T08:18:30.000Z $IIDBT,36.4,f,11.1,M,6.1,F*16
2026-03-01T08:18:30.000Z $IIHDG,299.9,,,1.2,E*2A
2026-03-01T08:18:30.000Z $IIMTA,7.7,C*35
2026-03-01T08:18:30.000Z $IIMWV,59.6,T,15.9,N,A*3C
2026-03-01T08:18:30.000Z $IIRPM,E,1,0,,A*66
2026-03-01T08:18:30.000Z $IIRSA,-2.6,A,,V*50
2026-03-01T08:18:30.000Z $IIVHW,299.9,T,,M,5.7,N,,K*5C
2026-03-01T08:18:30.000Z $IIXDR,V,12.50,V,BATT*65
2026-03-01T08:18:40.000Z $GPGGA,081840,5300.0239,N,00442.8443,E,2,10,0.9,2.5,M,,M,,*52
2026-03-01T08:18:40.000Z $GPRMC,081840,A,5300.0239,N,00442.8443,E,6.9,307.9,010326,,,A*76
2026-03-01T08:18:40.000Z $IIDBT,56.9,f,17.4,M,9.5,F*15
2026-03-01T08:18:40.000Z $IIHDG,297.8,,,1.2,E*25
2026-03-01T08:18:40.000Z $IIMWV,48.6,T,15.5,N,A*30
2026-03-01T08:18:40.000Z $IIRPM,E,1,0,,A*66
2026-03-01T08:18:40.000Z $IIRSA,-3.9,A,,V*5E
2026-03-01T08:18:40.000Z $IIVHW,297.8,T,,M,6.7,N,,K*50
2026-03-01T08:18:50.000Z $GPGGA,081850,5300.0259,N,00442.8314,E,2,10,0.9,2.5,M,,M,,*50
2026-03-01T08:18:50.000Z $GPRMC,081850,A,5300.0259,N,00442.8314,E,5.6,297.8,010326,,,A*71
2026-03-01T08:18:50.000Z $IIDBT,52.8,f,16.1,M,8.8,F*18
2026-03-01T08:18:50.000Z $IIHDG,298.4,,,1.2,E*26
2026-03-01T08:18:50.000Z $IIMWV,53.6,T,15.6,N,A*39
2026-03-01T08:18:50.000Z $IIRPM,E,1,0,,A*66
2026-03-01T08:18:50.000Z $IIRSA,0.4,A,,V*7D
2026-03-01T08:18:50.000Z $IIVHW,298.4,T,,M,5.4,N,,K*53
2026-03-01T08:19:00.000Z !AIVDO,1,1,,A,15RTd30000J`sV4;9a8H4?vP0000,0*7A
2026-03-01T08:19:00.000Z $GPGGA,081900,5300.0224,N,00442.8304,E,2,9,0.9,2.5,M,,M,,*67
2026-03-01T08:19:00.000Z $GPGSA,A,3,01,03,06,11,17,19,22,25,,,,,1.2,0.9,0.8*3D
2026-03-01T08:19:00.000Z $GPRMC,081900,A,5300.0224,N,00442.8304,E,5.5,298.9,010326,,,A*73
2026-03-01T08:19:00.000Z $GPVTG,298.7,T,,M,5.5,N,10.2,K,A*3A
2026-03-01T08:19:00.000Z $GPXTE,A,A,0.035,R,N,A*2B
2026-03-01T08:19:00.000Z $IIDBT,39.5,f,12.0,M,6.6,F*1D
2026-03-01T08:19:00.000Z $IIHDG,299.7,,,1.2,E*24
2026-03-01T08:19:00.000Z $IIMDA,29.9678,I,1.0148,B,7.8,C,,C,,,,,,,,,,*55
2026-03-01T08:19:00.000Z $IIMTA,7.8,C*3A
2026-03-01T08:19:00.000Z $IIMTW,6.5,C*20
2026-03-01T08:19:00.000Z $IIMWV,55.3,T,15.9,N,A*35
2026-03-01T08:19:00.000Z $IIRPM,E,1,0,,A*66
2026-03-01T08:19:00.000Z $IIRSA,-3.9,A,,V*5E
2026-03-01T08:19:00.000Z $IIVHW,299.7,T,,M,5.2,N,,K*57
2026-03-01T08:19:00.000Z $IIXDR,V,12.47,V,BATT*63
2026-03-01T08:19:10.000Z $GPGGA,081910,5300.0304,N,00442.8509,E,2,9,0.9,2.5,M,,M,,*6E
2026-03-01T08:19:10.000Z $GPRMC,081910,A,5300.0304,N,00442.8509,E,6.0,306.9,010326,,,A*7A
2026-03-01T08:19:10.000Z $IIDBT,69.4,f,21.2,M,11.6,F*2D
2026-03-01T08:19:10.000Z $IIHDG,297.5,,,1.2,E*28
2026-03-01T08:19:10.000Z $IIMWV,52.1,T,15.8,N,A*31
2026-03-01T08:19:10.000Z $IIRPM,E,1,0,,A*66
2026-03-01T08:19:10.000Z $IIRSA,4.9,A,,V*74
2026-03-01T08:19:10.000Z $IIVHW,297.5,T,,M,5.7,N,,K*5E
2026-03-01T08:19:20.000Z $GPGGA,081920,5300.0285,N,00442.8180,E,2,11,0.9,2.5,M,,M,,*59
2026-03-01T08:19:20.000Z $GPRMC,081920,A,5300.0285,N,00442.8180,E,6.6,297.5,010326,,,A*77
2026-03-01T08:19:20.000Z $IIDBT,62.9,f,19.2,M,10.5,F*22
2026-03-01T08:19:20.000Z $IIHDG,296.0,,,1.2,E*2C
2026-03-01T08:19:20.000Z $IIMWV,60.6,T,15.0,N,A*3F
2026-03-01T08:19:20.000Z $IIRPM,E,1,0,,A*66
2026-03-01T08:19:20.000Z $IIRSA,-2.0,A,,V*56
2026-03-01T08:19:20.000Z $IIVHW,296.0,T,,M,6.2,N,,K*5C
2026-03-01T08:19:30.000Z $GPGGA,081930,5300.0440,N,00442.8470,E,2,11,0.9,2.5,M,,M,,*5D
2026-03-01T08:19:30.000Z $GPRMC,081930,A,5300.0440,N,00442.8470,E,6.6,303.6,010326,,,A*7C
2026-03-01T08:19:30.000Z $GPVTG,303.7,T,,M,6.6,N,12.2,K,A*3B
2026-03-01T08:19:30.000Z $GPXTE,A,A,0.011,R,N,A*2D
2026-03-01T08:19:30.000Z $IIDBT,48.7,f,14.8,M,8.1,F*1E
2026-03-01T08:19:30.000Z $IIHDG,298.6,,,1.2,E*24
2026-03-01T08:19:30.000Z $IIMTA,7.6,C*34
2026-03-01T08:19:30.000Z $IIMWV,60.5,T,15.8,N,A*34
2026-03-01T08:19:30.000Z $IIRPM,E,1,0,,A*66
2026-03-01T08:19:30.000Z $IIRSA,-4.9,A,,V*59
2026-03-01T08:19:30.000Z $IIVHW,298.6,T,,M,6.2,N,,K*54
2026-03-01T08:19:30.000Z $IIXDR,V,12.47,V,BATT*63
2026-03-01T08:19:40.000Z $GPGGA,081940,5300.0458,N,00442.8080,E,2,9,0.9,2.5,M,,M,,*61
2026-03-01T08:19:40.000Z $GPRMC,081940,A,5300.0458,N,00442.8080,E,6.4,300.0,010326,,,A*7E
2026-03-01T08:19:40.000Z $IIDBT,68.8,f,21.0,M,11.5,F*21
2026-03-01T08:19:40.000Z $IIHDG,298.1,,,1.2,E*23
2026-03-01T08:19:40.000Z $IIMWV,49.5,T,14.8,N,A*3E
2026-03-01T08:19:40.000Z $IIRPM,E,1,0,,A*66
2026-03-01T08:19:40.000Z $IIRSA,3.8,A,,V*72
2026-03-01T08:19:40.000Z $IIVHW,298.1,T,,M,6.2,N,,K*53
2026-03-01T08:19:50.000Z !AIVDM,1,1,,B,15N2446P00J`tC4;9g`R4?vN0<02,0*5E
2026-03-01T08:19:50.000Z $GPGGA,081950,5300.0455,N,00442.8200,E,2,9,0.9,2.5,M,,M,,*67
2026-03-01T08:19:50.000Z $GPRMC,081950,A,5300.0455,N,00442.8200,E,5.4,306.6,010326,,,A*7B
2026-03-01T08:19:50.000Z $IIDBT,58.7,f,17.9,M,9.8,F*15
2026-03-01T08:19:50.000Z $IIHDG,298.7,,,1.2,E*25
2026-03-01T08:19:50.000Z $IIMWV,48.7,T,14.3,N,A*36
2026-03-01T08:19:50.000Z $IIRPM,E,1,0,,A*66
2026-03-01T08:19:50.000Z $IIRSA,1.3,A,,V*7B
2026-03-01T08:19:50.000Z $IIVHW,298.7,T,,M,5.1,N,,K*55
2026-03-01T08:20:00.000Z !AIVDO,1,1,,A,15RTd30000J`sV4;9a8H4?vP0000,0*7A
2026-03-01T08:20:00.000Z $GPGGA,082000,5300.0502,N,00442.8043,E,2,11,0.9,2.5,M,,M,,*57
2026-03-01T08:20:00.000Z $GPGSA,A,3,01,03,06,11,17,19,22,25,,,,,1.2,0.9,0.8*3D
2026-03-01T08:20:00.000Z $GPRMC,082000,A,5300.0502,N,00442.8043,E,6.9,302.9,010326,,,A*77
2026-03-01T08:20:00.000Z $GPVTG,302.2,T,,M,6.9,N,12.7,K,A*35
2026-03-01T08:20:00.000Z $GPXTE,A,A,0.022,R,N,A*2D
2026-03-01T08:20:00.000Z $IIDBT,35.9,f,10.9,M,6.0,F*10
2026-03-01T08:20:00.000Z $IIHDG,299.5,,,1.2,E*26
2026-03-01T08:20:00.000Z $IIMDA,29.9668,I,1.0148,B,7.9,C,,C,,,,,,,,,,*55
2026-03-01T08:20:00.000Z $IIMTA,7.6,C*34
2026-03-01T08:20:00.000Z $IIMTW,6.2,C*27
2026-03-01T08:20:00.000Z $IIMWV,50.4,T,14.9,N,A*36
2026-03-01T08:20:00.000Z $IIRPM,E,1,0,,A*66
2026-03-01T08:20:00.000Z $IIRSA,-1.4,A,,V*51
2026-03-01T08:20:00.000Z $IIVHW,299.5,T,,M,6.7,N,,K*53
2026-03-01T08:20:00.000Z $IIXDR,V,12.40,V,BATT*64
2026-03-01T08:20:10.000Z $GPGGA,082010,5300.0528,N,00442.8163,E,2,9,0.9,2.5,M,,M,,*64
2026-03-01T08:20:10.000Z $GPRMC,082010,A,5300.0528,N,00442.8163,E,5.7,307.6,010326,,,A*7A
2026-03-01T08:20:10.000Z $IIDBT,62.5,f,19.0,M,10.4,F*2D
2026-03-01T08:20:10.000Z $IIHDG,299.0,,,1.2,E*23
2026-03-01T08:20:10.000Z $IIMWV,49.4,T,14.2,N,A*35
2026-03-01T08:20:10.000Z $IIRPM,E,1,0,,A*66
2026-03-01T08:20:10.000Z $IIRSA,-1.6,A,,V*53
2026-03-01T08:20:10.000Z $IIVHW,299.0,T,,M,5.5,N,,K*57
2026-03-01T08:20:20.000Z !AIVDM,1,1,,B,15N2446P00J`tC4;9g`R4?vN0<02,0*5E
2026-03-01T08:20:20.000Z $GPGGA,082020,5300.0520,N,00442.8204,E,2,11,0.9,2.5,M,,M,,*54
2026-03-01T08:20:20.000Z $GPRMC,082020,A,5300.0520,N,00442.8204,E,5.0,305.9,010326,,,A*79
2026-03-01T08:20:20.000Z $IIDBT,61.9,f,18.9,M,10.3,F*2D
2026-03-01T08:20:20.000Z $IIHDG,296.5,,,1.2,E*29
2026-03-01T08:20:20.000Z $IIMWV,47.6,T,14.9,N,A*32
2026-03-01T08:20:20.000Z $IIRPM,E,1,0,,A*66
2026-03-01T08:20:20.000Z $IIRSA,-1.2,A,,V*57
2026-03-01T08:20:20.000Z $IIVHW,296.5,T,,M,4.9,N,,K*50
2026-03-01T08:20:30.000Z !AIVDM,1,1,,B,15N2460P00J`tC4;9g`R4?vN0<02,0*5E
2026-03-01T08:20:30.000Z $GPGGA,082030,5300.0651,N,00442.8039,E,2,10,0.9,2.5,M,,M,,*5D
2026-03-01T08:20:30.000Z $GPRMC,082030,A,5300.0651,N,00442.8039,E,6.9,299.8,010326,,,A*7E
2026-03-01T08:20:30.000Z $GPVTG,299.1,T,,M,6.9,N,12.7,K,A*35
2026-03-01T08:20:30.000Z $GPXTE,A,A,0.007,R,N,A*2A
2026-03-01T08:20:30.000Z $IIDBT,49.0,f,14.9,M,8.2,F*1A
2026-03-01T08:20:30.000Z $IIHDG,296.3,,,1.2,E*2F
2026-03-01T08:20:30.000Z $IIMTA,7.7,C*35
2026-03-01T08:20:30.000Z $IIMWV,53.8,T,15.3,N,A*32
2026-03-01T08:20:30.000Z $IIRPM,E,1,0,,A*66
2026-03-01T08:20:30.000Z $IIRSA,3.2,A,,V*78
2026-03-01T08:20:30.000Z $IIVHW,296.3,T,,M,6.6,N,,K*5B
2026-03-01T08:20:30.000Z $IIXDR,V,12.31,V,BATT*62
2026-03-01T08:20:40.000Z !AIVDM,1,1,,B,15N2460P00J`tC4;9g`R4?vN0<02,0*5E
2026-03-01T08:20:40.000Z $GPGGA,082040,5300.0683,N,00442.8079,E,2,11,0.9,2.5,M,,M,,*50
2026-03-01T08:20:40.000Z $GPRMC,082040,A,5300.0683,N,00442.8079,E,5.6,292.1,010326,,,A*7C
2026-03-01T08:20:40.000Z $IIDBT,53.2,f,16.2,M,8.9,F*11
2026-03-01T08:20:40.000Z $IIHDG,298.1,,,1.2,E*23
2026-03-01T08:20:40.000Z $IIMWV,57.5,T,14.8,N,A*31
2026-03-01T08:20:40.000Z $IIRPM,E,1,0,,A*66
2026-03-01T08:20:40.000Z $IIRSA,1.4,A,,V*7C
2026-03-01T08:20:40.000Z $IIVHW,298.1,T,,M,5.2,N,,K*50
2026-03-01T08:20:50.000Z !AIVDM,1,1,,B,15N2460P00J`tC4;9g`R4?vN0<02,0*5E
2026-03-01T08:20:50.000Z $GPGGA,082050,5300.0698,N,00442.7842,E,2,11,0.9,2.5,M,,M,,*54
2026-03-01T08:20:50.000Z $GPRMC,082050,A,5300.0698,N,00442.7842,E,6.6,300.2,010326,,,A*72
2026-03-01T08:20:50.000Z $IIDBT,34.3,f,10.4,M,5.7,F*12
2026-03-01T08:20:50.000Z $IIHDG,296.6,,,1.2,E*2A
2026-03-01T08:20:50.000Z $IIMWV,51.0,T,14.3,N,A*39
2026-03-01T08:20:50.000Z $IIRPM,E,1,0,,A*66
2026-03-01T08:20:50.000Z $IIRSA,2.1,A,,V*7A
2026-03-01T08:20:50.000Z $IIVHW,296.6,T,,M,6.3,N,,K*5B
2026-03-01T08:21:00.000Z !AIVDO,1,1,,A,15RTd30000J`sV4;9a8H4?vP0000,0*7A
2026-03-01T08:21:00.000Z $GPGGA,082100,5300.0681,N,00442.7847,E,2,11,0.9,2.5,M,,M,,*5D
2026-03-01T08:21:00.000Z $GPGSA,A,3,01,03,06,11,17,19,22,25,,,,,1.2,0.9,0.8*3D
2026-03-01T08:21:00.000Z $GPRMC,082100,A,5300.0681,N,00442.7847,E,5.1,307.6,010326,,,A*7C
2026-03-01T08:21:00.000Z $GPVTG,307.3,T,,M,5.1,N,9.5,K,A*02
2026-03-01T08:21:00.000Z $GPXTE,A,A,0.032,R,N,A*2C
2026-03-01T08:21:00.000Z $IIDBT,57.6,f,17.6,M,9.6,F*1A
2026-03-01T08:21:00.000Z $IIHDG,296.4,,,1.2,E*28
2026-03-01T08:21:00.000Z $IIMDA,29.9517,I,1.0143,B,7.8,C,,C,,,,,,,,,,*54
2026-03-01T08:21:00.000Z $IIMTA,7.6,C*34
2026-03-01T08:21:00.000Z $IIMTW,6.3,C*26
2026-03-01T08:21:00.000Z $IIMWV,52.7,T,15.9,N,A*36
2026-03-01T08:21:00.000Z $IIRPM,E,1,0,,A*66
2026-03-01T08:21:00.000Z $IIRSA,1.9,A,,V*71
2026-03-01T08:21:00.000Z $IIVHW,296.4,T,,M,4.6,N,,K*5E
2026-03-01T08:21:00.000Z $IIXDR,V,12.40,V,BATT*64
2026-03-01T08:21:10.000Z $GPGGA,082110,5300.0697,N,00442.8002,E,2,9,0.9,2.5,M,,M,,*64
2026-03-01T08:21:10.000Z $GPRMC,082110,A,5300.0697,N,00442.8002,E,6.5,300.2,010326,,,A*78
2026-03-01T08:21:10.000Z $IIDBT,65.7,f,20.0,M,10.9,F*2F
2026-03-01T08:21:10.000Z $IIHDG,297.6,,,1.2,E*2B
2026-03-01T08:21:10.000Z $IIMWV,56.5,T,14.5,N,A*3D
2026-03-01T08:21:10.000Z $IIRPM,E,1,0,,A*66
2026-03-01T08:21:10.000Z $IIRSA,-3.8,A,,V*5F
2026-03-01T08:21:10.000Z $IIVHW,297.6,T,,M,6.4,N,,K*5D
2026-03-01T08:21:20.000Z $GPGGA,082120,5300.0748,N,00442.7964,E,2,10,0.9,2.5,M,,M,,*5A
2026-03-01T08:21:20.000Z $GPRMC,082120,A,5300.0748,N,00442.7964,E,5.0,293.0,010326,,,A*71
2026-03-01T08:21:20.000Z $IIDBT,35.8,f,10.9,M,6.0,F*11
2026-03-01T08:21:20.000Z $IIHDG,299.3,,,1.2,E*20
2026-03-01T08:21:20.000Z $IIMWV,55.7,T,14.4,N,A*3D
2026-03-01T08:21:20.000Z $IIRPM,E,1,0,,A*66
2026-03-01T08:21:20.000Z $IIRSA,1.5,A,,V*7D
2026-03-01T08:21:20.000Z $IIVHW,299.3,T,,M,4.7,N,,K*57
2026-03-01T08:21:30.000Z $GPGGA,082130,5300.0908,N,00442.7947,E,2,11,0.9,2.5,M,,M,,*51
2026-03-01T08:21:30.000Z $GPRMC,082130,A,5300.0908,N,00442.7947,E,6.3,301.1,010326,,,A*70
2026-03-01T08:21:30.000Z $GPVTG,302.0,T,,M,6.3,N,11.6,K,A*3F
2026-03-01T08:21:30.000Z $GPXTE,A,A,0.030,R,N,A*2E
2026-03-01T08:21:30.000Z $IIDBT,68.2,f,20.8,M,11.4,F*23
2026-03-01T08:21:30.000Z $IIHDG,296.4,,,1.2,E*28
2026-03-01T08:21:30.000Z $IIMTA,7.5,C*37
2026-03-01T08:21:30.000Z $IIMWV,58.0,T,15.9,N,A*3B
2026-03-01T08:21:30.000Z $IIRPM,E,1,0,,A*66
2026-03-01T08:21:30.000Z $IIRSA,1.7,A,,V*7F
2026-03-01T08:21:30.000Z $IIVHW,296.4,T,,M,5.9,N,,K*50
2026-03-01T08:21:30.000Z $IIXDR,V,12.35,V,BATT*66
2026-03-01T08:21:40.000Z !AIVDM,1,1,,B,15N2445P00J`tC4;9g`R4?vN0<02,0*5E
2026-03-01T08:21:40.000Z $GPGGA,082140,5300.0978,N,00442.7888,E,2,8,0.9,2.5,M,,M,,*6B
2026-03-01T08:21:40.000Z $GPRMC,082140,A,5300.0978,N,00442.7888,E,6.3,301.8,010326,,,A*7B
2026-03-01T08:21:40.000Z $IIDBT,57.9,f,17.6,M,9.6,F*15
2026-03-01T08:21:40.000Z $IIHDG,296.1,,,1.2,E*2D
2026-03-01T08:21:40.000Z $IIMWV,60.4,T,15.5,N,A*38
2026-03-01T08:21:40.000Z $IIRPM,E,1,0,,A*66
2026-03-01T08:21:40.000Z $IIRSA,1.5,A,,V*7D
2026-03-01T08:21:40.000Z $IIVHW,296.1,T,,M,6.2,N,,K*5D
2026-03-01T08:21:50.000Z !AIVDM,1,1,,B,15N2446P00J`tC4;9g`R4?vN0<02,0*5E
2026-03-01T08:21:50.000Z $GPGGA,082150,5300.0935,N,00442.7734,E,2,8,0.9,2.5,M,,M,,*6B
2026-03-01T08:21:50.000Z $GPRMC,082150,A,5300.0935,N,00442.7734,E,6.1,302.7,010326,,,A*75
2026-03-01T08:21:50.000Z $IIDBT,34.5,f,10.5,M,5.8,F*1A
2026-03-01T08:21:50.000Z $IIHDG,297.9,,,1.2,E*24
2026-03-01T08:21:50.000Z $IIMWV,61.5,T,15.1,N,A*3C
2026-03-01T08:21:50.000Z $IIRPM,E,1,0,,A*66
2026-03-01T08:21:50.000Z $IIRSA,-4.7,A,,V*57
2026-03-01T08:21:50.000Z $IIVHW,297.9,T,,M,5.8,N,,K*5D
2026-03-01T08:22:00.000Z !AIVDM,1,1,,B,15N2460P00J`tC4;9g`R4?vN0<02,0*5E
2026-03-01T08:22:00.000Z !AIVDO,1,1,,A,15RTd30000J`sV4;9a8H4?vP0000,0*7A
2026-03-01T08:22:00.000Z $GPGGA,082200,5300.0917,N,00442.7742,E,2,11,0.9,2.5,M,,M,,*54
2026-03-01T08:22:00.000Z $GPGSA,A,3,01,03,06,11,17,19,22,25,,,,,1.2,0.9,0.8*3D
2026-03-01T08:22:00.000Z $GPRMC,082200,A,5300.0917,N,00442.7742,E,5.5,299.5,010326,,,A*74
2026-03-01T08:22:00.000Z $GPVTG,299.5,T,,M,5.5,N,10.3,K,A*38
2026-03-01T08:22:00.000Z $GPXTE,A,A,0.026,R,N,A*29
2026-03-01T08:22:00.000Z $IIDBT,40.4,f,12.3,M,6.7,F*10
2026-03-01T08:22:00.000Z $IIHDG,298.2,,,1.2,E*20
2026-03-01T08:22:00.000Z $IIMDA,29.9721,I,1.0150,B,7.6,C,,C,,,,,,,,,,*5F
2026-03-01T08:22:00.000Z $IIMTA,8.0,C*3D
2026-03-01T08:22:00.000Z $IIMTW,6.2,C*27
2026-03-01T08:22:00.000Z $IIMWV,48.9,T,15.4,N,A*3E
2026-03-01T08:22:00.000Z $IIRPM,E,1,0,,A*66
2026-03-01T08:22:00.000Z $IIRSA,-0.9,A,,V*5D
2026-03-01T08:22:00.000Z $IIVHW,298.2,T,,M,5.1,N,,K*50
2026-03-01T08:22:00.000Z $IIXDR,V,12.34,V,BATT*67
2026-03-01T08:22:10.000Z !AIVDM,1,1,,B,15N2449P00J`tC4;9g`R4?vN0<02,0*5E
2026-03-01T08:22:10.000Z $GPGGA,082210,5300.0977,N,00442.7680,E,2,9,0.9,2.5,M,,M,,*65
2026-03-01T08:22:10.000Z $GPRMC,082210,A,5300.0977,N,00442.7680,E,6.3,297.1,010326,,,A*73
2026-03-01T08:22:10.000Z $IIDBT,62.2,f,19.0,M,10.4,F*2A
2026-03-01T08:22:10.000Z $IIHDG,299.3,,,1.2,E*20
2026-03-01T08:22:10.000Z $IIMWV,58.7,T,14.4,N,A*30
2026-03-01T08:22:10.000Z $IIRPM,E,1,0,,A*66
2026-03-01T08:22:10.000Z $IIRSA,-3.3,A,,V*54
2026-03-01T08:22:10.000Z $IIVHW,299.3,T,,M,6.1,N,,K*53
2026-03-01T08:22:20.000Z $GPGGA,082220,5300.1073,N,00442.7796,E,2,9,0.9,2.5,M,,M,,*6C
2026-03-01T08:22:20.000Z $GPRMC,082220,A,5300.1073,N,00442.7796,E,5.5,293.5,010326,,,A*7F
2026-03-01T08:22:20.000Z $IIDBT,47.5,f,14.5,M,7.9,F*19
2026-03-01T08:22:20.000Z $IIHDG,299.3,,,1.2,E*20
2026-03-01T08:22:20.000Z $IIMWV,50.1,T,14.4,N,A*3E
2026-03-01T08:22:20.000Z $IIRPM,E,1,0,,A*66
2026-03-01T08:22:20.000Z $IIRSA,-5.0,A,,V*51
2026-03-01T08:22:20.000Z $IIVHW,299.3,T,,M,5.3,N,,K*52
2026-03-01T08:22:30.000Z $GPGGA,082230,5300.1157,N,00442.7464,E,2,11,0.9,2.5,M,,M,,*5D
2026-03-01T08:22:30.000Z $GPRMC,082230,A,5300.1157,N,00442.7464,E,6.3,294.8,010326,,,A*78
2026-03-01T08:22:30.000Z $GPVTG,294.8,T,,M,6.3,N,11.6,K,A*39
2026-03-01T08:22:30.000Z $GPXTE,A,A,0.050,L,N,A*36
2026-03-01T08:22:30.000Z $IIDBT,71.3,f,21.7,M,11.9,F*29
2026-03-01T08:22:30.000Z $IIHDG,298.2,,,1.2,E*20
2026-03-01T08:22:30.000Z $IIMTA,8.0,C*3D
2026-03-01T08:22:30.000Z $IIMWV,48.5,T,15.1,N,A*37
2026-03-01T08:22:30.000Z $IIRPM,E,1,0,,A*66
2026-03-01T08:22:30.000Z $IIRSA,4.9,A,,V*74
2026-03-01T08:22:30.000Z $IIVHW,298.2,T,,M,6.2,N,,K*50
2026-03-01T08:22:30.000Z $IIXDR,V,12.44,V,BATT*60
2026-03-01T08:22:40.000Z $GPGGA,082240,5300.1129,N,00442.7548,E,2,11,0.9,2.5,M,,M,,*5C
2026-03-01T08:22:40.000Z $GPRMC,082240,A,5300.1129,N,00442.7548,E,5.4,301.6,010326,,,A*7E
2026-03-01T08:22:40.000Z $IIDBT,50.6,f,15.4,M,8.4,F*1E
2026-03-01T08:22:40.000Z $IIHDG,299.4,,,1.2,E*27
2026-03-01T08:22:40.000Z $IIMWV,47.4,T,16.0,N,A*3B
2026-03-01T08:22:40.000Z $IIRPM,E,1,0,,A*66
2026-03-01T08:22:40.000Z $IIRSA,-1.6,A,,V*53
2026-03-01T08:22:40.000Z $IIVHW,299.4,T,,M,5.3,N,,K*55
2026-03-01T08:22:50.000Z !AIVDM,1,1,,B,15N2113P00J`tC4;9g`R4?vN0<02,0*5E
2026-03-01T08:22:50.000Z $GPGGA,082250,5300.1288,N,00442.7647,E,2,10,0.9,2.5,M,,M,,*58
2026-03-01T08:22:50.000Z $GPRMC,082250,A,5300.1288,N,00442.7647,E,5.6,297.5,010326,,,A*74
2026-03-01T08:22:50.000Z $IIDBT,34.5,f,10.5,M,5.7,F*15
2026-03-01T08:22:50.000Z $IIHDG,298.3,,,1.2,E*21
2026-03-01T08:22:50.000Z $IIMWV,55.3,T,15.7,N,A*3B
2026-03-01T08:22:50.000Z $IIRPM,E,1,0,,A*66
2026-03-01T08:22:50.000Z $IIRSA,-3.8,A,,V*5F
2026-03-01T08:22:50.000Z $IIVHW,298.3,T,,M,5.5,N,,K*55
2026-03-01T08:23:00.000Z !AIVDO,1,1,,A,15RTd30000J`sV4;9a8H4?vP0000,0*7A
2026-03-01T08:23:00.000Z $GPGGA,082300,5300.1219,N,00442.7610,E,2,11,0.9,2.5,M,,M,,*57
2026-03-01T08:23:00.000Z $GPGSA,A,3,01,03,06,11,17,19,22,25,,,,,1.2,0.9,0.8*3D
2026-03-01T08:23:00.000Z $GPRMC,082300,A,5300.1219,N,00442.7610,E,5.5,292.9,010326,,,A*70
2026-03-01T08:23:00.000Z $GPVTG,292.5,T,,M,5.5,N,10.1,K,A*31
2026-03-01T08:23:00.000Z $GPXTE,A,A,0.029,L,N,A*38
2026-03-01T08:23:00.000Z $IIDBT,51.4,f,15.7,M,8.6,F*1C
2026-03-01T08:23:00.000Z $IIHDG,297.8,,,1.2,E*25
2026-03-01T08:23:00.000Z $IIMDA,29.9558,I,1.0144,B,7.6,C,,C,,,,,,,,,,*56
2026-03-01T08:23:00.000Z $IIMTA,7.6,C*34
2026-03-01T08:23:00.000Z $IIMTW,6.5,C*20
2026-03-01T08:23:00.000Z $IIMWV,62.8,T,14.7,N,A*35
2026-03-01T08:23:00.000Z $IIRPM,E,1,0,,A*66
2026-03-01T08:23:00.000Z $IIRSA,3.2,A,,V*78
2026-03-01T08:23:00.000Z $IIVHW,297.8,T,,M,5.0,N,,K*54
2026-03-01T08:23:00.000Z $IIXDR,V,12.38,V,BATT*6B
2026-03-01T08:23:10.000Z $GPGGA,082310,5300.1195,N,00442.7409,E,2,8,0.9,2.5,M,,M,,*63
2026-03-01T08:23:10.000Z $GPRMC,082310,A,5300.1195,N,00442.7409,E,6.3,299.5,010326,,,A*7E
2026-03-01T08:23:10.000Z $IIDBT,58.6,f,17.8,M,9.8,F*15
2026-03-01T08:23:10.000Z $IIHDG,298.2,,,1.2,E*20
2026-03-01T08:23:10.000Z $IIMWV,48.7,T,15.7,N,A*33
2026-03-01T08:23:10.000Z $IIRPM,E,1,0,,A*66
2026-03-01T08:23:10.000Z $IIRSA,-0.5,A,,V*51
2026-03-01T08:23:10.000Z $IIVHW,298.2,T,,M,6.1,N,,K*53
2026-03-01T08:23:20.000Z $GPGGA,082320,5300.1372,N,00442.7359,E,2,11,0.9,2.5,M,,M,,*51
2026-03-01T08:23:20.000Z $GPRMC,082320,A,5300.1372,N,00442.7359,E,6.4,296.0,010326,,,A*79
2026-03-01T08:23:20.000Z $IIDBT,50.9,f,15.5,M,8.5,F*11
2026-03-01T08:23:20.000Z $IIHDG,297.3,,,1.2,E*2E
2026-03-01T08:23:20.000Z $IIMWV,51.5,T,14.1,N,A*3E
2026-03-01T08:23:20.000Z $IIRPM,E,1,0,,A*66
2026-03-01T08:23:20.000Z $IIRSA,4.3,A,,V*7E
2026-03-01T08:23:20.000Z $IIVHW,297.3,T,,M,6.2,N,,K*5E
2026-03-01T08:23:30.000Z $GPGGA,082330,5300.1286,N,00442.7254,E,2,11,0.9,2.5,M,,M,,*56
2026-03-01T08:23:30.000Z $GPRMC,082330,A,5300.1286,N,00442.7254,E,5.4,305.2,010326,,,A*74
2026-03-01T08:23:30.000Z $GPVTG,305.0,T,,M,5.4,N,10.0,K,A*3B
2026-03-01T08:23:30.000Z $GPXTE,A,A,0.040,R,N,A*29
2026-03-01T08:23:30.000Z $IIDBT,67.0,f,20.4,M,11.2,F*24
2026-03-01T08:23:30.000Z $IIHDG,298.9,,,1.2,E*2B
2026-03-01T08:23:30.000Z $IIMTA,7.9,C*3B
2026-03-01T08:23:30.000Z $IIMWV,50.4,T,14.7,N,A*38
2026-03-01T08:23:30.000Z $IIRPM,E,1,0,,A*66
2026-03-01T08:23:30.000Z $IIRSA,-4.7,A,,V*57
2026-03-01T08:23:30.000Z $IIVHW,298.9,T,,M,5.2,N,,K*58
2026-03-01T08:23:30.000Z $IIXDR,V,12.36,V,BATT*65
2026-03-01T08:23:40.000Z $GPGGA,082340,5300.1416,N,00442.7311,E,2,9,0.9,2.5,M,,M,,*67
2026-03-01T08:23:40.000Z $GPRMC,082340,A,5300.1416,N,00442.7311,E,6.4,304.9,010326,,,A*75
2026-03-01T08:23:40.000Z $IIDBT,41.8,f,12.7,M,7.0,F*1F
2026-03-01T08:23:40.000Z $IIHDG,298.6,,,1.2,E*24
2026-03-01T08:23:40.000Z $IIMWV,52.3,T,14.1,N,A*3B
2026-03-01T08:23:40.000Z $IIRPM,E,1,0,,A*66
2026-03-01T08:23:40.000Z $IIRSA,2.0,A,,V*7B
2026-03-01T08:23:40.000Z $IIVHW,298.6,T,,M,6.3,N,,K*55
2026-03-01T08:23:50.000Z $GPGGA,082350,5300.1538,N,00442.7352,E,2,11,0.9,2.5,M,,M,,*55
2026-03-01T08:23:50.000Z $GPRMC,082350,A,5300.1538,N,00442.7352,E,5.1,292.7,010326,,,A*78
2026-03-01T08:23:50.000Z $IIDBT,62.0,f,18.9,M,10.3,F*27
2026-03-01T08:23:50.000Z $IIHDG,297.3,,,1.2,E*2E
2026-03-01T08:23:50.000Z $IIMWV,47.9,T,15.8,N,A*3D
2026-03-01T08:23:50.000Z $IIRPM,E,1,0,,A*66
2026-03-01T08:23:50.000Z $IIRSA,0.9,A,,V*70
2026-03-01T08:23:50.000Z $IIVHW,297.3,T,,M,4.7,N,,K*59
2026-03-01T08:24:00.000Z !AIVDO,1,1,,A,15RTd30000J`sV4;9a8H4?vP0000,0*7A
2026-03-01T08:24:00.000Z $GPGGA,082400,5300.1458,N,00442.7200,E,2,9,0.9,2.5,M,,M,,*6F
2026-03-01T08:24:00.000Z $GPGSA,A,3,01,03,06,11,17,19,22,25,,,,,1.2,0.9,0.8*3D
2026-03-01T08:24:00.000Z $GPRMC,082400,A,5300.1458,N,00442.7200,E,6.2,294.6,010326,,,A*7C
2026-03-01T08:24:00.000Z $GPVTG,294.4,T,,M,6.2,N,11.5,K,A*37
2026-03-01T08:24:00.000Z $GPXTE,A,A,0.039,L,N,A*39
2026-03-01T08:24:00.000Z $IIDBT,33.4,f,10.2,M,5.6,F*15
2026-03-01T08:24:00.000Z $IIHDG,296.7,,,1.2,E*2B
2026-03-01T08:24:00.000Z $IIMDA,29.9640,I,1.0147,B,7.9,C,,C,,,,,,,,,,*50
2026-03-01T08:24:00.000Z $IIMTA,7.6,C*34
2026-03-01T08:24:00.000Z $IIMTW,6.6,C*23
2026-03-01T08:24:00.000Z $IIMWV,61.3,T,15.0,N,A*3B
2026-03-01T08:24:00.000Z $IIRPM,E,1,0,,A*66
2026-03-01T08:24:00.000Z $IIRSA,-4.1,A,,V*51
2026-03-01T08:24:00.000Z $IIVHW,296.7,T,,M,5.8,N,,K*52
2026-03-01T08:24:00.000Z $IIXDR,V,12.45,V,BATT*61
2026-03-01T08:24:10.000Z $GPGGA,082410,5300.1614,N,00442.7365,E,2,11,0.9,2.5,M,,M,,*5F
2026-03-01T08:24:10.000Z $GPRMC,082410,A,5300.1614,N,00442.7365,E,6.1,295.1,010326,,,A*70
2026-03-01T08:24:10.000Z $IIDBT,54.8,f,16.7,M,9.1,F*10
2026-03-01T08:24:10.000Z $IIHDG,298.1,,,1.2,E*23
2026-03-01T08:24:10.000Z $IIMWV,54.3,T,14.1,N,A*3D
2026-03-01T08:24:10.000Z $IIRPM,E,1,0,,A*66
2026-03-01T08:24:10.000Z $IIRSA,-1.1,A,,V*54
2026-03-01T08:24:10.000Z $IIVHW,298.1,T,,M,5.9,N,,K*5B
2026-03-01T08:24:20.000Z $GPGGA,082420,5300.1596,N,00442.7193,E,2,9,0.9,2.5,M,,M,,*67
2026-03-01T08:24:20.000Z $GPRMC,082420,A,5300.1596,N,00442.7193,E,5.4,292.0,010326,,,A*71
2026-03-01T08:24:20.000Z $IIDBT,43.8,f,13.3,M,7.3,F*1B
2026-03-01T08:24:20.000Z $IIHDG,297.1,,,1.2,E*2C
2026-03-01T08:24:20.000Z $IIMWV,48.2,T,15.4,N,A*35
2026-03-01T08:24:20.000Z $IIRPM,E,1,0,,A*66
2026-03-01T08:24:20.000Z $IIRSA,4.2,A,,V*7F
2026-03-01T08:24:20.000Z $IIVHW,297.1,T,,M,4.9,N,,K*55
2026-03-01T08:24:30.000Z $GPGGA,082430,5300.1732,N,00442.7101,E,2,10,0.9,2.5,M,,M,,*59
2026-03-01T08:24:30.000Z $GPRMC,082430,A,5300.1732,N,00442.7101,E,6.4,302.9,010326,,,A*75
2026-03-01T08:24:30.000Z $GPVTG,302.7,T,,M,6.4,N,11.8,K,A*31
2026-03-01T08:24:30.000Z $GPXTE,A,A,0.042,R,N,A*2B
2026-03-01T08:24:30.000Z $IIDBT,50.1,f,15.3,M,8.3,F*19
2026-03-01T08:24:30.000Z $IIHDG,300.0,,,1.2,E*22
2026-03-01T08:24:30.000Z $IIMTA,7.7,C*35
2026-03-01T08:24:30.000Z $IIMWV,48.0,T,15.1,N,A*32
2026-03-01T08:24:30.000Z $IIRPM,E,1,0,,A*66
2026-03-01T08:24:30.000Z $IIRSA,4.8,A,,V*75
2026-03-01T08:24:30.000Z $IIVHW,300.0,T,,M,6.0,N,,K*50
2026-03-01T08:24:30.000Z $IIXDR,V,12.41,V,BATT*65
2026-03-01T08:24:40.000Z $GPGGA,082440,5300.1596,N,00442.7314,E,2,10,0.9,2.5,M,,M,,*54
2026-03-01T08:24:40.000Z $GPRMC,082440,A,5300.1596,N,00442.7314,E,6.0,304.1,010326,,,A*72
2026-03-01T08:24:40.000Z $IIDBT,49.1,f,15.0,M,8.2,F*13
2026-03-01T08:24:40.000Z $IIHDG,296.5,,,1.2,E*29
2026-03-01T08:24:40.000Z $IIMWV,53.4,T,14.9,N,A*35
2026-03-01T08:24:40.000Z $IIRPM,E,1,0,,A*66
2026-03-01T08:24:40.000Z $IIRSA,-1.2,A,,V*57
2026-03-01T08:24:40.000Z $IIVHW,296.5,T,,M,5.7,N,,K*5F
2026-03-01T08:24:50.000Z $GPGGA,082450,5300.1607,N,00442.7174,E,2,11,0.9,2.5,M,,M,,*5B
2026-03-01T08:24:50.000Z $GPRMC,082450,A,5300.1607,N,00442.7174,E,6.2,297.9,010326,,,A*7D
2026-03-01T08:24:50.000Z $IIDBT,49.2,f,15.0,M,8.2,F*10
2026-03-01T08:24:50.000Z $IIHDG,298.2,,,1.2,E*20
2026-03-01T08:24:50.000Z $IIMWV,57.2,T,14.6,N,A*38
2026-03-01T08:24:50.000Z $IIRPM,E,1,0,,A*66
2026-03-01T08:24:50.000Z $IIRSA,-0.6,A,,V*52
2026-03-01T08:24:50.000Z $IIVHW,298.2,T,,M,6.1,N,,K*53
2026-03-01T08:25:00.000Z !AIVDM,1,1,,B,15N2460P00J`tC4;9g`R4?vN0<02,0*5E
2026-03-01T08:25:00.000Z !AIVDO,1,1,,A,15RTd30000J`sV4;9a8H4?vP0000,0*7A
2026-03-01T08:25:00.000Z $GPGGA,082500,5300.1687,N,00442.7205,E,2,10,0.9,2.5,M,,M,,*53
2026-03-01T08:25:00.000Z $GPGSA,A,3,01,03,06,11,17,19,22,25,,,,,1.2,0.9,0.8*3D
2026-03-01T08:25:00.000Z $GPRMC,082500,A,5300.1687,N,00442.7205,E,6.5,307.6,010326,,,A*74
2026-03-01T08:25:00.000Z $GPVTG,307.4,T,,M,6.5,N,12.1,K,A*3C
2026-03-01T08:25:00.000Z $GPXTE,A,A,0.020,R,N,A*2F
2026-03-01T08:25:00.000Z $IIDBT,45.6,f,13.9,M,7.6,F*1C
2026-03-01T08:25:00.000Z $IIHDG,299.2,,,1.2,E*21
2026-03-01T08:25:00.000Z $IIMDA,29.9600,I,1.0146,B,7.8,C,,C,,,,,,,,,,*54
2026-03-01T08:25:00.000Z $IIMTA,8.0,C*3D
2026-03-01T08:25:00.000Z $IIMTW,6.2,C*27
2026-03-01T08:25:00.000Z $IIMWV,62.2,T,14.9,N,A*31
2026-03-01T08:25:00.000Z $IIRPM,E,1,0,,A*66
2026-03-01T08:25:00.000Z $IIRSA,0.7,A,,V*7E
2026-03-01T08:25:00.000Z $IIVHW,299.2,T,,M,6.4,N,,K*57
2026-03-01T08:25:00.000Z $IIXDR,V,12.45,V,BATT*61
2026-03-01T08:25:10.000Z !AIVDM,1,1,,B,15N2451P00J`tC4;9g`R4?vN0<02,0*5E
2026-03-01T08:25:10.000Z $GPGGA,082510,5300.1698,N,00442.6972,E,2,9,0.9,2.5,M,,M,,*6E
2026-03-01T08:25:10.000Z $GPRMC,082510,A,5300.1698,N,00442.6972,E,5.5,292.0,010326,,,A*79
2026-03-01T08:25:10.000Z $IIDBT,68.3,f,20.8,M,11.4,F*22
2026-03-01T08:25:10.000Z $IIHDG,297.1,,,1.2,E*2C
2026-03-01T08:25:10.000Z $IIMWV,60.0,T,14.4,N,A*3C
2026-03-01T08:25:10.000Z $IIRPM,E,1,0,,A*66
2026-03-01T08:25:10.000Z $IIRSA,4.9,A,,V*74
2026-03-01T08:25:10.000Z $IIVHW,297.1,T,,M,5.1,N,,K*5C
2026-03-01T08:25:20.000Z !AIVDM,1,1,,B,15N2445P00J`tC4;9g`R4?vN0<02,0*5E
2026-03-01T08:25:20.000Z $GPGGA,082520,5300.1923,N,00442.7080,E,2,8,0.9,2.5,M,,M,,*66
2026-03-01T08:25:20.000Z $GPRMC,082520,A,5300.1923,N,00442.7080,E,6.6,296.8,010326,,,A*7C
2026-03-01T08:25:20.000Z $IIDBT,37.8,f,11.5,M,6.3,F*1D
2026-03-01T08:25:20.000Z $IIHDG,296.7,,,1.2,E*2B
2026-03-01T08:25:20.000Z $IIMWV,58.8,T,14.1,N,A*3A
2026-03-01T08:25:20.000Z $IIRPM,E,1,0,,A*66
2026-03-01T08:25:20.000Z $IIRSA,0.1,A,,V*78
2026-03-01T08:25:20.000Z $IIVHW,296.7,T,,M,6.2,N,,K*5B
2026-03-01T08:25:30.000Z $GPGGA,082530,5300.1961,N,00442.6934,E,2,10,0.9,2.5,M,,M,,*5F
2026-03-01T08:25:30.000Z $GPRMC,082530,A,5300.1961,N,00442.6934,E,6.5,297.5,010326,,,A*73
2026-03-01T08:25:30.000Z $GPVTG,297.6,T,,M,6.5,N,12.0,K,A*37
2026-03-01T08:25:30.000Z $GPXTE,A,A,0.022,R,N,A*2D
2026-03-01T08:25:30.000Z $IIDBT,45.9,f,14.0,M,7.7,F*1C
2026-03-01T08:25:30.000Z $IIHDG,298.2,,,1.2,E*20
2026-03-01T08:25:30.000Z $IIMTA,7.8,C*3A
2026-03-01T08:25:30.000Z $IIMWV,58.1,T,14.2,N,A*30
2026-03-01T08:25:30.000Z $IIRPM,E,1,0,,A*66
2026-03-01T08:25:30.000Z $IIRSA,3.0,A,,V*7A
2026-03-01T08:25:30.000Z $IIVHW,298.2,T,,M,6.1,N,,K*53
2026-03-01T08:25:30.000Z $IIXDR,V,12.34,V,BATT*67
2026-03-01T08:25:40.000Z !AIVDM,1,1,,B,15N2113P00J`tC4;9g`R4?vN0<02,0*5E
2026-03-01T08:25:40.000Z $GPGGA,082540,5300.1931,N,00442.6997,E,2,8,0.9,2.5,M,,M,,*6D
2026-03-01T08:25:40.000Z $GPRMC,082540,A,5300.1931,N,00442.6997,E,5.5,306.1,010326,,,A*76
2026-03-01T08:25:40.000Z $IIDBT,67.4,f,20.6,M,11.2,F*22
2026-03-01T08:25:40.000Z $IIHDG,299.6,,,1.2,E*25
2026-03-01T08:25:40.000Z $IIMWV,57.1,T,15.7,N,A*3B
2026-03-01T08:25:40.000Z $IIRPM,E,1,0,,A*66
2026-03-01T08:25:40.000Z $IIRSA,0.8,A,,V*71
2026-03-01T08:25:40.000Z $IIVHW,299.6,T,,M,5.3,N,,K*57
2026-03-01T08:25:50.000Z $GPGGA,082550,5300.1966,N,00442.6819,E,2,9,0.9,2.5,M,,M,,*68
2026-03-01T08:25:50.000Z $GPRMC,082550,A,5300.1966,N,00442.6819,E,6.9,297.7,010326,,,A*72
2026-03-01T08:25:50.000Z $IIDBT,57.9,f,17.6,M,9.6,F*15
2026-03-01T08:25:50.000Z $IIHDG,298.7,,,1.2,E*25
2026-03-01T08:25:50.000Z $IIMWV,51.5,T,14.3,N,A*3C
2026-03-01T08:25:50.000Z $IIRPM,E,1,0,,A*66
2026-03-01T08:25:50.000Z $IIRSA,-1.0,A,,V*55
2026-03-01T08:25:50.000Z $IIVHW,298.7,T,,M,6.6,N,,K*51
2026-03-01T08:26:00.000Z !AIVDM,1,1,,B,15N2113P00J`tC4;9g`R4?vN0<02,0*5E
2026-03-01T08:26:00.000Z !AIVDO,1,1,,A,15RTd30000J`sV4;9a8H4?vP0000,0*7A
2026-03-01T08:26:00.000Z $GPGGA,082600,5300.1897,N,00442.6736,E,2,10,0.9,2.5,M,,M,,*5B
2026-03-01T08:26:00.000Z $GPGSA,A,3,01,03,06,11,17,19,22,25,,,,,1.2,0.9,0.8*3D
2026-03-01T08:26:00.000Z $GPRMC,082600,A,5300.1897,N,00442.6736,E,6.9,293.6,010326,,,A*7C
2026-03-01T08:26:00.000Z $GPVTG,293.6,T,,M,6.9,N,12.8,K,A*37
2026-03-01T08:26:00.000Z $GPXTE,A,A,0.037,L,N,A*37
2026-03-01T08:26:00.000Z $IIDBT,55.8,f,17.0,M,9.3,F*15
2026-03-01T08:26:00.000Z $IIHDG,299.0,,,1.2,E*23
2026-03-01T08:26:00.000Z $IIMDA,29.9534,I,1.0143,B,7.7,C,,C,,,,,,,,,,*5A
2026-03-01T08:26:00.000Z $IIMTA,8.1,C*3C
2026-03-01T08:26:00.000Z $IIMTW,6.4,C*21
2026-03-01T08:26:00.000Z $IIMWV,60.9,T,15.4,N,A*34
2026-03-01T08:26:00.000Z $IIRPM,E,1,0,,A*66
2026-03-01T08:26:00.000Z $IIRSA,-5.0,A,,V*51
2026-03-01T08:26:00.000Z $IIVHW,299.0,T,,M,6.7,N,,K*56
2026-03-01T08:26:00.000Z $IIXDR,V,12.41,V,BATT*65
2026-03-01T08:26:10.000Z $GPGGA,082610,5300.2067,N,00442.6886,E,2,8,0.9,2.5,M,,M,,*63
2026-03-01T08:26:10.000Z $GPRMC,082610,A,5300.2067,N,00442.6886,E,5.7,300.9,010326,,,A*74
2026-03-01T08:26:10.000Z $IIDBT,68.0,f,20.7,M,11.3,F*29
2026-03-01T08:26:10.000Z $IIHDG,298.8,,,1.2,E*2A
2026-03-01T08:26:10.000Z $IIMWV,54.6,T,14.1,N,A*38
2026-03-01T08:26:10.000Z $IIRPM,E,1,0,,A*66
2026-03-01T08:26:10.000Z $IIRSA,-3.1,A,,V*56
2026-03-01T08:26:10.000Z $IIVHW,298.8,T,,M,5.2,N,,K*59
2026-03-01T08:26:20.000Z $GPGGA,082620,5300.2132,N,00442.6717,E,2,11,0.9,2.5,M,,M,,*5E
2026-03-01T08:26:20.000Z $GPRMC,082620,A,5300.2132,N,00442.6717,E,5.1,305.2,010326,,,A*79
2026-03-01T08:26:20.000Z $IIDBT,69.9,f,21.3,M,11.6,F*21
2026-03-01T08:26:20.000Z $IIHDG,296.7,,,1.2,E*2B
2026-03-01T08:26:20.000Z $IIMWV,53.0,T,15.0,N,A*39
2026-03-01T08:26:20.000Z $IIRPM,E,1,0,,A*66
2026-03-01T08:26:20.000Z $IIRSA,1.0,A,,V*78
2026-03-01T08:26:20.000Z $IIVHW,296.7,T,,M,5.0,N,,K*5A
2026-03-01T08:26:30.000Z $GPGGA,082630,5300.2197,N,00442.6758,E,2,8,0.9,2.5,M,,M,,*63
2026-03-01T08:26:30.000Z $GPRMC,082630,A,5300.2197,N,00442.6758,E,5.0,305.8,010326,,,A*77
2026-03-01T08:26:30.000Z $GPVTG,305.1,T,,M,5.0,N,9.3,K,A*05
2026-03-01T08:26:30.000Z $GPXTE,A,A,0.031,R,N,A*2F
2026-03-01T08:26:30.000Z $IIDBT,50.8,f,15.5,M,8.5,F*10
2026-03-01T08:26:30.000Z $IIHDG,297.7,,,1.2,E*2A
2026-03-01T08:26:30.000Z $IIMTA,7.8,C*3A
2026-03-01T08:26:30.000Z $IIMWV,47.7,T,15.8,N,A*33
2026-03-01T08:26:30.000Z $IIRPM,E,1,0,,A*66
2026-03-01T08:26:30.000Z $IIRSA,-0.2,A,,V*56
2026-03-01T08:26:30.000Z $IIVHW,297.7,T,,M,4.7,N,,K*5D
2026-03-01T08:26:30.000Z $IIXDR,V,12.39,V,BATT*6A
2026-03-01T08:26:40.000Z $GPGGA,082640,5300.2146,N,00442.6602,E,2,9,0.9,2.5,M,,M,,*67
2026-03-01T08:26:40.000Z $GPRMC,082640,A,5300.2146,N,00442.6602,E,5.5,298.8,010326,,,A*72
2026-03-01T08:26:40.000Z $IIDBT,59.4,f,18.1,M,9.9,F*11
2026-03-01T08:26:40.000Z $IIHDG,297.1,,,1.2,E*2C
2026-03-01T08:26:40.000Z $IIMWV,55.8,T,14.9,N,A*3F
2026-03-01T08:26:40.000Z $IIRPM,E,1,0,,A*66
2026-03-01T08:26:40.000Z $IIRSA,4.9,A,,V*74
2026-03-01T08:26:40.000Z $IIVHW,297.1,T,,M,5.0,N,,K*5D
2026-03-01T08:26:50.000Z $GPGGA,082650,5300.2127,N,00442.6554,E,2,11,0.9,2.5,M,,M,,*58
2026-03-01T08:26:50.000Z $GPRMC,082650,A,5300.2127,N,00442.6554,E,5.7,306.7,010326,,,A*7F
2026-03-01T08:26:50.000Z $IIDBT,34.3,f,10.5,M,5.7,F*13
2026-03-01T08:26:50.000Z $IIHDG,299.3,,,1.2,E*20
2026-03-01T08:26:50.000Z $IIMWV,61.8,T,15.9,N,A*39
2026-03-01T08:26:50.000Z $IIRPM,E,1,0,,A*66
2026-03-01T08:26:50.000Z $IIRSA,-4.0,A,,V*50
2026-03-01T08:26:50.000Z $IIVHW,299.3,T,,M,5.2,N,,K*53
2026-03-01T08:27:00.000Z !AIVDM,1,1,,B,15N2446P00J`tC4;9g`R4?vN0<02,0*5E
2026-03-01T08:27:00.000Z !AIVDO,1,1,,A,15RTd30000J`sV4;9a8H4?vP0000,0*7A
2026-03-01T08:27:00.000Z $GPGGA,082700,5300.2339,N,00442.6598,E,2,10,0.9,2.5,M,,M,,*50
2026-03-01T08:27:00.000Z $GPGSA,A,3,01,03,06,11,17,19,22,25,,,,,1.2,0.9,0.8*3D
2026-03-01T08:27:00.000Z $GPRMC,082700,A,5300.2339,N,00442.6598,E,6.2,293.1,010326,,,A*7B
2026-03-01T08:27:00.000Z $GPVTG,293.4,T,,M,6.2,N,11.5,K,A*30
2026-03-01T08:27:00.000Z $GPXTE,A,A,0.015,R,N,A*29
2026-03-01T08:27:00.000Z $IIDBT,50.7,f,15.5,M,8.5,F*1F
2026-03-01T08:27:00.000Z $IIHDG,296.5,,,1.2,E*29
2026-03-01T08:27:00.000Z $IIMDA,29.9514,I,1.0143,B,7.9,C,,C,,,,,,,,,,*56
2026-03-01T08:27:00.000Z $IIMTA,8.0,C*3D
2026-03-01T08:27:00.000Z $IIMTW,6.3,C*26
2026-03-01T08:27:00.000Z $IIMWV,59.3,T,15.2,N,A*32
2026-03-01T08:27:00.000Z $IIRPM,E,1,0,,A*66
2026-03-01T08:27:00.000Z $IIRSA,3.5,A,,V*7F
2026-03-01T08:27:00.000Z $IIVHW,296.5,T,,M,5.9,N,,K*51
2026-03-01T08:27:00.000Z $IIXDR,V,12.42,V,BATT*66
2026-03-01T08:27:10.000Z $GPGGA,082710,5300.2188,N,00442.6659,E,2,10,0.9,2.5,M,,M,,*57
2026-03-01T08:27:10.000Z $GPRMC,082710,A,5300.2188,N,00442.6659,E,6.7,294.1,010326,,,A*7E
2026-03-01T08:27:10.000Z $IIDBT,63.6,f,19.4,M,10.6,F*29
2026-03-01T08:27:10.000Z $IIHDG,299.2,,,1.2,E*21
2026-03-01T08:27:10.000Z $IIMWV,59.1,T,15.2,N,A*30
2026-03-01T08:27:10.000Z $IIRPM,E,1,0,,A*66
2026-03-01T08:27:10.000Z $IIRSA,-1.4,A,,V*51
2026-03-01T08:27:10.000Z $IIVHW,299.2,T,,M,6.4,N,,K*57
2026-03-01T08:27:20.000Z $GPGGA,082720,5300.2293,N,00442.6674,E,2,11,0.9,2.5,M,,M,,*53
2026-03-01T08:27:20.000Z $GPRMC,082720,A,5300.2293,N,00442.6674,E,6.2,296.4,010326,,,A*79
2026-03-01T08:27:20.000Z $IIDBT,50.7,f,15.4,M,8.4,F*1F
2026-03-01T08:27:20.000Z $IIHDG,298.8,,,1.2,E*2A
2026-03-01T08:27:20.000Z $IIMWV,59.3,T,14.5,N,A*34
2026-03-01T08:27:20.000Z $IIRPM,E,1,0,,A*66
2026-03-01T08:27:20.000Z $IIRSA,-1.1,A,,V*54
2026-03-01T08:27:20.000Z $IIVHW,298.8,T,,M,5.7,N,,K*5C
2026-03-01T08:27:30.000Z $GPGGA,082730,5300.2466,N,00442.6466,E,2,8,0.9,2.5,M,,M,,*67
2026-03-01T08:27:30.000Z $GPRMC,082730,A,5300.2466,N,00442.6466,E,5.5,306.9,010326,,,A*74
2026-03-01T08:27:30.000Z $GPVTG,306.6,T,,M,5.5,N,10.2,K,A*3D
2026-03-01T08:27:30.000Z $GPXTE,A,A,0.038,L,N,A*38
2026-03-01T08:27:30.000Z $IIDBT,57.8,f,17.6,M,9.6,F*14
2026-03-01T08:27:30.000Z $IIHDG,298.9,,,1.2,E*2B
2026-03-01T08:27:30.000Z $IIMTA,8.0,C*3D
2026-03-01T08:27:30.000Z $IIMWV,53.4,T,14.6,N,A*3A
2026-03-01T08:27:30.000Z $IIRPM,E,1,0,,A*66
2026-03-01T08:27:30.000Z $IIRSA,-1.5,A,,V*50
2026-03-01T08:27:30.000Z $IIVHW,298.9,T,,M,5.4,N,,K*5E
2026-03-01T08:27:30.000Z $IIXDR,V,12.44,V,BATT*60
2026-03-01T08:27:40.000Z $GPGGA,082740,5300.2477,N,00442.6340,E,2,11,0.9,2.5,M,,M,,*5B
2026-03-01T08:27:40.000Z $GPRMC,082740,A,5300.2477,N,00442.6340,E,5.5,305.0,010326,,,A*7A
2026-03-01T08:27:40.000Z $IIDBT,46.6,f,14.2,M,7.8,F*1D
2026-03-01T08:27:40.000Z $IIHDG,298.0,,,1.2,E*22
2026-03-01T08:27:40.000Z $IIMWV,56.6,T,15.0,N,A*3A
2026-03-01T08:27:40.000Z $IIRPM,E,1,0,,A*66
2026-03-01T08:27:40.000Z $IIRSA,3.6,A,,V*7C
2026-03-01T08:27:40.000Z $IIVHW,298.0,T,,M,5.1,N,,K*52
2026-03-01T08:27:50.000Z !AIVDM,1,1,,B,15N2451P00J`tC4;9g`R4?vN0<02,0*5E
2026-03-01T08:27:50.000Z $GPGGA,082750,5300.2471,N,00442.6628,E,2,9,0.9,2.5,M,,M,,*6E
2026-03-01T08:27:50.000Z $GPRMC,082750,A,5300.2471,N,00442.6628,E,6.0,298.5,010326,,,A*70
2026-03-01T08:27:50.000Z $IIDBT,34.7,f,10.6,M,5.8,F*1B
2026-03-01T08:27:50.000Z $IIHDG,297.5,,,1.2,E*28
2026-03-01T08:27:50.000Z $IIMWV,62.7,T,14.3,N,A*3E
2026-03-01T08:27:50.000Z $IIRPM,E,1,0,,A*66
2026-03-01T08:27:50.000Z $IIRSA,1.5,A,,V*7D
2026-03-01T08:27:50.000Z $IIVHW,297.5,T,,M,5.9,N,,K*50
2026-03-01T08:28:00.000Z !AIVDM,1,1,,B,15N2451P00J`tC4;9g`R4?vN0<02,0*5E
2026-03-01T08:28:00.000Z !AIVDO,1,1,,A,15RTd30000J`sV4;9a8H4?vP0000,0*7A
2026-03-01T08:28:00.000Z $GPGGA,082800,5300.2603,N,00442.6417,E,2,9,0.9,2.5,M,,M,,*6D
2026-03-01T08:28:00.000Z $GPGSA,A,3,01,03,06,11,17,19,22,25,,,,,1.2,0.9,0.8*3D
2026-03-01T08:28:00.000Z $GPRMC,082800,A,5300.2603,N,00442.6417,E,5.4,295.1,010326,,,A*7D
2026-03-01T08:28:00.000Z $GPVTG,295.3,T,,M,5.4,N,9.9,K,A*01
2026-03-01T08:28:00.000Z $GPXTE,A,A,0.037,L,N,A*37
2026-03-01T08:28:00.000Z $IIDBT,46.4,f,14.2,M,7.7,F*10
2026-03-01T08:28:00.000Z $IIHDG,298.3,,,1.2,E*21
2026-03-01T08:28:00.000Z $IIMDA,29.9661,I,1.0148,B,7.7,C,,C,,,,,,,,,,*52
2026-03-01T08:28:00.000Z $IIMTA,7.6,C*34
2026-03-01T08:28:00.000Z $IIMTW,6.5,C*20
2026-03-01T08:28:00.000Z $IIMWV,55.4,T,15.0,N,A*3B
2026-03-01T08:28:00.000Z $IIRPM,E,1,0,,A*66
2026-03-01T08:28:00.000Z $IIRSA,0.5,A,,V*7C
2026-03-01T08:28:00.000Z $IIVHW,298.3,T,,M,5.2,N,,K*52
2026-03-01T08:28:00.000Z $IIXDR,V,12.48,V,BATT*6C
2026-03-01T08:28:10.000Z $GPGGA,082810,5300.2576,N,00442.6310,E,2,8,0.9,2.5,M,,M,,*6C
2026-03-01T08:28:10.000Z $GPRMC,082810,A,5300.2576,N,00442.6310,E,5.2,298.2,010326,,,A*75
2026-03-01T08:28:10.000Z $IIDBT,53.8,f,16.4,M,9.0,F*15
2026-03-01T08:28:10.000Z $IIHDG,297.7,,,1.2,E*2A
2026-03-01T08:28:10.000Z $IIMWV,62.0,T,14.5,N,A*3F
2026-03-01T08:28:10.000Z $IIRPM,E,1,0,,A*66
2026-03-01T08:28:10.000Z $IIRSA,1.8,A,,V*70
2026-03-01T08:28:10.000Z $IIVHW,297.7,T,,M,4.7,N,,K*5D
2026-03-01T08:28:20.000Z $GPGGA,082820,5300.2526,N,00442.6228,E,2,9,0.9,2.5,M,,M,,*61
2026-03-01T08:28:20.000Z $GPRMC,082820,A,5300.2526,N,00442.6228,E,6.7,297.0,010326,,,A*72
2026-03-01T08:28:20.000Z $IIDBT,42.9,f,13.1,M,7.1,F*1B
2026-03-01T08:28:20.000Z $IIHDG,297.6,,,1.2,E*2B
2026-03-01T08:28:20.000Z $IIMWV,52.4,T,15.9,N,A*35
2026-03-01T08:28:20.000Z $IIRPM,E,1,0,,A*66
2026-03-01T08:28:20.000Z $IIRSA,1.3,A,,V*7B
2026-03-01T08:28:20.000Z $IIVHW,297.6,T,,M,6.6,N,,K*5F
2026-03-01T08:28:30.000Z $GPGGA,082830,5300.2594,N,00442.6307,E,2,11,0.9,2.5,M,,M,,*5C
2026-03-01T08:28:30.000Z $GPRMC,082830,A,5300.2594,N,00442.6307,E,5.6,303.9,010326,,,A*71
2026-03-01T08:28:30.000Z $GPVTG,303.1,T,,M,5.6,N,10.3,K,A*3D
2026-03-01T08:28:30.000Z $GPXTE,A,A,0.038,L,N,A*38
2026-03-01T08:28:30.000Z $IIDBT,49.7,f,15.1,M,8.3,F*15
2026-03-01T08:28:30.000Z $IIHDG,297.3,,,1.2,E*2E
2026-03-01T08:28:30.000Z $IIMTA,7.5,C*37
2026-03-01T08:28:30.000Z $IIMWV,49.8,T,15.8,N,A*32
2026-03-01T08:28:30.000Z $IIRPM,E,1,0,,A*66
2026-03-01T08:28:30.000Z $IIRSA,-1.2,A,,V*57
2026-03-01T08:28:30.000Z $IIVHW,297.3,T,,M,5.1,N,,K*5E
2026-03-01T08:28:30.000Z $IIXDR,V,12.43,V,BATT*67
2026-03-01T08:28:40.000Z $GPGGA,082840,5300.2709,N,00442.6340,E,2,11,0.9,2.5,M,,M,,*5E
2026-03-01T08:28:40.000Z $GPRMC,082840,A,5300.2709,N,00442.6340,E,5.3,306.8,010326,,,A*72
2026-03-01T08:28:40.000Z $IIDBT,62.2,f,19.0,M,10.4,F*2A
2026-03-01T08:28:40.000Z $IIHDG,297.9,,,1.2,E*24
2026-03-01T08:28:40.000Z $IIMWV,52.3,T,15.6,N,A*3D
2026-03-01T08:28:40.000Z $IIRPM,E,1,0,,A*66
2026-03-01T08:28:40.000Z $IIRSA,4.3,A,,V*7E
2026-03-01T08:28:40.000Z $IIVHW,297.9,T,,M,4.9,N,,K*5D
2026-03-01T08:28:50.000Z !AIVDM,1,1,,B,15N2445P00J`tC4;9g`R4?vN0<02,0*5E
2026-03-01T08:28:50.000Z $GPGGA,082850,5300.2616,N,00442.6089,E,2,11,0.9,2.5,M,,M,,*56
2026-03-01T08:28:50.000Z $GPRMC,082850,A,5300.2616,N,00442.6089,E,6.5,295.9,010326,,,A*75
2026-03-01T08:28:50.000Z $IIDBT,40.5,f,12.4,M,6.8,F*19
2026-03-01T08:28:50.000Z $IIHDG,297.9,,,1.2,E*24
2026-03-01T08:28:50.000Z $IIMWV,48.5,T,14.5,N,A*32
2026-03-01T08:28:50.000Z $IIRPM,E,1,0,,A*66
2026-03-01T08:28:50.000Z $IIRSA,-3.0,A,,V*57
2026-03-01T08:28:50.000Z $IIVHW,297.9,T,,M,6.2,N,,K*54
2026-03-01T08:29:00.000Z !AIVDM,1,1,,B,15N2451P00J`tC4;9g`R4?vN0<02,0*5E
2026-03-01T08:29:00.000Z !AIVDO,1,1,,A,15RTd30000J`sV4;9a8H4?vP0000,0*7A
2026-03-01T08:29:00.000Z $GPGGA,082900,5300.2858,N,00442.6049,E,2,9,0.9,2.5,M,,M,,*63
2026-03-01T08:29:00.000Z $GPGSA,A,3,01,03,06,11,17,19,22,25,,,,,1.2,0.9,0.8*3D
2026-03-01T08:29:00.000Z $GPRMC,082900,A,5300.2858,N,00442.6049,E,6.4,299.0,010326,,,A*7D
2026-03-01T08:29:00.000Z $GPVTG,299.6,T,,M,6.4,N,11.9,K,A*32
2026-03-01T08:29:00.000Z $GPXTE,A,A,0.035,L,N,A*35
2026-03-01T08:29:00.000Z $IIDBT,40.6,f,12.4,M,6.8,F*1A
2026-03-01T08:29:00.000Z $IIHDG,297.8,,,1.2,E*25
2026-03-01T08:29:00.000Z $IIMDA,29.9659,I,1.0148,B,7.9,C,,C,,,,,,,,,,*57
2026-03-01T08:29:00.000Z $IIMTA,7.8,C*3A
2026-03-01T08:29:00.000Z $IIMTW,6.6,C*23
2026-03-01T08:29:00.000Z $IIMWV,57.3,T,15.1,N,A*3F
2026-03-01T08:29:00.000Z $IIRPM,E,1,0,,A*66
2026-03-01T08:29:00.000Z $IIRSA,-1.2,A,,V*57
2026-03-01T08:29:00.000Z $IIVHW,297.8,T,,M,5.9,N,,K*5D
2026-03-01T08:29:00.000Z $IIXDR,V,12.39,V,BATT*6A
2026-03-01T08:29:10.000Z !AIVDM,1,1,,B,15N2113P00J`tC4;9g`R4?vN0<02,0*5E
2026-03-01T08:29:10.000Z $GPGGA,082910,5300.2692,N,00442.6234,E,2,10,0.9,2.5,M,,M,,*5A
2026-03-01T08:29:10.000Z $GPRMC,082910,A,5300.2692,N,00442.6234,E,5.9,292.3,010326,,,A*7A
2026-03-01T08:29:10.000Z $IIDBT,53.8,f,16.4,M,9.0,F*15
2026-03-01T08:29:10.000Z $IIHDG,296.6,,,1.2,E*2A
2026-03-01T08:29:10.000Z $IIMWV,57.5,T,15.5,N,A*3D
2026-03-01T08:29:10.000Z $IIRPM,E,1,0,,A*66
2026-03-01T08:29:10.000Z $IIRSA,0.4,A,,V*7D
2026-03-01T08:29:10.000Z $IIVHW,296.6,T,,M,5.7,N,,K*5C
2026-03-01T08:29:20.000Z $GPGGA,082920,5300.2874,N,00442.6320,E,2,10,0.9,2.5,M,,M,,*5B
2026-03-01T08:29:20.000Z $GPRMC,082920,A,5300.2874,N,00442.6320,E,6.0,307.4,010326,,,A*7B
2026-03-01T08:29:20.000Z $IIDBT,64.7,f,19.7,M,10.8,F*22
2026-03-01T08:29:20.000Z $IIHDG,299.7,,,1.2,E*24
2026-03-01T08:29:20.000Z $IIMWV,54.6,T,15.1,N,A*39
2026-03-01T08:29:20.000Z $IIRPM,E,1,0,,A*66
2026-03-01T08:29:20.000Z $IIRSA,0.2,A,,V*7B
2026-03-01T08:29:20.000Z $IIVHW,299.7,T,,M,5.5,N,,K*50
2026-03-01T08:29:30.000Z $GPGGA,082930,5300.2948,N,00442.6017,E,2,11,0.9,2.5,M,,M,,*52
2026-03-01T08:29:30.000Z $GPRMC,082930,A,5300.2948,N,00442.6017,E,5.8,299.5,010326,,,A*7F
2026-03-01T08:29:30.000Z $GPVTG,299.7,T,,M,5.8,N,10.7,K,A*33
2026-03-01T08:29:30.000Z $GPXTE,A,A,0.047,L,N,A*30
2026-03-01T08:29:30.000Z $IIDBT,66.7,f,20.3,M,11.1,F*26
2026-03-01T08:29:30.000Z $IIHDG,298.9,,,1.2,E*2B
2026-03-01T08:29:30.000Z $IIMTA,7.8,C*3A
2026-03-01T08:29:30.000Z $IIMWV,50.9,T,14.4,N,A*36
2026-03-01T08:29:30.000Z $IIRPM,E,1,0,,A*66
2026-03-01T08:29:30.000Z $IIRSA,-4.7,A,,V*57
2026-03-01T08:29:30.000Z $IIVHW,298.9,T,,M,5.6,N,,K*5C
2026-03-01T08:29:30.000Z $IIXDR,V,12.46,V,BATT*62
2026-03-01T08:29:40.000Z $GPGGA,082940,5300.2952,N,00442.6181,E,2,10,0.9,2.5,M,,M,,*51
2026-03-01T08:29:40.000Z $GPRMC,082940,A,5300.2952,N,00442.6181,E,6.4,307.4,010326,,,A*75
2026-03-01T08:29:40.000Z $IIDBT,59.9,f,18.2,M,10.0,F*2E
2026-03-01T08:29:40.000Z $IIHDG,297.7,,,1.2,E*2A
2026-03-01T08:29:40.000Z $IIMWV,50.4,T,14.6,N,A*39
2026-03-01T08:29:40.000Z $IIRPM,E,1,0,,A*66
2026-03-01T08:29:40.000Z $IIRSA,-3.8,A,,V*5F
2026-03-01T08:29:40.000Z $IIVHW,297.7,T,,M,6.2,N,,K*5A
2026-03-01T08:29:50.000Z $GPGGA,082950,5300.2937,N,00442.6204,E,2,10,0.9,2.5,M,,M,,*5D
2026-03-01T08:29:50.000Z $GPRMC,082950,A,5300.2937,N,00442.6204,E,6.2,302.4,010326,,,A*7A
2026-03-01T08:29:50.000Z $IIDBT,44.4,f,13.5,M,7.4,F*11
2026-03-01T08:29:50.000Z $IIHDG,299.9,,,1.2,E*2A
2026-03-01T08:29:50.000Z $IIMWV,47.7,T,15.2,N,A*39
2026-03-01T08:29:50.000Z $IIRPM,E,1,0,,A*66
2026-03-01T08:29:50.000Z $IIRSA,-0.0,A,,V*54
2026-03-01T08:29:50.000Z $IIVHW,299.9,T,,M,5.8,N,,K*53
2026-03-01T08:30:00.000Z !AIVDO,1,1,,A,15RTd30000J`sV4;9a8H4?vP0000,0*7A
2026-03-01T08:30:00.000Z !AIVDO,1,1,,A,15RTd30000J`sV4;9a8H4?vP0000,0*7A
2026-03-01T08:30:00.000Z $GPGGA,083000,5300.2923,N,00442.6121,E,2,9,0.9,2.5,M,,M,,*69
2026-03-01T08:30:00.000Z $GPGGA,083000,5300.3080,N,00442.6073,E,2,8,0.9,2.5,M,,M,,*6F
2026-03-01T08:30:00.000Z $GPGSA,A,3,01,03,06,11,17,19,22,25,,,,,1.2,0.9,0.8*3D
2026-03-01T08:30:00.000Z $GPGSA,A,3,01,03,06,11,17,19,22,25,,,,,1.2,0.9,0.8*3D
2026-03-01T08:30:00.000Z $GPRMC,083000,A,5300.2923,N,00442.6121,E,6.6,295.9,010326,,,A*70
2026-03-01T08:30:00.000Z $GPRMC,083000,A,5300.3080,N,00442.6073,E,6.7,48.8,010326,,,A*45
2026-03-01T08:30:00.000Z $GPVTG,295.4,T,,M,6.6,N,12.3,K,A*37
2026-03-01T08:30:00.000Z $GPVTG,48.3,T,,M,6.7,N,12.4,K,A*04
2026-03-01T08:30:00.000Z $GPXTE,A,A,0.033,L,N,A*33
2026-03-01T08:30:00.000Z $GPXTE,A,A,0.036,L,N,A*36
2026-03-01T08:30:00.000Z $IIDBT,37.3,f,11.4,M,6.2,F*16
2026-03-01T08:30:00.000Z $IIDBT,46.3,f,14.1,M,7.7,F*14
2026-03-01T08:30:00.000Z $IIHDG,296.3,,,1.2,E*2F
2026-03-01T08:30:00.000Z $IIHDG,42.7,,,1.2,E*10
2026-03-01T08:30:00.000Z $IIMDA,29.9510,I,1.0143,B,7.3,C,,C,,,,,,,,,,*58
2026-03-01T08:30:00.000Z $IIMDA,29.9650,I,1.0147,B,7.9,C,,C,,,,,,,,,,*51
2026-03-01T08:30:00.000Z $IIMTA,7.7,C*35
2026-03-01T08:30:00.000Z $IIMTA,7.8,C*3A
2026-03-01T08:30:00.000Z $IIMTW,6.4,C*21
2026-03-01T08:30:00.000Z $IIMTW,6.6,C*23
2026-03-01T08:30:00.000Z $IIMWV,39.3,T,23.0,N,A*33
2026-03-01T08:30:00.000Z $IIMWV,57.2,T,14.6,N,A*38
2026-03-01T08:30:00.000Z $IIRPM,E,1,0,,A*66
2026-03-01T08:30:00.000Z $IIRPM,E,1,0,,A*66
2026-03-01T08:30:00.000Z $IIRSA,-2.1,A,,V*57
2026-03-01T08:30:00.000Z $IIRSA,-2.6,A,,V*50
2026-03-01T08:30:00.000Z $IIVHW,296.3,T,,M,6.2,N,,K*5F
2026-03-01T08:30:00.000Z $IIVHW,42.7,T,,M,6.4,N,,K*66
2026-03-01T08:30:00.000Z $IIXDR,V,12.22,V,BATT*60
2026-03-01T08:30:00.000Z $IIXDR,V,12.48,V,BATT*6C
2026-03-01T08:30:10.000Z $GPGGA,083010,5300.2954,N,00442.6234,E,2,9,0.9,2.5,M,,M,,*6F
2026-03-01T08:30:10.000Z $GPRMC,083010,A,5300.2954,N,00442.6234,E,5.3,40.6,010326,,,A*45
2026-03-01T08:30:10.000Z $IIDBT,52.7,f,16.1,M,8.8,F*17
2026-03-01T08:30:10.000Z $IIHDG,44.5,,,1.2,E*14
2026-03-01T08:30:10.000Z $IIMWV,36.1,T,21.9,N,A*35
2026-03-01T08:30:10.000Z $IIRPM,E,1,0,,A*66
2026-03-01T08:30:10.000Z $IIRSA,-1.4,A,,V*51
2026-03-01T08:30:10.000Z $IIVHW,44.5,T,,M,5.0,N,,K*65
2026-03-01T08:30:20.000Z !AIVDM,1,1,,B,15N2460P00J`tC4;9g`R4?vN0<02,0*5E
2026-03-01T08:30:20.000Z $GPGGA,083020,5300.3205,N,00442.6386,E,2,9,0.9,2.5,M,,M,,*6A
2026-03-01T08:30:20.000Z $GPRMC,083020,A,5300.3205,N,00442.6386,E,6.8,49.5,010326,,,A*42
2026-03-01T08:30:20.000Z $IIDBT,49.6,f,15.1,M,8.3,F*14
2026-03-01T08:30:20.000Z $IIHDG,41.4,,,1.2,E*10
2026-03-01T08:30:20.000Z $IIMWV,38.4,T,22.9,N,A*3D
2026-03-01T08:30:20.000Z $IIRPM,E,1,0,,A*66
2026-03-01T08:30:20.000Z $IIRSA,-4.2,A,,V*52
2026-03-01T08:30:20.000Z $IIVHW,41.4,T,,M,6.4,N,,K*66
2026-03-01T08:30:30.000Z $GPGGA,083030,5300.3046,N,00442.6324,E,2,10,0.9,2.5,M,,M,,*5E
2026-03-01T08:30:30.000Z $GPRMC,083030,A,5300.3046,N,00442.6324,E,6.2,45.7,010326,,,A*4A
2026-03-01T08:30:30.000Z $GPVTG,45.8,T,,M,6.2,N,11.4,K,A*04
2026-03-01T08:30:30.000Z $GPXTE,A,A,0.019,R,N,A*25
2026-03-01T08:30:30.000Z $IIDBT,54.6,f,16.7,M,9.1,F*1E
2026-03-01T08:30:30.000Z $IIHDG,43.9,,,1.2,E*1F
2026-03-01T08:30:30.000Z $IIMTA,7.5,C*37
2026-03-01T08:30:30.000Z $IIMWV,36.7,T,20.2,N,A*39
2026-03-01T08:30:30.000Z $IIRPM,E,1,0,,A*66
2026-03-01T08:30:30.000Z $IIRSA,0.4,A,,V*7D
2026-03-01T08:30:30.000Z $IIVHW,43.9,T,,M,6.0,N,,K*6D
2026-03-01T08:30:30.000Z $IIXDR,V,12.30,V,BATT*63
2026-03-01T08:30:40.000Z $GPGGA,083040,5300.3081,N,00442.6564,E,2,9,0.9,2.5,M,,M,,*68
2026-03-01T08:30:40.000Z $GPRMC,083040,A,5300.3081,N,00442.6564,E,6.6,44.7,010326,,,A*41
2026-03-01T08:30:40.000Z $IIDBT,43.8,f,13.4,M,7.3,F*1C
2026-03-01T08:30:40.000Z $IIHDG,44.3,,,1.2,E*12
2026-03-01T08:30:40.000Z $IIMWV,46.5,T,22.9,N,A*35
2026-03-01T08:30:40.000Z $IIRPM,E,1,0,,A*66
2026-03-01T08:30:40.000Z $IIRSA,-1.7,A,,V*52
2026-03-01T08:30:40.000Z $IIVHW,44.3,T,,M,6.5,N,,K*65
2026-03-01T08:30:50.000Z $GPGGA,083050,5300.3124,N,00442.6797,E,2,8,0.9,2.5,M,,M,,*68
2026-03-01T08:30:50.000Z $GPRMC,083050,A,5300.3124,N,00442.6797,E,5.4,41.6,010326,,,A*45
2026-03-01T08:30:50.000Z $IIDBT,42.9,f,13.1,M,7.2,F*18
2026-03-01T08:30:50.000Z $IIHDG,44.3,,,1.2,E*12
2026-03-01T08:30:50.000Z $IIMWV,44.2,T,22.4,N,A*3D
2026-03-01T08:30:50.000Z $IIRPM,E,1,0,,A*66
2026-03-01T08:30:50.000Z $IIRSA,-3.1,A,,V*56
2026-03-01T08:30:50.000Z $IIVHW,44.3,T,,M,5.0,N,,K*63
2026-03-01T08:31:00.000Z !AIVDO,1,1,,A,15RTd30000J`sV4;9a8H4?vP0000,0*7A
2026-03-01T08:31:00.000Z $GPGGA,083100,5300.3192,N,00442.7023,E,2,10,0.9,2.5,M,,M,,*51
2026-03-01T08:31:00.000Z $GPGSA,A,3,01,03,06,11,17,19,22,25,,,,,1.2,0.9,0.8*3D
2026-03-01T08:31:00.000Z $GPRMC,083100,A,5300.3192,N,00442.7023,E,5.1,45.1,010326,,,A*43
2026-03-01T08:31:00.000Z $GPVTG,46.0,T,,M,5.1,N,9.4,K,A*36
2026-03-01T08:31:00.000Z $GPXTE,A,A,0.020,L,N,A*31
2026-03-01T08:31:00.000Z $IIDBT,59.0,f,18.0,M,9.8,F*15
2026-03-01T08:31:00.000Z $IIHDG,41.3,,,1.2,E*17
2026-03-01T08:31:00.000Z $IIMDA,29.9464,I,1.0141,B,7.5,C,,C,,,,,,,,,,*5E
2026-03-01T08:31:00.000Z $IIMTA,7.5,C*37
2026-03-01T08:31:00.000Z $IIMTW,6.3,C*26
2026-03-01T08:31:00.000Z $IIMWV,34.4,T,20.1,N,A*3B
2026-03-01T08:31:00.000Z $IIRPM,E,1,0,,A*66
2026-03-01T08:31:00.000Z $IIRSA,-1.3,A,,V*56
2026-03-01T08:31:00.000Z $IIVHW,41.3,T,,M,4.9,N,,K*6E
2026-03-01T08:31:00.000Z $IIXDR,V,12.29,V,BATT*6B
2026-03-01T08:31:10.000Z !AIVDM,1,1,,B,15N2445P00J`tC4;9g`R4?vN0<02,0*5E
2026-03-01T08:31:10.000Z $GPGGA,083110,5300.3242,N,00442.7168,E,2,10,0.9,2.5,M,,M,,*50
2026-03-01T08:31:10.000Z $GPRMC,083110,A,5300.3242,N,00442.7168,E,6.2,41.0,010326,,,A*47
2026-03-01T08:31:10.000Z $IIDBT,58.5,f,17.8,M,9.7,F*19
2026-03-01T08:31:10.000Z $IIHDG,42.9,,,1.2,E*1E
2026-03-01T08:31:10.000Z $IIMWV,34.9,T,20.0,N,A*37
2026-03-01T08:31:10.000Z $IIRPM,E,1,0,,A*66
2026-03-01T08:31:10.000Z $IIRSA,-3.4,A,,V*53
2026-03-01T08:31:10.000Z $IIVHW,42.9,T,,M,5.8,N,,K*67
2026-03-01T08:31:20.000Z !AIVDM,1,1,,B,15N2460P00J`tC4;9g`R4?vN0<02,0*5E
2026-03-01T08:31:20.000Z $GPGGA,083120,5300.3288,N,00442.7336,E,2,8,0.9,2.5,M,,M,,*65
2026-03-01T08:31:20.000Z $GPRMC,083120,A,5300.3288,N,00442.7336,E,6.6,48.1,010326,,,A*47
2026-03-01T08:31:20.000Z $IIDBT,43.3,f,13.2,M,7.2,F*10
2026-03-01T08:31:20.000Z $IIHDG,41.3,,,1.2,E*17
2026-03-01T08:31:20.000Z $IIMWV,40.4,T,22.6,N,A*3D
2026-03-01T08:31:20.000Z $IIRPM,E,1,0,,A*66
2026-03-01T08:31:20.000Z $IIRSA,-0.9,A,,V*5D
2026-03-01T08:31:20.000Z $IIVHW,41.3,T,,M,6.5,N,,K*60
2026-03-01T08:31:30.000Z $GPGGA,083130,5300.3409,N,00442.7448,E,2,11,0.9,2.5,M,,M,,*5D
2026-03-01T08:31:30.000Z $GPRMC,083130,A,5300.3409,N,00442.7448,E,5.6,43.5,010326,,,A*4B
2026-03-01T08:31:30.000Z $GPVTG,43.9,T,,M,5.6,N,10.4,K,A*05
2026-03-01T08:31:30.000Z $GPXTE,A,A,0.029,R,N,A*26
2026-03-01T08:31:30.000Z $IIDBT,45.0,f,13.7,M,7.5,F*17
2026-03-01T08:31:30.000Z $IIHDG,44.0,,,1.2,E*11
2026-03-01T08:31:30.000Z $IIMTA,7.2,C*30
2026-03-01T08:31:30.000Z $IIMWV,38.3,T,22.9,N,A*3A
2026-03-01T08:31:30.000Z $IIRPM,E,1,0,,A*66
2026-03-01T08:31:30.000Z $IIRSA,3.7,A,,V*7D
2026-03-01T08:31:30.000Z $IIVHW,44.0,T,,M,5.2,N,,K*62
2026-03-01T08:31:30.000Z $IIXDR,V,12.11,V,BATT*60
2026-03-01T08:31:40.000Z !AIVDM,1,1,,B,15N2460P00J`tC4;9g`R4?vN0<02,0*5E
2026-03-01T08:31:40.000Z $GPGGA,083140,5300.3467,N,00442.7704,E,2,10,0.9,2.5,M,,M,,*58
2026-03-01T08:31:40.000Z $GPRMC,083140,A,5300.3467,N,00442.7704,E,7.0,40.4,010326,,,A*49
2026-03-01T08:31:40.000Z $IIDBT,39.6,f,12.1,M,6.6,F*1F
2026-03-01T08:31:40.000Z $IIHDG,41.1,,,1.2,E*15
2026-03-01T08:31:40.000Z $IIMWV,35.7,T,21.7,N,A*3E
2026-03-01T08:31:40.000Z $IIRPM,E,1,0,,A*66
2026-03-01T08:31:40.000Z $IIRSA,-4.2,A,,V*52
2026-03-01T08:31:40.000Z $IIVHW,41.1,T,,M,6.8,N,,K*6F
2026-03-01T08:31:50.000Z $GPGGA,083150,5300.3444,N,00442.7678,E,2,9,0.9,2.5,M,,M,,*6A
2026-03-01T08:31:50.000Z $GPRMC,083150,A,5300.3444,N,00442.7678,E,6.4,41.3,010326,,,A*40
2026-03-01T08:31:50.000Z $IIDBT,39.6,f,12.1,M,6.6,F*1F
2026-03-01T08:31:50.000Z $IIHDG,44.3,,,1.2,E*12
2026-03-01T08:31:50.000Z $IIMWV,36.8,T,22.7,N,A*31
2026-03-01T08:31:50.000Z $IIRPM,E,1,0,,A*66
2026-03-01T08:31:50.000Z $IIRSA,4.3,A,,V*7E
2026-03-01T08:31:50.000Z $IIVHW,44.3,T,,M,5.9,N,,K*6A
2026-03-01T08:32:00.000Z !AIVDO,1,1,,A,15RTd30000J`sV4;9a8H4?vP0000,0*7A
2026-03-01T08:32:00.000Z $GPGGA,083200,5300.3611,N,00442.7858,E,2,9,0.9,2.5,M,,M,,*62
2026-03-01T08:32:00.000Z $GPGSA,A,3,01,03,06,11,17,19,22,25,,,,,1.2,0.9,0.8*3D
2026-03-01T08:32:00.000Z $GPRMC,083200,A,5300.3611,N,00442.7858,E,5.6,49.8,010326,,,A*4A
2026-03-01T08:32:00.000Z $GPVTG,49.9,T,,M,5.6,N,10.4,K,A*0F
2026-03-01T08:32:00.000Z $GPXTE,A,A,0.016,L,N,A*34
2026-03-01T08:32:00.000Z $IIDBT,50.0,f,15.2,M,8.3,F*19
2026-03-01T08:32:00.000Z $IIHDG,42.0,,,1.2,E*17
2026-03-01T08:32:00.000Z $IIMDA,29.9571,I,1.0145,B,7.6,C,,C,,,,,,,,,,*5C
2026-03-01T08:32:00.000Z $IIMTA,7.3,C*31
2026-03-01T08:32:00.000Z $IIMTW,6.8,C*2D
2026-03-01T08:32:00.000Z $IIMWV,37.6,T,22.9,N,A*30
2026-03-01T08:32:00.000Z $IIRPM,E,1,0,,A*66
2026-03-01T08:32:00.000Z $IIRSA,2.4,A,,V*7F
2026-03-01T08:32:00.000Z $IIVHW,42.0,T,,M,5.2,N,,K*64
2026-03-01T08:32:00.000Z $IIXDR,V,12.18,V,BATT*69
2026-03-01T08:32:10.000Z $GPGGA,083210,5300.3507,N,00442.7992,E,2,8,0.9,2.5,M,,M,,*61
2026-03-01T08:32:10.000Z $GPRMC,083210,A,5300.3507,N,00442.7992,E,6.2,41.2,010326,,,A*4D
2026-03-01T08:32:10.000Z $IIDBT,58.0,f,17.7,M,9.7,F*13
2026-03-01T08:32:10.000Z $IIHDG,41.9,,,1.2,E*1D
2026-03-01T08:32:10.000Z $IIMWV,48.2,T,20.8,N,A*3F
2026-03-01T08:32:10.000Z $IIRPM,E,1,0,,A*66
2026-03-01T08:32:10.000Z $IIRSA,1.2,A,,V*7A
2026-03-01T08:32:10.000Z $IIVHW,41.9,T,,M,5.7,N,,K*6B
2026-03-01T08:32:20.000Z $GPGGA,083220,5300.3564,N,00442.8282,E,2,11,0.9,2.5,M,,M,,*5A
2026-03-01T08:32:20.000Z $GPRMC,083220,A,5300.3564,N,00442.8282,E,5.4,48.5,010326,,,A*45
2026-03-01T08:32:20.000Z $IIDBT,54.2,f,16.5,M,9.0,F*19
2026-03-01T08:32:20.000Z $IIHDG,44.0,,,1.2,E*11
2026-03-01T08:32:20.000Z $IIMWV,44.8,T,21.4,N,A*34
2026-03-01T08:32:20.000Z $IIRPM,E,1,0,,A*66
2026-03-01T08:32:20.000Z $IIRSA,1.0,A,,V*78
2026-03-01T08:32:20.000Z $IIVHW,44.0,T,,M,5.0,N,,K*60
2026-03-01T08:32:30.000Z $GPGGA,083230,5300.3721,N,00442.8656,E,2,11,0.9,2.5,M,,M,,*55
2026-03-01T08:32:30.000Z $GPRMC,083230,A,5300.3721,N,00442.8656,E,5.3,41.4,010326,,,A*45
2026-03-01T08:32:30.000Z $GPVTG,41.5,T,,M,5.3,N,9.8,K,A*3A
2026-03-01T08:32:30.000Z $GPXTE,A,A,0.041,L,N,A*36
2026-03-01T08:32:30.000Z $IIDBT,52.2,f,15.9,M,8.7,F*16
2026-03-01T08:32:30.000Z $IIHDG,42.4,,,1.2,E*13
2026-03-01T08:32:30.000Z $IIMTA,7.7,C*35
2026-03-01T08:32:30.000Z $IIMWV,49.7,T,20.4,N,A*37
2026-03-01T08:32:30.000Z $IIRPM,E,1,0,,A*66
2026-03-01T08:32:30.000Z $IIRSA,3.5,A,,V*7F
2026-03-01T08:32:30.000Z $IIVHW,42.4,T,,M,4.9,N,,K*6A
2026-03-01T08:32:30.000Z $IIXDR,V,12.19,V,BATT*68
2026-03-01T08:32:40.000Z $GPGGA,083240,5300.3788,N,00442.8828,E,2,8,0.9,2.5,M,,M,,*6E
2026-03-01T08:32:40.000Z $GPRMC,083240,A,5300.3788,N,00442.8828,E,5.7,41.9,010326,,,A*4F
2026-03-01T08:32:40.000Z $IIDBT,46.8,f,14.3,M,7.8,F*12
2026-03-01T08:32:40.000Z $IIHDG,44.3,,,1.2,E*12
2026-03-01T08:32:40.000Z $IIMWV,38.1,T,22.5,N,A*34
2026-03-01T08:32:40.000Z $IIRPM,E,1,0,,A*66
2026-03-01T08:32:40.000Z $IIRSA,-4.0,A,,V*50
2026-03-01T08:32:40.000Z $IIVHW,44.3,T,,M,5.2,N,,K*61
2026-03-01T08:32:50.000Z $GPGGA,083250,5300.3844,N,00442.8966,E,2,10,0.9,2.5,M,,M,,*52
2026-03-01T08:32:50.000Z $GPRMC,083250,A,5300.3844,N,00442.8966,E,5.8,40.7,010326,,,A*4A
2026-03-01T08:32:50.000Z $IIDBT,42.7,f,13.0,M,7.1,F*14
2026-03-01T08:32:50.000Z $IIHDG,44.5,,,1.2,E*14
2026-03-01T08:32:50.000Z $IIMWV,40.9,T,20.7,N,A*33
2026-03-01T08:32:50.000Z $IIRPM,E,1,0,,A*66
2026-03-01T08:32:50.000Z $IIRSA,-0.1,A,,V*55
2026-03-01T08:32:50.000Z $IIVHW,44.5,T,,M,5.4,N,,K*61
2026-03-01T08:33:00.000Z !AIVDM,1,1,,B,15N2451P00J`tC4;9g`R4?vN0<02,0*5E
2026-03-01T08:33:00.000Z !AIVDO,1,1,,A,15RTd30000J`sV4;9a8H4?vP0000,0*7A
2026-03-01T08:33:00.000Z $GPGGA,083300,5300.3726,N,00442.9063,E,2,8,0.9,2.5,M,,M,,*69
2026-03-01T08:33:00.000Z $GPGSA,A,3,01,03,06,11,17,19,22,25,,,,,1.2,0.9,0.8*3D
2026-03-01T08:33:00.000Z $GPRMC,083300,A,5300.3726,N,00442.9063,E,6.9,49.1,010326,,,A*45
2026-03-01T08:33:00.000Z $GPVTG,49.9,T,,M,6.9,N,12.8,K,A*0D
2026-03-01T08:33:00.000Z $GPXTE,A,A,0.048,L,N,A*3F
2026-03-01T08:33:00.000Z $IIDBT,51.8,f,15.8,M,8.6,F*1F
2026-03-01T08:33:00.000Z $IIHDG,41.1,,,1.2,E*15
2026-03-01T08:33:00.000Z $IIMDA,29.9405,I,1.0139,B,7.3,C,,C,,,,,,,,,,*50
2026-03-01T08:33:00.000Z $IIMTA,7.4,C*36
2026-03-01T08:33:00.000Z $IIMTW,6.6,C*23
2026-03-01T08:33:00.000Z $IIMWV,36.3,T,22.6,N,A*3B
2026-03-01T08:33:00.000Z $IIRPM,E,1,0,,A*66
2026-03-01T08:33:00.000Z $IIRSA,2.0,A,,V*7B
2026-03-01T08:33:00.000Z $IIVHW,41.1,T,,M,6.5,N,,K*62
2026-03-01T08:33:00.000Z $IIXDR,V,12.18,V,BATT*69
2026-03-01T08:33:10.000Z !AIVDM,1,1,,B,15N2451P00J`tC4;9g`R4?vN0<02,0*5E
2026-03-01T08:33:10.000Z $GPGGA,083310,5300.3968,N,00442.9243,E,2,8,0.9,2.5,M,,M,,*6C
2026-03-01T08:33:10.000Z $GPRMC,083310,A,5300.3968,N,00442.9243,E,6.7,41.4,010326,,,A*43
2026-03-01T08:33:10.000Z $IIDBT,59.0,f,18.0,M,9.8,F*15
2026-03-01T08:33:10.000Z $IIHDG,42.6,,,1.2,E*11
2026-03-01T08:33:10.000Z $IIMWV,43.1,T,20.7,N,A*38
2026-03-01T08:33:10.000Z $IIRPM,E,1,0,,A*66
2026-03-01T08:33:10.000Z $IIRSA,-4.6,A,,V*56
2026-03-01T08:33:10.000Z $IIVHW,42.6,T,,M,6.6,N,,K*65
2026-03-01T08:33:20.000Z $GPGGA,083320,5300.3877,N,00442.9504,E,2,10,0.9,2.5,M,,M,,*5D
2026-03-01T08:33:20.000Z $GPRMC,083320,A,5300.3877,N,00442.9504,E,6.0,47.9,010326,,,A*47
2026-03-01T08:33:20.000Z $IIDBT,44.1,f,13.4,M,7.4,F*15
2026-03-01T08:33:20.000Z $IIHDG,44.4,,,1.2,E*15
2026-03-01T08:33:20.000Z $IIMWV,38.0,T,22.3,N,A*33
2026-03-01T08:33:20.000Z $IIRPM,E,1,0,,A*66
2026-03-01T08:33:20.000Z $IIRSA,2.0,A,,V*7B
2026-03-01T08:33:20.000Z $IIVHW,44.4,T,,M,5.6,N,,K*62
2026-03-01T08:33:30.000Z $GPGGA,083330,5300.4012,N,00442.9665,E,2,10,0.9,2.5,M,,M,,*54
2026-03-01T08:33:30.000Z $GPRMC,083330,A,5300.4012,N,00442.9665,E,5.7,47.6,010326,,,A*45
2026-03-01T08:33:30.000Z $GPVTG,47.9,T,,M,5.7,N,10.6,K,A*02
2026-03-01T08:33:30.000Z $GPXTE,A,A,0.024,L,N,A*35
2026-03-01T08:33:30.000Z $IIDBT,48.1,f,14.7,M,8.0,F*16
2026-03-01T08:33:30.000Z $IIHDG,42.0,,,1.2,E*17
2026-03-01T08:33:30.000Z $IIMTA,7.8,C*3A
2026-03-01T08:33:30.000Z $IIMWV,49.0,T,20.8,N,A*3C
2026-03-01T08:33:30.000Z $IIRPM,E,1,0,,A*66
2026-03-01T08:33:30.000Z $IIRSA,-3.8,A,,V*5F
2026-03-01T08:33:30.000Z $IIVHW,42.0,T,,M,5.5,N,,K*63
2026-03-01T08:33:30.000Z $IIXDR,V,12.21,V,BATT*63
2026-03-01T08:33:40.000Z $GPGGA,083340,5300.4116,N,00442.9815,E,2,9,0.9,2.5,M,,M,,*67
2026-03-01T08:33:40.000Z $GPRMC,083340,A,5300.4116,N,00442.9815,E,5.6,47.9,010326,,,A*40
2026-03-01T08:33:40.000Z $IIDBT,52.8,f,16.1,M,8.8,F*18
2026-03-01T08:33:40.000Z $IIHDG,41.5,,,1.2,E*11
2026-03-01T08:33:40.000Z $IIMWV,45.7,T,20.9,N,A*36
2026-03-01T08:33:40.000Z $IIRPM,E,1,0,,A*66
2026-03-01T08:33:40.000Z $IIRSA,2.6,A,,V*7D
2026-03-01T08:33:40.000Z $IIVHW,41.5,T,,M,5.4,N,,K*64
2026-03-01T08:33:50.000Z $GPGGA,083350,5300.4085,N,00442.9679,E,2,11,0.9,2.5,M,,M,,*50
2026-03-01T08:33:50.000Z $GPRMC,083350,A,5300.4085,N,00442.9679,E,5.1,40.4,010326,,,A*43
2026-03-01T08:33:50.000Z $IIDBT,48.7,f,14.8,M,8.1,F*1E
2026-03-01T08:33:50.000Z $IIHDG,41.6,,,1.2,E*12
2026-03-01T08:33:50.000Z $IIMWV,45.7,T,22.6,N,A*3B
2026-03-01T08:33:50.000Z $IIRPM,E,1,0,,A*66
2026-03-01T08:33:50.000Z $IIRSA,-4.9,A,,V*59
2026-03-01T08:33:50.000Z $IIVHW,41.6,T,,M,4.7,N,,K*65
2026-03-01T08:34:00.000Z !AIVDO,1,1,,A,15RTd30000J`sV4;9a8H4?vP0000,0*7A
2026-03-01T08:34:00.000Z $GPGGA,083400,5300.4145,N,00443.0007,E,2,9,0.9,2.5,M,,M,,*61
2026-03-01T08:34:00.000Z $GPGSA,A,3,01,03,06,11,17,19,22,25,,,,,1.2,0.9,0.8*3D
2026-03-01T08:34:00.000Z $GPRMC,083400,A,5300.4145,N,00443.0007,E,6.1,42.6,010326,,,A*48
2026-03-01T08:34:00.000Z $GPVTG,42.5,T,,M,6.1,N,11.3,K,A*0A
2026-03-01T08:34:00.000Z $GPXTE,A,A,0.047,R,N,A*2E
2026-03-01T08:34:00.000Z $IIDBT,55.2,f,16.8,M,9.2,F*17
2026-03-01T08:34:00.000Z $IIHDG,42.7,,,1.2,E*10
2026-03-01T08:34:00.000Z $IIMDA,29.9386,I,1.0138,B,7.3,C,,C,,,,,,,,,,*5D
2026-03-01T08:34:00.000Z $IIMTA,7.6,C*34
2026-03-01T08:34:00.000Z $IIMTW,6.7,C*22
2026-03-01T08:34:00.000Z $IIMWV,34.8,T,20.5,N,A*33
2026-03-01T08:34:00.000Z $IIRPM,E,1,0,,A*66
2026-03-01T08:34:00.000Z $IIRSA,-2.6,A,,V*50
2026-03-01T08:34:00.000Z $IIVHW,42.7,T,,M,5.6,N,,K*67
2026-03-01T08:34:00.000Z $IIXDR,V,12.17,V,BATT*66
2026-03-01T08:34:10.000Z $GPGGA,083410,5300.4188,N,00443.0343,E,2,8,0.9,2.5,M,,M,,*63
2026-03-01T08:34:10.000Z $GPRMC,083410,A,5300.4188,N,00443.0343,E,6.5,48.1,010326,,,A*42
2026-03-01T08:34:10.000Z $IIDBT,39.7,f,12.1,M,6.6,F*1E
2026-03-01T08:34:10.000Z $IIHDG,41.6,,,1.2,E*12
2026-03-01T08:34:10.000Z $IIMWV,37.4,T,22.1,N,A*3A
2026-03-01T08:34:10.000Z $IIRPM,E,1,0,,A*66
2026-03-01T08:34:10.000Z $IIRSA,-4.4,A,,V*54
2026-03-01T08:34:10.000Z $IIVHW,41.6,T,,M,6.0,N,,K*60
2026-03-01T08:34:20.000Z $GPGGA,083420,5300.4297,N,00443.0205,E,2,9,0.9,2.5,M,,M,,*6F
2026-03-01T08:34:20.000Z $GPRMC,083420,A,5300.4297,N,00443.0205,E,6.3,45.3,010326,,,A*46
2026-03-01T08:34:20.000Z $IIDBT,52.1,f,15.9,M,8.7,F*15
2026-03-01T08:34:20.000Z $IIHDG,44.7,,,1.2,E*16
2026-03-01T08:34:20.000Z $IIMWV,45.5,T,21.0,N,A*3C
2026-03-01T08:34:20.000Z $IIRPM,E,1,0,,A*66
2026-03-01T08:34:20.000Z $IIRSA,4.9,A,,V*74
2026-03-01T08:34:20.000Z $IIVHW,44.7,T,,M,6.2,N,,K*66
2026-03-01T08:34:30.000Z !AIVDM,1,1,,B,15N2446P00J`tC4;9g`R4?vN0<02,0*5E
2026-03-01T08:34:30.000Z $GPGGA,083430,5300.4277,N,00443.0333,E,2,11,0.9,2.5,M,,M,,*5D
2026-03-01T08:34:30.000Z $GPRMC,083430,A,5300.4277,N,00443.0333,E,5.7,45.8,010326,,,A*41
2026-03-01T08:34:30.000Z $GPVTG,45.1,T,,M,5.7,N,10.6,K,A*08
2026-03-01T08:34:30.000Z $GPXTE,A,A,0.041,R,N,A*28
2026-03-01T08:34:30.000Z $IIDBT,58.3,f,17.8,M,9.7,F*1F
2026-03-01T08:34:30.000Z $IIHDG,42.0,,,1.2,E*17
2026-03-01T08:34:30.000Z $IIMTA,7.5,C*37
2026-03-01T08:34:30.000Z $IIMWV,49.3,T,20.1,N,A*36
2026-03-01T08:34:30.000Z $IIRPM,E,1,0,,A*66
2026-03-01T08:34:30.000Z $IIRSA,-4.1,A,,V*51
2026-03-01T08:34:30.000Z $IIVHW,42.0,T,,M,5.3,N,,K*65
2026-03-01T08:34:30.000Z $IIXDR,V,12.22,V,BATT*60
2026-03-01T08:34:40.000Z !AIVDM,1,1,,B,15N2446P00J`tC4;9g`R4?vN0<02,0*5E
2026-03-01T08:34:40.000Z $GPGGA,083440,5300.4263,N,00443.0808,E,2,8,0.9,2.5,M,,M,,*64
2026-03-01T08:34:40.000Z $GPRMC,083440,A,5300.4263,N,00443.0808,E,5.3,45.4,010326,,,A*48
2026-03-01T08:34:40.000Z $IIDBT,42.9,f,13.1,M,7.2,F*18
2026-03-01T08:34:40.000Z $IIHDG,42.1,,,1.2,E*16
2026-03-01T08:34:40.000Z $IIMWV,44.4,T,22.4,N,A*3B
2026-03-01T08:34:40.000Z $IIRPM,E,1,0,,A*66
2026-03-01T08:34:40.000Z $IIRSA,-0.5,A,,V*51
2026-03-01T08:34:40.000Z $IIVHW,42.1,T,,M,4.9,N,,K*6F
2026-03-01T08:34:50.000Z $GPGGA,083450,5300.4383,N,00443.0769,E,2,11,0.9,2.5,M,,M,,*5A
2026-03-01T08:34:50.000Z $GPRMC,083450,A,5300.4383,N,00443.0769,E,5.0,43.1,010326,,,A*4E
2026-03-01T08:34:50.000Z $IIDBT,58.6,f,17.9,M,9.8,F*14
2026-03-01T08:34:50.000Z $IIHDG,41.3,,,1.2,E*17
2026-03-01T08:34:50.000Z $IIMWV,34.6,T,22.2,N,A*38
2026-03-01T08:34:50.000Z $IIRPM,E,1,0,,A*66
2026-03-01T08:34:50.000Z $IIRSA,3.6,A,,V*7C
2026-03-01T08:34:50.000Z $IIVHW,41.3,T,,M,4.8,N,,K*6F
2026-03-01T08:35:00.000Z !AIVDO,1,1,,A,15RTd30000J`sV4;9a8H4?vP0000,0*7A
2026-03-01T08:35:00.000Z $GPGGA,083500,5300.4348,N,00443.0995,E,2,8,0.9,2.5,M,,M,,*6C
2026-03-01T08:35:00.000Z $GPGSA,A,3,01,03,06,11,17,19,22,25,,,,,1.2,0.9,0.8*3D
2026-03-01T08:35:00.000Z $GPRMC,083500,A,5300.4348,N,00443.0995,E,5.9,45.7,010326,,,A*49
2026-03-01T08:35:00.000Z $GPVTG,45.2,T,,M,5.9,N,10.9,K,A*0A
2026-03-01T08:35:00.000Z $GPXTE,A,A,0.013,L,N,A*31
2026-03-01T08:35:00.000Z $IIDBT,51.4,f,15.7,M,8.6,F*1C
2026-03-01T08:35:00.000Z $IIHDG,42.8,,,1.2,E*1F
2026-03-01T08:35:00.000Z $IIMDA,29.9291,I,1.0135,B,7.5,C,,C,,,,,,,,,,*51
2026-03-01T08:35:00.000Z $IIMTA,7.5,C*37
2026-03-01T08:35:00.000Z $IIMTW,6.5,C*20
2026-03-01T08:35:00.000Z $IIMWV,37.0,T,20.8,N,A*35
2026-03-01T08:35:00.000Z $IIRPM,E,1,0,,A*66
2026-03-01T08:35:00.000Z $IIRSA,4.5,A,,V*78
2026-03-01T08:35:00.000Z $IIVHW,42.8,T,,M,5.5,N,,K*6B
2026-03-01T08:35:00.000Z $IIXDR,V,12.12,V,BATT*63
2026-03-01T08:35:10.000Z $GPGGA,083510,5300.4333,N,00443.1156,E,2,8,0.9,2.5,M,,M,,*67
2026-03-01T08:35:10.000Z $GPRMC,083510,A,5300.4333,N,00443.1156,E,6.3,43.4,010326,,,A*4E
2026-03-01T08:35:10.000Z $IIDBT,44.4,f,13.5,M,7.4,F*11
2026-03-01T08:35:10.000Z $IIHDG,44.1,,,1.2,E*10
2026-03-01T08:35:10.000Z $IIMWV,40.1,T,22.9,N,A*37
2026-03-01T08:35:10.000Z $IIRPM,E,1,0,,A*66
2026-03-01T08:35:10.000Z $IIRSA,-1.3,A,,V*56
2026-03-01T08:35:10.000Z $IIVHW,44.1,T,,M,5.9,N,,K*68
2026-03-01T08:35:20.000Z !AIVDM,1,1,,B,15N2451P00J`tC4;9g`R4?vN0<02,0*5E
2026-03-01T08:35:20.000Z $GPGGA,083520,5300.4455,N,00443.1179,E,2,10,0.9,2.5,M,,M,,*57
2026-03-01T08:35:20.000Z $GPRMC,083520,A,5300.4455,N,00443.1179,E,5.7,42.4,010326,,,A*41
2026-03-01T08:35:20.000Z $IIDBT,52.1,f,15.9,M,8.7,F*15
2026-03-01T08:35:20.000Z $IIHDG,42.5,,,1.2,E*12
2026-03-01T08:35:20.000Z $IIMWV,48.1,T,22.6,N,A*30
2026-03-01T08:35:20.000Z $IIRPM,E,1,0,,A*66
2026-03-01T08:35:20.000Z $IIRSA,-0.6,A,,V*52
2026-03-01T08:35:20.000Z $IIVHW,42.5,T,,M,5.5,N,,K*66
2026-03-01T08:35:30.000Z $GPGGA,083530,5300.4549,N,00443.1370,E,2,11,0.9,2.5,M,,M,,*50
2026-03-01T08:35:30.000Z $GPRMC,083530,A,5300.4549,N,00443.1370,E,5.0,47.2,010326,,,A*43
2026-03-01T08:35:30.000Z $GPVTG,48.0,T,,M,5.0,N,9.3,K,A*3E
2026-03-01T08:35:30.000Z $GPXTE,A,A,0.028,R,N,A*27
2026-03-01T08:35:30.000Z $IIDBT,49.7,f,15.2,M,8.3,F*16
2026-03-01T08:35:30.000Z $IIHDG,44.8,,,1.2,E*19
2026-03-01T08:35:30.000Z $IIMTA,7.6,C*34
2026-03-01T08:35:30.000Z $IIMWV,49.4,T,21.9,N,A*38
2026-03-01T08:35:30.000Z $IIRPM,E,1,0,,A*66
2026-03-01T08:35:30.000Z $IIRSA,-0.6,A,,V*52
2026-03-01T08:35:30.000Z $IIVHW,44.8,T,,M,4.9,N,,K*60
2026-03-01T08:35:30.000Z $IIXDR,V,12.18,V,BATT*69
2026-03-01T08:35:40.000Z $GPGGA,083540,5300.4555,N,00443.1706,E,2,11,0.9,2.5,M,,M,,*5F
2026-03-01T08:35:40.000Z $GPRMC,083540,A,5300.4555,N,00443.1706,E,6.1,45.3,010326,,,A*4D
2026-03-01T08:35:40.000Z $IIDBT,56.9,f,17.4,M,9.5,F*15
2026-03-01T08:35:40.000Z $IIHDG,42.1,,,1.2,E*16
2026-03-01T08:35:40.000Z $IIMWV,44.5,T,20.5,N,A*39
2026-03-01T08:35:40.000Z $IIRPM,E,1,0,,A*66
2026-03-01T08:35:40.000Z $IIRSA,-1.4,A,,V*51
2026-03-01T08:35:40.000Z $IIVHW,42.1,T,,M,6.0,N,,K*64
2026-03-01T08:35:50.000Z $GPGGA,083550,5300.4574,N,00443.1684,E,2,9,0.9,2.5,M,,M,,*6F
2026-03-01T08:35:50.000Z $GPRMC,083550,A,5300.4574,N,00443.1684,E,5.3,43.7,010326,,,A*47
2026-03-01T08:35:50.000Z $IIDBT,39.9,f,12.2,M,6.7,F*12
2026-03-01T08:35:50.000Z $IIHDG,42.0,,,1.2,E*17
2026-03-01T08:35:50.000Z $IIMWV,47.8,T,21.0,N,A*33
2026-03-01T08:35:50.000Z $IIRPM,E,1,0,,A*66
2026-03-01T08:35:50.000Z $IIRSA,-3.0,A,,V*57
2026-03-01T08:35:50.000Z $IIVHW,42.0,T,,M,5.0,N,,K*66
2026-03-01T08:36:00.000Z !AIVDO,1,1,,A,15RTd30000J`sV4;9a8H4?vP0000,0*7A
2026-03-01T08:36:00.000Z $GPGGA,083600,5300.4792,N,00443.1868,E,2,10,0.9,2.5,M,,M,,*57
2026-03-01T08:36:00.000Z $GPGSA,A,3,01,03,06,11,17,19,22,25,,,,,1.2,0.9,0.8*3D
2026-03-01T08:36:00.000Z $GPRMC,083600,A,5300.4792,N,00443.1868,E,5.3,43.2,010326,,,A*42
2026-03-01T08:36:00.000Z $GPVTG,43.9,T,,M,5.3,N,9.9,K,A*35
2026-03-01T08:36:00.000Z $GPXTE,A,A,0.028,L,N,A*39
2026-03-01T08:36:00.000Z $IIDBT,56.7,f,17.3,M,9.4,F*1D
2026-03-01T08:36:00.000Z $IIHDG,43.2,,,1.2,E*14
2026-03-01T08:36:00.000Z $IIMDA,29.9439,I,1.0140,B,7.5,C,,C,,,,,,,,,,*57
2026-03-01T08:36:00.000Z $IIMTA,7.2,C*30
2026-03-01T08:36:00.000Z $IIMTW,6.6,C*23
2026-03-01T08:36:00.000Z $IIMWV,49.9,T,20.7,N,A*3A
2026-03-01T08:36:00.000Z $IIRPM,E,1,0,,A*66
2026-03-01T08:36:00.000Z $IIRSA,-4.7,A,,V*57
2026-03-01T08:36:00.000Z $IIVHW,43.2,T,,M,5.1,N,,K*64
2026-03-01T08:36:00.000Z $IIXDR,V,12.22,V,BATT*60
2026-03-01T08:36:10.000Z !AIVDM,1,1,,B,15N2449P00J`tC4;9g`R4?vN0<02,0*5E
2026-03-01T08:36:10.000Z $GPGGA,083610,5300.4652,N,00443.2046,E,2,10,0.9,2.5,M,,M,,*5C
2026-03-01T08:36:10.000Z $GPRMC,083610,A,5300.4652,N,00443.2046,E,5.8,42.4,010326,,,A*45
2026-03-01T08:36:10.000Z $IIDBT,57.4,f,17.5,M,9.6,F*1B
2026-03-01T08:36:10.000Z $IIHDG,41.1,,,1.2,E*15
2026-03-01T08:36:10.000Z $IIMWV,37.1,T,22.8,N,A*36
2026-03-01T08:36:10.000Z $IIRPM,E,1,0,,A*66
2026-03-01T08:36:10.000Z $IIRSA,1.6,A,,V*7E
2026-03-01T08:36:10.000Z $IIVHW,41.1,T,,M,5.5,N,,K*61
2026-03-01T08:36:20.000Z $GPGGA,083620,5300.4837,N,00443.2419,E,2,9,0.9,2.5,M,,M,,*64
2026-03-01T08:36:20.000Z $GPRMC,083620,A,5300.4837,N,00443.2419,E,5.8,49.3,010326,,,A*49
2026-03-01T08:36:20.000Z $IIDBT,55.3,f,16.8,M,9.2,F*16
2026-03-01T08:36:20.000Z $IIHDG,44.3,,,1.2,E*12
2026-03-01T08:36:20.000Z $IIMWV,42.5,T,20.1,N,A*3B
2026-03-01T08:36:20.000Z $IIRPM,E,1,0,,A*66
2026-03-01T08:36:20.000Z $IIRSA,-1.2,A,,V*57
2026-03-01T08:36:20.000Z $IIVHW,44.3,T,,M,5.4,N,,K*67
2026-03-01T08:36:30.000Z $GPGGA,083630,5300.4867,N,00443.2639,E,2,8,0.9,2.5,M,,M,,*61
2026-03-01T08:36:30.000Z $GPRMC,083630,A,5300.4867,N,00443.2639,E,6.6,43.3,010326,,,A*4A
2026-03-01T08:36:30.000Z $GPVTG,43.6,T,,M,6.6,N,12.2,K,A*0D
2026-03-01T08:36:30.000Z $GPXTE,A,A,0.015,R,N,A*29
2026-03-01T08:36:30.000Z $IIDBT,49.6,f,15.1,M,8.3,F*14
2026-03-01T08:36:30.000Z $IIHDG,41.3,,,1.2,E*17
2026-03-01T08:36:30.000Z $IIMTA,7.4,C*36
2026-03-01T08:36:30.000Z $IIMWV,36.4,T,22.5,N,A*3F
2026-03-01T08:36:30.000Z $IIRPM,E,1,0,,A*66
2026-03-01T08:36:30.000Z $IIRSA,0.5,A,,V*7C
2026-03-01T08:36:30.000Z $IIVHW,41.3,T,,M,6.2,N,,K*67
2026-03-01T08:36:30.000Z $IIXDR,V,12.16,V,BATT*67
2026-03-01T08:36:40.000Z $GPGGA,083640,5300.4788,N,00443.2617,E,2,8,0.9,2.5,M,,M,,*64
2026-03-01T08:36:40.000Z $GPRMC,083640,A,5300.4788,N,00443.2617,E,6.5,46.5,010326,,,A*4F
2026-03-01T08:36:40.000Z $IIDBT,58.4,f,17.8,M,9.7,F*18
2026-03-01T08:36:40.000Z $IIHDG,44.7,,,1.2,E*16
2026-03-01T08:36:40.000Z $IIMWV,46.2,T,20.9,N,A*30
2026-03-01T08:36:40.000Z $IIRPM,E,1,0,,A*66
2026-03-01T08:36:40.000Z $IIRSA,3.3,A,,V*79
2026-03-01T08:36:40.000Z $IIVHW,44.7,T,,M,6.3,N,,K*67
2026-03-01T08:36:50.000Z $GPGGA,083650,5300.4981,N,00443.2873,E,2,10,0.9,2.5,M,,M,,*57
2026-03-01T08:36:50.000Z $GPRMC,083650,A,5300.4981,N,00443.2873,E,5.4,45.5,010326,,,A*44
2026-03-01T08:36:50.000Z $IIDBT,53.1,f,16.2,M,8.8,F*13
2026-03-01T08:36:50.000Z $IIHDG,41.7,,,1.2,E*13
2026-03-01T08:36:50.000Z $IIMWV,41.2,T,22.5,N,A*39
2026-03-01T08:36:50.000Z $IIRPM,E,1,0,,A*66
2026-03-01T08:36:50.000Z $IIRSA,0.1,A,,V*78
2026-03-01T08:36:50.000Z $IIVHW,41.7,T,,M,5.2,N,,K*60
2026-03-01T08:37:00.000Z !AIVDO,1,1,,A,15RTd30000J`sV4;9a8H4?vP0000,0*7A
2026-03-01T08:37:00.000Z $GPGGA,083700,5300.5006,N,00443.2916,E,2,10,0.9,2.5,M,,M,,*56
2026-03-01T08:37:00.000Z $GPGSA,A,3,01,03,06,11,17,19,22,25,,,,,1.2,0.9,0.8*3D
2026-03-01T08:37:00.000Z $GPRMC,083700,A,5300.5006,N,00443.2916,E,6.4,40.9,010326,,,A*4F
2026-03-01T08:37:00.000Z $GPVTG,40.2,T,,M,6.4,N,11.9,K,A*00
2026-03-01T08:37:00.000Z $GPXTE,A,A,0.024,R,N,A*2B
2026-03-01T08:37:00.000Z $IIDBT,49.3,f,15.0,M,8.2,F*11
2026-03-01T08:37:00.000Z $IIHDG,42.1,,,1.2,E*16
2026-03-01T08:37:00.000Z $IIMDA,29.9427,I,1.0140,B,7.5,C,,C,,,,,,,,,,*58
2026-03-01T08:37:00.000Z $IIMTA,7.3,C*31
2026-03-01T08:37:00.000Z $IIMTW,6.5,C*20
2026-03-01T08:37:00.000Z $IIMWV,48.7,T,22.0,N,A*30
2026-03-01T08:37:00.000Z $IIRPM,E,1,0,,A*66
2026-03-01T08:37:00.000Z $IIRSA,1.7,A,,V*7F
2026-03-01T08:37:00.000Z $IIVHW,42.1,T,,M,6.1,N,,K*65
2026-03-01T08:37:00.000Z $IIXDR,V,12.28,V,BATT*6A
2026-03-01T08:37:10.000Z !AIVDM,1,1,,B,15N2460P00J`tC4;9g`R4?vN0<02,0*5E
2026-03-01T08:37:10.000Z $GPGGA,083710,5300.5002,N,00443.3202,E,2,8,0.9,2.5,M,,M,,*65
2026-03-01T08:37:10.000Z $GPRMC,083710,A,5300.5002,N,00443.3202,E,6.2,41.3,010326,,,A*48
2026-03-01T08:37:10.000Z $IIDBT,57.0,f,17.4,M,9.5,F*1D
2026-03-01T08:37:10.000Z $IIHDG,44.2,,,1.2,E*13
2026-03-01T08:37:10.000Z $IIMWV,48.2,T,21.6,N,A*30
2026-03-01T08:37:10.000Z $IIRPM,E,1,0,,A*66
2026-03-01T08:37:10.000Z $IIRSA,-2.5,A,,V*53
2026-03-01T08:37:10.000Z $IIVHW,44.2,T,,M,5.9,N,,K*6B
2026-03-01T08:37:20.000Z $GPGGA,083720,5300.5017,N,00443.3415,E,2,9,0.9,2.5,M,,M,,*63
2026-03-01T08:37:20.000Z $GPRMC,083720,A,5300.5017,N,00443.3415,E,6.7,40.4,010326,,,A*4C
2026-03-01T08:37:20.000Z $IIDBT,50.3,f,15.3,M,8.4,F*1C
2026-03-01T08:37:20.000Z $IIHDG,44.8,,,1.2,E*19
2026-03-01T08:37:20.000Z $IIMWV,37.7,T,20.0,N,A*3A
2026-03-01T08:37:20.000Z $IIRPM,E,1,0,,A*66
2026-03-01T08:37:20.000Z $IIRSA,1.4,A,,V*7C
2026-03-01T08:37:20.000Z $IIVHW,44.8,T,,M,6.5,N,,K*6E
2026-03-01T08:37:30.000Z $GPGGA,083730,5300.5027,N,00443.3575,E,2,9,0.9,2.5,M,,M,,*66
2026-03-01T08:37:30.000Z $GPRMC,083730,A,5300.5027,N,00443.3575,E,5.6,48.0,010326,,,A*47
2026-03-01T08:37:30.000Z $GPVTG,48.2,T,,M,5.6,N,10.4,K,A*05
2026-03-01T08:37:30.000Z $GPXTE,A,A,0.029,R,N,A*26
2026-03-01T08:37:30.000Z $IIDBT,46.2,f,14.1,M,7.7,F*15
2026-03-01T08:37:30.000Z $IIHDG,41.9,,,1.2,E*1D
2026-03-01T08:37:30.000Z $IIMTA,7.2,C*30
2026-03-01T08:37:30.000Z $IIMWV,49.3,T,23.0,N,A*34
2026-03-01T08:37:30.000Z $IIRPM,E,1,0,,A*66
2026-03-01T08:37:30.000Z $IIRSA,4.1,A,,V*7C
2026-03-01T08:37:30.000Z $IIVHW,41.9,T,,M,5.3,N,,K*6F
2026-03-01T08:37:30.000Z $IIXDR,V,12.29,V,BATT*6B
2026-03-01T08:37:40.000Z !AIVDM,1,1,,B,15N2460P00J`tC4;9g`R4?vN0<02,0*5E
2026-03-01T08:37:40.000Z $GPGGA,083740,5300.5247,N,00443.3743,E,2,10,0.9,2.5,M,,M,,*5A
2026-03-01T08:37:40.000Z $GPRMC,083740,A,5300.5247,N,00443.3743,E,6.9,43.1,010326,,,A*45
2026-03-01T08:37:40.000Z $IIDBT,42.8,f,13.0,M,7.1,F*1B
2026-03-01T08:37:40.000Z $IIHDG,43.2,,,1.2,E*14
2026-03-01T08:37:40.000Z $IIMWV,42.0,T,21.5,N,A*3B
2026-03-01T08:37:40.000Z $IIRPM,E,1,0,,A*66
2026-03-01T08:37:40.000Z $IIRSA,0.7,A,,V*7E
2026-03-01T08:37:40.000Z $IIVHW,43.2,T,,M,6.4,N,,K*62
2026-03-01T08:37:50.000Z $GPGGA,083750,5300.5305,N,00443.3836,E,2,11,0.9,2.5,M,,M,,*50
2026-03-01T08:37:50.000Z $GPRMC,083750,A,5300.5305,N,00443.3836,E,5.9,49.7,010326,,,A*41
2026-03-01T08:37:50.000Z $IIDBT,55.6,f,16.9,M,9.3,F*13
2026-03-01T08:37:50.000Z $IIHDG,41.5,,,1.2,E*11
2026-03-01T08:37:50.000Z $IIMWV,45.5,T,22.6,N,A*39
2026-03-01T08:37:50.000Z $IIRPM,E,1,0,,A*66
2026-03-01T08:37:50.000Z $IIRSA,-4.9,A,,V*59
2026-03-01T08:37:50.000Z $IIVHW,41.5,T,,M,5.7,N,,K*67
2026-03-01T08:38:00.000Z !AIVDO,1,1,,A,15RTd30000J`sV4;9a8H4?vP0000,0*7A
2026-03-01T08:38:00.000Z $GPGGA,083800,5300.5195,N,00443.3968,E,2,10,0.9,2.5,M,,M,,*5A
2026-03-01T08:38:00.000Z $GPGSA,A,3,01,03,06,11,17,19,22,25,,,,,1.2,0.9,0.8*3D
2026-03-01T08:38:00.000Z $GPRMC,083800,A,5300.5195,N,00443.3968,E,6.0,43.4,010326,,,A*49
2026-03-01T08:38:00.000Z $GPVTG,43.3,T,,M,6.0,N,11.2,K,A*0D
2026-03-01T08:38:00.000Z $GPXTE,A,A,0.012,L,N,A*30
2026-03-01T08:38:00.000Z $IIDBT,39.4,f,12.0,M,6.6,F*1C
2026-03-01T08:38:00.000Z $IIHDG,44.0,,,1.2,E*11
2026-03-01T08:38:00.000Z $IIMDA,29.9485,I,1.0142,B,7.3,C,,C,,,,,,,,,,*54
2026-03-01T08:38:00.000Z $IIMTA,7.5,C*37
2026-03-01T08:38:00.000Z $IIMTW,6.4,C*21
2026-03-01T08:38:00.000Z $IIMWV,42.1,T,21.4,N,A*3B
2026-03-01T08:38:00.000Z $IIRPM,E,1,0,,A*66
2026-03-01T08:38:00.000Z $IIRSA,0.2,A,,V*7B
2026-03-01T08:38:00.000Z $IIVHW,44.0,T,,M,5.8,N,,K*68
2026-03-01T08:38:00.000Z $IIXDR,V,12.30,V,BATT*63
2026-03-01T08:38:10.000Z !AIVDM,1,1,,B,15N2460P00J`tC4;9g`R4?vN0<02,0*5E
2026-03-01T08:38:10.000Z $GPGGA,083810,5300.5371,N,00443.4180,E,2,9,0.9,2.5,M,,M,,*62
2026-03-01T08:38:10.000Z $GPRMC,083810,A,5300.5371,N,00443.4180,E,5.1,41.0,010326,,,A*4D
2026-03-01T08:38:10.000Z $IIDBT,58.3,f,17.8,M,9.7,F*1F
2026-03-01T08:38:10.000Z $IIHDG,44.3,,,1.2,E*12
2026-03-01T08:38:10.000Z $IIMWV,38.4,T,22.5,N,A*31
2026-03-01T08:38:10.000Z $IIRPM,E,1,0,,A*66
2026-03-01T08:38:10.000Z $IIRSA,3.8,A,,V*72
2026-03-01T08:38:10.000Z $IIVHW,44.3,T,,M,5.0,N,,K*63
2026-03-01T08:38:20.000Z !AIVDM,1,1,,B,15N2113P00J`tC4;9g`R4?vN0<02,0*5E
2026-03-01T08:38:20.000Z $GPGGA,083820,5300.5395,N,00443.4339,E,2,9,0.9,2.5,M,,M,,*6B
2026-03-01T08:38:20.000Z $GPRMC,083820,A,5300.5395,N,00443.4339,E,6.5,41.4,010326,,,A*47
2026-03-01T08:38:20.000Z $IIDBT,57.7,f,17.6,M,9.6,F*1B
2026-03-01T08:38:20.000Z $IIHDG,43.0,,,1.2,E*16
2026-03-01T08:38:20.000Z $IIMWV,42.5,T,22.1,N,A*39
2026-03-01T08:38:20.000Z $IIRPM,E,1,0,,A*66
2026-03-01T08:38:20.000Z $IIRSA,-0.4,A,,V*50
2026-03-01T08:38:20.000Z $IIVHW,43.0,T,,M,6.3,N,,K*67
2026-03-01T08:38:30.000Z $GPGGA,083830,5300.5411,N,00443.4351,E,2,11,0.9,2.5,M,,M,,*56
2026-03-01T08:38:30.000Z $GPRMC,083830,A,5300.5411,N,00443.4351,E,6.3,40.8,010326,,,A*48
2026-03-01T08:38:30.000Z $GPVTG,40.9,T,,M,6.3,N,11.7,K,A*02
2026-03-01T08:38:30.000Z $GPXTE,A,A,0.037,L,N,A*37
2026-03-01T08:38:30.000Z $IIDBT,52.7,f,16.1,M,8.8,F*17
2026-03-01T08:38:30.000Z $IIHDG,44.1,,,1.2,E*10
2026-03-01T08:38:30.000Z $IIMTA,7.3,C*31
2026-03-01T08:38:30.000Z $IIMWV,41.8,T,20.6,N,A*32
2026-03-01T08:38:30.000Z $IIRPM,E,1,0,,A*66
2026-03-01T08:38:30.000Z $IIRSA,0.7,A,,V*7E
2026-03-01T08:38:30.000Z $IIVHW,44.1,T,,M,5.9,N,,K*68
2026-03-01T08:38:30.000Z $IIXDR,V,12.10,V,BATT*61
2026-03-01T08:38:40.000Z $GPGGA,083840,5300.5440,N,00443.4670,E,2,8,0.9,2.5,M,,M,,*6B
2026-03-01T08:38:40.000Z $GPRMC,083840,A,5300.5440,N,00443.4670,E,6.3,49.5,010326,,,A*49
2026-03-01T08:38:40.000Z $IIDBT,43.8,f,13.3,M,7.3,F*1B
2026-03-01T08:38:40.000Z $IIHDG,43.2,,,1.2,E*14
2026-03-01T08:38:40.000Z $IIMWV,36.4,T,22.2,N,A*38
2026-03-01T08:38:40.000Z $IIRPM,E,1,0,,A*66
2026-03-01T08:38:40.000Z $IIRSA,1.8,A,,V*70
2026-03-01T08:38:40.000Z $IIVHW,43.2,T,,M,6.0,N,,K*66
2026-03-01T08:38:50.000Z $GPGGA,083850,5300.5387,N,00443.4860,E,2,8,0.9,2.5,M,,M,,*69
2026-03-01T08:38:50.000Z $GPRMC,083850,A,5300.5387,N,00443.4860,E,5.1,40.3,010326,,,A*45
2026-03-01T08:38:50.000Z $IIDBT,51.7,f,15.8,M,8.6,F*10
2026-03-01T08:38:50.000Z $IIHDG,43.5,,,1.2,E*13
2026-03-01T08:38:50.000Z $IIMWV,45.0,T,21.9,N,A*30
2026-03-01T08:38:50.000Z $IIRPM,E,1,0,,A*66
2026-03-01T08:38:50.000Z $IIRSA,0.5,A,,V*7C
2026-03-01T08:38:50.000Z $IIVHW,43.5,T,,M,5.0,N,,K*62
2026-03-01T08:39:00.000Z !AIVDO,1,1,,A,15RTd30000J`sV4;9a8H4?vP0000,0*7A
2026-03-01T08:39:00.000Z $GPGGA,083900,5300.5405,N,00443.5033,E,2,9,0.9,2.5,M,,M,,*6E
2026-03-01T08:39:00.000Z $GPGSA,A,3,01,03,06,11,17,19,22,25,,,,,1.2,0.9,0.8*3D
2026-03-01T08:39:00.000Z $GPRMC,083900,A,5300.5405,N,00443.5033,E,6.7,42.4,010326,,,A*43
2026-03-01T08:39:00.000Z $GPVTG,42.3,T,,M,6.7,N,12.5,K,A*0F
2026-03-01T08:39:00.000Z $GPXTE,A,A,0.022,R,N,A*2D
2026-03-01T08:39:00.000Z $IIDBT,42.4,f,12.9,M,7.1,F*1F
2026-03-01T08:39:00.000Z $IIHDG,44.4,,,1.2,E*15
2026-03-01T08:39:00.000Z $IIMDA,29.9480,I,1.0142,B,7.6,C,,C,,,,,,,,,,*54
2026-03-01T08:39:00.000Z $IIMTA,7.2,C*30
2026-03-01T08:39:00.000Z $IIMTW,6.6,C*23
2026-03-01T08:39:00.000Z $IIMWV,46.2,T,22.0,N,A*3B
2026-03-01T08:39:00.000Z $IIRPM,E,1,0,,A*66
2026-03-01T08:39:00.000Z $IIRSA,4.6,A,,V*7B
2026-03-01T08:39:00.000Z $IIVHW,44.4,T,,M,6.4,N,,K*63
2026-03-01T08:39:00.000Z $IIXDR,V,12.28,V,BATT*6A
2026-03-01T08:39:10.000Z $GPGGA,083910,5300.5591,N,00443.5209,E,2,10,0.9,2.5,M,,M,,*50
2026-03-01T08:39:10.000Z $GPRMC,083910,A,5300.5591,N,00443.5209,E,5.5,48.0,010326,,,A*4A
2026-03-01T08:39:10.000Z $IIDBT,52.6,f,16.0,M,8.8,F*17
2026-03-01T08:39:10.000Z $IIHDG,42.6,,,1.2,E*11
2026-03-01T08:39:10.000Z $IIMWV,34.7,T,22.2,N,A*39
2026-03-01T08:39:10.000Z $IIRPM,E,1,0,,A*66
2026-03-01T08:39:10.000Z $IIRSA,-2.9,A,,V*5F
2026-03-01T08:39:10.000Z $IIVHW,42.6,T,,M,5.2,N,,K*62
2026-03-01T08:39:20.000Z !AIVDM,1,1,,B,15N2446P00J`tC4;9g`R4?vN0<02,0*5E
2026-03-01T08:39:20.000Z $GPGGA,083920,5300.5560,N,00443.5499,E,2,11,0.9,2.5,M,,M,,*53
2026-03-01T08:39:20.000Z $GPRMC,083920,A,5300.5560,N,00443.5499,E,5.1,49.0,010326,,,A*4D
2026-03-01T08:39:20.000Z $IIDBT,44.8,f,13.7,M,7.5,F*1E
2026-03-01T08:39:20.000Z $IIHDG,44.0,,,1.2,E*11
2026-03-01T08:39:20.000Z $IIMWV,43.0,T,22.6,N,A*3A
2026-03-01T08:39:20.000Z $IIRPM,E,1,0,,A*66
2026-03-01T08:39:20.000Z $IIRSA,3.4,A,,V*7E
2026-03-01T08:39:20.000Z $IIVHW,44.0,T,,M,4.9,N,,K*68
2026-03-01T08:39:30.000Z !AIVDM,1,1,,B,15N2451P00J`tC4;9g`R4?vN0<02,0*5E
2026-03-01T08:39:30.000Z $GPGGA,083930,5300.5619,N,00443.5395,E,2,11,0.9,2.5,M,,M,,*54
2026-03-01T08:39:30.000Z $GPRMC,083930,A,5300.5619,N,00443.5395,E,6.9,44.5,010326,,,A*49
2026-03-01T08:39:30.000Z $GPVTG,44.1,T,,M,6.9,N,12.7,K,A*07
2026-03-01T08:39:30.000Z $GPXTE,A,A,0.020,L,N,A*31
2026-03-01T08:39:30.000Z $IIDBT,41.0,f,12.5,M,6.8,F*1C
2026-03-01T08:39:30.000Z $IIHDG,42.8,,,1.2,E*1F
2026-03-01T08:39:30.000Z $IIMTA,7.7,C*35
2026-03-01T08:39:30.000Z $IIMWV,47.5,T,21.7,N,A*39
2026-03-01T08:39:30.000Z $IIRPM,E,1,0,,A*66
2026-03-01T08:39:30.000Z $IIRSA,-1.3,A,,V*56
2026-03-01T08:39:30.000Z $IIVHW,42.8,T,,M,6.6,N,,K*6B
2026-03-01T08:39:30.000Z $IIXDR,V,12.13,V,BATT*62
2026-03-01T08:39:40.000Z !AIVDM,1,1,,B,15N2451P00J`tC4;9g`R4?vN0<02,0*5E
2026-03-01T08:39:40.000Z $GPGGA,083940,5300.5679,N,00443.5488,E,2,9,0.9,2.5,M,,M,,*67
2026-03-01T08:39:40.000Z $GPRMC,083940,A,5300.5679,N,00443.5488,E,6.3,43.9,010326,,,A*42
2026-03-01T08:39:40.000Z $IIDBT,41.0,f,12.5,M,6.8,F*1C
2026-03-01T08:39:40.000Z $IIHDG,41.9,,,1.2,E*1D
2026-03-01T08:39:40.000Z $IIMWV,39.2,T,20.8,N,A*39
2026-03-01T08:39:40.000Z $IIRPM,E,1,0,,A*66
2026-03-01T08:39:40.000Z $IIRSA,2.6,A,,V*7D
2026-03-01T08:39:40.000Z $IIVHW,41.9,T,,M,6.0,N,,K*6F
2026-03-01T08:39:50.000Z $GPGGA,083950,5300.5843,N,00443.5978,E,2,8,0.9,2.5,M,,M,,*62
2026-03-01T08:39:50.000Z $GPRMC,083950,A,5300.5843,N,00443.5978,E,6.7,40.6,010326,,,A*4E
2026-03-01T08:39:50.000Z $IIDBT,50.4,f,15.4,M,8.4,F*1C
2026-03-01T08:39:50.000Z $IIHDG,44.5,,,1.2,E*14
2026-03-01T08:39:50.000Z $IIMWV,48.9,T,21.4,N,A*39
2026-03-01T08:39:50.000Z $IIRPM,E,1,0,,A*66
2026-03-01T08:39:50.000Z $IIRSA,-4.1,A,,V*51
2026-03-01T08:39:50.000Z $IIVHW,44.5,T,,M,6.4,N,,K*62
2026-03-01T08:40:00.000Z !AIVDM,1,1,,B,15N2446P00J`tC4;9g`R4?vN0<02,0*5E
2026-03-01T08:40:00.000Z !AIVDO,1,1,,A,15RTd30000J`sV4;9a8H4?vP0000,0*7A
2026-03-01T08:40:00.000Z $GPGGA,084000,5300.5835,N,00443.5939,E,2,9,0.9,2.5,M,,M,,*6C
2026-03-01T08:40:00.000Z $GPGSA,A,3,01,03,06,11,17,19,22,25,,,,,1.2,0.9,0.8*3D
2026-03-01T08:40:00.000Z $GPRMC,084000,A,5300.5835,N,00443.5939,E,5.9,47.5,010326,,,A*48
2026-03-01T08:40:00.000Z $GPVTG,47.6,T,,M,5.9,N,10.8,K,A*0D
2026-03-01T08:40:00.000Z $GPXTE,A,A,0.005,L,N,A*36
2026-03-01T08:40:00.000Z $IIDBT,53.4,f,16.3,M,8.9,F*16
2026-03-01T08:40:00.000Z $IIHDG,43.5,,,1.2,E*13
2026-03-01T08:40:00.000Z $IIMDA,29.9312,I,1.0136,B,7.4,C,,C,,,,,,,,,,*59
2026-03-01T08:40:00.000Z $IIMTA,7.7,C*35
2026-03-01T08:40:00.000Z $IIMTW,6.4,C*21
2026-03-01T08:40:00.000Z $IIMWV,35.1,T,21.6,N,A*39
2026-03-01T08:40:00.000Z $IIRPM,E,1,0,,A*66
2026-03-01T08:40:00.000Z $IIRSA,-4.5,A,,V*55
2026-03-01T08:40:00.000Z $IIVHW,43.5,T,,M,5.5,N,,K*67
2026-03-01T08:40:00.000Z $IIXDR,V,12.30,V,BATT*63
2026-03-01T08:40:10.000Z $GPGGA,084010,5300.5841,N,00443.6210,E,2,9,0.9,2.5,M,,M,,*6D
2026-03-01T08:40:10.000Z $GPRMC,084010,A,5300.5841,N,00443.6210,E,5.8,46.5,010326,,,A*49
2026-03-01T08:40:10.000Z $IIDBT,46.0,f,14.0,M,7.7,F*16
2026-03-01T08:40:10.000Z $IIHDG,42.1,,,1.2,E*16
2026-03-01T08:40:10.000Z $IIMWV,49.5,T,21.9,N,A*39
2026-03-01T08:40:10.000Z $IIRPM,E,1,0,,A*66
2026-03-01T08:40:10.000Z $IIRSA,4.7,A,,V*7A
2026-03-01T08:40:10.000Z $IIVHW,42.1,T,,M,5.4,N,,K*63
2026-03-01T08:40:20.000Z !AIVDM,1,1,,B,15N2449P00J`tC4;9g`R4?vN0<02,0*5E
2026-03-01T08:40:20.000Z $GPGGA,084020,5300.5914,N,00443.6220,E,2,8,0.9,2.5,M,,M,,*6D
2026-03-01T08:40:20.000Z $GPRMC,084020,A,5300.5914,N,00443.6220,E,6.1,47.2,010326,,,A*44
2026-03-01T08:40:20.000Z $IIDBT,43.3,f,13.2,M,7.2,F*10
2026-03-01T08:40:20.000Z $IIHDG,44.0,,,1.2,E*11
2026-03-01T08:40:20.000Z $IIMWV,35.9,T,21.8,N,A*3F
2026-03-01T08:40:20.000Z $IIRPM,E,1,0,,A*66
2026-03-01T08:40:20.000Z $IIRSA,2.6,A,,V*7D
2026-03-01T08:40:20.000Z $IIVHW,44.0,T,,M,5.8,N,,K*68
2026-03-01T08:40:30.000Z !AIVDM,1,1,,B,15N2460P00J`tC4;9g`R4?vN0<02,0*5E
2026-03-01T08:40:30.000Z $GPGGA,084030,5300.6052,N,00443.6337,E,2,8,0.9,2.5,M,,M,,*63
2026-03-01T08:40:30.000Z $GPRMC,084030,A,5300.6052,N,00443.6337,E,5.5,44.1,010326,,,A*4D
2026-03-01T08:40:30.000Z $GPVTG,44.6,T,,M,5.5,N,10.2,K,A*08
2026-03-01T08:40:30.000Z $GPXTE,A,A,0.047,R,N,A*2E
2026-03-01T08:40:30.000Z $IIDBT,39.9,f,12.1,M,6.6,F*10
2026-03-01T08:40:30.000Z $IIHDG,44.7,,,1.2,E*16
2026-03-01T08:40:30.000Z $IIMTA,7.3,C*31
2026-03-01T08:40:30.000Z $IIMWV,37.5,T,21.3,N,A*3A
2026-03-01T08:40:30.000Z $IIRPM,E,1,0,,A*66
2026-03-01T08:40:30.000Z $IIRSA,3.7,A,,V*7D
2026-03-01T08:40:30.000Z $IIVHW,44.7,T,,M,5.2,N,,K*65
2026-03-01T08:40:30.000Z $IIXDR,V,12.11,V,BATT*60
2026-03-01T08:40:40.000Z !AIVDM,1,1,,B,15N2449P00J`tC4;9g`R4?vN0<02,0*5E
2026-03-01T08:40:40.000Z $GPGGA,084040,5300.6028,N,00443.6554,E,2,9,0.9,2.5,M,,M,,*6B
2026-03-01T08:40:40.000Z $GPRMC,084040,A,5300.6028,N,00443.6554,E,6.4,41.8,010326,,,A*4A
2026-03-01T08:40:40.000Z $IIDBT,39.6,f,12.1,M,6.6,F*1F
2026-03-01T08:40:40.000Z $IIHDG,42.7,,,1.2,E*10
2026-03-01T08:40:40.000Z $IIMWV,48.4,T,20.9,N,A*38
2026-03-01T08:40:40.000Z $IIRPM,E,1,0,,A*66
2026-03-01T08:40:40.000Z $IIRSA,1.9,A,,V*71
2026-03-01T08:40:40.000Z $IIVHW,42.7,T,,M,6.1,N,,K*63
2026-03-01T08:40:50.000Z $GPGGA,084050,5300.6084,N,00443.7007,E,2,10,0.9,2.5,M,,M,,*56
2026-03-01T08:40:50.000Z $GPRMC,084050,A,5300.6084,N,00443.7007,E,5.1,49.5,010326,,,A*4C
2026-03-01T08:40:50.000Z $IIDBT,49.8,f,15.2,M,8.3,F*19
2026-03-01T08:40:50.000Z $IIHDG,41.8,,,1.2,E*1C
2026-03-01T08:40:50.000Z $IIMWV,36.7,T,22.5,N,A*3C
2026-03-01T08:40:50.000Z $IIRPM,E,1,0,,A*66
2026-03-01T08:40:50.000Z $IIRSA,1.1,A,,V*79
2026-03-01T08:40:50.000Z $IIVHW,41.8,T,,M,4.8,N,,K*64
2026-03-01T08:41:00.000Z !AIVDO,1,1,,A,15RTd30000J`sV4;9a8H4?vP0000,0*7A
2026-03-01T08:41:00.000Z $GPGGA,084100,5300.6154,N,00443.6992,E,2,9,0.9,2.5,M,,M,,*62
2026-03-01T08:41:00.000Z $GPGSA,A,3,01,03,06,11,17,19,22,25,,,,,1.2,0.9,0.8*3D
2026-03-01T08:41:00.000Z $GPRMC,084100,A,5300.6154,N,00443.6992,E,5.4,44.9,010326,,,A*44
2026-03-01T08:41:00.000Z $GPVTG,44.3,T,,M,5.4,N,9.9,K,A*3F
2026-03-01T08:41:00.000Z $GPXTE,A,A,0.042,L,N,A*35
2026-03-01T08:41:00.000Z $IIDBT,54.1,f,16.5,M,9.0,F*1A
2026-03-01T08:41:00.000Z $IIHDG,41.9,,,1.2,E*1D
2026-03-01T08:41:00.000Z $IIMDA,29.9363,I,1.0138,B,7.5,C,,C,,,,,,,,,,*50
2026-03-01T08:41:00.000Z $IIMTA,7.3,C*31
2026-03-01T08:41:00.000Z $IIMTW,6.7,C*22
2026-03-01T08:41:00.000Z $IIMWV,43.4,T,21.4,N,A*3F
2026-03-01T08:41:00.000Z $IIRPM,E,1,0,,A*66
2026-03-01T08:41:00.000Z $IIRSA,-1.8,A,,V*5D
2026-03-01T08:41:00.000Z $IIVHW,41.9,T,,M,5.0,N,,K*6C
2026-03-01T08:41:00.000Z $IIXDR,V,12.17,V,BATT*66
2026-03-01T08:41:10.000Z !AIVDM,1,1,,B,15N2445P00J`tC4;9g`R4?vN0<02,0*5E
2026-03-01T08:41:10.000Z $GPGGA,084110,5300.6187,N,00443.7063,E,2,9,0.9,2.5,M,,M,,*6B
2026-03-01T08:41:10.000Z $GPRMC,084110,A,5300.6187,N,00443.7063,E,5.4,46.6,010326,,,A*40
2026-03-01T08:41:10.000Z $IIDBT,48.8,f,14.9,M,8.1,F*10
2026-03-01T08:41:10.000Z $IIHDG,43.7,,,1.2,E*11
2026-03-01T08:41:10.000Z $IIMWV,49.5,T,21.2,N,A*32
2026-03-01T08:41:10.000Z $IIRPM,E,1,0,,A*66
2026-03-01T08:41:10.000Z $IIRSA,4.6,A,,V*7B
2026-03-01T08:41:10.000Z $IIVHW,43.7,T,,M,5.0,N,,K*60
2026-03-01T08:41:20.000Z $GPGGA,084120,5300.6101,N,00443.7335,E,2,10,0.9,2.5,M,,M,,*5E
2026-03-01T08:41:20.000Z $GPRMC,084120,A,5300.6101,N,00443.7335,E,6.7,43.5,010326,,,A*4B
2026-03-01T08:41:20.000Z $IIDBT,45.2,f,13.8,M,7.5,F*1A
2026-03-01T08:41:20.000Z $IIHDG,41.8,,,1.2,E*1C
2026-03-01T08:41:20.000Z $IIMWV,35.8,T,22.5,N,A*30
2026-03-01T08:41:20.000Z $IIRPM,E,1,0,,A*66
2026-03-01T08:41:20.000Z $IIRSA,0.7,A,,V*7E
2026-03-01T08:41:20.000Z $IIVHW,41.8,T,,M,6.5,N,,K*6B
2026-03-01T08:41:30.000Z $GPGGA,084130,5300.6297,N,00443.7527,E,2,11,0.9,2.5,M,,M,,*57
2026-03-01T08:41:30.000Z $GPRMC,084130,A,5300.6297,N,00443.7527,E,6.7,41.0,010326,,,A*44
2026-03-01T08:41:30.000Z $GPVTG,41.4,T,,M,6.7,N,12.4,K,A*0A
2026-03-01T08:41:30.000Z $GPXTE,A,A,0.005,L,N,A*36
2026-03-01T08:41:30.000Z $IIDBT,40.9,f,12.5,M,6.8,F*14
2026-03-01T08:41:30.000Z $IIHDG,44.0,,,1.2,E*11
2026-03-01T08:41:30.000Z $IIMTA,7.7,C*35
2026-03-01T08:41:30.000Z $IIMWV,36.3,T,22.7,N,A*3A
2026-03-01T08:41:30.000Z $IIRPM,E,1,0,,A*66
2026-03-01T08:41:30.000Z $IIRSA,-3.4,A,,V*53
2026-03-01T08:41:30.000Z $IIVHW,44.0,T,,M,6.6,N,,K*65
2026-03-01T08:41:30.000Z $IIXDR,V,12.13,V,BATT*62
2026-03-01T08:41:40.000Z $GPGGA,084140,5300.6257,N,00443.7748,E,2,10,0.9,2.5,M,,M,,*56
2026-03-01T08:41:40.000Z $GPRMC,084140,A,5300.6257,N,00443.7748,E,5.7,43.9,010326,,,A*4C
2026-03-01T08:41:40.000Z $IIDBT,56.2,f,17.1,M,9.4,F*1A
2026-03-01T08:41:40.000Z $IIHDG,44.8,,,1.2,E*19
2026-03-01T08:41:40.000Z $IIMWV,45.0,T,20.7,N,A*3F
2026-03-01T08:41:40.000Z $IIRPM,E,1,0,,A*66
2026-03-01T08:41:40.000Z $IIRSA,0.0,A,,V*79
2026-03-01T08:41:40.000Z $IIVHW,44.8,T,,M,5.5,N,,K*6D
2026-03-01T08:41:50.000Z $GPGGA,084150,5300.6339,N,00443.7734,E,2,11,0.9,2.5,M,,M,,*54
2026-03-01T08:41:50.000Z $GPRMC,084150,A,5300.6339,N,00443.7734,E,6.4,49.8,010326,,,A*44
2026-03-01T08:41:50.000Z $IIDBT,40.0,f,12.2,M,6.7,F*15
2026-03-01T08:41:50.000Z $IIHDG,44.1,,,1.2,E*10
2026-03-01T08:41:50.000Z $IIMWV,47.1,T,22.4,N,A*3D
2026-03-01T08:41:50.000Z $IIRPM,E,1,0,,A*66
2026-03-01T08:41:50.000Z $IIRSA,-0.2,A,,V*56
2026-03-01T08:41:50.000Z $IIVHW,44.1,T,,M,6.2,N,,K*60
2026-03-01T08:42:00.000Z !AIVDO,1,1,,A,15RTd30000J`sV4;9a8H4?vP0000,0*7A
2026-03-01T08:42:00.000Z $GPGGA,084200,5300.6451,N,00443.8015,E,2,11,0.9,2.5,M,,M,,*50
2026-03-01T08:42:00.000Z $GPGSA,A,3,01,03,06,11,17,19,22,25,,,,,1.2,0.9,0.8*3D
2026-03-01T08:42:00.000Z $GPRMC,084200,A,5300.6451,N,00443.8015,E,6.1,48.2,010326,,,A*4E
2026-03-01T08:42:00.000Z $GPVTG,48.5,T,,M,6.1,N,11.3,K,A*00
2026-03-01T08:42:00.000Z $GPXTE,A,A,0.038,R,N,A*26
2026-03-01T08:42:00.000Z $IIDBT,47.9,f,14.6,M,8.0,F*10
2026-03-01T08:42:00.000Z $IIHDG,43.6,,,1.2,E*10
2026-03-01T08:42:00.000Z $IIMDA,29.9534,I,1.0143,B,7.5,C,,C,,,,,,,,,,*58
2026-03-01T08:42:00.000Z $IIMTA,7.7,C*35
2026-03-01T08:42:00.000Z $IIMTW,6.4,C*21
2026-03-01T08:42:00.000Z $IIMWV,44.4,T,20.9,N,A*34
2026-03-01T08:42:00.000Z $IIRPM,E,1,0,,A*66
2026-03-01T08:42:00.000Z $IIRSA,-1.3,A,,V*56
2026-03-01T08:42:00.000Z $IIVHW,43.6,T,,M,5.6,N,,K*67
2026-03-01T08:42:00.000Z $IIXDR,V,12.10,V,BATT*61
2026-03-01T08:42:10.000Z $GPGGA,084210,5300.6427,N,00443.8144,E,2,8,0.9,2.5,M,,M,,*6D
2026-03-01T08:42:10.000Z $GPRMC,084210,A,5300.6427,N,00443.8144,E,5.0,45.2,010326,,,A*44
2026-03-01T08:42:10.000Z $IIDBT,53.7,f,16.4,M,8.9,F*12
2026-03-01T08:42:10.000Z $IIHDG,43.0,,,1.2,E*16
2026-03-01T08:42:10.000Z $IIMWV,47.2,T,22.4,N,A*3E
2026-03-01T08:42:10.000Z $IIRPM,E,1,0,,A*66
2026-03-01T08:42:10.000Z $IIRSA,-2.0,A,,V*56
2026-03-01T08:42:10.000Z $IIVHW,43.0,T,,M,4.8,N,,K*6E
2026-03-01T08:42:20.000Z $GPGGA,084220,5300.6397,N,00443.8446,E,2,9,0.9,2.5,M,,M,,*64
2026-03-01T08:42:20.000Z $GPRMC,084220,A,5300.6397,N,00443.8446,E,6.0,41.0,010326,,,A*49
2026-03-01T08:42:20.000Z $IIDBT,54.4,f,16.6,M,9.1,F*1D
2026-03-01T08:42:20.000Z $IIHDG,42.4,,,1.2,E*13
2026-03-01T08:42:20.000Z $IIMWV,34.7,T,21.0,N,A*38
2026-03-01T08:42:20.000Z $IIRPM,E,1,0,,A*66
2026-03-01T08:42:20.000Z $IIRSA,-3.2,A,,V*55
2026-03-01T08:42:20.000Z $IIVHW,42.4,T,,M,5.5,N,,K*67
2026-03-01T08:42:30.000Z $GPGGA,084230,5300.6528,N,00443.8500,E,2,8,0.9,2.5,M,,M,,*65
2026-03-01T08:42:30.000Z $GPRMC,084230,A,5300.6528,N,00443.8500,E,5.7,43.0,010326,,,A*4F
2026-03-01T08:42:30.000Z $GPVTG,43.8,T,,M,5.7,N,10.6,K,A*07
2026-03-01T08:42:30.000Z $GPXTE,A,A,0.019,L,N,A*3B
2026-03-01T08:42:30.000Z $IIDBT,43.5,f,13.2,M,7.2,F*16
2026-03-01T08:42:30.000Z $IIHDG,44.5,,,1.2,E*14
2026-03-01T08:42:30.000Z $IIMTA,7.5,C*37
2026-03-01T08:42:30.000Z $IIMWV,40.7,T,22.8,N,A*30
2026-03-01T08:42:30.000Z $IIRPM,E,1,0,,A*66
2026-03-01T08:42:30.000Z $IIRSA,-1.0,A,,V*55
2026-03-01T08:42:30.000Z $IIVHW,44.5,T,,M,5.6,N,,K*63
2026-03-01T08:42:30.000Z $IIXDR,V,12.12,V,BATT*63
2026-03-01T08:42:40.000Z $GPGGA,084240,5300.6605,N,00443.8684,E,2,10,0.9,2.5,M,,M,,*58
2026-03-01T08:42:40.000Z $GPRMC,084240,A,5300.6605,N,00443.8684,E,6.8,45.9,010326,,,A*48
2026-03-01T08:42:40.000Z $IIDBT,44.9,f,13.7,M,7.5,F*1F
2026-03-01T08:42:40.000Z $IIHDG,41.0,,,1.2,E*14
2026-03-01T08:42:40.000Z $IIMWV,49.4,T,22.5,N,A*37
2026-03-01T08:42:40.000Z $IIRPM,E,1,0,,A*66
2026-03-01T08:42:40.000Z $IIRSA,3.6,A,,V*7C
2026-03-01T08:42:40.000Z $IIVHW,41.0,T,,M,6.3,N,,K*65
2026-03-01T08:42:50.000Z $GPGGA,084250,5300.6698,N,00443.8887,E,2,10,0.9,2.5,M,,M,,*50
2026-03-01T08:42:50.000Z $GPRMC,084250,A,5300.6698,N,00443.8887,E,6.6,40.1,010326,,,A*43
2026-03-01T08:42:50.000Z $IIDBT,55.1,f,16.8,M,9.2,F*14
2026-03-01T08:42:50.000Z $IIHDG,41.8,,,1.2,E*1C
2026-03-01T08:42:50.000Z $IIMWV,36.7,T,21.8,N,A*32
2026-03-01T08:42:50.000Z $IIRPM,E,1,0,,A*66
2026-03-01T08:42:50.000Z $IIRSA,2.7,A,,V*7C
2026-03-01T08:42:50.000Z $IIVHW,41.8,T,,M,6.4,N,,K*6A
2026-03-01T08:43:00.000Z !AIVDO,1,1,,A,15RTd30000J`sV4;9a8H4?vP0000,0*7A
2026-03-01T08:43:00.000Z $GPGGA,084300,5300.6663,N,00443.8984,E,2,9,0.9,2.5,M,,M,,*6A
2026-03-01T08:43:00.000Z $GPGSA,A,3,01,03,06,11,17,19,22,25,,,,,1.2,0.9,0.8*3D
2026-03-01T08:43:00.000Z $GPRMC,084300,A,5300.6663,N,00443.8984,E,6.2,46.7,010326,,,A*45
2026-03-01T08:43:00.000Z $GPVTG,46.2,T,,M,6.2,N,11.5,K,A*0C
2026-03-01T08:43:00.000Z $GPXTE,A,A,0.020,R,N,A*2F
2026-03-01T08:43:00.000Z $IIDBT,49.4,f,15.1,M,8.2,F*17
2026-03-01T08:43:00.000Z $IIHDG,44.4,,,1.2,E*15
2026-03-01T08:43:00.000Z $IIMDA,29.9529,I,1.0143,B,7.5,C,,C,,,,,,,,,,*54
2026-03-01T08:43:00.000Z $IIMTA,7.7,C*35
2026-03-01T08:43:00.000Z $IIMTW,6.4,C*21
2026-03-01T08:43:00.000Z $IIMWV,39.2,T,22.0,N,A*33
2026-03-01T08:43:00.000Z $IIRPM,E,1,0,,A*66
2026-03-01T08:43:00.000Z $IIRSA,1.7,A,,V*7F
2026-03-01T08:43:00.000Z $IIVHW,44.4,T,,M,5.8,N,,K*6C
2026-03-01T08:43:00.000Z $IIXDR,V,12.13,V,BATT*62
2026-03-01T08:43:10.000Z $GPGGA,084310,5300.6806,N,00443.9073,E,2,8,0.9,2.5,M,,M,,*67
2026-03-01T08:43:10.000Z $GPRMC,084310,A,5300.6806,N,00443.9073,E,5.9,41.2,010326,,,A*43
2026-03-01T08:43:10.000Z $IIDBT,43.1,f,13.1,M,7.2,F*11
2026-03-01T08:43:10.000Z $IIHDG,43.0,,,1.2,E*16
2026-03-01T08:43:10.000Z $IIMWV,48.0,T,22.2,N,A*35
2026-03-01T08:43:10.000Z $IIRPM,E,1,0,,A*66
2026-03-01T08:43:10.000Z $IIRSA,-1.5,A,,V*50
2026-03-01T08:43:10.000Z $IIVHW,43.0,T,,M,5.4,N,,K*63
2026-03-01T08:43:20.000Z !AIVDM,1,1,,B,15N2447P00J`tC4;9g`R4?vN0<02,0*5E
2026-03-01T08:43:20.000Z $GPGGA,084320,5300.6769,N,00443.9166,E,2,10,0.9,2.5,M,,M,,*5E
2026-03-01T08:43:20.000Z $GPRMC,084320,A,5300.6769,N,00443.9166,E,5.8,46.5,010326,,,A*42
2026-03-01T08:43:20.000Z $IIDBT,48.9,f,14.9,M,8.1,F*11
2026-03-01T08:43:20.000Z $IIHDG,41.3,,,1.2,E*17
2026-03-01T08:43:20.000Z $IIMWV,43.9,T,22.3,N,A*36
2026-03-01T08:43:20.000Z $IIRPM,E,1,0,,A*66
2026-03-01T08:43:20.000Z $IIRSA,0.5,A,,V*7C
2026-03-01T08:43:20.000Z $IIVHW,41.3,T,,M,5.5,N,,K*63
2026-03-01T08:43:30.000Z $GPGGA,084330,5300.6879,N,00443.9400,E,2,8,0.9,2.5,M,,M,,*6D
2026-03-01T08:43:30.000Z $GPRMC,084330,A,5300.6879,N,00443.9400,E,5.4,47.5,010326,,,A*45
2026-03-01T08:43:30.000Z $GPVTG,47.7,T,,M,5.4,N,10.0,K,A*09
2026-03-01T08:43:30.000Z $GPXTE,A,A,0.001,R,N,A*2C
2026-03-01T08:43:30.000Z $IIDBT,51.8,f,15.8,M,8.6,F*1F
2026-03-01T08:43:30.000Z $IIHDG,42.5,,,1.2,E*12
2026-03-01T08:43:30.000Z $IIMTA,7.5,C*37
2026-03-01T08:43:30.000Z $IIMWV,38.8,T,21.6,N,A*3D
2026-03-01T08:43:30.000Z $IIRPM,E,1,0,,A*66
2026-03-01T08:43:30.000Z $IIRSA,-3.8,A,,V*5F
2026-03-01T08:43:30.000Z $IIVHW,42.5,T,,M,4.9,N,,K*6B
2026-03-01T08:43:30.000Z $IIXDR,V,12.24,V,BATT*66
2026-03-01T08:43:40.000Z $GPGGA,084340,5300.6940,N,00443.9810,E,2,9,0.9,2.5,M,,M,,*6D
2026-03-01T08:43:40.000Z $GPRMC,084340,A,5300.6940,N,00443.9810,E,7.0,40.5,010326,,,A*45
2026-03-01T08:43:40.000Z $IIDBT,46.5,f,14.2,M,7.8,F*1E
2026-03-01T08:43:40.000Z $IIHDG,42.4,,,1.2,E*13
2026-03-01T08:43:40.000Z $IIMWV,48.0,T,20.7,N,A*32
2026-03-01T08:43:40.000Z $IIRPM,E,1,0,,A*66
2026-03-01T08:43:40.000Z $IIRSA,-3.5,A,,V*52
2026-03-01T08:43:40.000Z $IIVHW,42.4,T,,M,6.6,N,,K*67
2026-03-01T08:43:50.000Z !AIVDM,1,1,,B,15N2447P00J`tC4;9g`R4?vN0<02,0*5E
2026-03-01T08:43:50.000Z $GPGGA,084350,5300.6834,N,00443.9995,E,2,9,0.9,2.5,M,,M,,*62
2026-03-01T08:43:50.000Z $GPRMC,084350,A,5300.6834,N,00443.9995,E,5.4,46.4,010326,,,A*4B
2026-03-01T08:43:50.000Z $IIDBT,53.8,f,16.4,M,9.0,F*15
2026-03-01T08:43:50.000Z $IIHDG,41.5,,,1.2,E*11
2026-03-01T08:43:50.000Z $IIMWV,45.3,T,21.0,N,A*3A
2026-03-01T08:43:50.000Z $IIRPM,E,1,0,,A*66
2026-03-01T08:43:50.000Z $IIRSA,-4.2,A,,V*52
2026-03-01T08:43:50.000Z $IIVHW,41.5,T,,M,5.1,N,,K*61
2026-03-01T08:44:00.000Z !AIVDO,1,1,,A,15RTd30000J`sV4;9a8H4?vP0000,0*7A
2026-03-01T08:44:00.000Z $GPGGA,084400,5300.6805,N,00443.9936,E,2,9,0.9,2.5,M,,M,,*6B
2026-03-01T08:44:00.000Z $GPGSA,A,3,01,03,06,11,17,19,22,25,,,,,1.2,0.9,0.8*3D
2026-03-01T08:44:00.000Z $GPRMC,084400,A,5300.6805,N,00443.9936,E,5.9,45.5,010326,,,A*4D
2026-03-01T08:44:00.000Z $GPVTG,45.8,T,,M,5.9,N,10.9,K,A*00
2026-03-01T08:44:00.000Z $GPXTE,A,A,0.017,R,N,A*2B
2026-03-01T08:44:00.000Z $IIDBT,52.8,f,16.1,M,8.8,F*18
2026-03-01T08:44:00.000Z $IIHDG,43.6,,,1.2,E*10
2026-03-01T08:44:00.000Z $IIMDA,29.9301,I,1.0135,B,7.5,C,,C,,,,,,,,,,*59
2026-03-01T08:44:00.000Z $IIMTA,7.3,C*31
2026-03-01T08:44:00.000Z $IIMTW,6.3,C*26
2026-03-01T08:44:00.000Z $IIMWV,46.5,T,21.2,N,A*3D
2026-03-01T08:44:00.000Z $IIRPM,E,1,0,,A*66
2026-03-01T08:44:00.000Z $IIRSA,4.6,A,,V*7B
2026-03-01T08:44:00.000Z $IIVHW,43.6,T,,M,5.4,N,,K*65
2026-03-01T08:44:00.000Z $IIXDR,V,12.16,V,BATT*67
2026-03-01T08:44:10.000Z $GPGGA,084410,5300.6920,N,00444.0067,E,2,9,0.9,2.5,M,,M,,*6F
2026-03-01T08:44:10.000Z $GPRMC,084410,A,5300.6920,N,00444.0067,E,6.7,47.7,010326,,,A*44
2026-03-01T08:44:10.000Z $IIDBT,40.1,f,12.2,M,6.7,F*14
2026-03-01T08:44:10.000Z $IIHDG,44.9,,,1.2,E*18
2026-03-01T08:44:10.000Z $IIMWV,47.0,T,22.9,N,A*31
2026-03-01T08:44:10.000Z $IIRPM,E,1,0,,A*66
2026-03-01T08:44:10.000Z $IIRSA,-4.2,A,,V*52
2026-03-01T08:44:10.000Z $IIVHW,44.9,T,,M,6.6,N,,K*6C
2026-03-01T08:44:20.000Z !AIVDM,1,1,,B,15N2460P00J`tC4;9g`R4?vN0<02,0*5E
2026-03-01T08:44:20.000Z $GPGGA,084420,5300.6946,N,00444.0204,E,2,10,0.9,2.5,M,,M,,*53
2026-03-01T08:44:20.000Z $GPRMC,084420,A,5300.6946,N,00444.0204,E,5.0,41.6,010326,,,A*43
2026-03-01T08:44:20.000Z $IIDBT,46.2,f,14.1,M,7.7,F*15
2026-03-01T08:44:20.000Z $IIHDG,42.9,,,1.2,E*1E
2026-03-01T08:44:20.000Z $IIMWV,49.4,T,21.8,N,A*39
2026-03-01T08:44:20.000Z $IIRPM,E,1,0,,A*66
2026-03-01T08:44:20.000Z $IIRSA,2.2,A,,V*79
2026-03-01T08:44:20.000Z $IIVHW,42.9,T,,M,4.9,N,,K*67
2026-03-01T08:44:30.000Z !AIVDM,1,1,,B,15N2113P00J`tC4;9g`R4?vN0<02,0*5E
2026-03-01T08:44:30.000Z $GPGGA,084430,5300.7069,N,00444.0425,E,2,10,0.9,2.5,M,,M,,*52
2026-03-01T08:44:30.000Z $GPRMC,084430,A,5300.7069,N,00444.0425,E,6.0,45.4,010326,,,A*47
2026-03-01T08:44:30.000Z $GPVTG,46.0,T,,M,6.0,N,11.2,K,A*0B
2026-03-01T08:44:30.000Z $GPXTE,A,A,0.033,R,N,A*2D
2026-03-01T08:44:30.000Z $IIDBT,39.5,f,12.0,M,6.6,F*1D
2026-03-01T08:44:30.000Z $IIHDG,44.6,,,1.2,E*17
2026-03-01T08:44:30.000Z $IIMTA,7.4,C*36
2026-03-01T08:44:30.000Z $IIMWV,42.1,T,22.9,N,A*35
2026-03-01T08:44:30.000Z $IIRPM,E,1,0,,A*66
2026-03-01T08:44:30.000Z $IIRSA,-2.4,A,,V*52
2026-03-01T08:44:30.000Z $IIVHW,44.6,T,,M,5.7,N,,K*61
2026-03-01T08:44:30.000Z $IIXDR,V,12.15,V,BATT*64
2026-03-01T08:44:40.000Z $GPGGA,084440,5300.7145,N,00444.0572,E,2,10,0.9,2.5,M,,M,,*59
2026-03-01T08:44:40.000Z $GPRMC,084440,A,5300.7145,N,00444.0572,E,6.4,47.8,010326,,,A*46
2026-03-01T08:44:40.000Z $IIDBT,54.4,f,16.6,M,9.1,F*1D
2026-03-01T08:44:40.000Z $IIHDG,42.8,,,1.2,E*1F
2026-03-01T08:44:40.000Z $IIMWV,41.4,T,22.8,N,A*32
2026-03-01T08:44:40.000Z $IIRPM,E,1,0,,A*66
2026-03-01T08:44:40.000Z $IIRSA,1.8,A,,V*70
2026-03-01T08:44:40.000Z $IIVHW,42.8,T,,M,6.2,N,,K*6F
2026-03-01T08:44:50.000Z $GPGGA,084450,5300.7037,N,00444.0769,E,2,9,0.9,2.5,M,,M,,*6C
2026-03-01T08:44:50.000Z $GPRMC,084450,A,5300.7037,N,00444.0769,E,5.2,46.3,010326,,,A*44
2026-03-01T08:44:50.000Z $IIDBT,50.0,f,15.2,M,8.3,F*19
2026-03-01T08:44:50.000Z $IIHDG,42.5,,,1.2,E*12
2026-03-01T08:44:50.000Z $IIMWV,42.6,T,21.0,N,A*38
2026-03-01T08:44:50.000Z $IIRPM,E,1,0,,A*66
2026-03-01T08:44:50.000Z $IIRSA,0.2,A,,V*7B
2026-03-01T08:44:50.000Z $IIVHW,42.5,T,,M,4.7,N,,K*65
2026-03-01T08:45:00.000Z !AIVDO,1,1,,A,15RTd30000J`sV4;9a8H4?vP0000,0*7A
2026-03-01T08:45:00.000Z !AIVDO,1,1,,A,15RTd30000J`sV4;9a8H4?vP0000,0*7A
2026-03-01T08:45:00.000Z $GPGGA,084500,5300.7093,N,00444.0937,E,2,11,0.9,2.5,M,,M,,*5A
2026-03-01T08:45:00.000Z $GPGGA,084500,5300.7194,N,00444.1018,E,2,10,0.9,2.5,M,,M,,*58
2026-03-01T08:45:00.000Z $GPGSA,A,3,01,03,06,11,17,19,22,25,,,,,1.2,0.9,0.8*3D
2026-03-01T08:45:00.000Z $GPGSA,A,3,01,03,06,11,17,19,22,25,,,,,1.2,0.9,0.8*3D
2026-03-01T08:45:00.000Z $GPRMC,084500,A,5300.7093,N,00444.0937,E,5.9,49.4,010326,,,A*48
2026-03-01T08:45:00.000Z $GPRMC,084500,A,5300.7194,N,00444.1018,E,5.5,53.8,010326,,,A*40
2026-03-01T08:45:00.000Z $GPVTG,49.6,T,,M,5.9,N,10.9,K,A*02
2026-03-01T08:45:00.000Z $GPVTG,53.4,T,,M,5.5,N,10.2,K,A*0C
2026-03-01T08:45:00.000Z $GPXTE,A,A,0.023,L,N,A*32
2026-03-01T08:45:00.000Z $GPXTE,A,A,0.039,R,N,A*27
2026-03-01T08:45:00.000Z $IIDBT,25.3,f,7.7,M,4.2,F*23
2026-03-01T08:45:00.000Z $IIDBT,41.1,f,12.5,M,6.9,F*1C
2026-03-01T08:45:00.000Z $IIHDG,44.7,,,1.2,E*16
2026-03-01T08:45:00.000Z $IIHDG,52.0,,,1.2,E*16
2026-03-01T08:45:00.000Z $IIMDA,29.9481,I,1.0142,B,7.5,C,,C,,,,,,,,,,*56
2026-03-01T08:45:00.000Z $IIMDA,29.9588,I,1.0145,B,8.2,C,,C,,,,,,,,,,*51
2026-03-01T08:45:00.000Z $IIMTA,7.4,C*36
2026-03-01T08:45:00.000Z $IIMTA,8.3,C*3E
2026-03-01T08:45:00.000Z $IIMTW,6.4,C*21
2026-03-01T08:45:00.000Z $IIMTW,6.6,C*23
2026-03-01T08:45:00.000Z $IIMWV,37.3,T,22.6,N,A*3A
2026-03-01T08:45:00.000Z $IIMWV,75.5,T,13.9,N,A*37
2026-03-01T08:45:00.000Z $IIRPM,E,1,0,,A*66
2026-03-01T08:45:00.000Z $IIRPM,E,1,0,,A*66
2026-03-01T08:45:00.000Z $IIRSA,-3.8,A,,V*5F
2026-03-01T08:45:00.000Z $IIRSA,1.5,A,,V*7D
2026-03-01T08:45:00.000Z $IIVHW,44.7,T,,M,5.4,N,,K*63
2026-03-01T08:45:00.000Z $IIVHW,52.0,T,,M,5.3,N,,K*64
2026-03-01T08:45:00.000Z $IIXDR,V,11.83,V,BATT*68
2026-03-01T08:45:00.000Z $IIXDR,V,12.22,V,BATT*60
2026-03-01T08:45:10.000Z !AIVDM,1,1,,B,15N2445P00J`tC4;9g`R4?vN0<02,0*5E
2026-03-01T08:45:10.000Z $GPGGA,084510,5300.7339,N,00444.1290,E,2,9,0.9,2.5,M,,M,,*66
2026-03-01T08:45:10.000Z $GPRMC,084510,A,5300.7339,N,00444.1290,E,5.7,55.0,010326,,,A*4A
2026-03-01T08:45:10.000Z $IIDBT,27.1,f,8.3,M,4.5,F*2F
2026-03-01T08:45:10.000Z $IIHDG,54.0,,,1.2,E*10
2026-03-01T08:45:10.000Z $IIMWV,69.0,T,14.7,N,A*36
2026-03-01T08:45:10.000Z $IIRPM,E,1,0,,A*66
2026-03-01T08:45:10.000Z $IIRSA,2.7,A,,V*7C
2026-03-01T08:45:10.000Z $IIVHW,54.0,T,,M,5.6,N,,K*67
2026-03-01T08:45:20.000Z !AIVDM,1,1,,B,15N2449P00J`tC4;9g`R4?vN0<02,0*5E
2026-03-01T08:45:20.000Z $GPGGA,084520,5300.7383,N,00444.1350,E,2,11,0.9,2.5,M,,M,,*50
2026-03-01T08:45:20.000Z $GPRMC,084520,A,5300.7383,N,00444.1350,E,4.8,56.0,010326,,,A*48
2026-03-01T08:45:20.000Z $IIDBT,42.6,f,13.0,M,7.1,F*15
2026-03-01T08:45:20.000Z $IIHDG,54.6,,,1.2,E*16
2026-03-01T08:45:20.000Z $IIMWV,67.9,T,15.0,N,A*37
2026-03-01T08:45:20.000Z $IIRPM,E,1,0,,A*66
2026-03-01T08:45:20.000Z $IIRSA,-0.7,A,,V*53
2026-03-01T08:45:20.000Z $IIVHW,54.6,T,,M,4.5,N,,K*63
2026-03-01T08:45:30.000Z $GPGGA,084530,5300.7218,N,00444.1325,E,2,11,0.9,2.5,M,,M,,*50
2026-03-01T08:45:30.000Z $GPRMC,084530,A,5300.7218,N,00444.1325,E,5.8,56.2,010326,,,A*4B
2026-03-01T08:45:30.000Z $GPVTG,56.9,T,,M,5.8,N,10.8,K,A*03
2026-03-01T08:45:30.000Z $GPXTE,A,A,0.027,L,N,A*36
2026-03-01T08:45:30.000Z $IIDBT,42.4,f,12.9,M,7.1,F*1F
2026-03-01T08:45:30.000Z $IIHDG,53.1,,,1.2,E*16
2026-03-01T08:45:30.000Z $IIMTA,8.0,C*3D
2026-03-01T08:45:30.000Z $IIMWV,62.8,T,14.9,N,A*3B
2026-03-01T08:45:30.000Z $IIRPM,E,1,0,,A*66
2026-03-01T08:45:30.000Z $IIRSA,2.3,A,,V*78
2026-03-01T08:45:30.000Z $IIVHW,53.1,T,,M,5.5,N,,K*62
2026-03-01T08:45:30.000Z $IIXDR,V,11.77,V,BATT*63
2026-03-01T08:45:40.000Z !AIVDM,1,1,,B,15N2451P00J`tC4;9g`R4?vN0<02,0*5E
2026-03-01T08:45:40.000Z $GPGGA,084540,5300.7453,N,00444.1613,E,2,11,0.9,2.5,M,,M,,*5E
2026-03-01T08:45:40.000Z $GPRMC,084540,A,5300.7453,N,00444.1613,E,4.5,52.4,010326,,,A*4B
2026-03-01T08:45:40.000Z $IIDBT,39.4,f,12.0,M,6.6,F*1C
2026-03-01T08:45:40.000Z $IIHDG,53.3,,,1.2,E*14
2026-03-01T08:45:40.000Z $IIMWV,70.9,T,14.4,N,A*34
2026-03-01T08:45:40.000Z $IIRPM,E,1,0,,A*66
2026-03-01T08:45:40.000Z $IIRSA,0.9,A,,V*70
2026-03-01T08:45:40.000Z $IIVHW,53.3,T,,M,4.4,N,,K*60
2026-03-01T08:45:50.000Z !AIVDM,1,1,,B,15N2449P00J`tC4;9g`R4?vN0<02,0*5E
2026-03-01T08:45:50.000Z $GPGGA,084550,5300.7430,N,00444.1645,E,2,9,0.9,2.5,M,,M,,*60
2026-03-01T08:45:50.000Z $GPRMC,084550,A,5300.7430,N,00444.1645,E,5.4,52.5,010326,,,A*4D
2026-03-01T08:45:50.000Z $IIDBT,25.4,f,7.8,M,4.2,F*2B
2026-03-01T08:45:50.000Z $IIHDG,54.3,,,1.2,E*13
2026-03-01T08:45:50.000Z $IIMWV,75.9,T,13.4,N,A*36
2026-03-01T08:45:50.000Z $IIRPM,E,1,0,,A*66
2026-03-01T08:45:50.000Z $IIRSA,-4.7,A,,V*57
2026-03-01T08:45:50.000Z $IIVHW,54.3,T,,M,5.0,N,,K*62
2026-03-01T08:46:00.000Z !AIVDM,1,1,,B,15N2445P00J`tC4;9g`R4?vN0<02,0*5E
2026-03-01T08:46:00.000Z !AIVDO,1,1,,A,15RTd30000J`sV4;9a8H4?vP0000,0*7A
2026-03-01T08:46:00.000Z $GPGGA,084600,5300.7423,N,00444.1814,E,2,11,0.9,2.5,M,,M,,*57
2026-03-01T08:46:00.000Z $GPGSA,A,3,01,03,06,11,17,19,22,25,,,,,1.2,0.9,0.8*3D
2026-03-01T08:46:00.000Z $GPRMC,084600,A,5300.7423,N,00444.1814,E,5.8,58.2,010326,,,A*42
2026-03-01T08:46:00.000Z $GPVTG,58.9,T,,M,5.8,N,10.7,K,A*02
2026-03-01T08:46:00.000Z $GPXTE,A,A,0.049,R,N,A*20
2026-03-01T08:46:00.000Z $IIDBT,42.3,f,12.9,M,7.1,F*18
2026-03-01T08:46:00.000Z $IIHDG,54.1,,,1.2,E*11
2026-03-01T08:46:00.000Z $IIMDA,29.9542,I,1.0144,B,7.8,C,,C,,,,,,,,,,*53
2026-03-01T08:46:00.000Z $IIMTA,8.0,C*3D
2026-03-01T08:46:00.000Z $IIMTW,6.8,C*2D
2026-03-01T08:46:00.000Z $IIMWV,76.6,T,14.2,N,A*3B
2026-03-01T08:46:00.000Z $IIRPM,E,1,0,,A*66
2026-03-01T08:46:00.000Z $IIRSA,-3.1,A,,V*56
2026-03-01T08:46:00.000Z $IIVHW,54.1,T,,M,5.6,N,,K*66
2026-03-01T08:46:00.000Z $IIXDR,V,11.72,V,BATT*66
2026-03-01T08:46:10.000Z !AIVDM,1,1,,B,15N2449P00J`tC4;9g`R4?vN0<02,0*5E
2026-03-01T08:46:10.000Z $GPGGA,084610,5300.7416,N,00444.1948,E,2,8,0.9,2.5,M,,M,,*60
2026-03-01T08:46:10.000Z $GPRMC,084610,A,5300.7416,N,00444.1948,E,5.2,60.6,010326,,,A*48
2026-03-01T08:46:10.000Z $IIDBT,38.0,f,11.6,M,6.3,F*19
2026-03-01T08:46:10.000Z $IIHDG,52.3,,,1.2,E*15
2026-03-01T08:46:10.000Z $IIMWV,63.2,T,14.4,N,A*3D
2026-03-01T08:46:10.000Z $IIRPM,E,1,0,,A*66
2026-03-01T08:46:10.000Z $IIRSA,-4.6,A,,V*56
2026-03-01T08:46:10.000Z $IIVHW,52.3,T,,M,4.9,N,,K*6C
2026-03-01T08:46:20.000Z !AIVDM,1,1,,B,15N2451P00J`tC4;9g`R4?vN0<02,0*5E
2026-03-01T08:46:20.000Z $GPGGA,084620,5300.7587,N,00444.1941,E,2,8,0.9,2.5,M,,M,,*63
2026-03-01T08:46:20.000Z $GPRMC,084620,A,5300.7587,N,00444.1941,E,5.1,54.9,010326,,,A*40
2026-03-01T08:46:20.000Z $IIDBT,42.5,f,12.9,M,7.1,F*1E
2026-03-01T08:46:20.000Z $IIHDG,52.0,,,1.2,E*16
2026-03-01T08:46:20.000Z $IIMWV,74.4,T,13.9,N,A*37
2026-03-01T08:46:20.000Z $IIRPM,E,1,0,,A*66
2026-03-01T08:46:20.000Z $IIRSA,-0.0,A,,V*54
2026-03-01T08:46:20.000Z $IIVHW,52.0,T,,M,4.7,N,,K*61
2026-03-01T08:46:30.000Z !AIVDM,1,1,,B,15N2446P00J`tC4;9g`R4?vN0<02,0*5E
2026-03-01T08:46:30.000Z $GPGGA,084630,5300.7626,N,00444.2227,E,2,8,0.9,2.5,M,,M,,*62
2026-03-01T08:46:30.000Z $GPRMC,084630,A,5300.7626,N,00444.2227,E,4.6,54.8,010326,,,A*46
2026-03-01T08:46:30.000Z $GPVTG,54.7,T,,M,4.6,N,8.5,K,A*34
2026-03-01T08:46:30.000Z $GPXTE,A,A,0.049,L,N,A*3E
2026-03-01T08:46:30.000Z $IIDBT,32.3,f,9.8,M,5.4,F*23
2026-03-01T08:46:30.000Z $IIHDG,51.4,,,1.2,E*11
2026-03-01T08:46:30.000Z $IIMTA,8.3,C*3E
2026-03-01T08:46:30.000Z $IIMWV,74.1,T,14.6,N,A*3A
2026-03-01T08:46:30.000Z $IIRPM,E,1,0,,A*66
2026-03-01T08:46:30.000Z $IIRSA,3.8,A,,V*72
2026-03-01T08:46:30.000Z $IIVHW,51.4,T,,M,4.3,N,,K*62
2026-03-01T08:46:30.000Z $IIXDR,V,11.84,V,BATT*6F
2026-03-01T08:46:40.000Z $GPGGA,084640,5300.7450,N,00444.2397,E,2,10,0.9,2.5,M,,M,,*55
2026-03-01T08:46:40.000Z $GPRMC,084640,A,5300.7450,N,00444.2397,E,4.7,55.8,010326,,,A*48
2026-03-01T08:46:40.000Z $IIDBT,20.9,f,6.4,M,3.5,F*2E
2026-03-01T08:46:40.000Z $IIHDG,52.8,,,1.2,E*1E
2026-03-01T08:46:40.000Z $IIMWV,62.3,T,13.5,N,A*3B
2026-03-01T08:46:40.000Z $IIRPM,E,1,0,,A*66
2026-03-01T08:46:40.000Z $IIRSA,4.0,A,,V*7D
2026-03-01T08:46:40.000Z $IIVHW,52.8,T,,M,4.6,N,,K*68
2026-03-01T08:46:50.000Z $GPGGA,084650,5300.7532,N,00444.2348,E,2,11,0.9,2.5,M,,M,,*52
2026-03-01T08:46:50.000Z $GPRMC,084650,A,5300.7532,N,00444.2348,E,4.7,51.4,010326,,,A*46
2026-03-01T08:46:50.000Z $IIDBT,22.4,f,6.8,M,3.7,F*2F
2026-03-01T08:46:50.000Z $IIHDG,54.7,,,1.2,E*17
2026-03-01T08:46:50.000Z $IIMWV,72.1,T,13.7,N,A*3A
2026-03-01T08:46:50.000Z $IIRPM,E,1,0,,A*66
2026-03-01T08:46:50.000Z $IIRSA,2.5,A,,V*7E
2026-03-01T08:46:50.000Z $IIVHW,54.7,T,,M,4.4,N,,K*63
2026-03-01T08:47:00.000Z !AIVDO,1,1,,A,15RTd30000J`sV4;9a8H4?vP0000,0*7A
2026-03-01T08:47:00.000Z $GPGGA,084700,5300.7602,N,00444.2508,E,2,11,0.9,2.5,M,,M,,*54
2026-03-01T08:47:00.000Z $GPGSA,A,3,01,03,06,11,17,19,22,25,,,,,1.2,0.9,0.8*3D
2026-03-01T08:47:00.000Z $GPRMC,084700,A,5300.7602,N,00444.2508,E,4.8,56.5,010326,,,A*49
2026-03-01T08:47:00.000Z $GPVTG,56.7,T,,M,4.8,N,9.0,K,A*3C
2026-03-01T08:47:00.000Z $GPXTE,A,A,0.003,R,N,A*2E
2026-03-01T08:47:00.000Z $IIDBT,24.5,f,7.5,M,4.1,F*25
2026-03-01T08:47:00.000Z $IIHDG,52.1,,,1.2,E*17
2026-03-01T08:47:00.000Z $IIMDA,29.9549,I,1.0144,B,8.2,C,,C,,,,,,,,,,*5D
2026-03-01T08:47:00.000Z $IIMTA,7.9,C*3B
2026-03-01T08:47:00.000Z $IIMTW,6.4,C*21
2026-03-01T08:47:00.000Z $IIMWV,72.4,T,14.1,N,A*3E
2026-03-01T08:47:00.000Z $IIRPM,E,1,0,,A*66
2026-03-01T08:47:00.000Z $IIRSA,4.9,A,,V*74
2026-03-01T08:47:00.000Z $IIVHW,52.1,T,,M,4.4,N,,K*63
2026-03-01T08:47:00.000Z $IIXDR,V,11.72,V,BATT*66
2026-03-01T08:47:10.000Z $GPGGA,084710,5300.7742,N,00444.2417,E,2,8,0.9,2.5,M,,M,,*67
2026-03-01T08:47:10.000Z $GPRMC,084710,A,5300.7742,N,00444.2417,E,4.5,60.5,010326,,,A*4A
2026-03-01T08:47:10.000Z $IIDBT,26.1,f,8.0,M,4.4,F*2C
2026-03-01T08:47:10.000Z $IIHDG,51.1,,,1.2,E*14
2026-03-01T08:47:10.000Z $IIMWV,66.5,T,14.6,N,A*3D
2026-03-01T08:47:10.000Z $IIRPM,E,1,0,,A*66
2026-03-01T08:47:10.000Z $IIRSA,-0.7,A,,V*53
2026-03-01T08:47:10.000Z $IIVHW,51.1,T,,M,4.2,N,,K*66
2026-03-01T08:47:20.000Z !AIVDM,1,1,,B,15N2449P00J`tC4;9g`R4?vN0<02,0*5E
2026-03-01T08:47:20.000Z $GPGGA,084720,5300.7585,N,00444.2562,E,2,10,0.9,2.5,M,,M,,*57
2026-03-01T08:47:20.000Z $GPRMC,084720,A,5300.7585,N,00444.2562,E,5.2,59.0,010326,,,A*4A
2026-03-01T08:47:20.000Z $IIDBT,39.4,f,12.0,M,6.6,F*1C
2026-03-01T08:47:20.000Z $IIHDG,52.2,,,1.2,E*14
2026-03-01T08:47:20.000Z $IIMWV,70.7,T,13.8,N,A*31
2026-03-01T08:47:20.000Z $IIRPM,E,1,0,,A*66
2026-03-01T08:47:20.000Z $IIRSA,-2.2,A,,V*54
2026-03-01T08:47:20.000Z $IIVHW,52.2,T,,M,5.0,N,,K*65
2026-03-01T08:47:30.000Z !AIVDM,1,1,,B,15N2460P00J`tC4;9g`R4?vN0<02,0*5E
2026-03-01T08:47:30.000Z $GPGGA,084730,5300.7746,N,00444.2807,E,2,11,0.9,2.5,M,,M,,*54
2026-03-01T08:47:30.000Z $GPRMC,084730,A,5300.7746,N,00444.2807,E,5.3,56.2,010326,,,A*44
2026-03-01T08:47:30.000Z $GPVTG,56.9,T,,M,5.3,N,9.7,K,A*3F
2026-03-01T08:47:30.000Z $GPXTE,A,A,0.000,R,N,A*2D
2026-03-01T08:47:30.000Z $IIDBT,22.0,f,6.7,M,3.7,F*24
2026-03-01T08:47:30.000Z $IIHDG,52.1,,,1.2,E*17
2026-03-01T08:47:30.000Z $IIMTA,8.1,C*3C
2026-03-01T08:47:30.000Z $IIMWV,64.2,T,13.2,N,A*3B
2026-03-01T08:47:30.000Z $IIRPM,E,1,0,,A*66
2026-03-01T08:47:30.000Z $IIRSA,3.2,A,,V*78
2026-03-01T08:47:30.000Z $IIVHW,52.1,T,,M,4.8,N,,K*6F
2026-03-01T08:47:30.000Z $IIXDR,V,11.79,V,BATT*6D
2026-03-01T08:47:40.000Z $GPGGA,084740,5300.7650,N,00444.3120,E,2,10,0.9,2.5,M,,M,,*59
2026-03-01T08:47:40.000Z $GPRMC,084740,A,5300.7650,N,00444.3120,E,5.7,59.9,010326,,,A*48
2026-03-01T08:47:40.000Z $IIDBT,43.0,f,13.1,M,7.2,F*10
2026-03-01T08:47:40.000Z $IIHDG,54.1,,,1.2,E*11
2026-03-01T08:47:40.000Z $IIMWV,76.5,T,15.0,N,A*3B
2026-03-01T08:47:40.000Z $IIRPM,E,1,0,,A*66
2026-03-01T08:47:40.000Z $IIRSA,-0.8,A,,V*5C
2026-03-01T08:47:40.000Z $IIVHW,54.1,T,,M,5.3,N,,K*63
2026-03-01T08:47:50.000Z $GPGGA,084750,5300.7875,N,00444.2974,E,2,10,0.9,2.5,M,,M,,*59
2026-03-01T08:47:50.000Z $GPRMC,084750,A,5300.7875,N,00444.2974,E,5.0,57.3,010326,,,A*4B
2026-03-01T08:47:50.000Z $IIDBT,21.5,f,6.6,M,3.6,F*22
2026-03-01T08:47:50.000Z $IIHDG,54.4,,,1.2,E*14
2026-03-01T08:47:50.000Z $IIMWV,74.6,T,14.8,N,A*33
2026-03-01T08:47:50.000Z $IIRPM,E,1,0,,A*66
2026-03-01T08:47:50.000Z $IIRSA,-4.7,A,,V*57
2026-03-01T08:47:50.000Z $IIVHW,54.4,T,,M,4.8,N,,K*6C
2026-03-01T08:48:00.000Z !AIVDM,1,1,,B,15N2460P00J`tC4;9g`R4?vN0<02,0*5E
2026-03-01T08:48:00.000Z !AIVDO,1,1,,A,15RTd30000J`sV4;9a8H4?vP0000,0*7A
2026-03-01T08:48:00.000Z $GPGGA,084800,5300.7834,N,00444.3296,E,2,8,0.9,2.5,M,,M,,*69
2026-03-01T08:48:00.000Z $GPGSA,A,3,01,03,06,11,17,19,22,25,,,,,1.2,0.9,0.8*3D
2026-03-01T08:48:00.000Z $GPRMC,084800,A,5300.7834,N,00444.3296,E,5.9,57.9,010326,,,A*41
2026-03-01T08:48:00.000Z $GPVTG,57.1,T,,M,5.9,N,10.9,K,A*0A
2026-03-01T08:48:00.000Z $GPXTE,A,A,0.012,L,N,A*30
2026-03-01T08:48:00.000Z $IIDBT,27.9,f,8.5,M,4.6,F*22
2026-03-01T08:48:00.000Z $IIHDG,54.4,,,1.2,E*14
2026-03-01T08:48:00.000Z $IIMDA,29.9623,I,1.0146,B,8.2,C,,C,,,,,,,,,,*50
2026-03-01T08:48:00.000Z $IIMTA,8.0,C*3D
2026-03-01T08:48:00.000Z $IIMTW,6.7,C*22
2026-03-01T08:48:00.000Z $IIMWV,63.6,T,14.6,N,A*3B
2026-03-01T08:48:00.000Z $IIRPM,E,1,0,,A*66
2026-03-01T08:48:00.000Z $IIRSA,3.6,A,,V*7C
2026-03-01T08:48:00.000Z $IIVHW,54.4,T,,M,5.7,N,,K*62
2026-03-01T08:48:00.000Z $IIXDR,V,11.85,V,BATT*6E
2026-03-01T08:48:10.000Z !AIVDM,1,1,,B,15N2449P00J`tC4;9g`R4?vN0<02,0*5E
2026-03-01T08:48:10.000Z $GPGGA,084810,5300.7943,N,00444.3499,E,2,10,0.9,2.5,M,,M,,*59
2026-03-01T08:48:10.000Z $GPRMC,084810,A,5300.7943,N,00444.3499,E,4.6,53.9,010326,,,A*42
2026-03-01T08:48:10.000Z $IIDBT,37.8,f,11.5,M,6.3,F*1D
2026-03-01T08:48:10.000Z $IIHDG,54.2,,,1.2,E*12
2026-03-01T08:48:10.000Z $IIMWV,69.6,T,13.7,N,A*37
2026-03-01T08:48:10.000Z $IIRPM,E,1,0,,A*66
2026-03-01T08:48:10.000Z $IIRSA,-0.7,A,,V*53
2026-03-01T08:48:10.000Z $IIVHW,54.2,T,,M,4.2,N,,K*60
2026-03-01T08:48:20.000Z !AIVDM,1,1,,B,15N2446P00J`tC4;9g`R4?vN0<02,0*5E
2026-03-01T08:48:20.000Z $GPGGA,084820,5300.7957,N,00444.3551,E,2,9,0.9,2.5,M,,M,,*62
2026-03-01T08:48:20.000Z $GPRMC,084820,A,5300.7957,N,00444.3551,E,4.5,51.7,010326,,,A*4E
2026-03-01T08:48:20.000Z $IIDBT,31.8,f,9.7,M,5.3,F*23
2026-03-01T08:48:20.000Z $IIHDG,51.7,,,1.2,E*12
2026-03-01T08:48:20.000Z $IIMWV,70.4,T,14.6,N,A*3B
2026-03-01T08:48:20.000Z $IIRPM,E,1,0,,A*66
2026-03-01T08:48:20.000Z $IIRSA,0.8,A,,V*71
2026-03-01T08:48:20.000Z $IIVHW,51.7,T,,M,4.2,N,,K*60
2026-03-01T08:48:30.000Z $GPGGA,084830,5300.7982,N,00444.3642,E,2,11,0.9,2.5,M,,M,,*53
2026-03-01T08:48:30.000Z $GPRMC,084830,A,5300.7982,N,00444.3642,E,4.8,54.1,010326,,,A*48
2026-03-01T08:48:30.000Z $GPVTG,54.8,T,,M,4.8,N,8.9,K,A*39
2026-03-01T08:48:30.000Z $GPXTE,A,A,0.019,L,N,A*3B
2026-03-01T08:48:30.000Z $IIDBT,40.2,f,12.2,M,6.7,F*17
2026-03-01T08:48:30.000Z $IIHDG,51.1,,,1.2,E*14
2026-03-01T08:48:30.000Z $IIMTA,7.7,C*35
2026-03-01T08:48:30.000Z $IIMWV,67.3,T,13.1,N,A*3A
2026-03-01T08:48:30.000Z $IIRPM,E,1,0,,A*66
2026-03-01T08:48:30.000Z $IIRSA,-4.0,A,,V*50
2026-03-01T08:48:30.000Z $IIVHW,51.1,T,,M,4.5,N,,K*61
2026-03-01T08:48:30.000Z $IIXDR,V,11.88,V,BATT*63
2026-03-01T08:48:40.000Z !AIVDM,1,1,,B,15N2445P00J`tC4;9g`R4?vN0<02,0*5E
2026-03-01T08:48:40.000Z $GPGGA,084840,5300.7888,N,00444.3654,E,2,11,0.9,2.5,M,,M,,*58
2026-03-01T08:48:40.000Z $GPRMC,084840,A,5300.7888,N,00444.3654,E,5.7,60.7,010326,,,A*4C
2026-03-01T08:48:40.000Z $IIDBT,21.7,f,6.6,M,3.6,F*20
2026-03-01T08:48:40.000Z $IIHDG,53.7,,,1.2,E*10
2026-03-01T08:48:40.000Z $IIMWV,67.1,T,14.7,N,A*39
2026-03-01T08:48:40.000Z $IIRPM,E,1,0,,A*66
2026-03-01T08:48:40.000Z $IIRSA,1.8,A,,V*70
2026-03-01T08:48:40.000Z $IIVHW,53.7,T,,M,5.5,N,,K*64
2026-03-01T08:48:50.000Z $GPGGA,084850,5300.8088,N,00444.3792,E,2,9,0.9,2.5,M,,M,,*6C
2026-03-01T08:48:50.000Z $GPRMC,084850,A,5300.8088,N,00444.3792,E,5.4,60.5,010326,,,A*40
2026-03-01T08:48:50.000Z $IIDBT,23.4,f,7.1,M,3.9,F*28
2026-03-01T08:48:50.000Z $IIHDG,52.8,,,1.2,E*1E
2026-03-01T08:48:50.000Z $IIMWV,74.3,T,13.9,N,A*30
2026-03-01T08:48:50.000Z $IIRPM,E,1,0,,A*66
2026-03-01T08:48:50.000Z $IIRSA,-0.8,A,,V*5C
2026-03-01T08:48:50.000Z $IIVHW,52.8,T,,M,5.0,N,,K*6F
2026-03-01T08:49:00.000Z !AIVDM,1,1,,B,15N2447P00J`tC4;9g`R4?vN0<02,0*5E
2026-03-01T08:49:00.000Z !AIVDO,1,1,,A,15RTd30000J`sV4;9a8H4?vP0000,0*7A
2026-03-01T08:49:00.000Z $GPGGA,084900,5300.8081,N,00444.3855,E,2,8,0.9,2.5,M,,M,,*64
2026-03-01T08:49:00.000Z $GPGSA,A,3,01,03,06,11,17,19,22,25,,,,,1.2,0.9,0.8*3D
2026-03-01T08:49:00.000Z $GPRMC,084900,A,5300.8081,N,00444.3855,E,4.4,60.5,010326,,,A*48
2026-03-01T08:49:00.000Z $GPVTG,61.0,T,,M,4.4,N,8.1,K,A*33
2026-03-01T08:49:00.000Z $GPXTE,A,A,0.028,L,N,A*39
2026-03-01T08:49:00.000Z $IIDBT,36.7,f,11.2,M,6.1,F*16
2026-03-01T08:49:00.000Z $IIHDG,51.1,,,1.2,E*14
2026-03-01T08:49:00.000Z $IIMDA,29.9366,I,1.0138,B,8.0,C,,C,,,,,,,,,,*5F
2026-03-01T08:49:00.000Z $IIMTA,7.8,C*3A
2026-03-01T08:49:00.000Z $IIMTW,6.5,C*20
2026-03-01T08:49:00.000Z $IIMWV,76.8,T,14.3,N,A*34
2026-03-01T08:49:00.000Z $IIRPM,E,1,0,,A*66
2026-03-01T08:49:00.000Z $IIRSA,0.6,A,,V*7F
2026-03-01T08:49:00.000Z $IIVHW,51.1,T,,M,4.0,N,,K*64
2026-03-01T08:49:00.000Z $IIXDR,V,11.86,V,BATT*6D
2026-03-01T08:49:10.000Z $GPGGA,084910,5300.7996,N,00444.4186,E,2,10,0.9,2.5,M,,M,,*5C
2026-03-01T08:49:10.000Z $GPRMC,084910,A,5300.7996,N,00444.4186,E,5.9,59.6,010326,,,A*4C
2026-03-01T08:49:10.000Z $IIDBT,38.3,f,11.7,M,6.4,F*1C
2026-03-01T08:49:10.000Z $IIHDG,51.3,,,1.2,E*16
2026-03-01T08:49:10.000Z $IIMWV,77.5,T,14.3,N,A*38
2026-03-01T08:49:10.000Z $IIRPM,E,1,0,,A*66
2026-03-01T08:49:10.000Z $IIRSA,2.1,A,,V*7A
2026-03-01T08:49:10.000Z $IIVHW,51.3,T,,M,5.7,N,,K*60
2026-03-01T08:49:20.000Z $GPGGA,084920,5300.8073,N,00444.4302,E,2,11,0.9,2.5,M,,M,,*5D
2026-03-01T08:49:20.000Z $GPRMC,084920,A,5300.8073,N,00444.4302,E,4.2,60.1,010326,,,A*4B
2026-03-01T08:49:20.000Z $IIDBT,28.2,f,8.6,M,4.7,F*24
2026-03-01T08:49:20.000Z $IIHDG,54.4,,,1.2,E*14
2026-03-01T08:49:20.000Z $IIMWV,64.8,T,14.1,N,A*35
2026-03-01T08:49:20.000Z $IIRPM,E,1,0,,A*66
2026-03-01T08:49:20.000Z $IIRSA,4.9,A,,V*74
2026-03-01T08:49:20.000Z $IIVHW,54.4,T,,M,4.1,N,,K*65
2026-03-01T08:49:30.000Z $GPGGA,084930,5300.8115,N,00444.4194,E,2,8,0.9,2.5,M,,M,,*68
2026-03-01T08:49:30.000Z $GPRMC,084930,A,5300.8115,N,00444.4194,E,4.9,52.0,010326,,,A*4D
2026-03-01T08:49:30.000Z $GPVTG,52.8,T,,M,4.9,N,9.1,K,A*37
2026-03-01T08:49:30.000Z $GPXTE,A,A,0.010,L,N,A*32
2026-03-01T08:49:30.000Z $IIDBT,35.9,f,11.0,M,6.0,F*18
2026-03-01T08:49:30.000Z $IIHDG,52.4,,,1.2,E*12
2026-03-01T08:49:30.000Z $IIMTA,7.9,C*3B
2026-03-01T08:49:30.000Z $IIMWV,77.8,T,14.8,N,A*3E
2026-03-01T08:49:30.000Z $IIRPM,E,1,0,,A*66
2026-03-01T08:49:30.000Z $IIRSA,-2.4,A,,V*52
2026-03-01T08:49:30.000Z $IIVHW,52.4,T,,M,4.6,N,,K*64
2026-03-01T08:49:30.000Z $IIXDR,V,11.87,V,BATT*6C
2026-03-01T08:49:40.000Z $GPGGA,084940,5300.8226,N,00444.4338,E,2,8,0.9,2.5,M,,M,,*68
2026-03-01T08:49:40.000Z $GPRMC,084940,A,5300.8226,N,00444.4338,E,5.3,57.5,010326,,,A*46
2026-03-01T08:49:40.000Z $IIDBT,20.2,f,6.1,M,3.4,F*21
2026-03-01T08:49:40.000Z $IIHDG,53.7,,,1.2,E*10
2026-03-01T08:49:40.000Z $IIMWV,76.2,T,14.1,N,A*3C
2026-03-01T08:49:40.000Z $IIRPM,E,1,0,,A*66
2026-03-01T08:49:40.000Z $IIRSA,5.0,A,,V*7C
2026-03-01T08:49:40.000Z $IIVHW,53.7,T,,M,4.8,N,,K*68
2026-03-01T08:49:50.000Z $GPGGA,084950,5300.8233,N,00444.4640,E,2,9,0.9,2.5,M,,M,,*66
2026-03-01T08:49:50.000Z $GPRMC,084950,A,5300.8233,N,00444.4640,E,4.7,56.4,010326,,,A*4C
2026-03-01T08:49:50.000Z $IIDBT,38.3,f,11.7,M,6.4,F*1C
2026-03-01T08:49:50.000Z $IIHDG,52.9,,,1.2,E*1F
2026-03-01T08:49:50.000Z $IIMWV,71.4,T,13.2,N,A*39
2026-03-01T08:49:50.000Z $IIRPM,E,1,0,,A*66
2026-03-01T08:49:50.000Z $IIRSA,-3.1,A,,V*56
2026-03-01T08:49:50.000Z $IIVHW,52.9,T,,M,4.3,N,,K*6C
2026-03-01T08:50:00.000Z !AIVDM,1,1,,B,15N2460P00J`tC4;9g`R4?vN0<02,0*5E
2026-03-01T08:50:00.000Z !AIVDO,1,1,,A,15RTd30000J`sV4;9a8H4?vP0000,0*7A
2026-03-01T08:50:00.000Z $GPGGA,085000,5300.8198,N,00444.4705,E,2,10,0.9,2.5,M,,M,,*51
2026-03-01T08:50:00.000Z $GPGSA,A,3,01,03,06,11,17,19,22,25,,,,,1.2,0.9,0.8*3D
2026-03-01T08:50:00.000Z $GPRMC,085000,A,5300.8198,N,00444.4705,E,4.2,52.6,010326,,,A*40
2026-03-01T08:50:00.000Z $GPVTG,52.3,T,,M,4.2,N,7.7,K,A*3F
2026-03-01T08:50:00.000Z $GPXTE,A,A,0.035,R,N,A*2B
2026-03-01T08:50:00.000Z $IIDBT,41.6,f,12.7,M,6.9,F*19
2026-03-01T08:50:00.000Z $IIHDG,54.8,,,1.2,E*18
2026-03-01T08:50:00.000Z $IIMDA,29.9415,I,1.0139,B,8.0,C,,C,,,,,,,,,,*5D
2026-03-01T08:50:00.000Z $IIMTA,8.0,C*3D
2026-03-01T08:50:00.000Z $IIMTW,6.7,C*22
2026-03-01T08:50:00.000Z $IIMWV,64.9,T,13.2,N,A*30
2026-03-01T08:50:00.000Z $IIRPM,E,1,0,,A*66
2026-03-01T08:50:00.000Z $IIRSA,3.8,A,,V*72
2026-03-01T08:50:00.000Z $IIVHW,54.8,T,,M,3.9,N,,K*66
2026-03-01T08:50:00.000Z $IIXDR,V,11.83,V,BATT*68
2026-03-01T08:50:10.000Z $GPGGA,085010,5300.8292,N,00444.4925,E,2,10,0.9,2.5,M,,M,,*55
2026-03-01T08:50:10.000Z $GPRMC,085010,A,5300.8292,N,00444.4925,E,5.4,60.5,010326,,,A*41
2026-03-01T08:50:10.000Z $IIDBT,24.0,f,7.3,M,4.0,F*27
2026-03-01T08:50:10.000Z $IIHDG,53.9,,,1.2,E*1E
2026-03-01T08:50:10.000Z $IIMWV,74.5,T,14.2,N,A*3A
2026-03-01T08:50:10.000Z $IIRPM,E,1,0,,A*66
2026-03-01T08:50:10.000Z $IIRSA,2.3,A,,V*78
2026-03-01T08:50:10.000Z $IIVHW,53.9,T,,M,5.1,N,,K*6E
2026-03-01T08:50:20.000Z $GPGGA,085020,5300.8375,N,00444.4750,E,2,9,0.9,2.5,M,,M,,*6A
2026-03-01T08:50:20.000Z $GPRMC,085020,A,5300.8375,N,00444.4750,E,4.2,55.9,010326,,,A*4B
2026-03-01T08:50:20.000Z $IIDBT,42.2,f,12.9,M,7.0,F*18
2026-03-01T08:50:20.000Z $IIHDG,54.0,,,1.2,E*10
2026-03-01T08:50:20.000Z $IIMWV,64.4,T,13.2,N,A*3D
2026-03-01T08:50:20.000Z $IIRPM,E,1,0,,A*66
2026-03-01T08:50:20.000Z $IIRSA,0.0,A,,V*79
2026-03-01T08:50:20.000Z $IIVHW,54.0,T,,M,4.0,N,,K*60
2026-03-01T08:50:30.000Z !AIVDM,1,1,,B,15N2447P00J`tC4;9g`R4?vN0<02,0*5E
2026-03-01T08:50:30.000Z $GPGGA,085030,5300.8305,N,00444.5084,E,2,11,0.9,2.5,M,,M,,*5A
2026-03-01T08:50:30.000Z $GPRMC,085030,A,5300.8305,N,00444.5084,E,5.4,53.4,010326,,,A*4E
2026-03-01T08:50:30.000Z $GPVTG,53.5,T,,M,5.4,N,10.1,K,A*0F
2026-03-01T08:50:30.000Z $GPXTE,A,A,0.040,L,N,A*37
2026-03-01T08:50:30.000Z $IIDBT,32.8,f,10.0,M,5.5,F*19
2026-03-01T08:50:30.000Z $IIHDG,53.5,,,1.2,E*12
2026-03-01T08:50:30.000Z $IIMTA,8.1,C*3C
2026-03-01T08:50:30.000Z $IIMWV,75.2,T,14.2,N,A*3C
2026-03-01T08:50:30.000Z $IIRPM,E,1,0,,A*66
2026-03-01T08:50:30.000Z $IIRSA,2.2,A,,V*79
2026-03-01T08:50:30.000Z $IIVHW,53.5,T,,M,5.2,N,,K*61
2026-03-01T08:50:30.000Z $IIXDR,V,11.70,V,BATT*64
2026-03-01T08:50:40.000Z $GPGGA,085040,5300.8418,N,00444.5054,E,2,8,0.9,2.5,M,,M,,*63
2026-03-01T08:50:40.000Z $GPRMC,085040,A,5300.8418,N,00444.5054,E,4.1,59.7,010326,,,A*42
2026-03-01T08:50:40.000Z $IIDBT,33.8,f,10.3,M,5.6,F*18
2026-03-01T08:50:40.000Z $IIHDG,51.9,,,1.2,E*1C
2026-03-01T08:50:40.000Z $IIMWV,76.2,T,14.3,N,A*3E
2026-03-01T08:50:40.000Z $IIRPM,E,1,0,,A*66
2026-03-01T08:50:40.000Z $IIRSA,-4.6,A,,V*56
2026-03-01T08:50:40.000Z $IIVHW,51.9,T,,M,3.6,N,,K*6D
2026-03-01T08:50:50.000Z !AIVDM,1,1,,B,15N2113P00J`tC4;9g`R4?vN0<02,0*5E
2026-03-01T08:50:50.000Z $GPGGA,085050,5300.8456,N,00444.5361,E,2,9,0.9,2.5,M,,M,,*6C
2026-03-01T08:50:50.000Z $GPRMC,085050,A,5300.8456,N,00444.5361,E,4.4,49.9,010326,,,A*46
2026-03-01T08:50:50.000Z $IIDBT,40.1,f,12.2,M,6.7,F*14
2026-03-01T08:50:50.000Z $IIHDG,52.1,,,1.2,E*17
2026-03-01T08:50:50.000Z $IIMWV,62.8,T,13.1,N,A*34
2026-03-01T08:50:50.000Z $IIRPM,E,1,0,,A*66
2026-03-01T08:50:50.000Z $IIRSA,-0.1,A,,V*55
2026-03-01T08:50:50.000Z $IIVHW,52.1,T,,M,4.2,N,,K*65
2026-03-01T08:51:00.000Z !AIVDO,1,1,,A,15RTd30000J`sV4;9a8H4?vP0000,0*7A
2026-03-01T08:51:00.000Z $GPGGA,085100,5300.8457,N,00444.5462,E,2,9,0.9,2.5,M,,M,,*6D
2026-03-01T08:51:00.000Z $GPGSA,A,3,01,03,06,11,17,19,22,25,,,,,1.2,0.9,0.8*3D
2026-03-01T08:51:00.000Z $GPRMC,085100,A,5300.8457,N,00444.5462,E,4.1,60.4,010326,,,A*44
2026-03-01T08:51:00.000Z $GPVTG,60.3,T,,M,4.1,N,7.5,K,A*3F
2026-03-01T08:51:00.000Z $GPXTE,A,A,0.027,L,N,A*36
2026-03-01T08:51:00.000Z $IIDBT,42.8,f,13.0,M,7.1,F*1B
2026-03-01T08:51:00.000Z $IIHDG,52.1,,,1.2,E*17
2026-03-01T08:51:00.000Z $IIMDA,29.9429,I,1.0140,B,7.9,C,,C,,,,,,,,,,*5A
2026-03-01T08:51:00.000Z $IIMTA,7.8,C*3A
2026-03-01T08:51:00.000Z $IIMTW,6.4,C*21
2026-03-01T08:51:00.000Z $IIMWV,72.0,T,14.2,N,A*39
2026-03-01T08:51:00.000Z $IIRPM,E,1,0,,A*66
2026-03-01T08:51:00.000Z $IIRSA,-2.8,A,,V*5E
2026-03-01T08:51:00.000Z $IIVHW,52.1,T,,M,3.8,N,,K*68
2026-03-01T08:51:00.000Z $IIXDR,V,11.80,V,BATT*6B
2026-03-01T08:51:10.000Z $GPGGA,085110,5300.8614,N,00444.5467,E,2,10,0.9,2.5,M,,M,,*54
2026-03-01T08:51:10.000Z $GPRMC,085110,A,5300.8614,N,00444.5467,E,4.1,59.7,010326,,,A*4C
2026-03-01T08:51:10.000Z $IIDBT,19.9,f,6.1,M,3.3,F*27
2026-03-01T08:51:10.000Z $IIHDG,54.7,,,1.2,E*17
2026-03-01T08:51:10.000Z $IIMWV,67.9,T,14.5,N,A*33
2026-03-01T08:51:10.000Z $IIRPM,E,1,0,,A*66
2026-03-01T08:51:10.000Z $IIRSA,-1.0,A,,V*55
2026-03-01T08:51:10.000Z $IIVHW,54.7,T,,M,3.9,N,,K*69
2026-03-01T08:51:20.000Z !AIVDM,1,1,,B,15N2460P00J`tC4;9g`R4?vN0<02,0*5E
2026-03-01T08:51:20.000Z $GPGGA,085120,5300.8447,N,00444.5558,E,2,10,0.9,2.5,M,,M,,*5E
2026-03-01T08:51:20.000Z $GPRMC,085120,A,5300.8447,N,00444.5558,E,5.4,50.3,010326,,,A*4F
2026-03-01T08:51:20.000Z $IIDBT,31.1,f,9.5,M,5.2,F*29
2026-03-01T08:51:20.000Z $IIHDG,54.8,,,1.2,E*18
2026-03-01T08:51:20.000Z $IIMWV,75.4,T,13.6,N,A*39
2026-03-01T08:51:20.000Z $IIRPM,E,1,0,,A*66
2026-03-01T08:51:20.000Z $IIRSA,-0.3,A,,V*57
2026-03-01T08:51:20.000Z $IIVHW,54.8,T,,M,5.0,N,,K*69
2026-03-01T08:51:30.000Z $GPGGA,085130,5300.8613,N,00444.5771,E,2,8,0.9,2.5,M,,M,,*6C
2026-03-01T08:51:30.000Z $GPRMC,085130,A,5300.8613,N,00444.5771,E,5.3,58.9,010326,,,A*41
2026-03-01T08:51:30.000Z $GPVTG,58.7,T,,M,5.3,N,9.8,K,A*30
2026-03-01T08:51:30.000Z $GPXTE,A,A,0.037,L,N,A*37
2026-03-01T08:51:30.000Z $IIDBT,40.2,f,12.3,M,6.7,F*16
2026-03-01T08:51:30.000Z $IIHDG,51.4,,,1.2,E*11
2026-03-01T08:51:30.000Z $IIMTA,7.7,C*35
2026-03-01T08:51:30.000Z $IIMWV,67.0,T,14.7,N,A*38
2026-03-01T08:51:30.000Z $IIRPM,E,1,0,,A*66
2026-03-01T08:51:30.000Z $IIRSA,2.6,A,,V*7D
2026-03-01T08:51:30.000Z $IIVHW,51.4,T,,M,5.1,N,,K*61
2026-03-01T08:51:30.000Z $IIXDR,V,11.71,V,BATT*65
2026-03-01T08:51:40.000Z !AIVDM,1,1,,B,15N2445P00J`tC4;9g`R4?vN0<02,0*5E
2026-03-01T08:51:40.000Z $GPGGA,085140,5300.8632,N,00444.5981,E,2,10,0.9,2.5,M,,M,,*50
2026-03-01T08:51:40.000Z $GPRMC,085140,A,5300.8632,N,00444.5981,E,5.0,60.7,010326,,,A*42
2026-03-01T08:51:40.000Z $IIDBT,30.5,f,9.3,M,5.1,F*29
2026-03-01T08:51:40.000Z $IIHDG,51.7,,,1.2,E*12
2026-03-01T08:51:40.000Z $IIMWV,70.2,T,14.6,N,A*3D
2026-03-01T08:51:40.000Z $IIRPM,E,1,0,,A*66
2026-03-01T08:51:40.000Z $IIRSA,4.7,A,,V*7A
2026-03-01T08:51:40.000Z $IIVHW,51.7,T,,M,4.6,N,,K*64
2026-03-01T08:51:50.000Z $GPGGA,085150,5300.8748,N,00444.6096,E,2,8,0.9,2.5,M,,M,,*68
2026-03-01T08:51:50.000Z $GPRMC,085150,A,5300.8748,N,00444.6096,E,4.9,51.1,010326,,,A*4F
2026-03-01T08:51:50.000Z $IIDBT,25.7,f,7.8,M,4.3,F*29
2026-03-01T08:51:50.000Z $IIHDG,54.6,,,1.2,E*16
2026-03-01T08:51:50.000Z $IIMWV,76.4,T,14.9,N,A*32
2026-03-01T08:51:50.000Z $IIRPM,E,1,0,,A*66
2026-03-01T08:51:50.000Z $IIRSA,1.0,A,,V*78
2026-03-01T08:51:50.000Z $IIVHW,54.6,T,,M,4.7,N,,K*61
2026-03-01T08:52:00.000Z !AIVDM,1,1,,B,15N2451P00J`tC4;9g`R4?vN0<02,0*5E
2026-03-01T08:52:00.000Z !AIVDO,1,1,,A,15RTd30000J`sV4;9a8H4?vP0000,0*7A
2026-03-01T08:52:00.000Z $GPGGA,085200,5300.8716,N,00444.6130,E,2,8,0.9,2.5,M,,M,,*68
2026-03-01T08:52:00.000Z $GPGSA,A,3,01,03,06,11,17,19,22,25,,,,,1.2,0.9,0.8*3D
2026-03-01T08:52:00.000Z $GPRMC,085200,A,5300.8716,N,00444.6130,E,5.6,57.5,010326,,,A*43
2026-03-01T08:52:00.000Z $GPVTG,57.4,T,,M,5.6,N,10.4,K,A*0D
2026-03-01T08:52:00.000Z $GPXTE,A,A,0.034,L,N,A*34
2026-03-01T08:52:00.000Z $IIDBT,34.9,f,10.6,M,5.8,F*15
2026-03-01T08:52:00.000Z $IIHDG,54.7,,,1.2,E*17
2026-03-01T08:52:00.000Z $IIMDA,29.9364,I,1.0138,B,8.2,C,,C,,,,,,,,,,*5F
2026-03-01T08:52:00.000Z $IIMTA,8.2,C*3F
2026-03-01T08:52:00.000Z $IIMTW,6.8,C*2D
2026-03-01T08:52:00.000Z $IIMWV,76.4,T,14.2,N,A*39
2026-03-01T08:52:00.000Z $IIRPM,E,1,0,,A*66
2026-03-01T08:52:00.000Z $IIRSA,0.2,A,,V*7B
2026-03-01T08:52:00.000Z $IIVHW,54.7,T,,M,5.4,N,,K*62
2026-03-01T08:52:00.000Z $IIXDR,V,11.80,V,BATT*6B
2026-03-01T08:52:10.000Z $GPGGA,085210,5300.8697,N,00444.6435,E,2,11,0.9,2.5,M,,M,,*59
2026-03-01T08:52:10.000Z $GPRMC,085210,A,5300.8697,N,00444.6435,E,6.0,57.1,010326,,,A*4B
2026-03-01T08:52:10.000Z $IIDBT,44.2,f,13.5,M,7.4,F*17
2026-03-01T08:52:10.000Z $IIHDG,53.4,,,1.2,E*13
2026-03-01T08:52:10.000Z $IIMWV,72.1,T,14.5,N,A*3F
2026-03-01T08:52:10.000Z $IIRPM,E,1,0,,A*66
2026-03-01T08:52:10.000Z $IIRSA,0.3,A,,V*7A
2026-03-01T08:52:10.000Z $IIVHW,53.4,T,,M,5.8,N,,K*6A
2026-03-01T08:52:20.000Z $GPGGA,085220,5300.8755,N,00444.6553,E,2,10,0.9,2.5,M,,M,,*55
2026-03-01T08:52:20.000Z $GPRMC,085220,A,5300.8755,N,00444.6553,E,4.8,53.4,010326,,,A*4D
2026-03-01T08:52:20.000Z $IIDBT,37.3,f,11.4,M,6.2,F*16
2026-03-01T08:52:20.000Z $IIHDG,54.5,,,1.2,E*15
2026-03-01T08:52:20.000Z $IIMWV,64.6,T,13.4,N,A*39
2026-03-01T08:52:20.000Z $IIRPM,E,1,0,,A*66
2026-03-01T08:52:20.000Z $IIRSA,-1.9,A,,V*5C
2026-03-01T08:52:20.000Z $IIVHW,54.5,T,,M,4.5,N,,K*60
2026-03-01T08:52:30.000Z $GPGGA,085230,5300.8815,N,00444.6383,E,2,11,0.9,2.5,M,,M,,*55
2026-03-01T08:52:30.000Z $GPRMC,085230,A,5300.8815,N,00444.6383,E,5.6,59.4,010326,,,A*49
2026-03-01T08:52:30.000Z $GPVTG,59.4,T,,M,5.6,N,10.3,K,A*04
2026-03-01T08:52:30.000Z $GPXTE,A,A,0.004,R,N,A*29
2026-03-01T08:52:30.000Z $IIDBT,32.5,f,9.9,M,5.4,F*24
2026-03-01T08:52:30.000Z $IIHDG,51.3,,,1.2,E*16
2026-03-01T08:52:30.000Z $IIMTA,8.0,C*3D
2026-03-01T08:52:30.000Z $IIMWV,64.8,T,13.4,N,A*37
2026-03-01T08:52:30.000Z $IIRPM,E,1,0,,A*66
2026-03-01T08:52:30.000Z $IIRSA,4.9,A,,V*74
2026-03-01T08:52:30.000Z $IIVHW,51.3,T,,M,5.2,N,,K*65
2026-03-01T08:52:30.000Z $IIXDR,V,11.82,V,BATT*69
2026-03-01T08:52:40.000Z !AIVDM,1,1,,B,15N2446P00J`tC4;9g`R4?vN0<02,0*5E
2026-03-01T08:52:40.000Z $GPGGA,085240,5300.8909,N,00444.6648,E,2,8,0.9,2.5,M,,M,,*64
2026-03-01T08:52:40.000Z $GPRMC,085240,A,5300.8909,N,00444.6648,E,4.3,49.1,010326,,,A*40
2026-03-01T08:52:40.000Z $IIDBT,38.6,f,11.8,M,6.4,F*16
2026-03-01T08:52:40.000Z $IIHDG,51.2,,,1.2,E*17
2026-03-01T08:52:40.000Z $IIMWV,64.3,T,13.5,N,A*3D
2026-03-01T08:52:40.000Z $IIRPM,E,1,0,,A*66
2026-03-01T08:52:40.000Z $IIRSA,0.5,A,,V*7C
2026-03-01T08:52:40.000Z $IIVHW,51.2,T,,M,4.0,N,,K*67
2026-03-01T08:52:50.000Z !AIVDM,1,1,,B,15N2449P00J`tC4;9g`R4?vN0<02,0*5E
2026-03-01T08:52:50.000Z $GPGGA,085250,5300.8861,N,00444.6792,E,2,11,0.9,2.5,M,,M,,*54
2026-03-01T08:52:50.000Z $GPRMC,085250,A,5300.8861,N,00444.6792,E,4.5,52.3,010326,,,A*46
2026-03-01T08:52:50.000Z $IIDBT,29.4,f,9.0,M,4.9,F*2A
2026-03-01T08:52:50.000Z $IIHDG,53.6,,,1.2,E*11
2026-03-01T08:52:50.000Z $IIMWV,73.1,T,15.0,N,A*3A
2026-03-01T08:52:50.000Z $IIRPM,E,1,0,,A*66
2026-03-01T08:52:50.000Z $IIRSA,1.3,A,,V*7B
2026-03-01T08:52:50.000Z $IIVHW,53.6,T,,M,4.0,N,,K*61
2026-03-01T08:53:00.000Z !AIVDO,1,1,,A,15RTd30000J`sV4;9a8H4?vP0000,0*7A
2026-03-01T08:53:00.000Z $GPGGA,085300,5300.8807,N,00444.6736,E,2,9,0.9,2.5,M,,M,,*67
2026-03-01T08:53:00.000Z $GPGSA,A,3,01,03,06,11,17,19,22,25,,,,,1.2,0.9,0.8*3D
2026-03-01T08:53:00.000Z $GPRMC,085300,A,5300.8807,N,00444.6736,E,6.0,53.3,010326,,,A*4A
2026-03-01T08:53:00.000Z $GPVTG,53.5,T,,M,6.0,N,11.1,K,A*09
2026-03-01T08:53:00.000Z $GPXTE,A,A,0.028,R,N,A*27
2026-03-01T08:53:00.000Z $IIDBT,45.3,f,13.8,M,7.6,F*18
2026-03-01T08:53:00.000Z $IIHDG,54.3,,,1.2,E*13
2026-03-01T08:53:00.000Z $IIMDA,29.9584,I,1.0145,B,7.9,C,,C,,,,,,,,,,*59
2026-03-01T08:53:00.000Z $IIMTA,8.2,C*3F
2026-03-01T08:53:00.000Z $IIMTW,6.4,C*21
2026-03-01T08:53:00.000Z $IIMWV,64.6,T,14.0,N,A*3A
2026-03-01T08:53:00.000Z $IIRPM,E,1,0,,A*66
2026-03-01T08:53:00.000Z $IIRSA,0.6,A,,V*7F
2026-03-01T08:53:00.000Z $IIVHW,54.3,T,,M,5.5,N,,K*67
2026-03-01T08:53:00.000Z $IIXDR,V,11.77,V,BATT*63
2026-03-01T08:53:10.000Z $GPGGA,085310,5300.8904,N,00444.6983,E,2,9,0.9,2.5,M,,M,,*64
2026-03-01T08:53:10.000Z $GPRMC,085310,A,5300.8904,N,00444.6983,E,5.0,60.9,010326,,,A*40
2026-03-01T08:53:10.000Z $IIDBT,34.5,f,10.5,M,5.8,F*1A
2026-03-01T08:53:10.000Z $IIHDG,53.6,,,1.2,E*11
2026-03-01T08:53:10.000Z $IIMWV,75.0,T,15.0,N,A*3D
2026-03-01T08:53:10.000Z $IIRPM,E,1,0,,A*66
2026-03-01T08:53:10.000Z $IIRSA,2.5,A,,V*7E
2026-03-01T08:53:10.000Z $IIVHW,53.6,T,,M,4.6,N,,K*67
2026-03-01T08:53:20.000Z $GPGGA,085320,5300.8946,N,00444.7038,E,2,8,0.9,2.5,M,,M,,*68
2026-03-01T08:53:20.000Z $GPRMC,085320,A,5300.8946,N,00444.7038,E,5.3,58.5,010326,,,A*49
2026-03-01T08:53:20.000Z $IIDBT,34.3,f,10.4,M,5.7,F*12
2026-03-01T08:53:20.000Z $IIHDG,54.7,,,1.2,E*17
2026-03-01T08:53:20.000Z $IIMWV,64.4,T,13.0,N,A*3F
2026-03-01T08:53:20.000Z $IIRPM,E,1,0,,A*66
2026-03-01T08:53:20.000Z $IIRSA,1.5,A,,V*7D
2026-03-01T08:53:20.000Z $IIVHW,54.7,T,,M,4.8,N,,K*6F
2026-03-01T08:53:30.000Z $GPGGA,085330,5300.9010,N,00444.7312,E,2,9,0.9,2.5,M,,M,,*68
2026-03-01T08:53:30.000Z $GPRMC,085330,A,5300.9010,N,00444.7312,E,4.2,53.5,010326,,,A*43
2026-03-01T08:53:30.000Z $GPVTG,54.0,T,,M,4.2,N,7.7,K,A*3A
2026-03-01T08:53:30.000Z $GPXTE,A,A,0.012,L,N,A*30
2026-03-01T08:53:30.000Z $IIDBT,33.6,f,10.3,M,5.6,F*16
2026-03-01T08:53:30.000Z $IIHDG,53.9,,,1.2,E*1E
2026-03-01T08:53:30.000Z $IIMTA,8.3,C*3E
2026-03-01T08:53:30.000Z $IIMWV,63.0,T,14.9,N,A*32
2026-03-01T08:53:30.000Z $IIRPM,E,1,0,,A*66
2026-03-01T08:53:30.000Z $IIRSA,-2.4,A,,V*52
2026-03-01T08:53:30.000Z $IIVHW,53.9,T,,M,3.8,N,,K*61
2026-03-01T08:53:30.000Z $IIXDR,V,11.83,V,BATT*68
2026-03-01T08:53:40.000Z $GPGGA,085340,5300.9024,N,00444.7520,E,2,11,0.9,2.5,M,,M,,*56
2026-03-01T08:53:40.000Z $GPRMC,085340,A,5300.9024,N,00444.7520,E,5.7,56.2,010326,,,A*42
2026-03-01T08:53:40.000Z $IIDBT,43.1,f,13.1,M,7.2,F*11
2026-03-01T08:53:40.000Z $IIHDG,53.7,,,1.2,E*10
2026-03-01T08:53:40.000Z $IIMWV,67.3,T,14.5,N,A*39
2026-03-01T08:53:40.000Z $IIRPM,E,1,0,,A*66
2026-03-01T08:53:40.000Z $IIRSA,2.9,A,,V*72
2026-03-01T08:53:40.000Z $IIVHW,53.7,T,,M,5.5,N,,K*64
2026-03-01T08:53:50.000Z !AIVDM,1,1,,B,15N2446P00J`tC4;9g`R4?vN0<02,0*5E
2026-03-01T08:53:50.000Z $GPGGA,085350,5300.8989,N,00444.7390,E,2,9,0.9,2.5,M,,M,,*6C
2026-03-01T08:53:50.000Z $GPRMC,085350,A,5300.8989,N,00444.7390,E,5.9,56.7,010326,,,A*4A
2026-03-01T08:53:50.000Z $IIDBT,32.4,f,9.9,M,5.4,F*25
2026-03-01T08:53:50.000Z $IIHDG,54.3,,,1.2,E*13
2026-03-01T08:53:50.000Z $IIMWV,73.4,T,14.0,N,A*3E
2026-03-01T08:53:50.000Z $IIRPM,E,1,0,,A*66
2026-03-01T08:53:50.000Z $IIRSA,-0.7,A,,V*53
2026-03-01T08:53:50.000Z $IIVHW,54.3,T,,M,5.6,N,,K*64
2026-03-01T08:54:00.000Z !AIVDO,1,1,,A,15RTd30000J`sV4;9a8H4?vP0000,0*7A
2026-03-01T08:54:00.000Z $GPGGA,085400,5300.9215,N,00444.7477,E,2,9,0.9,2.5,M,,M,,*6F
2026-03-01T08:54:00.000Z $GPGSA,A,3,01,03,06,11,17,19,22,25,,,,,1.2,0.9,0.8*3D
2026-03-01T08:54:00.000Z $GPRMC,085400,A,5300.9215,N,00444.7477,E,5.9,50.4,010326,,,A*4C
2026-03-01T08:54:00.000Z $GPVTG,50.3,T,,M,5.9,N,10.9,K,A*0F
2026-03-01T08:54:00.000Z $GPXTE,A,A,0.033,L,N,A*33
2026-03-01T08:54:00.000Z $IIDBT,40.5,f,12.3,M,6.8,F*1E
2026-03-01T08:54:00.000Z $IIHDG,54.2,,,1.2,E*12
2026-03-01T08:54:00.000Z $IIMDA,29.9592,I,1.0145,B,8.1,C,,C,,,,,,,,,,*59
2026-03-01T08:54:00.000Z $IIMTA,8.2,C*3F
2026-03-01T08:54:00.000Z $IIMTW,6.5,C*20
2026-03-01T08:54:00.000Z $IIMWV,71.3,T,14.8,N,A*33
2026-03-01T08:54:00.000Z $IIRPM,E,1,0,,A*66
2026-03-01T08:54:00.000Z $IIRSA,0.8,A,,V*71
2026-03-01T08:54:00.000Z $IIVHW,54.2,T,,M,5.6,N,,K*65
2026-03-01T08:54:00.000Z $IIXDR,V,11.73,V,BATT*67
2026-03-01T08:54:10.000Z !AIVDM,1,1,,B,15N2445P00J`tC4;9g`R4?vN0<02,0*5E
2026-03-01T08:54:10.000Z $GPGGA,085410,5300.9245,N,00444.7582,E,2,8,0.9,2.5,M,,M,,*61
2026-03-01T08:54:10.000Z $GPRMC,085410,A,5300.9245,N,00444.7582,E,4.3,51.7,010326,,,A*4A
2026-03-01T08:54:10.000Z $IIDBT,44.4,f,13.5,M,7.4,F*11
2026-03-01T08:54:10.000Z $IIHDG,51.4,,,1.2,E*11
2026-03-01T08:54:10.000Z $IIMWV,73.7,T,14.5,N,A*38
2026-03-01T08:54:10.000Z $IIRPM,E,1,0,,A*66
2026-03-01T08:54:10.000Z $IIRSA,0.6,A,,V*7F
2026-03-01T08:54:10.000Z $IIVHW,51.4,T,,M,4.0,N,,K*61
2026-03-01T08:54:20.000Z $GPGGA,085420,5300.9259,N,00444.7872,E,2,10,0.9,2.5,M,,M,,*54
2026-03-01T08:54:20.000Z $GPRMC,085420,A,5300.9259,N,00444.7872,E,4.7,49.3,010326,,,A*4F
2026-03-01T08:54:20.000Z $IIDBT,30.3,f,9.2,M,5.0,F*2F
2026-03-01T08:54:20.000Z $IIHDG,51.1,,,1.2,E*14
2026-03-01T08:54:20.000Z $IIMWV,62.5,T,14.3,N,A*3C
2026-03-01T08:54:20.000Z $IIRPM,E,1,0,,A*66
2026-03-01T08:54:20.000Z $IIRSA,1.0,A,,V*78
2026-03-01T08:54:20.000Z $IIVHW,51.1,T,,M,4.4,N,,K*60
2026-03-01T08:54:30.000Z !AIVDM,1,1,,B,15N2449P00J`tC4;9g`R4?vN0<02,0*5E
2026-03-01T08:54:30.000Z $GPGGA,085430,5300.9202,N,00444.8082,E,2,8,0.9,2.5,M,,M,,*6A
2026-03-01T08:54:30.000Z $GPRMC,085430,A,5300.9202,N,00444.8082,E,4.4,60.7,010326,,,A*44
2026-03-01T08:54:30.000Z $GPVTG,60.7,T,,M,4.4,N,8.1,K,A*35
2026-03-01T08:54:30.000Z $GPXTE,A,A,0.026,R,N,A*29
2026-03-01T08:54:30.000Z $IIDBT,33.5,f,10.2,M,5.6,F*14
2026-03-01T08:54:30.000Z $IIHDG,51.5,,,1.2,E*10
2026-03-01T08:54:30.000Z $IIMTA,8.0,C*3D
2026-03-01T08:54:30.000Z $IIMWV,64.0,T,13.3,N,A*38
2026-03-01T08:54:30.000Z $IIRPM,E,1,0,,A*66
2026-03-01T08:54:30.000Z $IIRSA,-0.2,A,,V*56
2026-03-01T08:54:30.000Z $IIVHW,51.5,T,,M,4.2,N,,K*62
2026-03-01T08:54:30.000Z $IIXDR,V,11.79,V,BATT*6D
2026-03-01T08:54:40.000Z $GPGGA,085440,5300.9231,N,00444.7970,E,2,8,0.9,2.5,M,,M,,*66
2026-03-01T08:54:40.000Z $GPRMC,085440,A,5300.9231,N,00444.7970,E,4.1,60.0,010326,,,A*4A
2026-03-01T08:54:40.000Z $IIDBT,45.3,f,13.8,M,7.6,F*18
2026-03-01T08:54:40.000Z $IIHDG,53.3,,,1.2,E*14
2026-03-01T08:54:40.000Z $IIMWV,70.6,T,14.9,N,A*36
2026-03-01T08:54:40.000Z $IIRPM,E,1,0,,A*66
2026-03-01T08:54:40.000Z $IIRSA,-2.3,A,,V*55
2026-03-01T08:54:40.000Z $IIVHW,53.3,T,,M,3.8,N,,K*6B
2026-03-01T08:54:50.000Z $GPGGA,085450,5300.9188,N,00444.8327,E,2,9,0.9,2.5,M,,M,,*60
2026-03-01T08:54:50.000Z $GPRMC,085450,A,5300.9188,N,00444.8327,E,4.1,60.7,010326,,,A*4A
2026-03-01T08:54:50.000Z $IIDBT,42.4,f,12.9,M,7.1,F*1F
2026-03-01T08:54:50.000Z $IIHDG,52.9,,,1.2,E*1F
2026-03-01T08:54:50.000Z $IIMWV,75.1,T,13.9,N,A*33
2026-03-01T08:54:50.000Z $IIRPM,E,1,0,,A*66
2026-03-01T08:54:50.000Z $IIRSA,-2.9,A,,V*5F
2026-03-01T08:54:50.000Z $IIVHW,52.9,T,,M,3.6,N,,K*6E
2026-03-01T08:55:00.000Z !AIVDO,1,1,,A,15RTd30000J`sV4;9a8H4?vP0000,0*7A
2026-03-01T08:55:00.000Z $GPGGA,085500,5300.9256,N,00444.8255,E,2,9,0.9,2.5,M,,M,,*60
2026-03-01T08:55:00.000Z $GPGSA,A,3,01,03,06,11,17,19,22,25,,,,,1.2,0.9,0.8*3D
2026-03-01T08:55:00.000Z $GPRMC,085500,A,5300.9256,N,00444.8255,E,5.0,49.4,010326,,,A*42
2026-03-01T08:55:00.000Z $GPVTG,50.0,T,,M,5.0,N,9.3,K,A*37
2026-03-01T08:55:00.000Z $GPXTE,A,A,0.028,L,N,A*39
2026-03-01T08:55:00.000Z $IIDBT,36.6,f,11.2,M,6.1,F*17
2026-03-01T08:55:00.000Z $IIHDG,53.5,,,1.2,E*12
2026-03-01T08:55:00.000Z $IIMDA,29.9512,I,1.0143,B,8.1,C,,C,,,,,,,,,,*57
2026-03-01T08:55:00.000Z $IIMTA,8.1,C*3C
2026-03-01T08:55:00.000Z $IIMTW,6.4,C*21
2026-03-01T08:55:00.000Z $IIMWV,63.1,T,13.8,N,A*35
2026-03-01T08:55:00.000Z $IIRPM,E,1,0,,A*66
2026-03-01T08:55:00.000Z $IIRSA,-1.8,A,,V*5D
2026-03-01T08:55:00.000Z $IIVHW,53.5,T,,M,4.6,N,,K*64
2026-03-01T08:55:00.000Z $IIXDR,V,11.84,V,BATT*6F
2026-03-01T08:55:10.000Z $GPGGA,085510,5300.9410,N,00444.8454,E,2,8,0.9,2.5,M,,M,,*63
2026-03-01T08:55:10.000Z $GPRMC,085510,A,5300.9410,N,00444.8454,E,4.5,53.0,010326,,,A*4B
2026-03-01T08:55:10.000Z $IIDBT,41.6,f,12.7,M,6.9,F*19
2026-03-01T08:55:10.000Z $IIHDG,54.4,,,1.2,E*14
2026-03-01T08:55:10.000Z $IIMWV,69.7,T,14.0,N,A*36
2026-03-01T08:55:10.000Z $IIRPM,E,1,0,,A*66
2026-03-01T08:55:10.000Z $IIRSA,-3.1,A,,V*56
2026-03-01T08:55:10.000Z $IIVHW,54.4,T,,M,4.1,N,,K*65
2026-03-01T08:55:20.000Z $GPGGA,085520,5300.9519,N,00444.8528,E,2,8,0.9,2.5,M,,M,,*62
2026-03-01T08:55:20.000Z $GPRMC,085520,A,5300.9519,N,00444.8528,E,5.6,58.9,010326,,,A*4A
2026-03-01T08:55:20.000Z $IIDBT,44.8,f,13.7,M,7.5,F*1E
2026-03-01T08:55:20.000Z $IIHDG,53.9,,,1.2,E*1E
2026-03-01T08:55:20.000Z $IIMWV,71.9,T,13.9,N,A*3F
2026-03-01T08:55:20.000Z $IIRPM,E,1,0,,A*66
2026-03-01T08:55:20.000Z $IIRSA,-4.1,A,,V*51
2026-03-01T08:55:20.000Z $IIVHW,53.9,T,,M,5.3,N,,K*6C
2026-03-01T08:55:30.000Z !AIVDM,1,1,,B,15N2445P00J`tC4;9g`R4?vN0<02,0*5E
2026-03-01T08:55:30.000Z $GPGGA,085530,5300.9525,N,00444.8792,E,2,10,0.9,2.5,M,,M,,*56
2026-03-01T08:55:30.000Z $GPRMC,085530,A,5300.9525,N,00444.8792,E,4.2,56.9,010326,,,A*4C
2026-03-01T08:55:30.000Z $GPVTG,56.4,T,,M,4.2,N,7.8,K,A*33
2026-03-01T08:55:30.000Z $GPXTE,A,A,0.001,L,N,A*32
2026-03-01T08:55:30.000Z $IIDBT,29.6,f,9.0,M,4.9,F*28
2026-03-01T08:55:30.000Z $IIHDG,54.9,,,1.2,E*19
2026-03-01T08:55:30.000Z $IIMTA,7.9,C*3B
2026-03-01T08:55:30.000Z $IIMWV,76.0,T,14.1,N,A*3E
2026-03-01T08:55:30.000Z $IIRPM,E,1,0,,A*66
2026-03-01T08:55:30.000Z $IIRSA,-4.4,A,,V*54
2026-03-01T08:55:30.000Z $IIVHW,54.9,T,,M,3.8,N,,K*66
2026-03-01T08:55:30.000Z $IIXDR,V,11.82,V,BATT*69
2026-03-01T08:55:40.000Z $GPGGA,085540,5300.9536,N,00444.8714,E,2,9,0.9,2.5,M,,M,,*65
2026-03-01T08:55:40.000Z $GPRMC,085540,A,5300.9536,N,00444.8714,E,5.4,56.2,010326,,,A*4B
2026-03-01T08:55:40.000Z $IIDBT,26.8,f,8.2,M,4.5,F*26
2026-03-01T08:55:40.000Z $IIHDG,53.3,,,1.2,E*14
2026-03-01T08:55:40.000Z $IIMWV,73.7,T,14.0,N,A*3D
2026-03-01T08:55:40.000Z $IIRPM,E,1,0,,A*66
2026-03-01T08:55:40.000Z $IIRSA,-4.9,A,,V*59
2026-03-01T08:55:40.000Z $IIVHW,53.3,T,,M,5.3,N,,K*66
2026-03-01T08:55:50.000Z $GPGGA,085550,5300.9452,N,00444.8911,E,2,11,0.9,2.5,M,,M,,*55
2026-03-01T08:55:50.000Z $GPRMC,085550,A,5300.9452,N,00444.8911,E,5.5,58.8,010326,,,A*47
2026-03-01T08:55:50.000Z $IIDBT,24.6,f,7.5,M,4.1,F*26
2026-03-01T08:55:50.000Z $IIHDG,54.3,,,1.2,E*13
2026-03-01T08:55:50.000Z $IIMWV,74.7,T,13.2,N,A*3F
2026-03-01T08:55:50.000Z $IIRPM,E,1,0,,A*66
2026-03-01T08:55:50.000Z $IIRSA,-2.6,A,,V*50
2026-03-01T08:55:50.000Z $IIVHW,54.3,T,,M,5.1,N,,K*63
2026-03-01T08:56:00.000Z !AIVDO,1,1,,A,15RTd30000J`sV4;9a8H4?vP0000,0*7A
2026-03-01T08:56:00.000Z $GPGGA,085600,5300.9532,N,00444.9169,E,2,8,0.9,2.5,M,,M,,*6A
2026-03-01T08:56:00.000Z $GPGSA,A,3,01,03,06,11,17,19,22,25,,,,,1.2,0.9,0.8*3D
2026-03-01T08:56:00.000Z $GPRMC,085600,A,5300.9532,N,00444.9169,E,4.9,52.1,010326,,,A*4E
2026-03-01T08:56:00.000Z $GPVTG,52.6,T,,M,4.9,N,9.1,K,A*39
2026-03-01T08:56:00.000Z $GPXTE,A,A,0.011,L,N,A*33
2026-03-01T08:56:00.000Z $IIDBT,41.9,f,12.8,M,7.0,F*11
2026-03-01T08:56:00.000Z $IIHDG,52.4,,,1.2,E*12
2026-03-01T08:56:00.000Z $IIMDA,29.9587,I,1.0145,B,7.9,C,,C,,,,,,,,,,*5A
2026-03-01T08:56:00.000Z $IIMTA,8.0,C*3D
2026-03-01T08:56:00.000Z $IIMTW,6.7,C*22
2026-03-01T08:56:00.000Z $IIMWV,64.5,T,13.6,N,A*38
2026-03-01T08:56:00.000Z $IIRPM,E,1,0,,A*66
2026-03-01T08:56:00.000Z $IIRSA,-0.2,A,,V*56
2026-03-01T08:56:00.000Z $IIVHW,52.4,T,,M,4.4,N,,K*66
2026-03-01T08:56:00.000Z $IIXDR,V,11.81,V,BATT*6A
2026-03-01T08:56:10.000Z !AIVDM,1,1,,B,15N2447P00J`tC4;9g`R4?vN0<02,0*5E
2026-03-01T08:56:10.000Z $GPGGA,085610,5300.9573,N,00444.9338,E,2,10,0.9,2.5,M,,M,,*51
2026-03-01T08:56:10.000Z $GPRMC,085610,A,5300.9573,N,00444.9338,E,4.3,53.3,010326,,,A*45
2026-03-01T08:56:10.000Z $IIDBT,28.0,f,8.5,M,4.7,F*25
2026-03-01T08:56:10.000Z $IIHDG,53.0,,,1.2,E*17
2026-03-01T08:56:10.000Z $IIMWV,65.9,T,13.5,N,A*36
2026-03-01T08:56:10.000Z $IIRPM,E,1,0,,A*66
2026-03-01T08:56:10.000Z $IIRSA,-1.4,A,,V*51
2026-03-01T08:56:10.000Z $IIVHW,53.0,T,,M,4.1,N,,K*66
2026-03-01T08:56:20.000Z $GPGGA,085620,5300.9655,N,00444.9389,E,2,9,0.9,2.5,M,,M,,*67
2026-03-01T08:56:20.000Z $GPRMC,085620,A,5300.9655,N,00444.9389,E,5.3,58.4,010326,,,A*46
2026-03-01T08:56:20.000Z $IIDBT,40.5,f,12.3,M,6.7,F*11
2026-03-01T08:56:20.000Z $IIHDG,52.8,,,1.2,E*1E
2026-03-01T08:56:20.000Z $IIMWV,77.0,T,13.9,N,A*30
2026-03-01T08:56:20.000Z $IIRPM,E,1,0,,A*66
2026-03-01T08:56:20.000Z $IIRSA,4.6,A,,V*7B
2026-03-01T08:56:20.000Z $IIVHW,52.8,T,,M,4.8,N,,K*66
2026-03-01T08:56:30.000Z $GPGGA,085630,5300.9724,N,00444.9376,E,2,11,0.9,2.5,M,,M,,*58
2026-03-01T08:56:30.000Z $GPRMC,085630,A,5300.9724,N,00444.9376,E,4.8,55.5,010326,,,A*46
2026-03-01T08:56:30.000Z $GPVTG,55.7,T,,M,4.8,N,8.8,K,A*36
2026-03-01T08:56:30.000Z $GPXTE,A,A,0.010,L,N,A*32
2026-03-01T08:56:30.000Z $IIDBT,37.1,f,11.3,M,6.2,F*13
2026-03-01T08:56:30.000Z $IIHDG,53.7,,,1.2,E*10
2026-03-01T08:56:30.000Z $IIMTA,7.8,C*3A
2026-03-01T08:56:30.000Z $IIMWV,62.5,T,13.4,N,A*3C
2026-03-01T08:56:30.000Z $IIRPM,E,1,0,,A*66
2026-03-01T08:56:30.000Z $IIRSA,-0.1,A,,V*55
2026-03-01T08:56:30.000Z $IIVHW,53.7,T,,M,4.6,N,,K*66
2026-03-01T08:56:30.000Z $IIXDR,V,11.89,V,BATT*62
2026-03-01T08:56:40.000Z $GPGGA,085640,5300.9702,N,00444.9726,E,2,9,0.9,2.5,M,,M,,*63
2026-03-01T08:56:40.000Z $GPRMC,085640,A,5300.9702,N,00444.9726,E,4.7,53.6,010326,,,A*4E
2026-03-01T08:56:40.000Z $IIDBT,27.2,f,8.3,M,4.5,F*2C
2026-03-01T08:56:40.000Z $IIHDG,53.3,,,1.2,E*14
2026-03-01T08:56:40.000Z $IIMWV,76.5,T,14.5,N,A*3F
2026-03-01T08:56:40.000Z $IIRPM,E,1,0,,A*66
2026-03-01T08:56:40.000Z $IIRSA,-0.4,A,,V*50
2026-03-01T08:56:40.000Z $IIVHW,53.3,T,,M,4.4,N,,K*60
2026-03-01T08:56:50.000Z $GPGGA,085650,5300.9811,N,00444.9687,E,2,9,0.9,2.5,M,,M,,*65
2026-03-01T08:56:50.000Z $GPRMC,085650,A,5300.9811,N,00444.9687,E,4.1,56.1,010326,,,A*4C
2026-03-01T08:56:50.000Z $IIDBT,28.0,f,8.5,M,4.7,F*25
2026-03-01T08:56:50.000Z $IIHDG,54.7,,,1.2,E*17
2026-03-01T08:56:50.000Z $IIMWV,72.4,T,14.8,N,A*37
2026-03-01T08:56:50.000Z $IIRPM,E,1,0,,A*66
2026-03-01T08:56:50.000Z $IIRSA,-0.4,A,,V*50
2026-03-01T08:56:50.000Z $IIVHW,54.7,T,,M,3.8,N,,K*68
2026-03-01T08:57:00.000Z !AIVDO,1,1,,A,15RTd30000J`sV4;9a8H4?vP0000,0*7A
2026-03-01T08:57:00.000Z $GPGGA,085700,5300.9661,N,00444.9806,E,2,11,0.9,2.5,M,,M,,*56
2026-03-01T08:57:00.000Z $GPGSA,A,3,01,03,06,11,17,19,22,25,,,,,1.2,0.9,0.8*3D
2026-03-01T08:57:00.000Z $GPRMC,085700,A,5300.9661,N,00444.9806,E,4.9,52.6,010326,,,A*4D
2026-03-01T08:57:00.000Z $GPVTG,52.9,T,,M,4.9,N,9.0,K,A*37
2026-03-01T08:57:00.000Z $GPXTE,A,A,0.033,L,N,A*33
2026-03-01T08:57:00.000Z $IIDBT,30.7,f,9.3,M,5.1,F*2B
2026-03-01T08:57:00.000Z $IIHDG,54.8,,,1.2,E*18
2026-03-01T08:57:00.000Z $IIMDA,29.9481,I,1.0142,B,8.1,C,,C,,,,,,,,,,*5D
2026-03-01T08:57:00.000Z $IIMTA,7.7,C*35
2026-03-01T08:57:00.000Z $IIMTW,6.4,C*21
2026-03-01T08:57:00.000Z $IIMWV,65.5,T,13.7,N,A*38
2026-03-01T08:57:00.000Z $IIRPM,E,1,0,,A*66
2026-03-01T08:57:00.000Z $IIRSA,-2.3,A,,V*55
2026-03-01T08:57:00.000Z $IIVHW,54.8,T,,M,4.6,N,,K*6E
2026-03-01T08:57:00.000Z $IIXDR,V,11.88,V,BATT*63
2026-03-01T08:57:10.000Z $GPGGA,085710,5300.9793,N,00444.9746,E,2,9,0.9,2.5,M,,M,,*69
2026-03-01T08:57:10.000Z $GPRMC,085710,A,5300.9793,N,00444.9746,E,5.8,56.1,010326,,,A*48
2026-03-01T08:57:10.000Z $IIDBT,22.8,f,7.0,M,3.8,F*25
2026-03-01T08:57:10.000Z $IIHDG,51.4,,,1.2,E*11
2026-03-01T08:57:10.000Z $IIMWV,72.8,T,14.2,N,A*31
2026-03-01T08:57:10.000Z $IIRPM,E,1,0,,A*66
2026-03-01T08:57:10.000Z $IIRSA,1.9,A,,V*71
2026-03-01T08:57:10.000Z $IIVHW,51.4,T,,M,5.4,N,,K*64
2026-03-01T08:57:20.000Z !AIVDM,1,1,,B,15N2460P00J`tC4;9g`R4?vN0<02,0*5E
2026-03-01T08:57:20.000Z $GPGGA,085720,5300.9782,N,00444.9950,E,2,8,0.9,2.5,M,,M,,*62
2026-03-01T08:57:20.000Z $GPRMC,085720,A,5300.9782,N,00444.9950,E,5.1,51.5,010326,,,A*48
2026-03-01T08:57:20.000Z $IIDBT,40.8,f,12.4,M,6.8,F*14
2026-03-01T08:57:20.000Z $IIHDG,54.5,,,1.2,E*15
2026-03-01T08:57:20.000Z $IIMWV,62.3,T,14.5,N,A*3C
2026-03-01T08:57:20.000Z $IIRPM,E,1,0,,A*66
2026-03-01T08:57:20.000Z $IIRSA,0.6,A,,V*7F
2026-03-01T08:57:20.000Z $IIVHW,54.5,T,,M,4.6,N,,K*63
2026-03-01T08:57:30.000Z $GPGGA,085730,5300.9788,N,00445.0074,E,2,11,0.9,2.5,M,,M,,*56
2026-03-01T08:57:30.000Z $GPRMC,085730,A,5300.9788,N,00445.0074,E,4.7,56.2,010326,,,A*43
2026-03-01T08:57:30.000Z $GPVTG,56.2,T,,M,4.7,N,8.7,K,A*30
2026-03-01T08:57:30.000Z $GPXTE,A,A,0.013,L,N,A*31
2026-03-01T08:57:30.000Z $IIDBT,31.6,f,9.6,M,5.3,F*2C
2026-03-01T08:57:30.000Z $IIHDG,52.6,,,1.2,E*10
2026-03-01T08:57:30.000Z $IIMTA,8.2,C*3F
2026-03-01T08:57:30.000Z $IIMWV,74.1,T,14.0,N,A*3C
2026-03-01T08:57:30.000Z $IIRPM,E,1,0,,A*66
2026-03-01T08:57:30.000Z $IIRSA,4.9,A,,V*74
2026-03-01T08:57:30.000Z $IIVHW,52.6,T,,M,4.2,N,,K*62
2026-03-01T08:57:30.000Z $IIXDR,V,11.83,V,BATT*68
2026-03-01T08:57:40.000Z !AIVDM,1,1,,B,15N2445P00J`tC4;9g`R4?vN0<02,0*5E
2026-03-01T08:57:40.000Z $GPGGA,085740,5300.9882,N,00445.0460,E,2,8,0.9,2.5,M,,M,,*6D
2026-03-01T08:57:40.000Z $GPRMC,085740,A,5300.9882,N,00445.0460,E,4.9,59.6,010326,,,A*45
2026-03-01T08:57:40.000Z $IIDBT,31.7,f,9.7,M,5.3,F*2C
2026-03-01T08:57:40.000Z $IIHDG,53.5,,,1.2,E*12
2026-03-01T08:57:40.000Z $IIMWV,67.6,T,13.9,N,A*37
2026-03-01T08:57:40.000Z $IIRPM,E,1,0,,A*66
2026-03-01T08:57:40.000Z $IIRSA,-2.3,A,,V*55
2026-03-01T08:57:40.000Z $IIVHW,53.5,T,,M,4.5,N,,K*67
2026-03-01T08:57:50.000Z $GPGGA,085750,5300.9824,N,00445.0313,E,2,8,0.9,2.5,M,,M,,*63
2026-03-01T08:57:50.000Z $GPRMC,085750,A,5300.9824,N,00445.0313,E,5.2,49.7,010326,,,A*41
2026-03-01T08:57:50.000Z $IIDBT,21.9,f,6.7,M,3.6,F*2F
2026-03-01T08:57:50.000Z $IIHDG,53.1,,,1.2,E*16
2026-03-01T08:57:50.000Z $IIMWV,72.2,T,13.5,N,A*3B
2026-03-01T08:57:50.000Z $IIRPM,E,1,0,,A*66
2026-03-01T08:57:50.000Z $IIRSA,1.3,A,,V*7B
2026-03-01T08:57:50.000Z $IIVHW,53.1,T,,M,4.9,N,,K*6F
2026-03-01T08:58:00.000Z !AIVDM,1,1,,B,15N2447P00J`tC4;9g`R4?vN0<02,0*5E
2026-03-01T08:58:00.000Z !AIVDO,1,1,,A,15RTd30000J`sV4;9a8H4?vP0000,0*7A
2026-03-01T08:58:00.000Z $GPGGA,085800,5301.0084,N,00445.0539,E,2,8,0.9,2.5,M,,M,,*6D
2026-03-01T08:58:00.000Z $GPGSA,A,3,01,03,06,11,17,19,22,25,,,,,1.2,0.9,0.8*3D
2026-03-01T08:58:00.000Z $GPRMC,085800,A,5301.0084,N,00445.0539,E,4.0,51.9,010326,,,A*4B
2026-03-01T08:58:00.000Z $GPVTG,51.4,T,,M,4.0,N,7.5,K,A*3B
2026-03-01T08:58:00.000Z $GPXTE,A,A,0.006,L,N,A*35
2026-03-01T08:58:00.000Z $IIDBT,28.6,f,8.7,M,4.8,F*2E
2026-03-01T08:58:00.000Z $IIHDG,51.2,,,1.2,E*17
2026-03-01T08:58:00.000Z $IIMDA,29.9407,I,1.0139,B,8.2,C,,C,,,,,,,,,,*5C
2026-03-01T08:58:00.000Z $IIMTA,7.9,C*3B
2026-03-01T08:58:00.000Z $IIMTW,6.5,C*20
2026-03-01T08:58:00.000Z $IIMWV,70.4,T,14.1,N,A*3C
2026-03-01T08:58:00.000Z $IIRPM,E,1,0,,A*66
2026-03-01T08:58:00.000Z $IIRSA,1.2,A,,V*7A
2026-03-01T08:58:00.000Z $IIVHW,51.2,T,,M,3.8,N,,K*68
2026-03-01T08:58:00.000Z $IIXDR,V,11.75,V,BATT*61
2026-03-01T08:58:10.000Z $GPGGA,085810,5300.9980,N,00445.0568,E,2,8,0.9,2.5,M,,M,,*6D
2026-03-01T08:58:10.000Z $GPRMC,085810,A,5300.9980,N,00445.0568,E,5.1,53.2,010326,,,A*42
2026-03-01T08:58:10.000Z $IIDBT,32.9,f,10.0,M,5.5,F*18
2026-03-01T08:58:10.000Z $IIHDG,55.0,,,1.2,E*11
2026-03-01T08:58:10.000Z $IIMWV,72.5,T,14.3,N,A*3D
2026-03-01T08:58:10.000Z $IIRPM,E,1,0,,A*66
2026-03-01T08:58:10.000Z $IIRSA,4.6,A,,V*7B
2026-03-01T08:58:10.000Z $IIVHW,55.0,T,,M,4.8,N,,K*69
2026-03-01T08:58:20.000Z !AIVDM,1,1,,B,15N2447P00J`tC4;9g`R4?vN0<02,0*5E
2026-03-01T08:58:20.000Z $GPGGA,085820,5300.9970,N,00445.0616,E,2,10,0.9,2.5,M,,M,,*52
2026-03-01T08:58:20.000Z $GPRMC,085820,A,5300.9970,N,00445.0616,E,5.2,60.1,010326,,,A*44
2026-03-01T08:58:20.000Z $IIDBT,37.9,f,11.6,M,6.3,F*1F
2026-03-01T08:58:20.000Z $IIHDG,54.1,,,1.2,E*11
2026-03-01T08:58:20.000Z $IIMWV,64.5,T,14.1,N,A*38
2026-03-01T08:58:20.000Z $IIRPM,E,1,0,,A*66
2026-03-01T08:58:20.000Z $IIRSA,0.4,A,,V*7D
2026-03-01T08:58:20.000Z $IIVHW,54.1,T,,M,5.0,N,,K*60
2026-03-01T08:58:30.000Z $GPGGA,085830,5301.0191,N,00445.0896,E,2,10,0.9,2.5,M,,M,,*5A
2026-03-01T08:58:30.000Z $GPRMC,085830,A,5301.0191,N,00445.0896,E,5.8,57.5,010326,,,A*46
2026-03-01T08:58:30.000Z $GPVTG,57.0,T,,M,5.8,N,10.8,K,A*0B
2026-03-01T08:58:30.000Z $GPXTE,A,A,0.018,R,N,A*24
2026-03-01T08:58:30.000Z $IIDBT,25.9,f,7.9,M,4.3,F*26
2026-03-01T08:58:30.000Z $IIHDG,51.9,,,1.2,E*1C
2026-03-01T08:58:30.000Z $IIMTA,8.0,C*3D
2026-03-01T08:58:30.000Z $IIMWV,63.7,T,14.0,N,A*3C
2026-03-01T08:58:30.000Z $IIRPM,E,1,0,,A*66
2026-03-01T08:58:30.000Z $IIRSA,-3.3,A,,V*54
2026-03-01T08:58:30.000Z $IIVHW,51.9,T,,M,5.3,N,,K*6E
2026-03-01T08:58:30.000Z $IIXDR,V,11.87,V,BATT*6C
2026-03-01T08:58:40.000Z $GPGGA,085840,5301.0091,N,00445.1032,E,2,8,0.9,2.5,M,,M,,*62
2026-03-01T08:58:40.000Z $GPRMC,085840,A,5301.0091,N,00445.1032,E,5.7,52.5,010326,,,A*4D
2026-03-01T08:58:40.000Z $IIDBT,34.2,f,10.4,M,5.7,F*13
2026-03-01T08:58:40.000Z $IIHDG,54.4,,,1.2,E*14
2026-03-01T08:58:40.000Z $IIMWV,74.9,T,14.0,N,A*34
2026-03-01T08:58:40.000Z $IIRPM,E,1,0,,A*66
2026-03-01T08:58:40.000Z $IIRSA,3.4,A,,V*7E
2026-03-01T08:58:40.000Z $IIVHW,54.4,T,,M,5.3,N,,K*66
2026-03-01T08:58:50.000Z !AIVDM,1,1,,B,15N2113P00J`tC4;9g`R4?vN0<02,0*5E
2026-03-01T08:58:50.000Z $GPGGA,085850,5301.0236,N,00445.1266,E,2,10,0.9,2.5,M,,M,,*56
2026-03-01T08:58:50.000Z $GPRMC,085850,A,5301.0236,N,00445.1266,E,5.4,51.3,010326,,,A*46
2026-03-01T08:58:50.000Z $IIDBT,32.6,f,9.9,M,5.4,F*27
2026-03-01T08:58:50.000Z $IIHDG,54.6,,,1.2,E*16
2026-03-01T08:58:50.000Z $IIMWV,64.8,T,14.2,N,A*36
2026-03-01T08:58:50.000Z $IIRPM,E,1,0,,A*66
2026-03-01T08:58:50.000Z $IIRSA,-3.6,A,,V*51
2026-03-01T08:58:50.000Z $IIVHW,54.6,T,,M,5.0,N,,K*67
2026-03-01T08:59:00.000Z !AIVDO,1,1,,A,15RTd30000J`sV4;9a8H4?vP0000,0*7A
2026-03-01T08:59:00.000Z $GPGGA,085900,5301.0118,N,00445.1188,E,2,9,0.9,2.5,M,,M,,*66
2026-03-01T08:59:00.000Z $GPGSA,A,3,01,03,06,11,17,19,22,25,,,,,1.2,0.9,0.8*3D
2026-03-01T08:59:00.000Z $GPRMC,085900,A,5301.0118,N,00445.1188,E,4.2,54.6,010326,,,A*49
2026-03-01T08:59:00.000Z $GPVTG,54.7,T,,M,4.2,N,7.7,K,A*3D
2026-03-01T08:59:00.000Z $GPXTE,A,A,0.022,L,N,A*33
2026-03-01T08:59:00.000Z $IIDBT,30.2,f,9.2,M,5.0,F*2E
2026-03-01T08:59:00.000Z $IIHDG,51.6,,,1.2,E*13
2026-03-01T08:59:00.000Z $IIMDA,29.9456,I,1.0141,B,7.9,C,,C,,,,,,,,,,*53
2026-03-01T08:59:00.000Z $IIMTA,7.7,C*35
2026-03-01T08:59:00.000Z $IIMTW,6.6,C*23
2026-03-01T08:59:00.000Z $IIMWV,74.9,T,14.6,N,A*32
2026-03-01T08:59:00.000Z $IIRPM,E,1,0,,A*66
2026-03-01T08:59:00.000Z $IIRSA,1.9,A,,V*71
2026-03-01T08:59:00.000Z $IIVHW,51.6,T,,M,3.8,N,,K*6C
2026-03-01T08:59:00.000Z $IIXDR,V,11.70,V,BATT*64
2026-03-01T08:59:10.000Z !AIVDM,1,1,,B,15N2113P00J`tC4;9g`R4?vN0<02,0*5E
2026-03-01T08:59:10.000Z $GPGGA,085910,5301.0140,N,00445.1382,E,2,9,0.9,2.5,M,,M,,*62
2026-03-01T08:59:10.000Z $GPRMC,085910,A,5301.0140,N,00445.1382,E,4.8,54.3,010326,,,A*42
2026-03-01T08:59:10.000Z $IIDBT,33.6,f,10.2,M,5.6,F*17
2026-03-01T08:59:10.000Z $IIHDG,54.7,,,1.2,E*17
2026-03-01T08:59:10.000Z $IIMWV,70.4,T,13.6,N,A*3C
2026-03-01T08:59:10.000Z $IIRPM,E,1,0,,A*66
2026-03-01T08:59:10.000Z $IIRSA,-3.7,A,,V*50
2026-03-01T08:59:10.000Z $IIVHW,54.7,T,,M,4.6,N,,K*61
2026-03-01T08:59:20.000Z $GPGGA,085920,5301.0204,N,00445.1633,E,2,8,0.9,2.5,M,,M,,*6C
2026-03-01T08:59:20.000Z $GPRMC,085920,A,5301.0204,N,00445.1633,E,4.2,54.4,010326,,,A*40
2026-03-01T08:59:20.000Z $IIDBT,35.3,f,10.8,M,5.9,F*11
2026-03-01T08:59:20.000Z $IIHDG,51.4,,,1.2,E*11
2026-03-01T08:59:20.000Z $IIMWV,75.7,T,14.9,N,A*32
2026-03-01T08:59:20.000Z $IIRPM,E,1,0,,A*66
2026-03-01T08:59:20.000Z $IIRSA,-0.8,A,,V*5C
2026-03-01T08:59:20.000Z $IIVHW,51.4,T,,M,3.9,N,,K*6F
2026-03-01T08:59:30.000Z $GPGGA,085930,5301.0278,N,00445.1673,E,2,8,0.9,2.5,M,,M,,*62
2026-03-01T08:59:30.000Z $GPRMC,085930,A,5301.0278,N,00445.1673,E,4.2,49.4,010326,,,A*42
2026-03-01T08:59:30.000Z $GPVTG,49.3,T,,M,4.2,N,7.8,K,A*3A
2026-03-01T08:59:30.000Z $GPXTE,A,A,0.010,R,N,A*2C
2026-03-01T08:59:30.000Z $IIDBT,39.0,f,11.9,M,6.5,F*11
2026-03-01T08:59:30.000Z $IIHDG,53.2,,,1.2,E*15
2026-03-01T08:59:30.000Z $IIMTA,8.0,C*3D
2026-03-01T08:59:30.000Z $IIMWV,71.4,T,13.3,N,A*38
2026-03-01T08:59:30.000Z $IIRPM,E,1,0,,A*66
2026-03-01T08:59:30.000Z $IIRSA,0.5,A,,V*7C
2026-03-01T08:59:30.000Z $IIVHW,53.2,T,,M,3.8,N,,K*6A
2026-03-01T08:59:30.000Z $IIXDR,V,11.86,V,BATT*6D
2026-03-01T08:59:40.000Z $GPGGA,085940,5301.0439,N,00445.1890,E,2,8,0.9,2.5,M,,M,,*65
2026-03-01T08:59:40.000Z $GPRMC,085940,A,5301.0439,N,00445.1890,E,5.4,55.8,010326,,,A*43
2026-03-01T08:59:40.000Z $IIDBT,45.8,f,14.0,M,7.6,F*1C
2026-03-01T08:59:40.000Z $IIHDG,52.3,,,1.2,E*15
2026-03-01T08:59:40.000Z $IIMWV,75.4,T,13.1,N,A*3E
2026-03-01T08:59:40.000Z $IIRPM,E,1,0,,A*66
2026-03-01T08:59:40.000Z $IIRSA,-3.0,A,,V*57
2026-03-01T08:59:40.000Z $IIVHW,52.3,T,,M,5.2,N,,K*66
2026-03-01T08:59:50.000Z $GPGGA,085950,5301.0483,N,00445.1983,E,2,9,0.9,2.5,M,,M,,*67
2026-03-01T08:59:50.000Z $GPRMC,085950,A,5301.0483,N,00445.1983,E,4.7,58.6,010326,,,A*41
2026-03-01T08:59:50.000Z $IIDBT,25.4,f,7.7,M,4.2,F*24
2026-03-01T08:59:50.000Z $IIHDG,51.6,,,1.2,E*13
2026-03-01T08:59:50.000Z $IIMWV,77.4,T,14.9,N,A*33
2026-03-01T08:59:50.000Z $IIRPM,E,1,0,,A*66
2026-03-01T08:59:50.000Z $IIRSA,2.9,A,,V*72
2026-03-01T08:59:50.000Z $IIVHW,51.6,T,,M,4.2,N,,K*61
2026-03-01T09:00:00.000Z !AIVDM,1,1,,B,15N2113P00J`tC4;9g`R4?vN0<02,0*5E
2026-03-01T09:00:00.000Z !AIVDO,1,1,,A,15RTd30000J`sV4;9a8H4?vP0000,0*7A
2026-03-01T09:00:00.000Z $GPGGA,090000,5301.0428,N,00445.1939,E,2,9,0.9,2.5,M,,M,,*6F
2026-03-01T09:00:00.000Z $GPGSA,A,3,01,03,06,11,17,19,22,25,,,,,1.2,0.9,0.8*3D
2026-03-01T09:00:00.000Z $GPRMC,090000,A,5301.0428,N,00445.1939,E,4.5,60.9,010326,,,A*4F
2026-03-01T09:00:00.000Z $GPVTG,61.0,T,,M,4.5,N,8.3,K,A*30
2026-03-01T09:00:00.000Z $GPXTE,A,A,0.005,L,N,A*36
2026-03-01T09:00:00.000Z $IIDBT,40.8,f,12.4,M,6.8,F*14
2026-03-01T09:00:00.000Z $IIHDG,53.8,,,1.2,E*1F
2026-03-01T09:00:00.000Z $IIMDA,29.9349,I,1.0137,B,7.9,C,,C,,,,,,,,,,*5B
2026-03-01T09:00:00.000Z $IIMTA,8.1,C*3C
2026-03-01T09:00:00.000Z $IIMTW,6.6,C*23
2026-03-01T09:00:00.000Z $IIMWV,74.1,T,13.6,N,A*3D
2026-03-01T09:00:00.000Z $IIRPM,E,1,0,,A*66
2026-03-01T09:00:00.000Z $IIRSA,0.3,A,,V*7A
2026-03-01T09:00:00.000Z $IIVHW,53.8,T,,M,4.2,N,,K*6D
2026-03-01T09:00:00.000Z $IIXDR,V,11.72,V,BATT*66
2026-03-01T09:00:10.000Z $GPGGA,090010,5301.0537,N,00445.2256,E,2,11,0.9,2.5,M,,M,,*59
2026-03-01T09:00:10.000Z $GPRMC,090010,A,5301.0537,N,00445.2256,E,4.2,58.7,010326,,,A*42
2026-03-01T09:00:10.000Z $IIDBT,45.8,f,14.0,M,7.6,F*1C
2026-03-01T09:00:10.000Z $IIHDG,52.1,,,1.2,E*17
2026-03-01T09:00:10.000Z $IIMWV,63.6,T,13.4,N,A*3E
2026-03-01T09:00:10.000Z $IIRPM,E,1,0,,A*66
2026-03-01T09:00:10.000Z $IIRSA,-0.2,A,,V*56
2026-03-01T09:00:10.000Z $IIVHW,52.1,T,,M,3.9,N,,K*69
2026-03-01T09:00:20.000Z $GPGGA,090020,5301.0470,N,00445.2302,E,2,10,0.9,2.5,M,,M,,*59
2026-03-01T09:00:20.000Z $GPRMC,090020,A,5301.0470,N,00445.2302,E,4.7,52.3,010326,,,A*48
2026-03-01T09:00:20.000Z $IIDBT,38.1,f,11.6,M,6.4,F*1F
2026-03-01T09:00:20.000Z $IIHDG,54.3,,,1.2,E*13
2026-03-01T09:00:20.000Z $IIMWV,64.0,T,14.2,N,A*3E
2026-03-01T09:00:20.000Z $IIRPM,E,1,0,,A*66
2026-03-01T09:00:20.000Z $IIRSA,3.4,A,,V*7E
2026-03-01T09:00:20.000Z $IIVHW,54.3,T,,M,4.5,N,,K*66
2026-03-01T09:00:30.000Z !AIVDM,1,1,,B,15N2451P00J`tC4;9g`R4?vN0<02,0*5E
2026-03-01T09:00:30.000Z $GPGGA,090030,5301.0501,N,00445.2267,E,2,8,0.9,2.5,M,,M,,*64
2026-03-01T09:00:30.000Z $GPRMC,090030,A,5301.0501,N,00445.2267,E,4.0,51.7,010326,,,A*4C
2026-03-01T09:00:30.000Z $GPVTG,51.0,T,,M,4.0,N,7.4,K,A*3E
2026-03-01T09:00:30.000Z $GPXTE,A,A,0.005,R,N,A*28
2026-03-01T09:00:30.000Z $IIDBT,30.9,f,9.4,M,5.1,F*22
2026-03-01T09:00:30.000Z $IIHDG,52.8,,,1.2,E*1E
2026-03-01T09:00:30.000Z $IIMTA,8.0,C*3D
2026-03-01T09:00:30.000Z $IIMWV,65.6,T,14.1,N,A*3A
2026-03-01T09:00:30.000Z $IIRPM,E,1,0,,A*66
2026-03-01T09:00:30.000Z $IIRSA,-1.6,A,,V*53
2026-03-01T09:00:30.000Z $IIVHW,52.8,T,,M,3.6,N,,K*6F
2026-03-01T09:00:30.000Z $IIXDR,V,11.74,V,BATT*60
2026-03-01T09:00:40.000Z $GPGGA,090040,5301.0484,N,00445.2487,E,2,10,0.9,2.5,M,,M,,*5E
2026-03-01T09:00:40.000Z $GPRMC,090040,A,5301.0484,N,00445.2487,E,4.9,56.4,010326,,,A*42
2026-03-01T09:00:40.000Z $IIDBT,36.4,f,11.1,M,6.1,F*16
2026-03-01T09:00:40.000Z $IIHDG,53.4,,,1.2,E*13
2026-03-01T09:00:40.000Z $IIMWV,72.8,T,13.9,N,A*3D
2026-03-01T09:00:40.000Z $IIRPM,E,1,0,,A*66
2026-03-01T09:00:40.000Z $IIRSA,1.8,A,,V*70
2026-03-01T09:00:40.000Z $IIVHW,53.4,T,,M,4.7,N,,K*64
2026-03-01T09:00:50.000Z !AIVDM,1,1,,B,15N2460P00J`tC4;9g`R4?vN0<02,0*5E
2026-03-01T09:00:50.000Z $GPGGA,090050,5301.0574,N,00445.2467,E,2,10,0.9,2.5,M,,M,,*5F
2026-03-01T09:00:50.000Z $GPRMC,090050,A,5301.0574,N,00445.2467,E,5.4,51.1,010326,,,A*4D
2026-03-01T09:00:50.000Z $IIDBT,28.6,f,8.7,M,4.8,F*2E
2026-03-01T09:00:50.000Z $IIHDG,52.1,,,1.2,E*17
2026-03-01T09:00:50.000Z $IIMWV,67.2,T,13.2,N,A*38
2026-03-01T09:00:50.000Z $IIRPM,E,1,0,,A*66
2026-03-01T09:00:50.000Z $IIRSA,-4.5,A,,V*55
2026-03-01T09:00:50.000Z $IIVHW,52.1,T,,M,5.1,N,,K*67
2026-03-01T09:01:00.000Z !AIVDO,1,1,,A,15RTd30000J`sV4;9a8H4?vP0000,0*7A
2026-03-01T09:01:00.000Z $GPGGA,090100,5301.0699,N,00445.2912,E,2,9,0.9,2.5,M,,M,,*6C
2026-03-01T09:01:00.000Z $GPGSA,A,3,01,03,06,11,17,19,22,25,,,,,1.2,0.9,0.8*3D
2026-03-01T09:01:00.000Z $GPRMC,090100,A,5301.0699,N,00445.2912,E,5.4,51.3,010326,,,A*44
2026-03-01T09:01:00.000Z $GPVTG,51.9,T,,M,5.4,N,10.1,K,A*01
2026-03-01T09:01:00.000Z $GPXTE,A,A,0.044,L,N,A*33
2026-03-01T09:01:00.000Z $IIDBT,45.2,f,13.8,M,7.5,F*1A
2026-03-01T09:01:00.000Z $IIHDG,52.3,,,1.2,E*15
2026-03-01T09:01:00.000Z $IIMDA,29.9471,I,1.0141,B,8.0,C,,C,,,,,,,,,,*50
2026-03-01T09:01:00.000Z $IIMTA,8.0,C*3D
2026-03-01T09:01:00.000Z $IIMTW,6.3,C*26
2026-03-01T09:01:00.000Z $IIMWV,64.5,T,14.9,N,A*30
2026-03-01T09:01:00.000Z $IIRPM,E,1,0,,A*66
2026-03-01T09:01:00.000Z $IIRSA,3.7,A,,V*7D
2026-03-01T09:01:00.000Z $IIVHW,52.3,T,,M,5.0,N,,K*64
2026-03-01T09:01:00.000Z $IIXDR,V,11.82,V,BATT*69
2026-03-01T09:01:10.000Z $GPGGA,090110,5301.0550,N,00445.2721,E,2,11,0.9,2.5,M,,M,,*5C
2026-03-01T09:01:10.000Z $GPRMC,090110,A,5301.0550,N,00445.2721,E,5.8,55.2,010326,,,A*44
2026-03-01T09:01:10.000Z $IIDBT,44.3,f,13.5,M,7.4,F*16
2026-03-01T09:01:10.000Z $IIHDG,54.4,,,1.2,E*14
2026-03-01T09:01:10.000Z $IIMWV,62.6,T,13.6,N,A*3D
2026-03-01T09:01:10.000Z $IIRPM,E,1,0,,A*66
2026-03-01T09:01:10.000Z $IIRSA,-3.0,A,,V*57
2026-03-01T09:01:10.000Z $IIVHW,54.4,T,,M,5.5,N,,K*60
2026-03-01T09:01:20.000Z $GPGGA,090120,5301.0718,N,00445.2930,E,2,8,0.9,2.5,M,,M,,*67
2026-03-01T09:01:20.000Z $GPRMC,090120,A,5301.0718,N,00445.2930,E,4.9,60.1,010326,,,A*42
2026-03-01T09:01:20.000Z $IIDBT,28.2,f,8.6,M,4.7,F*24
2026-03-01T09:01:20.000Z $IIHDG,51.2,,,1.2,E*17
2026-03-01T09:01:20.000Z $IIMWV,66.4,T,14.3,N,A*39
2026-03-01T09:01:20.000Z $IIRPM,E,1,0,,A*66
2026-03-01T09:01:20.000Z $IIRSA,-2.8,A,,V*5E
2026-03-01T09:01:20.000Z $IIVHW,51.2,T,,M,4.5,N,,K*62
2026-03-01T09:01:30.000Z !AIVDM,1,1,,B,15N2447P00J`tC4;9g`R4?vN0<02,0*5E
2026-03-01T09:01:30.000Z $GPGGA,090130,5301.0811,N,00445.3157,E,2,8,0.9,2.5,M,,M,,*68
2026-03-01T09:01:30.000Z $GPRMC,090130,A,5301.0811,N,00445.3157,E,4.2,54.4,010326,,,A*44
2026-03-01T09:01:30.000Z $GPVTG,54.9,T,,M,4.2,N,7.8,K,A*3C
2026-03-01T09:01:30.000Z $GPXTE,A,A,0.011,R,N,A*2D
2026-03-01T09:01:30.000Z $IIDBT,43.4,f,13.2,M,7.2,F*17
2026-03-01T09:01:30.000Z $IIHDG,54.6,,,1.2,E*16
2026-03-01T09:01:30.000Z $IIMTA,7.9,C*3B
2026-03-01T09:01:30.000Z $IIMWV,67.9,T,14.4,N,A*32
2026-03-01T09:01:30.000Z $IIRPM,E,1,0,,A*66
2026-03-01T09:01:30.000Z $IIRSA,1.4,A,,V*7C
2026-03-01T09:01:30.000Z $IIVHW,54.6,T,,M,3.9,N,,K*68
2026-03-01T09:01:30.000Z $IIXDR,V,11.81,V,BATT*6A
2026-03-01T09:01:40.000Z !AIVDM,1,1,,B,15N2447P00J`tC4;9g`R4?vN0<02,0*5E
2026-03-01T09:01:40.000Z $GPGGA,090140,5301.0716,N,00445.3167,E,2,11,0.9,2.5,M,,M,,*5C
2026-03-01T09:01:40.000Z $GPRMC,090140,A,5301.0716,N,00445.3167,E,5.4,54.9,010326,,,A*42
2026-03-01T09:01:40.000Z $IIDBT,40.6,f,12.4,M,6.8,F*1A
2026-03-01T09:01:40.000Z $IIHDG,54.6,,,1.2,E*16
2026-03-01T09:01:40.000Z $IIMWV,69.8,T,13.5,N,A*3B
2026-03-01T09:01:40.000Z $IIRPM,E,1,0,,A*66
2026-03-01T09:01:40.000Z $IIRSA,3.6,A,,V*7C
2026-03-01T09:01:40.000Z $IIVHW,54.6,T,,M,4.9,N,,K*6F
2026-03-01T09:01:50.000Z $GPGGA,090150,5301.0742,N,00445.3275,E,2,11,0.9,2.5,M,,M,,*5C
2026-03-01T09:01:50.000Z $GPRMC,090150,A,5301.0742,N,00445.3275,E,4.1,51.6,010326,,,A*4C
2026-03-01T09:01:50.000Z $IIDBT,24.1,f,7.3,M,4.0,F*26
2026-03-01T09:01:50.000Z $IIHDG,54.7,,,1.2,E*17
2026-03-01T09:01:50.000Z $IIMWV,68.4,T,14.6,N,A*32
2026-03-01T09:01:50.000Z $IIRPM,E,1,0,,A*66
2026-03-01T09:01:50.000Z $IIRSA,4.4,A,,V*79
2026-03-01T09:01:50.000Z $IIVHW,54.7,T,,M,3.9,N,,K*69
2026-03-01T09:02:00.000Z !AIVDO,1,1,,A,15RTd30000J`sV4;9a8H4?vP0000,0*7A
2026-03-01T09:02:00.000Z $GPGGA,090200,5301.0848,N,00445.3495,E,2,9,0.9,2.5,M,,M,,*6E
2026-03-01T09:02:00.000Z $GPGSA,A,3,01,03,06,11,17,19,22,25,,,,,1.2,0.9,0.8*3D
2026-03-01T09:02:00.000Z $GPRMC,090200,A,5301.0848,N,00445.3495,E,4.1,49.9,010326,,,A*41
2026-03-01T09:02:00.000Z $GPVTG,49.4,T,,M,4.1,N,7.6,K,A*30
2026-03-01T09:02:00.000Z $GPXTE,A,A,0.044,L,N,A*33
2026-03-01T09:02:00.000Z $IIDBT,44.7,f,13.6,M,7.5,F*10
2026-03-01T09:02:00.000Z $IIHDG,53.5,,,1.2,E*12
2026-03-01T09:02:00.000Z $IIMDA,29.9619,I,1.0146,B,7.8,C,,C,,,,,,,,,,*5C
2026-03-01T09:02:00.000Z $IIMTA,7.9,C*3B
2026-03-01T09:02:00.000Z $IIMTW,6.7,C*22
2026-03-01T09:02:00.000Z $IIMWV,65.1,T,13.5,N,A*3E
2026-03-01T09:02:00.000Z $IIRPM,E,1,0,,A*66
2026-03-01T09:02:00.000Z $IIRSA,-4.1,A,,V*51
2026-03-01T09:02:00.000Z $IIVHW,53.5,T,,M,3.8,N,,K*6D
2026-03-01T09:02:00.000Z $IIXDR,V,11.75,V,BATT*61
2026-03-01T09:02:10.000Z $GPGGA,090210,5301.0970,N,00445.3666,E,2,8,0.9,2.5,M,,M,,*6A
2026-03-01T09:02:10.000Z $GPRMC,090210,A,5301.0970,N,00445.3666,E,5.3,59.7,010326,,,A*48
2026-03-01T09:02:10.000Z $IIDBT,40.8,f,12.5,M,6.8,F*15
2026-03-01T09:02:10.000Z $IIHDG,52.7,,,1.2,E*11
2026-03-01T09:02:10.000Z $IIMWV,68.2,T,14.8,N,A*3A
2026-03-01T09:02:10.000Z $IIRPM,E,1,0,,A*66
2026-03-01T09:02:10.000Z $IIRSA,-4.4,A,,V*54
2026-03-01T09:02:10.000Z $IIVHW,52.7,T,,M,5.2,N,,K*62
2026-03-01T09:02:20.000Z $GPGGA,090220,5301.0845,N,00445.3666,E,2,9,0.9,2.5,M,,M,,*6F
2026-03-01T09:02:20.000Z $GPRMC,090220,A,5301.0845,N,00445.3666,E,4.7,58.5,010326,,,A*4A
2026-03-01T09:02:20.000Z $IIDBT,36.9,f,11.2,M,6.1,F*18
2026-03-01T09:02:20.000Z $IIHDG,54.8,,,1.2,E*18
2026-03-01T09:02:20.000Z $IIMWV,62.4,T,14.9,N,A*37
2026-03-01T09:02:20.000Z $IIRPM,E,1,0,,A*66
2026-03-01T09:02:20.000Z $IIRSA,-2.5,A,,V*53
2026-03-01T09:02:20.000Z $IIVHW,54.8,T,,M,4.3,N,,K*6B
2026-03-01T09:02:30.000Z !AIVDM,1,1,,B,15N2449P00J`tC4;9g`R4?vN0<02,0*5E
2026-03-01T09:02:30.000Z $GPGGA,090230,5301.0875,N,00445.3678,E,2,8,0.9,2.5,M,,M,,*63
2026-03-01T09:02:30.000Z $GPRMC,090230,A,5301.0875,N,00445.3678,E,5.8,55.3,010326,,,A*42
2026-03-01T09:02:30.000Z $GPVTG,55.0,T,,M,5.8,N,10.8,K,A*09
2026-03-01T09:02:30.000Z $GPXTE,A,A,0.025,L,N,A*34
2026-03-01T09:02:30.000Z $IIDBT,26.4,f,8.0,M,4.4,F*29
2026-03-01T09:02:30.000Z $IIHDG,53.4,,,1.2,E*13
2026-03-01T09:02:30.000Z $IIMTA,8.2,C*3F
2026-03-01T09:02:30.000Z $IIMWV,69.7,T,15.0,N,A*37
2026-03-01T09:02:30.000Z $IIRPM,E,1,0,,A*66
2026-03-01T09:02:30.000Z $IIRSA,0.7,A,,V*7E
2026-03-01T09:02:30.000Z $IIVHW,53.4,T,,M,5.4,N,,K*66
2026-03-01T09:02:30.000Z $IIXDR,V,11.77,V,BATT*63
2026-03-01T09:02:40.000Z $GPGGA,090240,5301.1008,N,00445.4038,E,2,10,0.9,2.5,M,,M,,*5B
2026-03-01T09:02:40.000Z $GPRMC,090240,A,5301.1008,N,00445.4038,E,5.5,53.3,010326,,,A*48
2026-03-01T09:02:40.000Z $IIDBT,44.6,f,13.6,M,7.4,F*10
2026-03-01T09:02:40.000Z $IIHDG,53.1,,,1.2,E*16
2026-03-01T09:02:40.000Z $IIMWV,63.6,T,14.2,N,A*3F
2026-03-01T09:02:40.000Z $IIRPM,E,1,0,,A*66
2026-03-01T09:02:40.000Z $IIRSA,-2.9,A,,V*5F
2026-03-01T09:02:40.000Z $IIVHW,53.1,T,,M,5.3,N,,K*64
2026-03-01T09:02:50.000Z $GPGGA,090250,5301.1016,N,00445.4252,E,2,11,0.9,2.5,M,,M,,*5A
2026-03-01T09:02:50.000Z $GPRMC,090250,A,5301.1016,N,00445.4252,E,5.0,50.1,010326,,,A*4C
2026-03-01T09:02:50.000Z $IIDBT,25.5,f,7.8,M,4.3,F*2B
2026-03-01T09:02:50.000Z $IIHDG,51.7,,,1.2,E*12
2026-03-01T09:02:50.000Z $IIMWV,71.7,T,14.0,N,A*3F
2026-03-01T09:02:50.000Z $IIRPM,E,1,0,,A*66
2026-03-01T09:02:50.000Z $IIRSA,3.8,A,,V*72
2026-03-01T09:02:50.000Z $IIVHW,51.7,T,,M,4.6,N,,K*64
2026-03-01T09:03:00.000Z !AIVDO,1,1,,A,15RTd30000J`sV4;9a8H4?vP0000,0*7A
2026-03-01T09:03:00.000Z $GPGGA,090300,5301.0962,N,00445.4094,E,2,8,0.9,2.5,M,,M,,*65
2026-03-01T09:03:00.000Z $GPGSA,A,3,01,03,06,11,17,19,22,25,,,,,1.2,0.9,0.8*3D
2026-03-01T09:03:00.000Z $GPRMC,090300,A,5301.0962,N,00445.4094,E,4.9,53.5,010326,,,A*44
2026-03-01T09:03:00.000Z $GPVTG,53.7,T,,M,4.9,N,9.2,K,A*3A
2026-03-01T09:03:00.000Z $GPXTE,A,A,0.030,R,N,A*2E
2026-03-01T09:03:00.000Z $IIDBT,32.1,f,9.8,M,5.3,F*26
2026-03-01T09:03:00.000Z $IIHDG,54.1,,,1.2,E*11
2026-03-01T09:03:00.000Z $IIMDA,29.9528,I,1.0143,B,7.8,C,,C,,,,,,,,,,*58
2026-03-01T09:03:00.000Z $IIMTA,8.2,C*3F
2026-03-01T09:03:00.000Z $IIMTW,6.4,C*21
2026-03-01T09:03:00.000Z $IIMWV,66.4,T,14.3,N,A*39
2026-03-01T09:03:00.000Z $IIRPM,E,1,0,,A*66
2026-03-01T09:03:00.000Z $IIRSA,4.2,A,,V*7F
2026-03-01T09:03:00.000Z $IIVHW,54.1,T,,M,4.6,N,,K*67
2026-03-01T09:03:00.000Z $IIXDR,V,11.71,V,BATT*65
2026-03-01T09:03:10.000Z !AIVDM,1,1,,B,15N2447P00J`tC4;9g`R4?vN0<02,0*5E
2026-03-01T09:03:10.000Z $GPGGA,090310,5301.1025,N,00445.4219,E,2,8,0.9,2.5,M,,M,,*68
2026-03-01T09:03:10.000Z $GPRMC,090310,A,5301.1025,N,00445.4219,E,4.5,58.4,010326,,,A*4F
2026-03-01T09:03:10.000Z $IIDBT,40.9,f,12.5,M,6.8,F*14
2026-03-01T09:03:10.000Z $IIHDG,52.1,,,1.2,E*17
2026-03-01T09:03:10.000Z $IIMWV,66.6,T,14.9,N,A*31
2026-03-01T09:03:10.000Z $IIRPM,E,1,0,,A*66
2026-03-01T09:03:10.000Z $IIRSA,4.5,A,,V*78
2026-03-01T09:03:10.000Z $IIVHW,52.1,T,,M,4.3,N,,K*64
2026-03-01T09:03:20.000Z $GPGGA,090320,5301.1088,N,00445.4335,E,2,8,0.9,2.5,M,,M,,*63
2026-03-01T09:03:20.000Z $GPRMC,090320,A,5301.1088,N,00445.4335,E,4.2,50.2,010326,,,A*4D
2026-03-01T09:03:20.000Z $IIDBT,31.2,f,9.5,M,5.2,F*2A
2026-03-01T09:03:20.000Z $IIHDG,54.8,,,1.2,E*18
2026-03-01T09:03:20.000Z $IIMWV,65.1,T,14.7,N,A*3B
2026-03-01T09:03:20.000Z $IIRPM,E,1,0,,A*66
2026-03-01T09:03:20.000Z $IIRSA,1.1,A,,V*79
2026-03-01T09:03:20.000Z $IIVHW,54.8,T,,M,3.8,N,,K*67
2026-03-01T09:03:30.000Z $GPGGA,090330,5301.1099,N,00445.4645,E,2,9,0.9,2.5,M,,M,,*61
2026-03-01T09:03:30.000Z $GPRMC,090330,A,5301.1099,N,00445.4645,E,5.7,59.0,010326,,,A*41
2026-03-01T09:03:30.000Z $GPVTG,59.0,T,,M,5.7,N,10.5,K,A*07
2026-03-01T09:03:30.000Z $GPXTE,A,A,0.045,L,N,A*32
2026-03-01T09:03:30.000Z $IIDBT,42.0,f,12.8,M,7.0,F*1B
2026-03-01T09:03:30.000Z $IIHDG,53.5,,,1.2,E*12
2026-03-01T09:03:30.000Z $IIMTA,7.9,C*3B
2026-03-01T09:03:30.000Z $IIMWV,63.6,T,14.9,N,A*34
2026-03-01T09:03:30.000Z $IIRPM,E,1,0,,A*66
2026-03-01T09:03:30.000Z $IIRSA,-5.0,A,,V*51
2026-03-01T09:03:30.000Z $IIVHW,53.5,T,,M,5.5,N,,K*66
2026-03-01T09:03:30.000Z $IIXDR,V,11.76,V,BATT*62
2026-03-01T09:03:40.000Z $GPGGA,090340,5301.1067,N,00445.4576,E,2,10,0.9,2.5,M,,M,,*5C
2026-03-01T09:03:40.000Z $GPRMC,090340,A,5301.1067,N,00445.4576,E,5.1,53.2,010326,,,A*4A
2026-03-01T09:03:40.000Z $IIDBT,39.5,f,12.0,M,6.6,F*1D
2026-03-01T09:03:40.000Z $IIHDG,51.5,,,1.2,E*10
2026-03-01T09:03:40.000Z $IIMWV,77.5,T,14.6,N,A*3D
2026-03-01T09:03:40.000Z $IIRPM,E,1,0,,A*66
2026-03-01T09:03:40.000Z $IIRSA,4.3,A,,V*7E
2026-03-01T09:03:40.000Z $IIVHW,51.5,T,,M,4.7,N,,K*67
2026-03-01T09:03:50.000Z !AIVDM,1,1,,B,15N2451P00J`tC4;9g`R4?vN0<02,0*5E
2026-03-01T09:03:50.000Z $GPGGA,090350,5301.1317,N,00445.4984,E,2,8,0.9,2.5,M,,M,,*61
2026-03-01T09:03:50.000Z $GPRMC,090350,A,5301.1317,N,00445.4984,E,4.6,50.4,010326,,,A*4D
2026-03-01T09:03:50.000Z $IIDBT,25.3,f,7.7,M,4.2,F*23
2026-03-01T09:03:50.000Z $IIHDG,54.3,,,1.2,E*13
2026-03-01T09:03:50.000Z $IIMWV,64.2,T,13.2,N,A*3B
2026-03-01T09:03:50.000Z $IIRPM,E,1,0,,A*66
2026-03-01T09:03:50.000Z $IIRSA,4.3,A,,V*7E
2026-03-01T09:03:50.000Z $IIVHW,54.3,T,,M,4.1,N,,K*62
2026-03-01T09:04:00.000Z !AIVDM,1,1,,B,15N2113P00J`tC4;9g`R4?vN0<02,0*5E
2026-03-01T09:04:00.000Z !AIVDO,1,1,,A,15RTd30000J`sV4;9a8H4?vP0000,0*7A
2026-03-01T09:04:00.000Z $GPGGA,090400,5301.1230,N,00445.4837,E,2,11,0.9,2.5,M,,M,,*56
2026-03-01T09:04:00.000Z $GPGSA,A,3,01,03,06,11,17,19,22,25,,,,,1.2,0.9,0.8*3D
2026-03-01T09:04:00.000Z $GPRMC,090400,A,5301.1230,N,00445.4837,E,4.2,58.7,010326,,,A*4D
2026-03-01T09:04:00.000Z $GPVTG,58.9,T,,M,4.2,N,7.8,K,A*30
2026-03-01T09:04:00.000Z $GPXTE,A,A,0.034,R,N,A*2A
2026-03-01T09:04:00.000Z $IIDBT,35.7,f,10.9,M,6.0,F*1E
2026-03-01T09:04:00.000Z $IIHDG,54.9,,,1.2,E*19
2026-03-01T09:04:00.000Z $IIMDA,29.9589,I,1.0145,B,8.1,C,,C,,,,,,,,,,*53
2026-03-01T09:04:00.000Z $IIMTA,8.1,C*3C
2026-03-01T09:04:00.000Z $IIMTW,6.6,C*23
2026-03-01T09:04:00.000Z $IIMWV,71.4,T,14.4,N,A*38
2026-03-01T09:04:00.000Z $IIRPM,E,1,0,,A*66
2026-03-01T09:04:00.000Z $IIRSA,2.1,A,,V*7A
2026-03-01T09:04:00.000Z $IIVHW,54.9,T,,M,4.0,N,,K*69
2026-03-01T09:04:00.000Z $IIXDR,V,11.85,V,BATT*6E
2026-03-01T09:04:10.000Z $GPGGA,090410,5301.1335,N,00445.5050,E,2,11,0.9,2.5,M,,M,,*5B
2026-03-01T09:04:10.000Z $GPRMC,090410,A,5301.1335,N,00445.5050,E,5.4,56.3,010326,,,A*4D
2026-03-01T09:04:10.000Z $IIDBT,21.7,f,6.6,M,3.6,F*20
2026-03-01T09:04:10.000Z $IIHDG,51.5,,,1.2,E*10
2026-03-01T09:04:10.000Z $IIMWV,74.9,T,13.5,N,A*36
2026-03-01T09:04:10.000Z $IIRPM,E,1,0,,A*66
2026-03-01T09:04:10.000Z $IIRSA,4.8,A,,V*75
2026-03-01T09:04:10.000Z $IIVHW,51.5,T,,M,5.0,N,,K*61
2026-03-01T09:04:20.000Z !AIVDM,1,1,,B,15N2113P00J`tC4;9g`R4?vN0<02,0*5E
2026-03-01T09:04:20.000Z $GPGGA,090420,5301.1365,N,00445.5090,E,2,8,0.9,2.5,M,,M,,*69
2026-03-01T09:04:20.000Z $GPRMC,090420,A,5301.1365,N,00445.5090,E,5.1,54.0,010326,,,A*43
2026-03-01T09:04:20.000Z $IIDBT,30.5,f,9.3,M,5.1,F*29
2026-03-01T09:04:20.000Z $IIHDG,53.6,,,1.2,E*11
2026-03-01T09:04:20.000Z $IIMWV,73.0,T,13.1,N,A*3C
2026-03-01T09:04:20.000Z $IIRPM,E,1,0,,A*66
2026-03-01T09:04:20.000Z $IIRSA,-3.8,A,,V*5F
2026-03-01T09:04:20.000Z $IIVHW,53.6,T,,M,4.7,N,,K*66
2026-03-01T09:04:30.000Z !AIVDM,1,1,,B,15N2113P00J`tC4;9g`R4?vN0<02,0*5E
2026-03-01T09:04:30.000Z $GPGGA,090430,5301.1393,N,00445.5241,E,2,9,0.9,2.5,M,,M,,*6E
2026-03-01T09:04:30.000Z $GPRMC,090430,A,5301.1393,N,00445.5241,E,4.3,55.1,010326,,,A*46
2026-03-01T09:04:30.000Z $GPVTG,55.2,T,,M,4.3,N,8.0,K,A*30
2026-03-01T09:04:30.000Z $GPXTE,A,A,0.034,L,N,A*34
2026-03-01T09:04:30.000Z $IIDBT,45.6,f,13.9,M,7.6,F*1C
2026-03-01T09:04:30.000Z $IIHDG,54.0,,,1.2,E*10
2026-03-01T09:04:30.000Z $IIMTA,8.0,C*3D
2026-03-01T09:04:30.000Z $IIMWV,62.2,T,13.2,N,A*3D
2026-03-01T09:04:30.000Z $IIRPM,E,1,0,,A*66
2026-03-01T09:04:30.000Z $IIRSA,3.9,A,,V*73
2026-03-01T09:04:30.000Z $IIVHW,54.0,T,,M,4.1,N,,K*61
2026-03-01T09:04:30.000Z $IIXDR,V,11.81,V,BATT*6A
2026-03-01T09:04:40.000Z $GPGGA,090440,5301.1440,N,00445.5289,E,2,8,0.9,2.5,M,,M,,*65
2026-03-01T09:04:40.000Z $GPRMC,090440,A,5301.1440,N,00445.5289,E,5.2,59.8,010326,,,A*49
2026-03-01T09:04:40.000Z $IIDBT,29.4,f,9.0,M,4.9,F*2A
2026-03-01T09:04:40.000Z $IIHDG,54.1,,,1.2,E*11
2026-03-01T09:04:40.000Z $IIMWV,74.6,T,14.8,N,A*33
2026-03-01T09:04:40.000Z $IIRPM,E,1,0,,A*66
2026-03-01T09:04:40.000Z $IIRSA,2.9,A,,V*72
2026-03-01T09:04:40.000Z $IIVHW,54.1,T,,M,4.8,N,,K*69
2026-03-01T09:04:50.000Z $GPGGA,090450,5301.1341,N,00445.5620,E,2,10,0.9,2.5,M,,M,,*5C
2026-03-01T09:04:50.000Z $GPRMC,090450,A,5301.1341,N,00445.5620,E,4.7,53.8,010326,,,A*47
2026-03-01T09:04:50.000Z $IIDBT,30.0,f,9.2,M,5.0,F*2C
2026-03-01T09:04:50.000Z $IIHDG,51.7,,,1.2,E*12
2026-03-01T09:04:50.000Z $IIMWV,73.8,T,13.7,N,A*32
2026-03-01T09:04:50.000Z $IIRPM,E,1,0,,A*66
2026-03-01T09:04:50.000Z $IIRSA,-3.1,A,,V*56
2026-03-01T09:04:50.000Z $IIVHW,51.7,T,,M,4.5,N,,K*67
2026-03-01T09:05:00.000Z !AIVDM,1,1,,B,15N2451P00J`tC4;9g`R4?vN0<02,0*5E
2026-03-01T09:05:00.000Z !AIVDO,1,1,,A,15RTd30000J`sV4;9a8H4?vP0000,0*7A
2026-03-01T09:05:00.000Z $GPGGA,090500,5301.1403,N,00445.5678,E,2,8,0.9,2.5,M,,M,,*6D
2026-03-01T09:05:00.000Z $GPGSA,A,3,01,03,06,11,17,19,22,25,,,,,1.2,0.9,0.8*3D
2026-03-01T09:05:00.000Z $GPRMC,090500,A,5301.1403,N,00445.5678,E,5.7,50.0,010326,,,A*45
2026-03-01T09:05:00.000Z $GPVTG,50.1,T,,M,5.7,N,10.5,K,A*0F
2026-03-01T09:05:00.000Z $GPXTE,A,A,0.012,L,N,A*30
2026-03-01T09:05:00.000Z $IIDBT,43.6,f,13.3,M,7.3,F*15
2026-03-01T09:05:00.000Z $IIHDG,51.2,,,1.2,E*17
2026-03-01T09:05:00.000Z $IIMDA,29.9514,I,1.0143,B,8.0,C,,C,,,,,,,,,,*50
2026-03-01T09:05:00.000Z $IIMTA,8.3,C*3E
2026-03-01T09:05:00.000Z $IIMTW,6.5,C*20
2026-03-01T09:05:00.000Z $IIMWV,73.1,T,14.0,N,A*3B
2026-03-01T09:05:00.000Z $IIRPM,E,1,0,,A*66
2026-03-01T09:05:00.000Z $IIRSA,4.9,A,,V*74
2026-03-01T09:05:00.000Z $IIVHW,51.2,T,,M,5.5,N,,K*63
2026-03-01T09:05:00.000Z $IIXDR,V,11.84,V,BATT*6F
2026-03-01T09:05:10.000Z $GPGGA,090510,5301.1466,N,00445.5719,E,2,8,0.9,2.5,M,,M,,*69
2026-03-01T09:05:10.000Z $GPRMC,090510,A,5301.1466,N,00445.5719,E,5.5,53.9,010326,,,A*49
2026-03-01T09:05:10.000Z $IIDBT,32.4,f,9.9,M,5.4,F*25
2026-03-01T09:05:10.000Z $IIHDG,54.5,,,1.2,E*15
2026-03-01T09:05:10.000Z $IIMWV,66.6,T,13.3,N,A*3C
2026-03-01T09:05:10.000Z $IIRPM,E,1,0,,A*66
2026-03-01T09:05:10.000Z $IIRSA,0.4,A,,V*7D
2026-03-01T09:05:10.000Z $IIVHW,54.5,T,,M,5.3,N,,K*67
2026-03-01T09:05:20.000Z $GPGGA,090520,5301.1651,N,00445.6018,E,2,11,0.9,2.5,M,,M,,*51
2026-03-01T09:05:20.000Z $GPRMC,090520,A,5301.1651,N,00445.6018,E,4.2,58.2,010326,,,A*4F
2026-03-01T09:05:20.000Z $IIDBT,44.5,f,13.6,M,7.4,F*13
2026-03-01T09:05:20.000Z $IIHDG,53.2,,,1.2,E*15
2026-03-01T09:05:20.000Z $IIMWV,69.9,T,14.8,N,A*30
2026-03-01T09:05:20.000Z $IIRPM,E,1,0,,A*66
2026-03-01T09:05:20.000Z $IIRSA,-1.6,A,,V*53
2026-03-01T09:05:20.000Z $IIVHW,53.2,T,,M,4.0,N,,K*65
2026-03-01T09:05:30.000Z $GPGGA,090530,5301.1542,N,00445.6058,E,2,9,0.9,2.5,M,,M,,*6C
2026-03-01T09:05:30.000Z $GPRMC,090530,A,5301.1542,N,00445.6058,E,5.4,60.9,010326,,,A*4C
2026-03-01T09:05:30.000Z $GPVTG,60.6,T,,M,5.4,N,10.1,K,A*0C
2026-03-01T09:05:30.000Z $GPXTE,A,A,0.034,L,N,A*34
2026-03-01T09:05:30.000Z $IIDBT,33.6,f,10.2,M,5.6,F*17
2026-03-01T09:05:30.000Z $IIHDG,54.2,,,1.2,E*12
2026-03-01T09:05:30.000Z $IIMTA,7.8,C*3A
2026-03-01T09:05:30.000Z $IIMWV,74.3,T,14.0,N,A*3E
2026-03-01T09:05:30.000Z $IIRPM,E,1,0,,A*66
2026-03-01T09:05:30.000Z $IIRSA,0.7,A,,V*7E
2026-03-01T09:05:30.000Z $IIVHW,54.2,T,,M,5.1,N,,K*62
2026-03-01T09:05:30.000Z $IIXDR,V,11.75,V,BATT*61
2026-03-01T09:05:40.000Z $GPGGA,090540,5301.1722,N,00445.6297,E,2,8,0.9,2.5,M,,M,,*6F
2026-03-01T09:05:40.000Z $GPRMC,090540,A,5301.1722,N,00445.6297,E,5.0,52.5,010326,,,A*47
2026-03-01T09:05:40.000Z $IIDBT,35.1,f,10.7,M,5.8,F*1D
2026-03-01T09:05:40.000Z $IIHDG,52.1,,,1.2,E*17
2026-03-01T09:05:40.000Z $IIMWV,62.7,T,14.8,N,A*35
2026-03-01T09:05:40.000Z $IIRPM,E,1,0,,A*66
2026-03-01T09:05:40.000Z $IIRSA,-3.9,A,,V*5E
2026-03-01T09:05:40.000Z $IIVHW,52.1,T,,M,4.6,N,,K*61
2026-03-01T09:05:50.000Z $GPGGA,090550,5301.1648,N,00445.6316,E,2,9,0.9,2.5,M,,M,,*6A
2026-03-01T09:05:50.000Z $GPRMC,090550,A,5301.1648,N,00445.6316,E,5.4,54.7,010326,,,A*43
2026-03-01T09:05:50.000Z $IIDBT,22.0,f,6.7,M,3.7,F*24
2026-03-01T09:05:50.000Z $IIHDG,55.0,,,1.2,E*11
2026-03-01T09:05:50.000Z $IIMWV,73.1,T,13.2,N,A*3E
2026-03-01T09:05:50.000Z $IIRPM,E,1,0,,A*66
2026-03-01T09:05:50.000Z $IIRSA,-0.7,A,,V*53
2026-03-01T09:05:50.000Z $IIVHW,55.0,T,,M,5.1,N,,K*61
2026-03-01T09:06:00.000Z !AIVDO,1,1,,A,15RTd30000J`sV4;9a8H4?vP0000,0*7A
2026-03-01T09:06:00.000Z $GPGGA,090600,5301.1571,N,00445.6228,E,2,9,0.9,2.5,M,,M,,*69
2026-03-01T09:06:00.000Z $GPGSA,A,3,01,03,06,11,17,19,22,25,,,,,1.2,0.9,0.8*3D
2026-03-01T09:06:00.000Z $GPRMC,090600,A,5301.1571,N,00445.6228,E,5.2,50.7,010326,,,A*42
2026-03-01T09:06:00.000Z $GPVTG,50.4,T,,M,5.2,N,9.6,K,A*34
2026-03-01T09:06:00.000Z $GPXTE,A,A,0.007,L,N,A*34
2026-03-01T09:06:00.000Z $IIDBT,44.1,f,13.5,M,7.4,F*14
2026-03-01T09:06:00.000Z $IIHDG,51.3,,,1.2,E*16
2026-03-01T09:06:00.000Z $IIMDA,29.9463,I,1.0141,B,8.0,C,,C,,,,,,,,,,*53
2026-03-01T09:06:00.000Z $IIMTA,8.0,C*3D
2026-03-01T09:06:00.000Z $IIMTW,6.5,C*20
2026-03-01T09:06:00.000Z $IIMWV,62.9,T,13.5,N,A*31
2026-03-01T09:06:00.000Z $IIRPM,E,1,0,,A*66
2026-03-01T09:06:00.000Z $IIRSA,4.3,A,,V*7E
2026-03-01T09:06:00.000Z $IIVHW,51.3,T,,M,4.7,N,,K*61
2026-03-01T09:06:00.000Z $IIXDR,V,11.82,V,BATT*69
2026-03-01T09:06:10.000Z !AIVDM,1,1,,B,15N2445P00J`tC4;9g`R4?vN0<02,0*5E
2026-03-01T09:06:10.000Z $GPGGA,090610,5301.1658,N,00445.6411,E,2,8,0.9,2.5,M,,M,,*6D
2026-03-01T09:06:10.000Z $GPRMC,090610,A,5301.1658,N,00445.6411,E,4.2,53.2,010326,,,A*40
2026-03-01T09:06:10.000Z $IIDBT,21.2,f,6.5,M,3.5,F*25
2026-03-01T09:06:10.000Z $IIHDG,51.5,,,1.2,E*10
2026-03-01T09:06:10.000Z $IIMWV,65.2,T,13.4,N,A*3C
2026-03-01T09:06:10.000Z $IIRPM,E,1,0,,A*66
2026-03-01T09:06:10.000Z $IIRSA,-3.1,A,,V*56
2026-03-01T09:06:10.000Z $IIVHW,51.5,T,,M,3.8,N,,K*6F
2026-03-01T09:06:20.000Z $GPGGA,090620,5301.1777,N,00445.6671,E,2,11,0.9,2.5,M,,M,,*5E
2026-03-01T09:06:20.000Z $GPRMC,090620,A,5301.1777,N,00445.6671,E,4.9,60.3,010326,,,A*41
2026-03-01T09:06:20.000Z $IIDBT,36.1,f,11.0,M,6.0,F*13
2026-03-01T09:06:20.000Z $IIHDG,53.0,,,1.2,E*17
2026-03-01T09:06:20.000Z $IIMWV,66.2,T,13.8,N,A*33
2026-03-01T09:06:20.000Z $IIRPM,E,1,0,,A*66
2026-03-01T09:06:20.000Z $IIRSA,-1.9,A,,V*5C
2026-03-01T09:06:20.000Z $IIVHW,53.0,T,,M,4.6,N,,K*61
2026-03-01T09:06:30.000Z $GPGGA,090630,5301.1697,N,00445.6820,E,2,10,0.9,2.5,M,,M,,*5B
2026-03-01T09:06:30.000Z $GPRMC,090630,A,5301.1697,N,00445.6820,E,6.0,58.5,010326,,,A*43
2026-03-01T09:06:30.000Z $GPVTG,58.7,T,,M,6.0,N,11.0,K,A*01
2026-03-01T09:06:30.000Z $GPXTE,A,A,0.041,R,N,A*28
2026-03-01T09:06:30.000Z $IIDBT,30.6,f,9.3,M,5.1,F*2A
2026-03-01T09:06:30.000Z $IIHDG,54.3,,,1.2,E*13
2026-03-01T09:06:30.000Z $IIMTA,8.2,C*3F
2026-03-01T09:06:30.000Z $IIMWV,75.4,T,13.6,N,A*39
2026-03-01T09:06:30.000Z $IIRPM,E,1,0,,A*66
2026-03-01T09:06:30.000Z $IIRSA,4.3,A,,V*7E
2026-03-01T09:06:30.000Z $IIVHW,54.3,T,,M,5.7,N,,K*65
2026-03-01T09:06:30.000Z $IIXDR,V,11.84,V,BATT*6F
2026-03-01T09:06:40.000Z $GPGGA,090640,5301.1838,N,00445.6957,E,2,8,0.9,2.5,M,,M,,*6F
2026-03-01T09:06:40.000Z $GPRMC,090640,A,5301.1838,N,00445.6957,E,4.5,50.8,010326,,,A*4C
2026-03-01T09:06:40.000Z $IIDBT,26.9,f,8.2,M,4.5,F*27
2026-03-01T09:06:40.000Z $IIHDG,53.3,,,1.2,E*14
2026-03-01T09:06:40.000Z $IIMWV,74.4,T,14.9,N,A*30
2026-03-01T09:06:40.000Z $IIRPM,E,1,0,,A*66
2026-03-01T09:06:40.000Z $IIRSA,-1.3,A,,V*56
2026-03-01T09:06:40.000Z $IIVHW,53.3,T,,M,4.2,N,,K*66
2026-03-01T09:06:50.000Z $GPGGA,090650,5301.1949,N,00445.6988,E,2,8,0.9,2.5,M,,M,,*6B
2026-03-01T09:06:50.000Z $GPRMC,090650,A,5301.1949,N,00445.6988,E,4.6,59.4,010326,,,A*4E
2026-03-01T09:06:50.000Z $IIDBT,32.1,f,9.8,M,5.3,F*26
2026-03-01T09:06:50.000Z $IIHDG,51.4,,,1.2,E*11
2026-03-01T09:06:50.000Z $IIMWV,76.1,T,13.3,N,A*3A
2026-03-01T09:06:50.000Z $IIRPM,E,1,0,,A*66
2026-03-01T09:06:50.000Z $IIRSA,3.5,A,,V*7F
2026-03-01T09:06:50.000Z $IIVHW,51.4,T,,M,4.3,N,,K*62
2026-03-01T09:07:00.000Z !AIVDO,1,1,,A,15RTd30000J`sV4;9a8H4?vP0000,0*7A
2026-03-01T09:07:00.000Z $GPGGA,090700,5301.1907,N,00445.7261,E,2,11,0.9,2.5,M,,M,,*50
2026-03-01T09:07:00.000Z $GPGSA,A,3,01,03,06,11,17,19,22,25,,,,,1.2,0.9,0.8*3D
2026-03-01T09:07:00.000Z $GPRMC,090700,A,5301.1907,N,00445.7261,E,5.9,50.3,010326,,,A*4D
2026-03-01T09:07:00.000Z $GPVTG,50.1,T,,M,5.9,N,10.9,K,A*0D
2026-03-01T09:07:00.000Z $GPXTE,A,A,0.035,L,N,A*35
2026-03-01T09:07:00.000Z $IIDBT,38.1,f,11.6,M,6.4,F*1F
2026-03-01T09:07:00.000Z $IIHDG,52.6,,,1.2,E*10
2026-03-01T09:07:00.000Z $IIMDA,29.9440,I,1.0140,B,8.0,C,,C,,,,,,,,,,*53
2026-03-01T09:07:00.000Z $IIMTA,7.7,C*35
2026-03-01T09:07:00.000Z $IIMTW,6.7,C*22
2026-03-01T09:07:00.000Z $IIMWV,63.3,T,13.8,N,A*37
2026-03-01T09:07:00.000Z $IIRPM,E,1,0,,A*66
2026-03-01T09:07:00.000Z $IIRSA,5.0,A,,V*7C
2026-03-01T09:07:00.000Z $IIVHW,52.6,T,,M,5.7,N,,K*66
2026-03-01T09:07:00.000Z $IIXDR,V,11.76,V,BATT*62
2026-03-01T09:07:10.000Z $GPGGA,090710,5301.1883,N,00445.7253,E,2,8,0.9,2.5,M,,M,,*65
2026-03-01T09:07:10.000Z $GPRMC,090710,A,5301.1883,N,00445.7253,E,4.6,52.5,010326,,,A*4A
2026-03-01T09:07:10.000Z $IIDBT,40.4,f,12.3,M,6.7,F*10
2026-03-01T09:07:10.000Z $IIHDG,52.1,,,1.2,E*17
2026-03-01T09:07:10.000Z $IIMWV,68.4,T,13.1,N,A*32
2026-03-01T09:07:10.000Z $IIRPM,E,1,0,,A*66
2026-03-01T09:07:10.000Z $IIRSA,0.3,A,,V*7A
2026-03-01T09:07:10.000Z $IIVHW,52.1,T,,M,4.2,N,,K*65
2026-03-01T09:07:20.000Z $GPGGA,090720,5301.1952,N,00445.7232,E,2,10,0.9,2.5,M,,M,,*55
2026-03-01T09:07:20.000Z $GPRMC,090720,A,5301.1952,N,00445.7232,E,5.4,49.9,010326,,,A*46
2026-03-01T09:07:20.000Z $IIDBT,34.4,f,10.5,M,5.7,F*14
2026-03-01T09:07:20.000Z $IIHDG,54.9,,,1.2,E*19
2026-03-01T09:07:20.000Z $IIMWV,65.5,T,14.1,N,A*39
2026-03-01T09:07:20.000Z $IIRPM,E,1,0,,A*66
2026-03-01T09:07:20.000Z $IIRSA,3.7,A,,V*7D
2026-03-01T09:07:20.000Z $IIVHW,54.9,T,,M,5.1,N,,K*69
2026-03-01T09:07:30.000Z $GPGGA,090730,5301.2103,N,00445.7424,E,2,8,0.9,2.5,M,,M,,*63
2026-03-01T09:07:30.000Z $GPRMC,090730,A,5301.2103,N,00445.7424,E,5.6,49.8,010326,,,A*4A
2026-03-01T09:07:30.000Z $GPVTG,49.7,T,,M,5.6,N,10.4,K,A*01
2026-03-01T09:07:30.000Z $GPXTE,A,A,0.009,R,N,A*24
2026-03-01T09:07:30.000Z $IIDBT,37.2,f,11.3,M,6.2,F*10
2026-03-01T09:07:30.000Z $IIHDG,55.0,,,1.2,E*11
2026-03-01T09:07:30.000Z $IIMTA,7.8,C*3A
2026-03-01T09:07:30.000Z $IIMWV,65.9,T,13.6,N,A*35
2026-03-01T09:07:30.000Z $IIRPM,E,1,0,,A*66
2026-03-01T09:07:30.000Z $IIRSA,3.2,A,,V*78
2026-03-01T09:07:30.000Z $IIVHW,55.0,T,,M,5.3,N,,K*63
2026-03-01T09:07:30.000Z $IIXDR,V,11.73,V,BATT*67
2026-03-01T09:07:40.000Z $GPGGA,090740,5301.1943,N,00445.7509,E,2,9,0.9,2.5,M,,M,,*64
2026-03-01T09:07:40.000Z $GPRMC,090740,A,5301.1943,N,00445.7509,E,5.3,59.1,010326,,,A*41
2026-03-01T09:07:40.000Z $IIDBT,42.7,f,13.0,M,7.1,F*14
2026-03-01T09:07:40.000Z $IIHDG,52.4,,,1.2,E*12
2026-03-01T09:07:40.000Z $IIMWV,76.9,T,14.3,N,A*35
2026-03-01T09:07:40.000Z $IIRPM,E,1,0,,A*66
2026-03-01T09:07:40.000Z $IIRSA,2.5,A,,V*7E
2026-03-01T09:07:40.000Z $IIVHW,52.4,T,,M,4.9,N,,K*6B
2026-03-01T09:07:50.000Z !AIVDM,1,1,,B,15N2447P00J`tC4;9g`R4?vN0<02,0*5E
2026-03-01T09:07:50.000Z $GPGGA,090750,5301.1954,N,00445.7828,E,2,9,0.9,2.5,M,,M,,*6D
2026-03-01T09:07:50.000Z $GPRMC,090750,A,5301.1954,N,00445.7828,E,5.0,50.2,010326,,,A*41
2026-03-01T09:07:50.000Z $IIDBT,24.3,f,7.4,M,4.1,F*22
2026-03-01T09:07:50.000Z $IIHDG,51.3,,,1.2,E*16
2026-03-01T09:07:50.000Z $IIMWV,76.4,T,14.6,N,A*3D
2026-03-01T09:07:50.000Z $IIRPM,E,1,0,,A*66
2026-03-01T09:07:50.000Z $IIRSA,-2.5,A,,V*53
2026-03-01T09:07:50.000Z $IIVHW,51.3,T,,M,4.7,N,,K*61
2026-03-01T09:08:00.000Z !AIVDO,1,1,,A,15RTd30000J`sV4;9a8H4?vP0000,0*7A
2026-03-01T09:08:00.000Z $GPGGA,090800,5301.2048,N,00445.7745,E,2,10,0.9,2.5,M,,M,,*5C
2026-03-01T09:08:00.000Z $GPGSA,A,3,01,03,06,11,17,19,22,25,,,,,1.2,0.9,0.8*3D
2026-03-01T09:08:00.000Z $GPRMC,090800,A,5301.2048,N,00445.7745,E,4.7,58.1,010326,,,A*45
2026-03-01T09:08:00.000Z $GPVTG,58.5,T,,M,4.7,N,8.6,K,A*38
2026-03-01T09:08:00.000Z $GPXTE,A,A,0.045,L,N,A*32
2026-03-01T09:08:00.000Z $IIDBT,20.1,f,6.1,M,3.3,F*25
2026-03-01T09:08:00.000Z $IIHDG,54.1,,,1.2,E*11
2026-03-01T09:08:00.000Z $IIMDA,29.9498,I,1.0142,B,8.1,C,,C,,,,,,,,,,*55
2026-03-01T09:08:00.000Z $IIMTA,7.8,C*3A
2026-03-01T09:08:00.000Z $IIMTW,6.6,C*23
2026-03-01T09:08:00.000Z $IIMWV,62.1,T,14.7,N,A*3C
2026-03-01T09:08:00.000Z $IIRPM,E,1,0,,A*66
2026-03-01T09:08:00.000Z $IIRSA,4.7,A,,V*7A
2026-03-01T09:08:00.000Z $IIVHW,54.1,T,,M,4.4,N,,K*65
2026-03-01T09:08:00.000Z $IIXDR,V,11.77,V,BATT*63
2026-03-01T09:08:10.000Z $GPGGA,090810,5301.2030,N,00445.7945,E,2,10,0.9,2.5,M,,M,,*5C
2026-03-01T09:08:10.000Z $GPRMC,090810,A,5301.2030,N,00445.7945,E,4.2,56.0,010326,,,A*4F
2026-03-01T09:08:10.000Z $IIDBT,21.9,f,6.7,M,3.6,F*2F
2026-03-01T09:08:10.000Z $IIHDG,54.6,,,1.2,E*16
2026-03-01T09:08:10.000Z $IIMWV,71.2,T,13.9,N,A*34
2026-03-01T09:08:10.000Z $IIRPM,E,1,0,,A*66
2026-03-01T09:08:10.000Z $IIRSA,0.3,A,,V*7A
2026-03-01T09:08:10.000Z $IIVHW,54.6,T,,M,3.9,N,,K*68
2026-03-01T09:08:20.000Z !AIVDM,1,1,,B,15N2445P00J`tC4;9g`R4?vN0<02,0*5E
2026-03-01T09:08:20.000Z $GPGGA,090820,5301.2198,N,00445.8180,E,2,8,0.9,2.5,M,,M,,*6B
2026-03-01T09:08:20.000Z $GPRMC,090820,A,5301.2198,N,00445.8180,E,4.1,57.0,010326,,,A*43
2026-03-01T09:08:20.000Z $IIDBT,34.8,f,10.6,M,5.8,F*14
2026-03-01T09:08:20.000Z $IIHDG,54.2,,,1.2,E*12
2026-03-01T09:08:20.000Z $IIMWV,63.4,T,14.0,N,A*3F
2026-03-01T09:08:20.000Z $IIRPM,E,1,0,,A*66
2026-03-01T09:08:20.000Z $IIRSA,2.6,A,,V*7D
2026-03-01T09:08:20.000Z $IIVHW,54.2,T,,M,3.6,N,,K*63
2026-03-01T09:08:30.000Z $GPGGA,090830,5301.2234,N,00445.8384,E,2,8,0.9,2.5,M,,M,,*69
2026-03-01T09:08:30.000Z $GPRMC,090830,A,5301.2234,N,00445.8384,E,5.6,59.0,010326,,,A*49
2026-03-01T09:08:30.000Z $GPVTG,59.4,T,,M,5.6,N,10.3,K,A*04
2026-03-01T09:08:30.000Z $GPXTE,A,A,0.030,R,N,A*2E
2026-03-01T09:08:30.000Z $IIDBT,36.8,f,11.2,M,6.1,F*19
2026-03-01T09:08:30.000Z $IIHDG,53.6,,,1.2,E*11
2026-03-01T09:08:30.000Z $IIMTA,8.3,C*3E
2026-03-01T09:08:30.000Z $IIMWV,77.4,T,14.4,N,A*3E
2026-03-01T09:08:30.000Z $IIRPM,E,1,0,,A*66
2026-03-01T09:08:30.000Z $IIRSA,-4.3,A,,V*53
2026-03-01T09:08:30.000Z $IIVHW,53.6,T,,M,5.4,N,,K*64
2026-03-01T09:08:30.000Z $IIXDR,V,11.87,V,BATT*6C
2026-03-01T09:08:40.000Z $GPGGA,090840,5301.2171,N,00445.8311,E,2,9,0.9,2.5,M,,M,,*61
2026-03-01T09:08:40.000Z $GPRMC,090840,A,5301.2171,N,00445.8311,E,4.6,51.3,010326,,,A*4A
2026-03-01T09:08:40.000Z $IIDBT,20.0,f,6.1,M,3.3,F*24
2026-03-01T09:08:40.000Z $IIHDG,53.9,,,1.2,E*1E
2026-03-01T09:08:40.000Z $IIMWV,63.0,T,13.6,N,A*3A
2026-03-01T09:08:40.000Z $IIRPM,E,1,0,,A*66
2026-03-01T09:08:40.000Z $IIRSA,-3.7,A,,V*50
2026-03-01T09:08:40.000Z $IIVHW,53.9,T,,M,4.4,N,,K*6A
2026-03-01T09:08:50.000Z $GPGGA,090850,5301.2183,N,00445.8374,E,2,9,0.9,2.5,M,,M,,*6E
2026-03-01T09:08:50.000Z $GPRMC,090850,A,5301.2183,N,00445.8374,E,5.2,53.3,010326,,,A*42
2026-03-01T09:08:50.000Z $IIDBT,25.2,f,7.7,M,4.2,F*22
2026-03-01T09:08:50.000Z $IIHDG,51.2,,,1.2,E*17
2026-03-01T09:08:50.000Z $IIMWV,65.0,T,14.4,N,A*39
2026-03-01T09:08:50.000Z $IIRPM,E,1,0,,A*66
2026-03-01T09:08:50.000Z $IIRSA,0.4,A,,V*7D
2026-03-01T09:08:50.000Z $IIVHW,51.2,T,,M,4.8,N,,K*6F
2026-03-01T09:09:00.000Z !AIVDM,1,1,,B,15N2113P00J`tC4;9g`R4?vN0<02,0*5E
2026-03-01T09:09:00.000Z !AIVDO,1,1,,A,15RTd30000J`sV4;9a8H4?vP0000,0*7A
2026-03-01T09:09:00.000Z $GPGGA,090900,5301.2254,N,00445.8499,E,2,9,0.9,2.5,M,,M,,*67
2026-03-01T09:09:00.000Z $GPGSA,A,3,01,03,06,11,17,19,22,25,,,,,1.2,0.9,0.8*3D
2026-03-01T09:09:00.000Z $GPRMC,090900,A,5301.2254,N,00445.8499,E,5.1,50.3,010326,,,A*4B
2026-03-01T09:09:00.000Z $GPVTG,50.4,T,,M,5.1,N,9.5,K,A*34
2026-03-01T09:09:00.000Z $GPXTE,A,A,0.003,L,N,A*30
2026-03-01T09:09:00.000Z $IIDBT,19.8,f,6.0,M,3.3,F*27
2026-03-01T09:09:00.000Z $IIHDG,52.2,,,1.2,E*14
2026-03-01T09:09:00.000Z $IIMDA,29.9536,I,1.0143,B,7.9,C,,C,,,,,,,,,,*56
2026-03-01T09:09:00.000Z $IIMTA,7.7,C*35
2026-03-01T09:09:00.000Z $IIMTW,6.4,C*21
2026-03-01T09:09:00.000Z $IIMWV,71.0,T,14.4,N,A*3C
2026-03-01T09:09:00.000Z $IIRPM,E,1,0,,A*66
2026-03-01T09:09:00.000Z $IIRSA,4.8,A,,V*75
2026-03-01T09:09:00.000Z $IIVHW,52.2,T,,M,5.0,N,,K*65
2026-03-01T09:09:00.000Z $IIXDR,V,11.89,V,BATT*62
2026-03-01T09:09:10.000Z $GPGGA,090910,5301.2258,N,00445.8801,E,2,10,0.9,2.5,M,,M,,*5F
2026-03-01T09:09:10.000Z $GPRMC,090910,A,5301.2258,N,00445.8801,E,4.9,59.7,010326,,,A*4F
2026-03-01T09:09:10.000Z $IIDBT,43.2,f,13.2,M,7.2,F*11
2026-03-01T09:09:10.000Z $IIHDG,54.4,,,1.2,E*14
2026-03-01T09:09:10.000Z $IIMWV,69.2,T,13.5,N,A*31
2026-03-01T09:09:10.000Z $IIRPM,E,1,0,,A*66
2026-03-01T09:09:10.000Z $IIRSA,-2.2,A,,V*54
2026-03-01T09:09:10.000Z $IIVHW,54.4,T,,M,4.7,N,,K*63
2026-03-01T09:09:20.000Z $GPGGA,090920,5301.2434,N,00445.8954,E,2,10,0.9,2.5,M,,M,,*51
2026-03-01T09:09:20.000Z $GPRMC,090920,A,5301.2434,N,00445.8954,E,6.0,59.6,010326,,,A*4B
2026-03-01T09:09:20.000Z $IIDBT,22.4,f,6.8,M,3.7,F*2F
2026-03-01T09:09:20.000Z $IIHDG,52.8,,,1.2,E*1E
2026-03-01T09:09:20.000Z $IIMWV,67.0,T,14.8,N,A*37
2026-03-01T09:09:20.000Z $IIRPM,E,1,0,,A*66
2026-03-01T09:09:20.000Z $IIRSA,-1.1,A,,V*54
2026-03-01T09:09:20.000Z $IIVHW,52.8,T,,M,5.8,N,,K*67
2026-03-01T09:09:30.000Z !AIVDM,1,1,,B,15N2451P00J`tC4;9g`R4?vN0<02,0*5E
2026-03-01T09:09:30.000Z $GPGGA,090930,5301.2391,N,00445.9079,E,2,9,0.9,2.5,M,,M,,*67
2026-03-01T09:09:30.000Z $GPRMC,090930,A,5301.2391,N,00445.9079,E,5.5,59.8,010326,,,A*4D
2026-03-01T09:09:30.000Z $GPVTG,59.2,T,,M,5.5,N,10.2,K,A*00
2026-03-01T09:09:30.000Z $GPXTE,A,A,0.031,R,N,A*2F
2026-03-01T09:09:30.000Z $IIDBT,44.8,f,13.7,M,7.5,F*1E
2026-03-01T09:09:30.000Z $IIHDG,51.9,,,1.2,E*1C
2026-03-01T09:09:30.000Z $IIMTA,8.2,C*3F
2026-03-01T09:09:30.000Z $IIMWV,74.1,T,13.6,N,A*3D
2026-03-01T09:09:30.000Z $IIRPM,E,1,0,,A*66
2026-03-01T09:09:30.000Z $IIRSA,-0.9,A,,V*5D
2026-03-01T09:09:30.000Z $IIVHW,51.9,T,,M,5.1,N,,K*6C
2026-03-01T09:09:30.000Z $IIXDR,V,11.79,V,BATT*6D
2026-03-01T09:09:40.000Z $GPGGA,090940,5301.2552,N,00445.9015,E,2,10,0.9,2.5,M,,M,,*5B
2026-03-01T09:09:40.000Z $GPRMC,090940,A,5301.2552,N,00445.9015,E,4.7,49.2,010326,,,A*41
2026-03-01T09:09:40.000Z $IIDBT,37.1,f,11.3,M,6.2,F*13
2026-03-01T09:09:40.000Z $IIHDG,53.6,,,1.2,E*11
2026-03-01T09:09:40.000Z $IIMWV,73.3,T,13.7,N,A*39
2026-03-01T09:09:40.000Z $IIRPM,E,1,0,,A*66
2026-03-01T09:09:40.000Z $IIRSA,-2.7,A,,V*51
2026-03-01T09:09:40.000Z $IIVHW,53.6,T,,M,4.6,N,,K*67
2026-03-01T09:09:50.000Z $GPGGA,090950,5301.2574,N,00445.9287,E,2,8,0.9,2.5,M,,M,,*6E
2026-03-01T09:09:50.000Z $GPRMC,090950,A,5301.2574,N,00445.9287,E,5.5,55.6,010326,,,A*47
2026-03-01T09:09:50.000Z $IIDBT,33.7,f,10.3,M,5.6,F*17
2026-03-01T09:09:50.000Z $IIHDG,53.3,,,1.2,E*14
2026-03-01T09:09:50.000Z $IIMWV,62.4,T,14.2,N,A*3C
2026-03-01T09:09:50.000Z $IIRPM,E,1,0,,A*66
2026-03-01T09:09:50.000Z $IIRSA,-3.9,A,,V*5E
2026-03-01T09:09:50.000Z $IIVHW,53.3,T,,M,5.0,N,,K*65
2026-03-01T09:10:00.000Z !AIVDO,1,1,,A,15RTd30000J`sV4;9a8H4?vP0000,0*7A
2026-03-01T09:10:00.000Z $GPGGA,091000,5301.2547,N,00445.9233,E,2,11,0.9,2.5,M,,M,,*54
2026-03-01T09:10:00.000Z $GPGSA,A,3,01,03,06,11,17,19,22,25,,,,,1.2,0.9,0.8*3D
2026-03-01T09:10:00.000Z $GPRMC,091000,A,5301.2547,N,00445.9233,E,5.1,60.7,010326,,,A*46
2026-03-01T09:10:00.000Z $GPVTG,60.8,T,,M,5.1,N,9.5,K,A*3B
2026-03-01T09:10:00.000Z $GPXTE,A,A,0.047,R,N,A*2E
2026-03-01T09:10:00.000Z $IIDBT,33.8,f,10.3,M,5.6,F*18
2026-03-01T09:10:00.000Z $IIHDG,52.6,,,1.2,E*10
2026-03-01T09:10:00.000Z $IIMDA,29.9617,I,1.0146,B,8.0,C,,C,,,,,,,,,,*55
2026-03-01T09:10:00.000Z $IIMTA,8.1,C*3C
2026-03-01T09:10:00.000Z $IIMTW,6.7,C*22
2026-03-01T09:10:00.000Z $IIMWV,71.8,T,13.4,N,A*33
2026-03-01T09:10:00.000Z $IIRPM,E,1,0,,A*66
2026-03-01T09:10:00.000Z $IIRSA,3.4,A,,V*7E
2026-03-01T09:10:00.000Z $IIVHW,52.6,T,,M,4.8,N,,K*68
2026-03-01T09:10:00.000Z $IIXDR,V,11.72,V,BATT*66
2026-03-01T09:10:10.000Z $GPGGA,091010,5301.2536,N,00445.9397,E,2,9,0.9,2.5,M,,M,,*65
2026-03-01T09:10:10.000Z $GPRMC,091010,A,5301.2536,N,00445.9397,E,4.2,56.9,010326,,,A*47
2026-03-01T09:10:10.000Z $IIDBT,42.9,f,13.1,M,7.1,F*1B
2026-03-01T09:10:10.000Z $IIHDG,54.4,,,1.2,E*14
2026-03-01T09:10:10.000Z $IIMWV,65.9,T,14.9,N,A*3D
2026-03-01T09:10:10.000Z $IIRPM,E,1,0,,A*66
2026-03-01T09:10:10.000Z $IIRSA,1.8,A,,V*70
2026-03-01T09:10:10.000Z $IIVHW,54.4,T,,M,3.7,N,,K*64
2026-03-01T09:10:20.000Z $GPGGA,091020,5301.2532,N,00445.9623,E,2,10,0.9,2.5,M,,M,,*50
2026-03-01T09:10:20.000Z $GPRMC,091020,A,5301.2532,N,00445.9623,E,5.4,57.5,010326,,,A*40
2026-03-01T09:10:20.000Z $IIDBT,29.8,f,9.1,M,5.0,F*2F
2026-03-01T09:10:20.000Z $IIHDG,51.3,,,1.2,E*16
2026-03-01T09:10:20.000Z $IIMWV,62.1,T,14.4,N,A*3F
2026-03-01T09:10:20.000Z $IIRPM,E,1,0,,A*66
2026-03-01T09:10:20.000Z $IIRSA,2.3,A,,V*78
2026-03-01T09:10:20.000Z $IIVHW,51.3,T,,M,5.2,N,,K*65
2026-03-01T09:10:30.000Z !AIVDM,1,1,,B,15N2449P00J`tC4;9g`R4?vN0<02,0*5E
2026-03-01T09:10:30.000Z $GPGGA,091030,5301.2695,N,00445.9790,E,2,11,0.9,2.5,M,,M,,*57
2026-03-01T09:10:30.000Z $GPRMC,091030,A,5301.2695,N,00445.9790,E,5.8,55.4,010326,,,A*49
2026-03-01T09:10:30.000Z $GPVTG,55.3,T,,M,5.8,N,10.8,K,A*0A
2026-03-01T09:10:30.000Z $GPXTE,A,A,0.017,R,N,A*2B
2026-03-01T09:10:30.000Z $IIDBT,28.4,f,8.6,M,4.7,F*22
2026-03-01T09:10:30.000Z $IIHDG,54.9,,,1.2,E*19
2026-03-01T09:10:30.000Z $IIMTA,7.9,C*3B
2026-03-01T09:10:30.000Z $IIMWV,74.2,T,13.9,N,A*31
2026-03-01T09:10:30.000Z $IIRPM,E,1,0,,A*66
2026-03-01T09:10:30.000Z $IIRSA,-3.3,A,,V*54
2026-03-01T09:10:30.000Z $IIVHW,54.9,T,,M,5.5,N,,K*6D
2026-03-01T09:10:30.000Z $IIXDR,V,11.71,V,BATT*65
2026-03-01T09:10:40.000Z $GPGGA,091040,5301.2640,N,00445.9842,E,2,10,0.9,2.5,M,,M,,*59
2026-03-01T09:10:40.000Z $GPRMC,091040,A,5301.2640,N,00445.9842,E,5.0,50.3,010326,,,A*4C
2026-03-01T09:10:40.000Z $IIDBT,42.6,f,13.0,M,7.1,F*15
2026-03-01T09:10:40.000Z $IIHDG,52.7,,,1.2,E*11
2026-03-01T09:10:40.000Z $IIMWV,73.1,T,13.2,N,A*3E
2026-03-01T09:10:40.000Z $IIRPM,E,1,0,,A*66
2026-03-01T09:10:40.000Z $IIRSA,-1.4,A,,V*51
2026-03-01T09:10:40.000Z $IIVHW,52.7,T,,M,4.8,N,,K*69
2026-03-01T09:10:50.000Z !AIVDM,1,1,,B,15N2451P00J`tC4;9g`R4?vN0<02,0*5E
2026-03-01T09:10:50.000Z $GPGGA,091050,5301.2707,N,00446.0117,E,2,9,0.9,2.5,M,,M,,*61
2026-03-01T09:10:50.000Z $GPRMC,091050,A,5301.2707,N,00446.0117,E,4.5,60.0,010326,,,A*48
2026-03-01T09:10:50.000Z $IIDBT,34.9,f,10.6,M,5.8,F*15
2026-03-01T09:10:50.000Z $IIHDG,51.8,,,1.2,E*1D
2026-03-01T09:10:50.000Z $IIMWV,65.7,T,13.6,N,A*3B
2026-03-01T09:10:50.000Z $IIRPM,E,1,0,,A*66
2026-03-01T09:10:50.000Z $IIRSA,3.2,A,,V*78
2026-03-01T09:10:50.000Z $IIVHW,51.8,T,,M,4.2,N,,K*6F
2026-03-01T09:11:00.000Z !AIVDO,1,1,,A,15RTd30000J`sV4;9a8H4?vP0000,0*7A
2026-03-01T09:11:00.000Z $GPGGA,091100,5301.2725,N,00446.0068,E,2,11,0.9,2.5,M,,M,,*55
2026-03-01T09:11:00.000Z $GPGSA,A,3,01,03,06,11,17,19,22,25,,,,,1.2,0.9,0.8*3D
2026-03-01T09:11:00.000Z $GPRMC,091100,A,5301.2725,N,00446.0068,E,4.7,57.3,010326,,,A*40
2026-03-01T09:11:00.000Z $GPVTG,57.8,T,,M,4.7,N,8.8,K,A*34
2026-03-01T09:11:00.000Z $GPXTE,A,A,0.028,L,N,A*39
2026-03-01T09:11:00.000Z $IIDBT,25.6,f,7.8,M,4.3,F*28
2026-03-01T09:11:00.000Z $IIHDG,52.7,,,1.2,E*11
2026-03-01T09:11:00.000Z $IIMDA,29.9466,I,1.0141,B,8.1,C,,C,,,,,,,,,,*57
2026-03-01T09:11:00.000Z $IIMTA,8.2,C*3F
2026-03-01T09:11:00.000Z $IIMTW,6.2,C*27
2026-03-01T09:11:00.000Z $IIMWV,69.9,T,13.5,N,A*3A
2026-03-01T09:11:00.000Z $IIRPM,E,1,0,,A*66
2026-03-01T09:11:00.000Z $IIRSA,-0.1,A,,V*55
2026-03-01T09:11:00.000Z $IIVHW,52.7,T,,M,4.3,N,,K*62
2026-03-01T09:11:00.000Z $IIXDR,V,11.78,V,BATT*6C
2026-03-01T09:11:10.000Z $GPGGA,091110,5301.2674,N,00446.0092,E,2,8,0.9,2.5,M,,M,,*6C
2026-03-01T09:11:10.000Z $GPRMC,091110,A,5301.2674,N,00446.0092,E,4.0,50.9,010326,,,A*4B
2026-03-01T09:11:10.000Z $IIDBT,35.7,f,10.9,M,5.9,F*14
2026-03-01T09:11:10.000Z $IIHDG,51.4,,,1.2,E*11
2026-03-01T09:11:10.000Z $IIMWV,69.9,T,14.7,N,A*3F
2026-03-01T09:11:10.000Z $IIRPM,E,1,0,,A*66
2026-03-01T09:11:10.000Z $IIRSA,3.9,A,,V*73
2026-03-01T09:11:10.000Z $IIVHW,51.4,T,,M,3.9,N,,K*6F
2026-03-01T09:11:20.000Z !AIVDM,1,1,,B,15N2460P00J`tC4;9g`R4?vN0<02,0*5E
2026-03-01T09:11:20.000Z $GPGGA,091120,5301.2797,N,00446.0488,E,2,10,0.9,2.5,M,,M,,*55
2026-03-01T09:11:20.000Z $GPRMC,091120,A,5301.2797,N,00446.0488,E,4.5,58.8,010326,,,A*47
2026-03-01T09:11:20.000Z $IIDBT,30.1,f,9.2,M,5.0,F*2D
2026-03-01T09:11:20.000Z $IIHDG,53.7,,,1.2,E*10
2026-03-01T09:11:20.000Z $IIMWV,63.6,T,13.7,N,A*3D
2026-03-01T09:11:20.000Z $IIRPM,E,1,0,,A*66
2026-03-01T09:11:20.000Z $IIRSA,2.0,A,,V*7B
2026-03-01T09:11:20.000Z $IIVHW,53.7,T,,M,4.2,N,,K*62
2026-03-01T09:11:30.000Z !AIVDM,1,1,,B,15N2113P00J`tC4;9g`R4?vN0<02,0*5E
2026-03-01T09:11:30.000Z $GPGGA,091130,5301.2746,N,00446.0533,E,2,9,0.9,2.5,M,,M,,*61
2026-03-01T09:11:30.000Z $GPRMC,091130,A,5301.2746,N,00446.0533,E,5.0,53.3,010326,,,A*4F
2026-03-01T09:11:30.000Z $GPVTG,53.7,T,,M,5.0,N,9.3,K,A*33
2026-03-01T09:11:30.000Z $GPXTE,A,A,0.025,R,N,A*2A
2026-03-01T09:11:30.000Z $IIDBT,42.8,f,13.0,M,7.1,F*1B
2026-03-01T09:11:30.000Z $IIHDG,53.8,,,1.2,E*1F
2026-03-01T09:11:30.000Z $IIMTA,8.0,C*3D
2026-03-01T09:11:30.000Z $IIMWV,69.6,T,15.0,N,A*36
2026-03-01T09:11:30.000Z $IIRPM,E,1,0,,A*66
2026-03-01T09:11:30.000Z $IIRSA,-2.3,A,,V*55
2026-03-01T09:11:30.000Z $IIVHW,53.8,T,,M,4.9,N,,K*66
2026-03-01T09:11:30.000Z $IIXDR,V,11.71,V,BATT*65
2026-03-01T09:11:40.000Z $GPGGA,091140,5301.2865,N,00446.0669,E,2,10,0.9,2.5,M,,M,,*5C
2026-03-01T09:11:40.000Z $GPRMC,091140,A,5301.2865,N,00446.0669,E,4.4,51.6,010326,,,A*48
2026-03-01T09:11:40.000Z $IIDBT,35.5,f,10.8,M,5.9,F*17
2026-03-01T09:11:40.000Z $IIHDG,54.1,,,1.2,E*11
2026-03-01T09:11:40.000Z $IIMWV,77.7,T,13.5,N,A*3B
2026-03-01T09:11:40.000Z $IIRPM,E,1,0,,A*66
2026-03-01T09:11:40.000Z $IIRSA,-3.4,A,,V*53
2026-03-01T09:11:40.000Z $IIVHW,54.1,T,,M,4.3,N,,K*62
2026-03-01T09:11:50.000Z $GPGGA,091150,5301.2974,N,00446.0717,E,2,10,0.9,2.5,M,,M,,*54
2026-03-01T09:11:50.000Z $GPRMC,091150,A,5301.2974,N,00446.0717,E,4.4,60.7,010326,,,A*43
2026-03-01T09:11:50.000Z $IIDBT,19.8,f,6.0,M,3.3,F*27
2026-03-01T09:11:50.000Z $IIHDG,54.0,,,1.2,E*10
2026-03-01T09:11:50.000Z $IIMWV,75.8,T,14.3,N,A*37
2026-03-01T09:11:50.000Z $IIRPM,E,1,0,,A*66
2026-03-01T09:11:50.000Z $IIRSA,-4.3,A,,V*53
2026-03-01T09:11:50.000Z $IIVHW,54.0,T,,M,4.3,N,,K*63
2026-03-01T09:12:00.000Z !AIVDO,1,1,,A,15RTd30000J`sV4;9a8H4?vP0000,0*7A
2026-03-01T09:12:00.000Z $GPGGA,091200,5301.3014,N,00446.0873,E,2,10,0.9,2.5,M,,M,,*51
2026-03-01T09:12:00.000Z $GPGSA,A,3,01,03,06,11,17,19,22,25,,,,,1.2,0.9,0.8*3D
2026-03-01T09:12:00.000Z $GPRMC,091200,A,5301.3014,N,00446.0873,E,4.2,55.3,010326,,,A*42
2026-03-01T09:12:00.000Z $GPVTG,55.1,T,,M,4.2,N,7.7,K,A*3A
2026-03-01T09:12:00.000Z $GPXTE,A,A,0.000,L,N,A*33
2026-03-01T09:12:00.000Z $IIDBT,38.4,f,11.7,M,6.4,F*1B
2026-03-01T09:12:00.000Z $IIHDG,53.7,,,1.2,E*10
2026-03-01T09:12:00.000Z $IIMDA,29.9520,I,1.0143,B,8.0,C,,C,,,,,,,,,,*57
2026-03-01T09:12:00.000Z $IIMTA,8.1,C*3C
2026-03-01T09:12:00.000Z $IIMTW,6.7,C*22
2026-03-01T09:12:00.000Z $IIMWV,76.9,T,13.3,N,A*32
2026-03-01T09:12:00.000Z $IIRPM,E,1,0,,A*66
2026-03-01T09:12:00.000Z $IIRSA,-0.8,A,,V*5C
2026-03-01T09:12:00.000Z $IIVHW,53.7,T,,M,3.8,N,,K*6F
2026-03-01T09:12:00.000Z $IIXDR,V,11.87,V,BATT*6C
2026-03-01T09:12:10.000Z $GPGGA,091210,5301.2958,N,00446.0966,E,2,9,0.9,2.5,M,,M,,*6D
2026-03-01T09:12:10.000Z $GPRMC,091210,A,5301.2958,N,00446.0966,E,4.6,60.7,010326,,,A*40
2026-03-01T09:12:10.000Z $IIDBT,30.2,f,9.2,M,5.0,F*2E
2026-03-01T09:12:10.000Z $IIHDG,53.5,,,1.2,E*12
2026-03-01T09:12:10.000Z $IIMWV,68.6,T,13.1,N,A*30
2026-03-01T09:12:10.000Z $IIRPM,E,1,0,,A*66
2026-03-01T09:12:10.000Z $IIRSA,-3.1,A,,V*56
2026-03-01T09:12:10.000Z $IIVHW,53.5,T,,M,4.3,N,,K*61
2026-03-01T09:12:20.000Z $GPGGA,091220,5301.2947,N,00446.1112,E,2,9,0.9,2.5,M,,M,,*6A
2026-03-01T09:12:20.000Z $GPRMC,091220,A,5301.2947,N,00446.1112,E,4.0,59.6,010326,,,A*4A
2026-03-01T09:12:20.000Z $IIDBT,28.2,f,8.6,M,4.7,F*24
2026-03-01T09:12:20.000Z $IIHDG,55.0,,,1.2,E*11
2026-03-01T09:12:20.000Z $IIMWV,71.8,T,13.0,N,A*37
2026-03-01T09:12:20.000Z $IIRPM,E,1,0,,A*66
2026-03-01T09:12:20.000Z $IIRSA,-3.3,A,,V*54
2026-03-01T09:12:20.000Z $IIVHW,55.0,T,,M,3.9,N,,K*6F
2026-03-01T09:12:30.000Z $GPGGA,091230,5301.3141,N,00446.0988,E,2,9,0.9,2.5,M,,M,,*6E
2026-03-01T09:12:30.000Z $GPRMC,091230,A,5301.3141,N,00446.0988,E,5.6,59.8,010326,,,A*47
2026-03-01T09:12:30.000Z $GPVTG,59.8,T,,M,5.6,N,10.4,K,A*0F
2026-03-01T09:12:30.000Z $GPXTE,A,A,0.050,L,N,A*36
2026-03-01T09:12:30.000Z $IIDBT,33.5,f,10.2,M,5.6,F*14
2026-03-01T09:12:30.000Z $IIHDG,51.3,,,1.2,E*16
2026-03-01T09:12:30.000Z $IIMTA,7.9,C*3B
2026-03-01T09:12:30.000Z $IIMWV,74.3,T,13.2,N,A*3B
2026-03-01T09:12:30.000Z $IIRPM,E,1,0,,A*66
2026-03-01T09:12:30.000Z $IIRSA,1.9,A,,V*71
2026-03-01T09:12:30.000Z $IIVHW,51.3,T,,M,5.3,N,,K*64
2026-03-01T09:12:30.000Z $IIXDR,V,11.69,V,BATT*6C
2026-03-01T09:12:40.000Z $GPGGA,091240,5301.3117,N,00446.1133,E,2,10,0.9,2.5,M,,M,,*5B
2026-03-01T09:12:40.000Z $GPRMC,091240,A,5301.3117,N,00446.1133,E,5.9,57.3,010326,,,A*40
2026-03-01T09:12:40.000Z $IIDBT,37.1,f,11.3,M,6.2,F*13
2026-03-01T09:12:40.000Z $IIHDG,51.2,,,1.2,E*17
2026-03-01T09:12:40.000Z $IIMWV,69.0,T,14.1,N,A*30
2026-03-01T09:12:40.000Z $IIRPM,E,1,0,,A*66
2026-03-01T09:12:40.000Z $IIRSA,4.4,A,,V*79
2026-03-01T09:12:40.000Z $IIVHW,51.2,T,,M,5.6,N,,K*60
2026-03-01T09:12:50.000Z $GPGGA,091250,5301.3160,N,00446.1304,E,2,8,0.9,2.5,M,,M,,*65
2026-03-01T09:12:50.000Z $GPRMC,091250,A,5301.3160,N,00446.1304,E,5.5,57.3,010326,,,A*4B
2026-03-01T09:12:50.000Z $IIDBT,44.5,f,13.6,M,7.4,F*13
2026-03-01T09:12:50.000Z $IIHDG,51.3,,,1.2,E*16
2026-03-01T09:12:50.000Z $IIMWV,68.8,T,13.7,N,A*38
2026-03-01T09:12:50.000Z $IIRPM,E,1,0,,A*66
2026-03-01T09:12:50.000Z $IIRSA,1.1,A,,V*79
2026-03-01T09:12:50.000Z $IIVHW,51.3,T,,M,5.1,N,,K*66
2026-03-01T09:13:00.000Z !AIVDO,1,1,,A,15RTd30000J`sV4;9a8H4?vP0000,0*7A
2026-03-01T09:13:00.000Z $GPGGA,091300,5301.3182,N,00446.1416,E,2,8,0.9,2.5,M,,M,,*69
2026-03-01T09:13:00.000Z $GPGSA,A,3,01,03,06,11,17,19,22,25,,,,,1.2,0.9,0.8*3D
2026-03-01T09:13:00.000Z $GPRMC,091300,A,5301.3182,N,00446.1416,E,4.3,52.6,010326,,,A*40
2026-03-01T09:13:00.000Z $GPVTG,52.6,T,,M,4.3,N,7.9,K,A*35
2026-03-01T09:13:00.000Z $GPXTE,A,A,0.040,L,N,A*37
2026-03-01T09:13:00.000Z $IIDBT,41.6,f,12.7,M,6.9,F*19
2026-03-01T09:13:00.000Z $IIHDG,53.5,,,1.2,E*12
2026-03-01T09:13:00.000Z $IIMDA,29.9528,I,1.0143,B,7.9,C,,C,,,,,,,,,,*59
2026-03-01T09:13:00.000Z $IIMTA,8.2,C*3F
2026-03-01T09:13:00.000Z $IIMTW,6.6,C*23
2026-03-01T09:13:00.000Z $IIMWV,70.2,T,14.6,N,A*3D
2026-03-01T09:13:00.000Z $IIRPM,E,1,0,,A*66
2026-03-01T09:13:00.000Z $IIRSA,1.2,A,,V*7A
2026-03-01T09:13:00.000Z $IIVHW,53.5,T,,M,3.9,N,,K*6C
2026-03-01T09:13:00.000Z $IIXDR,V,11.53,V,BATT*65
2026-03-01T09:13:10.000Z $GPGGA,091310,5301.3099,N,00446.1816,E,2,11,0.9,2.5,M,,M,,*57
2026-03-01T09:13:10.000Z $GPRMC,091310,A,5301.3099,N,00446.1816,E,5.3,49.3,010326,,,A*48
2026-03-01T09:13:10.000Z $IIDBT,28.6,f,8.7,M,4.8,F*2E
2026-03-01T09:13:10.000Z $IIHDG,55.0,,,1.2,E*11
2026-03-01T09:13:10.000Z $IIMWV,68.4,T,13.5,N,A*36
2026-03-01T09:13:10.000Z $IIRPM,E,1,0,,A*66
2026-03-01T09:13:10.000Z $IIRSA,1.8,A,,V*70
2026-03-01T09:13:10.000Z $IIVHW,55.0,T,,M,4.9,N,,K*68
2026-03-01T09:13:20.000Z $GPGGA,091320,5301.3155,N,00446.1646,E,2,11,0.9,2.5,M,,M,,*5E
2026-03-01T09:13:20.000Z $GPRMC,091320,A,5301.3155,N,00446.1646,E,4.5,57.2,010326,,,A*48
2026-03-01T09:13:20.000Z $IIDBT,29.4,f,9.0,M,4.9,F*2A
2026-03-01T09:13:20.000Z $IIHDG,52.0,,,1.2,E*16
2026-03-01T09:13:20.000Z $IIMWV,74.4,T,14.7,N,A*3E
2026-03-01T09:13:20.000Z $IIRPM,E,1,0,,A*66
2026-03-01T09:13:20.000Z $IIRSA,1.1,A,,V*79
2026-03-01T09:13:20.000Z $IIVHW,52.0,T,,M,4.3,N,,K*65
2026-03-01T09:13:30.000Z !AIVDM,1,1,,B,15N2447P00J`tC4;9g`R4?vN0<02,0*5E
2026-03-01T09:13:30.000Z $GPGGA,091330,5301.3234,N,00446.1940,E,2,11,0.9,2.5,M,,M,,*52
2026-03-01T09:13:30.000Z $GPRMC,091330,A,5301.3234,N,00446.1940,E,5.5,58.6,010326,,,A*4E
2026-03-01T09:13:30.000Z $GPVTG,58.5,T,,M,5.5,N,10.1,K,A*05
2026-03-01T09:13:30.000Z $GPXTE,A,A,0.024,R,N,A*2B
2026-03-01T09:13:30.000Z $IIDBT,29.0,f,8.8,M,4.8,F*26
2026-03-01T09:13:30.000Z $IIHDG,54.8,,,1.2,E*18
2026-03-01T09:13:30.000Z $IIMTA,8.0,C*3D
2026-03-01T09:13:30.000Z $IIMWV,66.3,T,13.9,N,A*33
2026-03-01T09:13:30.000Z $IIRPM,E,1,0,,A*66
2026-03-01T09:13:30.000Z $IIRSA,4.1,A,,V*7C
2026-03-01T09:13:30.000Z $IIVHW,54.8,T,,M,5.0,N,,K*69
2026-03-01T09:13:30.000Z $IIXDR,V,11.41,V,BATT*66
2026-03-01T09:13:40.000Z $GPGGA,091340,5301.3361,N,00446.2043,E,2,11,0.9,2.5,M,,M,,*5D
2026-03-01T09:13:40.000Z $GPRMC,091340,A,5301.3361,N,00446.2043,E,4.0,57.5,010326,,,A*49
2026-03-01T09:13:40.000Z $IIDBT,43.9,f,13.4,M,7.3,F*1D
2026-03-01T09:13:40.000Z $IIHDG,54.0,,,1.2,E*10
2026-03-01T09:13:40.000Z $IIMWV,74.9,T,14.5,N,A*31
2026-03-01T09:13:40.000Z $IIRPM,E,1,0,,A*66
2026-03-01T09:13:40.000Z $IIRSA,-1.7,A,,V*52
2026-03-01T09:13:40.000Z $IIVHW,54.0,T,,M,3.6,N,,K*61
2026-03-01T09:13:50.000Z $GPGGA,091350,5301.3402,N,00446.2317,E,2,11,0.9,2.5,M,,M,,*5C
2026-03-01T09:13:50.000Z $GPRMC,091350,A,5301.3402,N,00446.2317,E,4.5,52.5,010326,,,A*48
2026-03-01T09:13:50.000Z $IIDBT,21.4,f,6.5,M,3.6,F*20
2026-03-01T09:13:50.000Z $IIHDG,51.9,,,1.2,E*1C
2026-03-01T09:13:50.000Z $IIMWV,72.3,T,13.9,N,A*36
2026-03-01T09:13:50.000Z $IIRPM,E,1,0,,A*66
2026-03-01T09:13:50.000Z $IIRSA,-3.0,A,,V*57
2026-03-01T09:13:50.000Z $IIVHW,51.9,T,,M,4.1,N,,K*6D
2026-03-01T09:14:00.000Z !AIVDM,1,1,,B,15N2449P00J`tC4;9g`R4?vN0<02,0*5E
2026-03-01T09:14:00.000Z !AIVDO,1,1,,A,15RTd30000J`sV4;9a8H4?vP0000,0*7A
2026-03-01T09:14:00.000Z $GPGGA,091400,5301.3307,N,00446.2186,E,2,10,0.9,2.5,M,,M,,*57
2026-03-01T09:14:00.000Z $GPGSA,A,3,01,03,06,11,17,19,22,25,,,,,1.2,0.9,0.8*3D
2026-03-01T09:14:00.000Z $GPRMC,091400,A,5301.3307,N,00446.2186,E,4.6,53.7,010326,,,A*42
2026-03-01T09:14:00.000Z $GPVTG,53.2,T,,M,4.6,N,8.6,K,A*35
2026-03-01T09:14:00.000Z $GPXTE,A,A,0.004,L,N,A*37
2026-03-01T09:14:00.000Z $IIDBT,31.7,f,9.7,M,5.3,F*2C
2026-03-01T09:14:00.000Z $IIHDG,54.6,,,1.2,E*16
2026-03-01T09:14:00.000Z $IIMDA,29.9392,I,1.0139,B,8.1,C,,C,,,,,,,,,,*54
2026-03-01T09:14:00.000Z $IIMTA,7.9,C*3B
2026-03-01T09:14:00.000Z $IIMTW,6.3,C*26
2026-03-01T09:14:00.000Z $IIMWV,72.6,T,15.0,N,A*3C
2026-03-01T09:14:00.000Z $IIRPM,E,1,0,,A*66
2026-03-01T09:14:00.000Z $IIRSA,3.3,A,,V*79
2026-03-01T09:14:00.000Z $IIVHW,54.6,T,,M,4.3,N,,K*65
2026-03-01T09:14:00.000Z $IIXDR,V,11.55,V,BATT*63
2026-03-01T09:14:10.000Z $GPGGA,091410,5301.3416,N,00446.2380,E,2,9,0.9,2.5,M,,M,,*6D
2026-03-01T09:14:10.000Z $GPRMC,091410,A,5301.3416,N,00446.2380,E,4.0,52.2,010326,,,A*42
2026-03-01T09:14:10.000Z $IIDBT,43.5,f,13.2,M,7.2,F*16
2026-03-01T09:14:10.000Z $IIHDG,53.9,,,1.2,E*1E
2026-03-01T09:14:10.000Z $IIMWV,76.7,T,13.2,N,A*3D
2026-03-01T09:14:10.000Z $IIRPM,E,1,0,,A*66
2026-03-01T09:14:10.000Z $IIRSA,-3.3,A,,V*54
2026-03-01T09:14:10.000Z $IIVHW,53.9,T,,M,3.6,N,,K*6F
2026-03-01T09:14:20.000Z $GPGGA,091420,5301.3482,N,00446.2389,E,2,9,0.9,2.5,M,,M,,*6A
2026-03-01T09:14:20.000Z $GPRMC,091420,A,5301.3482,N,00446.2389,E,4.0,60.7,010326,,,A*41
2026-03-01T09:14:20.000Z $IIDBT,30.8,f,9.4,M,5.1,F*23
2026-03-01T09:14:20.000Z $IIHDG,55.0,,,1.2,E*11
2026-03-01T09:14:20.000Z $IIMWV,75.4,T,14.6,N,A*3E
2026-03-01T09:14:20.000Z $IIRPM,E,1,0,,A*66
2026-03-01T09:14:20.000Z $IIRSA,2.2,A,,V*79
2026-03-01T09:14:20.000Z $IIVHW,55.0,T,,M,3.9,N,,K*6F
2026-03-01T09:14:30.000Z $GPGGA,091430,5301.3580,N,00446.2711,E,2,10,0.9,2.5,M,,M,,*55
2026-03-01T09:14:30.000Z $GPRMC,091430,A,5301.3580,N,00446.2711,E,4.2,59.9,010326,,,A*40
2026-03-01T09:14:30.000Z $GPVTG,59.3,T,,M,4.2,N,7.7,K,A*34
2026-03-01T09:14:30.000Z $GPXTE,A,A,0.003,R,N,A*2E
2026-03-01T09:14:30.000Z $IIDBT,35.2,f,10.7,M,5.9,F*1F
2026-03-01T09:14:30.000Z $IIHDG,54.1,,,1.2,E*11
2026-03-01T09:14:30.000Z $IIMTA,8.2,C*3F
2026-03-01T09:14:30.000Z $IIMWV,64.8,T,13.3,N,A*30
2026-03-01T09:14:30.000Z $IIRPM,E,1,0,,A*66
2026-03-01T09:14:30.000Z $IIRSA,0.5,A,,V*7C
2026-03-01T09:14:30.000Z $IIVHW,54.1,T,,M,3.7,N,,K*61
2026-03-01T09:14:30.000Z $IIXDR,V,11.26,V,BATT*67
2026-03-01T09:14:40.000Z !AIVDM,1,1,,B,15N2460P00J`tC4;9g`R4?vN0<02,0*5E
2026-03-01T09:14:40.000Z $GPGGA,091440,5301.3425,N,00446.2627,E,2,8,0.9,2.5,M,,M,,*61
2026-03-01T09:14:40.000Z $GPRMC,091440,A,5301.3425,N,00446.2627,E,5.4,59.3,010326,,,A*40
2026-03-01T09:14:40.000Z $IIDBT,40.7,f,12.4,M,6.8,F*1B
2026-03-01T09:14:40.000Z $IIHDG,54.9,,,1.2,E*19
2026-03-01T09:14:40.000Z $IIMWV,74.5,T,14.3,N,A*3B
2026-03-01T09:14:40.000Z $IIRPM,E,1,0,,A*66
2026-03-01T09:14:40.000Z $IIRSA,-4.4,A,,V*54
2026-03-01T09:14:40.000Z $IIVHW,54.9,T,,M,4.9,N,,K*60
2026-03-01T09:14:50.000Z $GPGGA,091450,5301.3674,N,00446.2755,E,2,8,0.9,2.5,M,,M,,*62
2026-03-01T09:14:50.000Z $GPRMC,091450,A,5301.3674,N,00446.2755,E,5.1,59.9,010326,,,A*4C
2026-03-01T09:14:50.000Z $IIDBT,34.9,f,10.6,M,5.8,F*15
2026-03-01T09:14:50.000Z $IIHDG,54.3,,,1.2,E*13
2026-03-01T09:14:50.000Z $IIMWV,66.3,T,15.0,N,A*3C
2026-03-01T09:14:50.000Z $IIRPM,E,1,0,,A*66
2026-03-01T09:14:50.000Z $IIRSA,-4.7,A,,V*57
2026-03-01T09:14:50.000Z $IIVHW,54.3,T,,M,4.9,N,,K*6A
2026-03-01T09:15:00.000Z !AIVDO,1,1,,A,15RTd30000J`sV4;9a8H4?vP0000,0*7A
2026-03-01T09:15:00.000Z $GPGGA,091500,5301.3603,N,00446.3054,E,2,8,0.9,2.5,M,,M,,*61
2026-03-01T09:15:00.000Z $GPGSA,A,3,01,03,06,11,17,19,22,25,,,,,1.2,0.9,0.8*3D
2026-03-01T09:15:00.000Z $GPRMC,091500,A,5301.3603,N,00446.3054,E,5.3,59.4,010326,,,A*40
2026-03-01T09:15:00.000Z $GPVTG,59.2,T,,M,5.3,N,9.8,K,A*34
2026-03-01T09:15:00.000Z $GPXTE,A,A,0.033,R,N,A*2D
2026-03-01T09:15:00.000Z $IIDBT,24.4,f,7.4,M,4.1,F*25
2026-03-01T09:15:00.000Z $IIHDG,53.9,,,1.2,E*1E
2026-03-01T09:15:00.000Z $IIMDA,29.9463,I,1.0141,B,7.8,C,,C,,,,,,,,,,*54
2026-03-01T09:15:00.000Z $IIMTA,8.2,C*3F
2026-03-01T09:15:00.000Z $IIMTW,6.3,C*26
2026-03-01T09:15:00.000Z $IIMWV,70.1,T,14.1,N,A*39
2026-03-01T09:15:00.000Z $IIRPM,E,1,0,,A*66
2026-03-01T09:15:00.000Z $IIRSA,-3.6,A,,V*51
2026-03-01T09:15:00.000Z $IIVHW,53.9,T,,M,5.0,N,,K*6F
2026-03-01T09:15:00.000Z $IIXDR,V,11.52,V,BATT*64
2026-03-01T09:15:10.000Z $GPGGA,091510,5301.3713,N,00446.3215,E,2,11,0.9,2.5,M,,M,,*5F
2026-03-01T09:15:10.000Z $GPRMC,091510,A,5301.3713,N,00446.3215,E,5.9,58.4,010326,,,A*4D
2026-03-01T09:15:10.000Z $IIDBT,22.8,f,7.0,M,3.8,F*25
2026-03-01T09:15:10.000Z $IIHDG,51.0,,,1.2,E*15
2026-03-01T09:15:10.000Z $IIMWV,67.6,T,13.3,N,A*3D
2026-03-01T09:15:10.000Z $IIRPM,E,1,0,,A*66
2026-03-01T09:15:10.000Z $IIRSA,4.0,A,,V*7D
2026-03-01T09:15:10.000Z $IIVHW,51.0,T,,M,5.7,N,,K*63
2026-03-01T09:15:20.000Z $GPGGA,091520,5301.3559,N,00446.3108,E,2,8,0.9,2.5,M,,M,,*67
2026-03-01T09:15:20.000Z $GPRMC,091520,A,5301.3559,N,00446.3108,E,4.4,52.5,010326,,,A*4A
2026-03-01T09:15:20.000Z $IIDBT,20.1,f,6.1,M,3.4,F*22
2026-03-01T09:15:20.000Z $IIHDG,51.2,,,1.2,E*17
2026-03-01T09:15:20.000Z $IIMWV,63.7,T,14.8,N,A*34
2026-03-01T09:15:20.000Z $IIRPM,E,1,0,,A*66
2026-03-01T09:15:20.000Z $IIRSA,0.3,A,,V*7A
2026-03-01T09:15:20.000Z $IIVHW,51.2,T,,M,4.2,N,,K*65
2026-03-01T09:15:30.000Z $GPGGA,091530,5301.3790,N,00446.3511,E,2,8,0.9,2.5,M,,M,,*6D
2026-03-01T09:15:30.000Z $GPRMC,091530,A,5301.3790,N,00446.3511,E,5.8,59.6,010326,,,A*45
2026-03-01T09:15:30.000Z $GPVTG,59.4,T,,M,5.8,N,10.8,K,A*01
2026-03-01T09:15:30.000Z $GPXTE,A,A,0.035,R,N,A*2B
2026-03-01T09:15:30.000Z $IIDBT,22.1,f,6.7,M,3.7,F*25
2026-03-01T09:15:30.000Z $IIHDG,53.3,,,1.2,E*14
2026-03-01T09:15:30.000Z $IIMTA,7.8,C*3A
2026-03-01T09:15:30.000Z $IIMWV,64.3,T,13.6,N,A*3E
2026-03-01T09:15:30.000Z $IIRPM,E,1,0,,A*66
2026-03-01T09:15:30.000Z $IIRSA,-2.5,A,,V*53
2026-03-01T09:15:30.000Z $IIVHW,53.3,T,,M,5.6,N,,K*63
2026-03-01T09:15:30.000Z $IIXDR,V,11.82,V,BATT*69
2026-03-01T09:15:40.000Z $GPGGA,091540,5301.3698,N,00446.3658,E,2,9,0.9,2.5,M,,M,,*6C
2026-03-01T09:15:40.000Z $GPRMC,091540,A,5301.3698,N,00446.3658,E,5.2,51.6,010326,,,A*47
2026-03-01T09:15:40.000Z $IIDBT,41.0,f,12.5,M,6.8,F*1C
2026-03-01T09:15:40.000Z $IIHDG,54.2,,,1.2,E*12
2026-03-01T09:15:40.000Z $IIMWV,73.3,T,14.3,N,A*3A
2026-03-01T09:15:40.000Z $IIRPM,E,1,0,,A*66
2026-03-01T09:15:40.000Z $IIRSA,4.3,A,,V*7E
2026-03-01T09:15:40.000Z $IIVHW,54.2,T,,M,5.1,N,,K*62
2026-03-01T09:15:50.000Z $GPGGA,091550,5301.3775,N,00446.3766,E,2,9,0.9,2.5,M,,M,,*63
2026-03-01T09:15:50.000Z $GPRMC,091550,A,5301.3775,N,00446.3766,E,4.9,51.8,010326,,,A*4C
2026-03-01T09:15:50.000Z $IIDBT,41.3,f,12.6,M,6.9,F*1D
2026-03-01T09:15:50.000Z $IIHDG,51.5,,,1.2,E*10
2026-03-01T09:15:50.000Z $IIMWV,67.9,T,13.2,N,A*33
2026-03-01T09:15:50.000Z $IIRPM,E,1,0,,A*66
2026-03-01T09:15:50.000Z $IIRSA,-1.5,A,,V*50
2026-03-01T09:15:50.000Z $IIVHW,51.5,T,,M,4.5,N,,K*65
2026-03-01T09:16:00.000Z !AIVDM,1,1,,B,15N2451P00J`tC4;9g`R4?vN0<02,0*5E
2026-03-01T09:16:00.000Z !AIVDO,1,1,,A,15RTd30000J`sV4;9a8H4?vP0000,0*7A
2026-03-01T09:16:00.000Z $GPGGA,091600,5301.3863,N,00446.3608,E,2,11,0.9,2.5,M,,M,,*5D
2026-03-01T09:16:00.000Z $GPGSA,A,3,01,03,06,11,17,19,22,25,,,,,1.2,0.9,0.8*3D
2026-03-01T09:16:00.000Z $GPRMC,091600,A,5301.3863,N,00446.3608,E,5.4,58.5,010326,,,A*43
2026-03-01T09:16:00.000Z $GPVTG,58.1,T,,M,5.4,N,10.0,K,A*01
2026-03-01T09:16:00.000Z $GPXTE,A,A,0.009,R,N,A*24
2026-03-01T09:16:00.000Z $IIDBT,34.2,f,10.4,M,5.7,F*13
2026-03-01T09:16:00.000Z $IIHDG,53.2,,,1.2,E*15
2026-03-01T09:16:00.000Z $IIMDA,29.9546,I,1.0144,B,8.1,C,,C,,,,,,,,,,*51
2026-03-01T09:16:00.000Z $IIMTA,8.1,C*3C
2026-03-01T09:16:00.000Z $IIMTW,6.3,C*26
2026-03-01T09:16:00.000Z $IIMWV,67.3,T,13.8,N,A*33
2026-03-01T09:16:00.000Z $IIRPM,E,1,0,,A*66
2026-03-01T09:16:00.000Z $IIRSA,1.8,A,,V*70
2026-03-01T09:16:00.000Z $IIVHW,53.2,T,,M,5.1,N,,K*65
2026-03-01T09:16:00.000Z $IIXDR,V,11.55,V,BATT*63
2026-03-01T09:16:10.000Z $GPGGA,091610,5301.3923,N,00446.3705,E,2,8,0.9,2.5,M,,M,,*6D
2026-03-01T09:16:10.000Z $GPRMC,091610,A,5301.3923,N,00446.3705,E,6.0,51.9,010326,,,A*49
2026-03-01T09:16:10.000Z $IIDBT,22.9,f,7.0,M,3.8,F*24
2026-03-01T09:16:10.000Z $IIHDG,51.3,,,1.2,E*16
2026-03-01T09:16:10.000Z $IIMWV,63.2,T,13.5,N,A*3B
2026-03-01T09:16:10.000Z $IIRPM,E,1,0,,A*66
2026-03-01T09:16:10.000Z $IIRSA,2.1,A,,V*7A
2026-03-01T09:16:10.000Z $IIVHW,51.3,T,,M,5.8,N,,K*6F
2026-03-01T09:16:20.000Z $GPGGA,091620,5301.3911,N,00446.3913,E,2,10,0.9,2.5,M,,M,,*5F
2026-03-01T09:16:20.000Z $GPRMC,091620,A,5301.3911,N,00446.3913,E,4.2,52.5,010326,,,A*4D
2026-03-01T09:16:20.000Z $IIDBT,27.3,f,8.3,M,4.5,F*2D
2026-03-01T09:16:20.000Z $IIHDG,51.3,,,1.2,E*16
2026-03-01T09:16:20.000Z $IIMWV,74.0,T,14.2,N,A*3F
2026-03-01T09:16:20.000Z $IIRPM,E,1,0,,A*66
2026-03-01T09:16:20.000Z $IIRSA,5.0,A,,V*7C
2026-03-01T09:16:20.000Z $IIVHW,51.3,T,,M,3.8,N,,K*69
2026-03-01T09:16:30.000Z $GPGGA,091630,5301.3837,N,00446.4132,E,2,8,0.9,2.5,M,,M,,*6E
2026-03-01T09:16:30.000Z $GPRMC,091630,A,5301.3837,N,00446.4132,E,4.0,49.0,010326,,,A*48
2026-03-01T09:16:30.000Z $GPVTG,49.6,T,,M,4.0,N,7.5,K,A*30
2026-03-01T09:16:30.000Z $GPXTE,A,A,0.021,R,N,A*2E
2026-03-01T09:16:30.000Z $IIDBT,39.1,f,11.9,M,6.5,F*10
2026-03-01T09:16:30.000Z $IIHDG,53.0,,,1.2,E*17
2026-03-01T09:16:30.000Z $IIMTA,7.9,C*3B
2026-03-01T09:16:30.000Z $IIMWV,68.6,T,14.3,N,A*35
2026-03-01T09:16:30.000Z $IIRPM,E,1,0,,A*66
2026-03-01T09:16:30.000Z $IIRSA,-1.5,A,,V*50
2026-03-01T09:16:30.000Z $IIVHW,53.0,T,,M,3.9,N,,K*69
2026-03-01T09:16:30.000Z $IIXDR,V,11.34,V,BATT*64
2026-03-01T09:16:40.000Z $GPGGA,091640,5301.3913,N,00446.4336,E,2,10,0.9,2.5,M,,M,,*51
2026-03-01T09:16:40.000Z $GPRMC,091640,A,5301.3913,N,00446.4336,E,4.6,54.5,010326,,,A*41
2026-03-01T09:16:40.000Z $IIDBT,25.1,f,7.6,M,4.2,F*20
2026-03-01T09:16:40.000Z $IIHDG,54.7,,,1.2,E*17
2026-03-01T09:16:40.000Z $IIMWV,68.8,T,14.1,N,A*39
2026-03-01T09:16:40.000Z $IIRPM,E,1,0,,A*66
2026-03-01T09:16:40.000Z $IIRSA,-1.7,A,,V*52
2026-03-01T09:16:40.000Z $IIVHW,54.7,T,,M,4.5,N,,K*62
2026-03-01T09:16:50.000Z !AIVDM,1,1,,B,15N2445P00J`tC4;9g`R4?vN0<02,0*5E
2026-03-01T09:16:50.000Z $GPGGA,091650,5301.3900,N,00446.4459,E,2,8,0.9,2.5,M,,M,,*65
2026-03-01T09:16:50.000Z $GPRMC,091650,A,5301.3900,N,00446.4459,E,6.0,51.4,010326,,,A*4C
2026-03-01T09:16:50.000Z $IIDBT,43.7,f,13.3,M,7.3,F*14
2026-03-01T09:16:50.000Z $IIHDG,54.6,,,1.2,E*16
2026-03-01T09:16:50.000Z $IIMWV,65.8,T,13.9,N,A*3B
2026-03-01T09:16:50.000Z $IIRPM,E,1,0,,A*66
2026-03-01T09:16:50.000Z $IIRSA,-2.9,A,,V*5F
2026-03-01T09:16:50.000Z $IIVHW,54.6,T,,M,5.8,N,,K*6F
2026-03-01T09:17:00.000Z !AIVDM,1,1,,B,15N2445P00J`tC4;9g`R4?vN0<02,0*5E
2026-03-01T09:17:00.000Z !AIVDO,1,1,,A,15RTd30000J`sV4;9a8H4?vP0000,0*7A
2026-03-01T09:17:00.000Z $GPGGA,091700,5301.3991,N,00446.4629,E,2,9,0.9,2.5,M,,M,,*6D
2026-03-01T09:17:00.000Z $GPGSA,A,3,01,03,06,11,17,19,22,25,,,,,1.2,0.9,0.8*3D
2026-03-01T09:17:00.000Z $GPRMC,091700,A,5301.3991,N,00446.4629,E,5.6,59.6,010326,,,A*4A
2026-03-01T09:17:00.000Z $GPVTG,59.7,T,,M,5.6,N,10.4,K,A*00
2026-03-01T09:17:00.000Z $GPXTE,A,A,0.038,L,N,A*38
2026-03-01T09:17:00.000Z $IIDBT,36.6,f,11.2,M,6.1,F*17
2026-03-01T09:17:00.000Z $IIHDG,54.7,,,1.2,E*17
2026-03-01T09:17:00.000Z $IIMDA,29.9456,I,1.0141,B,7.8,C,,C,,,,,,,,,,*52
2026-03-01T09:17:00.000Z $IIMTA,8.0,C*3D
2026-03-01T09:17:00.000Z $IIMTW,6.7,C*22
2026-03-01T09:17:00.000Z $IIMWV,77.4,T,14.5,N,A*3F
2026-03-01T09:17:00.000Z $IIRPM,E,1,0,,A*66
2026-03-01T09:17:00.000Z $IIRSA,2.6,A,,V*7D
2026-03-01T09:17:00.000Z $IIVHW,54.7,T,,M,5.2,N,,K*64
2026-03-01T09:17:00.000Z $IIXDR,V,11.76,V,BATT*62
2026-03-01T09:17:10.000Z $GPGGA,091710,5301.4132,N,00446.4745,E,2,8,0.9,2.5,M,,M,,*60
2026-03-01T09:17:10.000Z $GPRMC,091710,A,5301.4132,N,00446.4745,E,5.2,57.4,010326,,,A*4E
2026-03-01T09:17:10.000Z $IIDBT,43.4,f,13.2,M,7.2,F*17
2026-03-01T09:17:10.000Z $IIHDG,53.7,,,1.2,E*10
2026-03-01T09:17:10.000Z $IIMWV,71.4,T,14.3,N,A*3F
2026-03-01T09:17:10.000Z $IIRPM,E,1,0,,A*66
2026-03-01T09:17:10.000Z $IIRSA,-2.5,A,,V*53
2026-03-01T09:17:10.000Z $IIVHW,53.7,T,,M,5.1,N,,K*60
2026-03-01T09:17:20.000Z !AIVDM,1,1,,B,15N2446P00J`tC4;9g`R4?vN0<02,0*5E
2026-03-01T09:17:20.000Z $GPGGA,091720,5301.4213,N,00446.4668,E,2,9,0.9,2.5,M,,M,,*6C
2026-03-01T09:17:20.000Z $GPRMC,091720,A,5301.4213,N,00446.4668,E,5.3,58.3,010326,,,A*4A
2026-03-01T09:17:20.000Z $IIDBT,23.4,f,7.1,M,3.9,F*28
2026-03-01T09:17:20.000Z $IIHDG,52.1,,,1.2,E*17
2026-03-01T09:17:20.000Z $IIMWV,77.5,T,13.2,N,A*3E
2026-03-01T09:17:20.000Z $IIRPM,E,1,0,,A*66
2026-03-01T09:17:20.000Z $IIRSA,-2.3,A,,V*55
2026-03-01T09:17:20.000Z $IIVHW,52.1,T,,M,4.8,N,,K*6F
2026-03-01T09:17:30.000Z !AIVDM,1,1,,B,15N2447P00J`tC4;9g`R4?vN0<02,0*5E
2026-03-01T09:17:30.000Z $GPGGA,091730,5301.4244,N,00446.4959,E,2,11,0.9,2.5,M,,M,,*5B
2026-03-01T09:17:30.000Z $GPRMC,091730,A,5301.4244,N,00446.4959,E,4.7,54.4,010326,,,A*4A
2026-03-01T09:17:30.000Z $GPVTG,54.8,T,,M,4.7,N,8.7,K,A*38
2026-03-01T09:17:30.000Z $GPXTE,A,A,0.009,R,N,A*24
2026-03-01T09:17:30.000Z $IIDBT,26.2,f,8.0,M,4.4,F*2F
2026-03-01T09:17:30.000Z $IIHDG,51.2,,,1.2,E*17
2026-03-01T09:17:30.000Z $IIMTA,8.1,C*3C
2026-03-01T09:17:30.000Z $IIMWV,72.6,T,13.2,N,A*38
2026-03-01T09:17:30.000Z $IIRPM,E,1,0,,A*66
2026-03-01T09:17:30.000Z $IIRSA,4.4,A,,V*79
2026-03-01T09:17:30.000Z $IIVHW,51.2,T,,M,4.5,N,,K*62
2026-03-01T09:17:30.000Z $IIXDR,V,11.50,V,BATT*66
2026-03-01T09:17:40.000Z $GPGGA,091740,5301.4157,N,00446.4999,E,2,11,0.9,2.5,M,,M,,*51
2026-03-01T09:17:40.000Z $GPRMC,091740,A,5301.4157,N,00446.4999,E,5.3,53.9,010326,,,A*4F
2026-03-01T09:17:40.000Z $IIDBT,45.7,f,13.9,M,7.6,F*1D
2026-03-01T09:17:40.000Z $IIHDG,54.1,,,1.2,E*11
2026-03-01T09:17:40.000Z $IIMWV,64.6,T,13.7,N,A*3A
2026-03-01T09:17:40.000Z $IIRPM,E,1,0,,A*66
2026-03-01T09:17:40.000Z $IIRSA,4.8,A,,V*75
2026-03-01T09:17:40.000Z $IIVHW,54.1,T,,M,5.0,N,,K*60
2026-03-01T09:17:50.000Z $GPGGA,091750,5301.4320,N,00446.5174,E,2,8,0.9,2.5,M,,M,,*60
2026-03-01T09:17:50.000Z $GPRMC,091750,A,5301.4320,N,00446.5174,E,5.8,56.2,010326,,,A*43
2026-03-01T09:17:50.000Z $IIDBT,34.5,f,10.5,M,5.8,F*1A
2026-03-01T09:17:50.000Z $IIHDG,51.6,,,1.2,E*13
2026-03-01T09:17:50.000Z $IIMWV,71.6,T,14.1,N,A*3F
2026-03-01T09:17:50.000Z $IIRPM,E,1,0,,A*66
2026-03-01T09:17:50.000Z $IIRSA,-1.1,A,,V*54
2026-03-01T09:17:50.000Z $IIVHW,51.6,T,,M,5.4,N,,K*66
2026-03-01T09:18:00.000Z !AIVDO,1,1,,A,15RTd30000J`sV4;9a8H4?vP0000,0*7A
2026-03-01T09:18:00.000Z $GPGGA,091800,5301.4344,N,00446.5028,E,2,8,0.9,2.5,M,,M,,*60
2026-03-01T09:18:00.000Z $GPGSA,A,3,01,03,06,11,17,19,22,25,,,,,1.2,0.9,0.8*3D
2026-03-01T09:18:00.000Z $GPRMC,091800,A,5301.4344,N,00446.5028,E,4.2,54.6,010326,,,A*4E
2026-03-01T09:18:00.000Z $GPVTG,55.0,T,,M,4.2,N,7.8,K,A*34
2026-03-01T09:18:00.000Z $GPXTE,A,A,0.046,L,N,A*31
2026-03-01T09:18:00.000Z $IIDBT,21.8,f,6.6,M,3.6,F*2F
2026-03-01T09:18:00.000Z $IIHDG,54.7,,,1.2,E*17
2026-03-01T09:18:00.000Z $IIMDA,29.9488,I,1.0142,B,7.9,C,,C,,,,,,,,,,*53
2026-03-01T09:18:00.000Z $IIMTA,7.7,C*35
2026-03-01T09:18:00.000Z $IIMTW,6.6,C*23
2026-03-01T09:18:00.000Z $IIMWV,77.3,T,14.2,N,A*3F
2026-03-01T09:18:00.000Z $IIRPM,E,1,0,,A*66
2026-03-01T09:18:00.000Z $IIRSA,-1.5,A,,V*50
2026-03-01T09:18:00.000Z $IIVHW,54.7,T,,M,3.9,N,,K*69
2026-03-01T09:18:00.000Z $IIXDR,V,11.43,V,BATT*64
2026-03-01T09:18:10.000Z $GPGGA,091810,5301.4194,N,00446.5403,E,2,9,0.9,2.5,M,,M,,*62
2026-03-01T09:18:10.000Z $GPRMC,091810,A,5301.4194,N,00446.5403,E,5.9,52.5,010326,,,A*42
2026-03-01T09:18:10.000Z $IIDBT,37.8,f,11.5,M,6.3,F*1D
2026-03-01T09:18:10.000Z $IIHDG,51.4,,,1.2,E*11
2026-03-01T09:18:10.000Z $IIMWV,74.7,T,13.2,N,A*3F
2026-03-01T09:18:10.000Z $IIRPM,E,1,0,,A*66
2026-03-01T09:18:10.000Z $IIRSA,-3.0,A,,V*57
2026-03-01T09:18:10.000Z $IIVHW,51.4,T,,M,5.5,N,,K*65
2026-03-01T09:18:20.000Z !AIVDM,1,1,,B,15N2447P00J`tC4;9g`R4?vN0<02,0*5E
2026-03-01T09:18:20.000Z $GPGGA,091820,5301.4296,N,00446.5423,E,2,8,0.9,2.5,M,,M,,*63
2026-03-01T09:18:20.000Z $GPRMC,091820,A,5301.4296,N,00446.5423,E,5.3,55.3,010326,,,A*49
2026-03-01T09:18:20.000Z $IIDBT,28.5,f,8.7,M,4.7,F*22
2026-03-01T09:18:20.000Z $IIHDG,51.4,,,1.2,E*11
2026-03-01T09:18:20.000Z $IIMWV,73.9,T,13.3,N,A*37
2026-03-01T09:18:20.000Z $IIRPM,E,1,0,,A*66
2026-03-01T09:18:20.000Z $IIRSA,-0.9,A,,V*5D
2026-03-01T09:18:20.000Z $IIVHW,51.4,T,,M,4.8,N,,K*69
2026-03-01T09:18:30.000Z $GPGGA,091830,5301.4407,N,00446.5661,E,2,11,0.9,2.5,M,,M,,*50
2026-03-01T09:18:30.000Z $GPRMC,091830,A,5301.4407,N,00446.5661,E,4.9,51.9,010326,,,A*47
2026-03-01T09:18:30.000Z $GPVTG,51.8,T,,M,4.9,N,9.1,K,A*34
2026-03-01T09:18:30.000Z $GPXTE,A,A,0.008,L,N,A*3B
2026-03-01T09:18:30.000Z $IIDBT,38.9,f,11.9,M,6.5,F*19
2026-03-01T09:18:30.000Z $IIHDG,52.7,,,1.2,E*11
2026-03-01T09:18:30.000Z $IIMTA,8.2,C*3F
2026-03-01T09:18:30.000Z $IIMWV,62.1,T,13.6,N,A*3A
2026-03-01T09:18:30.000Z $IIRPM,E,1,0,,A*66
2026-03-01T09:18:30.000Z $IIRSA,2.4,A,,V*7F
2026-03-01T09:18:30.000Z $IIVHW,52.7,T,,M,4.6,N,,K*67
2026-03-01T09:18:30.000Z $IIXDR,V,11.68,V,BATT*6D
2026-03-01T09:18:40.000Z $GPGGA,091840,5301.4458,N,00446.5739,E,2,11,0.9,2.5,M,,M,,*51
2026-03-01T09:18:40.000Z $GPRMC,091840,A,5301.4458,N,00446.5739,E,4.4,60.0,010326,,,A*40
2026-03-01T09:18:40.000Z $IIDBT,20.0,f,6.1,M,3.3,F*24
2026-03-01T09:18:40.000Z $IIHDG,52.6,,,1.2,E*10
2026-03-01T09:18:40.000Z $IIMWV,71.0,T,14.2,N,A*3A
2026-03-01T09:18:40.000Z $IIRPM,E,1,0,,A*66
2026-03-01T09:18:40.000Z $IIRSA,4.8,A,,V*75
2026-03-01T09:18:40.000Z $IIVHW,52.6,T,,M,3.9,N,,K*6E
2026-03-01T09:18:50.000Z $GPGGA,091850,5301.4531,N,00446.5715,E,2,8,0.9,2.5,M,,M,,*68
2026-03-01T09:18:50.000Z $GPRMC,091850,A,5301.4531,N,00446.5715,E,5.2,58.4,010326,,,A*49
2026-03-01T09:18:50.000Z $IIDBT,34.9,f,10.6,M,5.8,F*15
2026-03-01T09:18:50.000Z $IIHDG,54.9,,,1.2,E*19
2026-03-01T09:18:50.000Z $IIMWV,70.1,T,13.2,N,A*3D
2026-03-01T09:18:50.000Z $IIRPM,E,1,0,,A*66
2026-03-01T09:18:50.000Z $IIRSA,-0.1,A,,V*55
2026-03-01T09:18:50.000Z $IIVHW,54.9,T,,M,4.8,N,,K*61
2026-03-01T09:19:00.000Z !AIVDO,1,1,,A,15RTd30000J`sV4;9a8H4?vP0000,0*7A
2026-03-01T09:19:00.000Z $GPGGA,091900,5301.4416,N,00446.6028,E,2,9,0.9,2.5,M,,M,,*63
2026-03-01T09:19:00.000Z $GPGSA,A,3,01,03,06,11,17,19,22,25,,,,,1.2,0.9,0.8*3D
2026-03-01T09:19:00.000Z $GPRMC,091900,A,5301.4416,N,00446.6028,E,4.1,52.5,010326,,,A*4A
2026-03-01T09:19:00.000Z $GPVTG,52.7,T,,M,4.1,N,7.7,K,A*38
2026-03-01T09:19:00.000Z $GPXTE,A,A,0.002,R,N,A*2F
2026-03-01T09:19:00.000Z $IIDBT,23.4,f,7.1,M,3.9,F*28
2026-03-01T09:19:00.000Z $IIHDG,51.8,,,1.2,E*1D
2026-03-01T09:19:00.000Z $IIMDA,29.9477,I,1.0141,B,8.1,C,,C,,,,,,,,,,*57
2026-03-01T09:19:00.000Z $IIMTA,8.1,C*3C
2026-03-01T09:19:00.000Z $IIMTW,6.7,C*22
2026-03-01T09:19:00.000Z $IIMWV,70.1,T,14.8,N,A*30
2026-03-01T09:19:00.000Z $IIRPM,E,1,0,,A*66
2026-03-01T09:19:00.000Z $IIRSA,-3.0,A,,V*57
2026-03-01T09:19:00.000Z $IIVHW,51.8,T,,M,3.9,N,,K*63
2026-03-01T09:19:00.000Z $IIXDR,V,11.42,V,BATT*65
2026-03-01T09:19:10.000Z !AIVDM,1,1,,B,15N2447P00J`tC4;9g`R4?vN0<02,0*5E
2026-03-01T09:19:10.000Z $GPGGA,091910,5301.4468,N,00446.6081,E,2,11,0.9,2.5,M,,M,,*51
2026-03-01T09:19:10.000Z $GPRMC,091910,A,5301.4468,N,00446.6081,E,5.6,58.8,010326,,,A*40
2026-03-01T09:19:10.000Z $IIDBT,28.2,f,8.6,M,4.7,F*24
2026-03-01T09:19:10.000Z $IIHDG,51.9,,,1.2,E*1C
2026-03-01T09:19:10.000Z $IIMWV,63.3,T,14.5,N,A*3D
2026-03-01T09:19:10.000Z $IIRPM,E,1,0,,A*66
2026-03-01T09:19:10.000Z $IIRSA,3.1,A,,V*7B
2026-03-01T09:19:10.000Z $IIVHW,51.9,T,,M,5.3,N,,K*6E
2026-03-01T09:19:20.000Z $GPGGA,091920,5301.4542,N,00446.6284,E,2,8,0.9,2.5,M,,M,,*64
2026-03-01T09:19:20.000Z $GPRMC,091920,A,5301.4542,N,00446.6284,E,5.0,51.9,010326,,,A*43
2026-03-01T09:19:20.000Z $IIDBT,24.1,f,7.3,M,4.0,F*26
2026-03-01T09:19:20.000Z $IIHDG,51.7,,,1.2,E*12
2026-03-01T09:19:20.000Z $IIMWV,74.8,T,14.1,N,A*34
2026-03-01T09:19:20.000Z $IIRPM,E,1,0,,A*66
2026-03-01T09:19:20.000Z $IIRSA,0.8,A,,V*71
2026-03-01T09:19:20.000Z $IIVHW,51.7,T,,M,4.6,N,,K*64
2026-03-01T09:19:30.000Z $GPGGA,091930,5301.4475,N,00446.6387,E,2,10,0.9,2.5,M,,M,,*5B
2026-03-01T09:19:30.000Z $GPRMC,091930,A,5301.4475,N,00446.6387,E,5.5,59.2,010326,,,A*43
2026-03-01T09:19:30.000Z $GPVTG,59.2,T,,M,5.5,N,10.1,K,A*03
2026-03-01T09:19:30.000Z $GPXTE,A,A,0.040,L,N,A*37
2026-03-01T09:19:30.000Z $IIDBT,24.6,f,7.5,M,4.1,F*26
2026-03-01T09:19:30.000Z $IIHDG,51.6,,,1.2,E*13
2026-03-01T09:19:30.000Z $IIMTA,8.0,C*3D
2026-03-01T09:19:30.000Z $IIMWV,76.2,T,14.9,N,A*34
2026-03-01T09:19:30.000Z $IIRPM,E,1,0,,A*66
2026-03-01T09:19:30.000Z $IIRSA,-2.6,A,,V*50
2026-03-01T09:19:30.000Z $IIVHW,51.6,T,,M,5.1,N,,K*63
2026-03-01T09:19:30.000Z $IIXDR,V,11.58,V,BATT*6E
2026-03-01T09:19:40.000Z !AIVDM,1,1,,B,15N2449P00J`tC4;9g`R4?vN0<02,0*5E
2026-03-01T09:19:40.000Z $GPGGA,091940,5301.4687,N,00446.6325,E,2,8,0.9,2.5,M,,M,,*62
2026-03-01T09:19:40.000Z $GPRMC,091940,A,5301.4687,N,00446.6325,E,4.6,59.5,010326,,,A*46
2026-03-01T09:19:40.000Z $IIDBT,25.0,f,7.6,M,4.2,F*21
2026-03-01T09:19:40.000Z $IIHDG,52.8,,,1.2,E*1E
2026-03-01T09:19:40.000Z $IIMWV,69.6,T,14.9,N,A*3E
2026-03-01T09:19:40.000Z $IIRPM,E,1,0,,A*66
2026-03-01T09:19:40.000Z $IIRSA,-1.3,A,,V*56
2026-03-01T09:19:40.000Z $IIVHW,52.8,T,,M,4.4,N,,K*6A
2026-03-01T09:19:50.000Z $GPGGA,091950,5301.4627,N,00446.6494,E,2,8,0.9,2.5,M,,M,,*64
2026-03-01T09:19:50.000Z $GPRMC,091950,A,5301.4627,N,00446.6494,E,5.7,60.0,010326,,,A*4F
2026-03-01T09:19:50.000Z $IIDBT,28.8,f,8.8,M,4.8,F*2F
2026-03-01T09:19:50.000Z $IIHDG,51.9,,,1.2,E*1C
2026-03-01T09:19:50.000Z $IIMWV,68.7,T,14.3,N,A*34
2026-03-01T09:19:50.000Z $IIRPM,E,1,0,,A*66
2026-03-01T09:19:50.000Z $IIRSA,-4.2,A,,V*52
2026-03-01T09:19:50.000Z $IIVHW,51.9,T,,M,5.6,N,,K*6B
2026-03-01T09:20:00.000Z !AIVDM,1,1,,B,15N2447P00J`tC4;9g`R4?vN0<02,0*5E
2026-03-01T09:20:00.000Z !AIVDO,1,1,,A,15RTd30000J`sV4;9a8H4?vP0000,0*7A
2026-03-01T09:20:00.000Z $GPGGA,092000,5301.4775,N,00446.6812,E,2,8,0.9,2.5,M,,M,,*6F
2026-03-01T09:20:00.000Z $GPGSA,A,3,01,03,06,11,17,19,22,25,,,,,1.2,0.9,0.8*3D
2026-03-01T09:20:00.000Z $GPRMC,092000,A,5301.4775,N,00446.6812,E,4.7,58.8,010326,,,A*46
2026-03-01T09:20:00.000Z $GPVTG,58.2,T,,M,4.7,N,8.7,K,A*3E
2026-03-01T09:20:00.000Z $GPXTE,A,A,0.022,R,N,A*2D
2026-03-01T09:20:00.000Z $IIDBT,34.8,f,10.6,M,5.8,F*14
2026-03-01T09:20:00.000Z $IIHDG,52.2,,,1.2,E*14
2026-03-01T09:20:00.000Z $IIMDA,29.9465,I,1.0141,B,8.0,C,,C,,,,,,,,,,*55
2026-03-01T09:20:00.000Z $IIMTA,8.1,C*3C
2026-03-01T09:20:00.000Z $IIMTW,6.2,C*27
2026-03-01T09:20:00.000Z $IIMWV,76.6,T,13.6,N,A*38
2026-03-01T09:20:00.000Z $IIRPM,E,1,0,,A*66
2026-03-01T09:20:00.000Z $IIRSA,4.7,A,,V*7A
2026-03-01T09:20:00.000Z $IIVHW,52.2,T,,M,4.4,N,,K*60
2026-03-01T09:20:00.000Z $IIXDR,V,11.69,V,BATT*6C
2026-03-01T09:20:10.000Z !AIVDM,1,1,,B,15N2113P00J`tC4;9g`R4?vN0<02,0*5E
2026-03-01T09:20:10.000Z $GPGGA,092010,5301.4687,N,00446.6906,E,2,11,0.9,2.5,M,,M,,*5E
2026-03-01T09:20:10.000Z $GPRMC,092010,A,5301.4687,N,00446.6906,E,5.5,51.0,010326,,,A*4D
2026-03-01T09:20:10.000Z $IIDBT,30.4,f,9.3,M,5.1,F*28
2026-03-01T09:20:10.000Z $IIHDG,54.2,,,1.2,E*12
2026-03-01T09:20:10.000Z $IIMWV,73.5,T,14.6,N,A*39
2026-03-01T09:20:10.000Z $IIRPM,E,1,0,,A*66
2026-03-01T09:20:10.000Z $IIRSA,4.8,A,,V*75
2026-03-01T09:20:10.000Z $IIVHW,54.2,T,,M,5.3,N,,K*60
2026-03-01T09:20:20.000Z $GPGGA,092020,5301.4662,N,00446.6752,E,2,11,0.9,2.5,M,,M,,*59
2026-03-01T09:20:20.000Z $GPRMC,092020,A,5301.4662,N,00446.6752,E,5.6,58.3,010326,,,A*43
2026-03-01T09:20:20.000Z $IIDBT,45.1,f,13.7,M,7.5,F*16
2026-03-01T09:20:20.000Z $IIHDG,54.2,,,1.2,E*12
2026-03-01T09:20:20.000Z $IIMWV,62.4,T,13.2,N,A*3B
2026-03-01T09:20:20.000Z $IIRPM,E,1,0,,A*66
2026-03-01T09:20:20.000Z $IIRSA,-1.3,A,,V*56
2026-03-01T09:20:20.000Z $IIVHW,54.2,T,,M,5.2,N,,K*61
2026-03-01T09:20:30.000Z $GPGGA,092030,5301.4717,N,00446.7010,E,2,8,0.9,2.5,M,,M,,*63
2026-03-01T09:20:30.000Z $GPRMC,092030,A,5301.4717,N,00446.7010,E,4.3,56.8,010326,,,A*40
2026-03-01T09:20:30.000Z $GPVTG,56.1,T,,M,4.3,N,8.0,K,A*30
2026-03-01T09:20:30.000Z $GPXTE,A,A,0.004,R,N,A*29
2026-03-01T09:20:30.000Z $IIDBT,45.7,f,13.9,M,7.6,F*1D
2026-03-01T09:20:30.000Z $IIHDG,51.5,,,1.2,E*10
2026-03-01T09:20:30.000Z $IIMTA,7.9,C*3B
2026-03-01T09:20:30.000Z $IIMWV,78.0,T,13.8,N,A*3E
2026-03-01T09:20:30.000Z $IIRPM,E,1,0,,A*66
2026-03-01T09:20:30.000Z $IIRSA,-3.9,A,,V*5E
2026-03-01T09:20:30.000Z $IIVHW,51.5,T,,M,4.1,N,,K*61
2026-03-01T09:20:30.000Z $IIXDR,V,11.20,V,BATT*61
2026-03-01T09:20:40.000Z !AIVDM,1,1,,B,15N2449P00J`tC4;9g`R4?vN0<02,0*5E
2026-03-01T09:20:40.000Z $GPGGA,092040,5301.4764,N,00446.6996,E,2,9,0.9,2.5,M,,M,,*67
2026-03-01T09:20:40.000Z $GPRMC,092040,A,5301.4764,N,00446.6996,E,5.9,50.5,010326,,,A*45
2026-03-01T09:20:40.000Z $IIDBT,38.5,f,11.7,M,6.4,F*1A
2026-03-01T09:20:40.000Z $IIHDG,53.2,,,1.2,E*15
2026-03-01T09:20:40.000Z $IIMWV,64.5,T,14.7,N,A*3E
2026-03-01T09:20:40.000Z $IIRPM,E,1,0,,A*66
2026-03-01T09:20:40.000Z $IIRSA,1.5,A,,V*7D
2026-03-01T09:20:40.000Z $IIVHW,53.2,T,,M,5.5,N,,K*61
2026-03-01T09:20:50.000Z $GPGGA,092050,5301.4933,N,00446.7425,E,2,9,0.9,2.5,M,,M,,*6E
2026-03-01T09:20:50.000Z $GPRMC,092050,A,5301.4933,N,00446.7425,E,4.5,51.3,010326,,,A*46
2026-03-01T09:20:50.000Z $IIDBT,40.9,f,12.5,M,6.8,F*14
2026-03-01T09:20:50.000Z $IIHDG,54.7,,,1.2,E*17
2026-03-01T09:20:50.000Z $IIMWV,67.4,T,13.6,N,A*3A
2026-03-01T09:20:50.000Z $IIRPM,E,1,0,,A*66
2026-03-01T09:20:50.000Z $IIRSA,2.3,A,,V*78
2026-03-01T09:20:50.000Z $IIVHW,54.7,T,,M,4.2,N,,K*65
2026-03-01T09:21:00.000Z !AIVDO,1,1,,A,15RTd30000J`sV4;9a8H4?vP0000,0*7A
2026-03-01T09:21:00.000Z $GPGGA,092100,5301.4885,N,00446.7475,E,2,8,0.9,2.5,M,,M,,*62
2026-03-01T09:21:00.000Z $GPGSA,A,3,01,03,06,11,17,19,22,25,,,,,1.2,0.9,0.8*3D
2026-03-01T09:21:00.000Z $GPRMC,092100,A,5301.4885,N,00446.7475,E,4.7,53.2,010326,,,A*4A
2026-03-01T09:21:00.000Z $GPVTG,53.0,T,,M,4.7,N,8.7,K,A*37
2026-03-01T09:21:00.000Z $GPXTE,A,A,0.045,L,N,A*32
2026-03-01T09:21:00.000Z $IIDBT,32.3,f,9.9,M,5.4,F*22
2026-03-01T09:21:00.000Z $IIHDG,52.0,,,1.2,E*16
2026-03-01T09:21:00.000Z $IIMDA,29.9598,I,1.0146,B,8.1,C,,C,,,,,,,,,,*50
2026-03-01T09:21:00.000Z $IIMTA,7.9,C*3B
2026-03-01T09:21:00.000Z $IIMTW,6.5,C*20
2026-03-01T09:21:00.000Z $IIMWV,76.0,T,13.4,N,A*3C
2026-03-01T09:21:00.000Z $IIRPM,E,1,0,,A*66
2026-03-01T09:21:00.000Z $IIRSA,-0.3,A,,V*57
2026-03-01T09:21:00.000Z $IIVHW,52.0,T,,M,4.5,N,,K*63
2026-03-01T09:21:00.000Z $IIXDR,V,11.75,V,BATT*61
2026-03-01T09:21:10.000Z !AIVDM,1,1,,B,15N2460P00J`tC4;9g`R4?vN0<02,0*5E
2026-03-01T09:21:10.000Z $GPGGA,092110,5301.4956,N,00446.7405,E,2,11,0.9,2.5,M,,M,,*53
2026-03-01T09:21:10.000Z $GPRMC,092110,A,5301.4956,N,00446.7405,E,4.3,54.3,010326,,,A*41
2026-03-01T09:21:10.000Z $IIDBT,22.8,f,6.9,M,3.8,F*2D
2026-03-01T09:21:10.000Z $IIHDG,51.9,,,1.2,E*1C
2026-03-01T09:21:10.000Z $IIMWV,76.8,T,13.0,N,A*30
2026-03-01T09:21:10.000Z $IIRPM,E,1,0,,A*66
2026-03-01T09:21:10.000Z $IIRSA,-3.2,A,,V*55
2026-03-01T09:21:10.000Z $IIVHW,51.9,T,,M,4.0,N,,K*6C
2026-03-01T09:21:20.000Z $GPGGA,092120,5301.5061,N,00446.7758,E,2,9,0.9,2.5,M,,M,,*6E
2026-03-01T09:21:20.000Z $GPRMC,092120,A,5301.5061,N,00446.7758,E,5.6,51.7,010326,,,A*40
2026-03-01T09:21:20.000Z $IIDBT,45.7,f,13.9,M,7.6,F*1D
2026-03-01T09:21:20.000Z $IIHDG,51.6,,,1.2,E*13
2026-03-01T09:21:20.000Z $IIMWV,77.2,T,13.2,N,A*39
2026-03-01T09:21:20.000Z $IIRPM,E,1,0,,A*66
2026-03-01T09:21:20.000Z $IIRSA,2.4,A,,V*7F
2026-03-01T09:21:20.000Z $IIVHW,51.6,T,,M,5.4,N,,K*66
2026-03-01T09:21:30.000Z $GPGGA,092130,5301.4870,N,00446.7836,E,2,11,0.9,2.5,M,,M,,*58
2026-03-01T09:21:30.000Z $GPRMC,092130,A,5301.4870,N,00446.7836,E,4.1,55.6,010326,,,A*4C
2026-03-01T09:21:30.000Z $GPVTG,55.2,T,,M,4.1,N,7.6,K,A*3B
2026-03-01T09:21:30.000Z $GPXTE,A,A,0.011,L,N,A*33
2026-03-01T09:21:30.000Z $IIDBT,20.5,f,6.3,M,3.4,F*24
2026-03-01T09:21:30.000Z $IIHDG,53.7,,,1.2,E*10
2026-03-01T09:21:30.000Z $IIMTA,8.3,C*3E
2026-03-01T09:21:30.000Z $IIMWV,77.0,T,14.9,N,A*37
2026-03-01T09:21:30.000Z $IIRPM,E,1,0,,A*66
2026-03-01T09:21:30.000Z $IIRSA,-0.6,A,,V*52
2026-03-01T09:21:30.000Z $IIVHW,53.7,T,,M,4.0,N,,K*60
2026-03-01T09:21:30.000Z $IIXDR,V,11.70,V,BATT*64
2026-03-01T09:21:40.000Z $GPGGA,092140,5301.4931,N,00446.7783,E,2,11,0.9,2.5,M,,M,,*5A
2026-03-01T09:21:40.000Z $GPRMC,092140,A,5301.4931,N,00446.7783,E,4.4,55.7,010326,,,A*4A
2026-03-01T09:21:40.000Z $IIDBT,34.7,f,10.6,M,5.8,F*1B
2026-03-01T09:21:40.000Z $IIHDG,54.6,,,1.2,E*16
2026-03-01T09:21:40.000Z $IIMWV,77.1,T,14.6,N,A*39
2026-03-01T09:21:40.000Z $IIRPM,E,1,0,,A*66
2026-03-01T09:21:40.000Z $IIRSA,-4.7,A,,V*57
2026-03-01T09:21:40.000Z $IIVHW,54.6,T,,M,4.1,N,,K*67
2026-03-01T09:21:50.000Z $GPGGA,092150,5301.5063,N,00446.7912,E,2,11,0.9,2.5,M,,M,,*52
2026-03-01T09:21:50.000Z $GPRMC,092150,A,5301.5063,N,00446.7912,E,5.8,50.6,010326,,,A*4B
2026-03-01T09:21:50.000Z $IIDBT,38.8,f,11.8,M,6.5,F*19
2026-03-01T09:21:50.000Z $IIHDG,53.0,,,1.2,E*17
2026-03-01T09:21:50.000Z $IIMWV,72.6,T,13.3,N,A*39
2026-03-01T09:21:50.000Z $IIRPM,E,1,0,,A*66
2026-03-01T09:21:50.000Z $IIRSA,-0.4,A,,V*50
2026-03-01T09:21:50.000Z $IIVHW,53.0,T,,M,5.4,N,,K*62
2026-03-01T09:22:00.000Z !AIVDO,1,1,,A,15RTd30000J`sV4;9a8H4?vP0000,0*7A
2026-03-01T09:22:00.000Z $GPGGA,092200,5301.5002,N,00446.8310,E,2,10,0.9,2.5,M,,M,,*55
2026-03-01T09:22:00.000Z $GPGSA,A,3,01,03,06,11,17,19,22,25,,,,,1.2,0.9,0.8*3D
2026-03-01T09:22:00.000Z $GPRMC,092200,A,5301.5002,N,00446.8310,E,5.4,59.1,010326,,,A*4F
2026-03-01T09:22:00.000Z $GPVTG,59.2,T,,M,5.4,N,10.0,K,A*03
2026-03-01T09:22:00.000Z $GPXTE,A,A,0.027,L,N,A*36
2026-03-01T09:22:00.000Z $IIDBT,39.2,f,11.9,M,6.5,F*13
2026-03-01T09:22:00.000Z $IIHDG,52.0,,,1.2,E*16
2026-03-01T09:22:00.000Z $IIMDA,29.9504,I,1.0142,B,7.9,C,,C,,,,,,,,,,*56
2026-03-01T09:22:00.000Z $IIMTA,8.2,C*3F
2026-03-01T09:22:00.000Z $IIMTW,6.5,C*20
2026-03-01T09:22:00.000Z $IIMWV,69.7,T,14.0,N,A*36
2026-03-01T09:22:00.000Z $IIRPM,E,1,0,,A*66
2026-03-01T09:22:00.000Z $IIRSA,-1.7,A,,V*52
2026-03-01T09:22:00.000Z $IIVHW,52.0,T,,M,4.9,N,,K*6F
2026-03-01T09:22:00.000Z $IIXDR,V,11.89,V,BATT*62
2026-03-01T09:22:10.000Z $GPGGA,092210,5301.5016,N,00446.8172,E,2,8,0.9,2.5,M,,M,,*6E
2026-03-01T09:22:10.000Z $GPRMC,092210,A,5301.5016,N,00446.8172,E,4.1,58.1,010326,,,A*48
2026-03-01T09:22:10.000Z $IIDBT,33.9,f,10.3,M,5.7,F*18
2026-03-01T09:22:10.000Z $IIHDG,54.3,,,1.2,E*13
2026-03-01T09:22:10.000Z $IIMWV,72.5,T,14.8,N,A*36
2026-03-01T09:22:10.000Z $IIRPM,E,1,0,,A*66
2026-03-01T09:22:10.000Z $IIRSA,4.3,A,,V*7E
2026-03-01T09:22:10.000Z $IIVHW,54.3,T,,M,4.0,N,,K*63
2026-03-01T09:22:20.000Z !AIVDM,1,1,,B,15N2451P00J`tC4;9g`R4?vN0<02,0*5E
2026-03-01T09:22:20.000Z $GPGGA,092220,5301.5250,N,00446.8487,E,2,10,0.9,2.5,M,,M,,*5B
2026-03-01T09:22:20.000Z $GPRMC,092220,A,5301.5250,N,00446.8487,E,4.5,54.3,010326,,,A*4E
2026-03-01T09:22:20.000Z $IIDBT,37.2,f,11.3,M,6.2,F*10
2026-03-01T09:22:20.000Z $IIHDG,53.5,,,1.2,E*12
2026-03-01T09:22:20.000Z $IIMWV,72.5,T,14.3,N,A*3D
2026-03-01T09:22:20.000Z $IIRPM,E,1,0,,A*66
2026-03-01T09:22:20.000Z $IIRSA,2.4,A,,V*7F
2026-03-01T09:22:20.000Z $IIVHW,53.5,T,,M,4.4,N,,K*66
2026-03-01T09:22:30.000Z $GPGGA,092230,5301.5185,N,00446.8592,E,2,9,0.9,2.5,M,,M,,*6C
2026-03-01T09:22:30.000Z $GPRMC,092230,A,5301.5185,N,00446.8592,E,5.6,57.6,010326,,,A*45
2026-03-01T09:22:30.000Z $GPVTG,57.0,T,,M,5.6,N,10.4,K,A*09
2026-03-01T09:22:30.000Z $GPXTE,A,A,0.024,R,N,A*2B
2026-03-01T09:22:30.000Z $IIDBT,20.8,f,6.3,M,3.5,F*28
2026-03-01T09:22:30.000Z $IIHDG,51.6,,,1.2,E*13
2026-03-01T09:22:30.000Z $IIMTA,8.0,C*3D
2026-03-01T09:22:30.000Z $IIMWV,64.0,T,13.9,N,A*32
2026-03-01T09:22:30.000Z $IIRPM,E,1,0,,A*66
2026-03-01T09:22:30.000Z $IIRSA,4.8,A,,V*75
2026-03-01T09:22:30.000Z $IIVHW,51.6,T,,M,5.5,N,,K*67
2026-03-01T09:22:30.000Z $IIXDR,V,11.84,V,BATT*6F
2026-03-01T09:22:40.000Z !AIVDM,1,1,,B,15N2446P00J`tC4;9g`R4?vN0<02,0*5E
2026-03-01T09:22:40.000Z $GPGGA,092240,5301.5222,N,00446.8546,E,2,8,0.9,2.5,M,,M,,*6D
2026-03-01T09:22:40.000Z $GPRMC,092240,A,5301.5222,N,00446.8546,E,5.4,55.3,010326,,,A*40
2026-03-01T09:22:40.000Z $IIDBT,27.7,f,8.5,M,4.6,F*2C
2026-03-01T09:22:40.000Z $IIHDG,54.2,,,1.2,E*12
2026-03-01T09:22:40.000Z $IIMWV,62.7,T,13.7,N,A*3D
2026-03-01T09:22:40.000Z $IIRPM,E,1,0,,A*66
2026-03-01T09:22:40.000Z $IIRSA,3.7,A,,V*7D
2026-03-01T09:22:40.000Z $IIVHW,54.2,T,,M,5.1,N,,K*62
2026-03-01T09:22:50.000Z !AIVDM,1,1,,B,15N2113P00J`tC4;9g`R4?vN0<02,0*5E
2026-03-01T09:22:50.000Z $GPGGA,092250,5301.5250,N,00446.8637,E,2,11,0.9,2.5,M,,M,,*54
2026-03-01T09:22:50.000Z $GPRMC,092250,A,5301.5250,N,00446.8637,E,4.3,51.1,010326,,,A*41
2026-03-01T09:22:50.000Z $IIDBT,39.7,f,12.1,M,6.6,F*1E
2026-03-01T09:22:50.000Z $IIHDG,51.5,,,1.2,E*10
2026-03-01T09:22:50.000Z $IIMWV,62.7,T,13.4,N,A*3E
2026-03-01T09:22:50.000Z $IIRPM,E,1,0,,A*66
2026-03-01T09:22:50.000Z $IIRSA,4.1,A,,V*7C
2026-03-01T09:22:50.000Z $IIVHW,51.5,T,,M,3.8,N,,K*6F
2026-03-01T09:23:00.000Z !AIVDO,1,1,,A,15RTd30000J`sV4;9a8H4?vP0000,0*7A
2026-03-01T09:23:00.000Z $GPGGA,092300,5301.5356,N,00446.8854,E,2,9,0.9,2.5,M,,M,,*65
2026-03-01T09:23:00.000Z $GPGSA,A,3,01,03,06,11,17,19,22,25,,,,,1.2,0.9,0.8*3D
2026-03-01T09:23:00.000Z $GPRMC,092300,A,5301.5356,N,00446.8854,E,5.3,56.9,010326,,,A*47
2026-03-01T09:23:00.000Z $GPVTG,56.1,T,,M,5.3,N,9.7,K,A*37
2026-03-01T09:23:00.000Z $GPXTE,A,A,0.006,R,N,A*2B
2026-03-01T09:23:00.000Z $IIDBT,23.0,f,7.0,M,3.8,F*2C
2026-03-01T09:23:00.000Z $IIHDG,51.4,,,1.2,E*11
2026-03-01T09:23:00.000Z $IIMDA,29.9379,I,1.0138,B,8.2,C,,C,,,,,,,,,,*53
2026-03-01T09:23:00.000Z $IIMTA,8.0,C*3D
2026-03-01T09:23:00.000Z $IIMTW,6.6,C*23
2026-03-01T09:23:00.000Z $IIMWV,63.3,T,13.7,N,A*38
2026-03-01T09:23:00.000Z $IIRPM,E,1,0,,A*66
2026-03-01T09:23:00.000Z $IIRSA,-2.6,A,,V*50
2026-03-01T09:23:00.000Z $IIVHW,51.4,T,,M,5.0,N,,K*60
2026-03-01T09:23:00.000Z $IIXDR,V,11.71,V,BATT*65
2026-03-01T09:23:10.000Z !AIVDM,1,1,,B,15N2446P00J`tC4;9g`R4?vN0<02,0*5E
2026-03-01T09:23:10.000Z $GPGGA,092310,5301.5404,N,00446.9115,E,2,11,0.9,2.5,M,,M,,*50
2026-03-01T09:23:10.000Z $GPRMC,092310,A,5301.5404,N,00446.9115,E,4.9,55.7,010326,,,A*4D
2026-03-01T09:23:10.000Z $IIDBT,42.1,f,12.8,M,7.0,F*1A
2026-03-01T09:23:10.000Z $IIHDG,52.0,,,1.2,E*16
2026-03-01T09:23:10.000Z $IIMWV,65.1,T,14.6,N,A*3A
2026-03-01T09:23:10.000Z $IIRPM,E,1,0,,A*66
2026-03-01T09:23:10.000Z $IIRSA,-4.3,A,,V*53
2026-03-01T09:23:10.000Z $IIVHW,52.0,T,,M,4.6,N,,K*60
2026-03-01T09:23:20.000Z $GPGGA,092320,5301.5483,N,00446.8970,E,2,11,0.9,2.5,M,,M,,*56
2026-03-01T09:23:20.000Z $GPRMC,092320,A,5301.5483,N,00446.8970,E,4.1,49.4,010326,,,A*4D
2026-03-01T09:23:20.000Z $IIDBT,31.2,f,9.5,M,5.2,F*2A
2026-03-01T09:23:20.000Z $IIHDG,55.0,,,1.2,E*11
2026-03-01T09:23:20.000Z $IIMWV,70.9,T,14.3,N,A*33
2026-03-01T09:23:20.000Z $IIRPM,E,1,0,,A*66
2026-03-01T09:23:20.000Z $IIRSA,-4.5,A,,V*55
2026-03-01T09:23:20.000Z $IIVHW,55.0,T,,M,3.6,N,,K*60
2026-03-01T09:23:30.000Z !AIVDM,1,1,,B,15N2445P00J`tC4;9g`R4?vN0<02,0*5E
2026-03-01T09:23:30.000Z $GPGGA,092330,5301.5374,N,00446.9303,E,2,9,0.9,2.5,M,,M,,*6E
2026-03-01T09:23:30.000Z $GPRMC,092330,A,5301.5374,N,00446.9303,E,4.1,60.7,010326,,,A*44
2026-03-01T09:23:30.000Z $GPVTG,60.6,T,,M,4.1,N,7.6,K,A*39
2026-03-01T09:23:30.000Z $GPXTE,A,A,0.028,L,N,A*39
2026-03-01T09:23:30.000Z $IIDBT,38.6,f,11.8,M,6.4,F*16
2026-03-01T09:23:30.000Z $IIHDG,53.9,,,1.2,E*1E
2026-03-01T09:23:30.000Z $IIMTA,8.2,C*3F
2026-03-01T09:23:30.000Z $IIMWV,64.9,T,15.0,N,A*34
2026-03-01T09:23:30.000Z $IIRPM,E,1,0,,A*66
2026-03-01T09:23:30.000Z $IIRSA,-1.1,A,,V*54
2026-03-01T09:23:30.000Z $IIVHW,53.9,T,,M,3.7,N,,K*6E
2026-03-01T09:23:30.000Z $IIXDR,V,11.86,V,BATT*6D
2026-03-01T09:23:40.000Z $GPGGA,092340,5301.5369,N,00446.9378,E,2,10,0.9,2.5,M,,M,,*51
2026-03-01T09:23:40.000Z $GPRMC,092340,A,5301.5369,N,00446.9378,E,4.3,56.9,010326,,,A*4A
2026-03-01T09:23:40.000Z $IIDBT,28.7,f,8.8,M,4.8,F*20
2026-03-01T09:23:40.000Z $IIHDG,52.1,,,1.2,E*17
2026-03-01T09:23:40.000Z $IIMWV,64.8,T,13.6,N,A*35
2026-03-01T09:23:40.000Z $IIRPM,E,1,0,,A*66
2026-03-01T09:23:40.000Z $IIRSA,3.2,A,,V*78
2026-03-01T09:23:40.000Z $IIVHW,52.1,T,,M,4.1,N,,K*66
2026-03-01T09:23:50.000Z $GPGGA,092350,5301.5456,N,00446.9527,E,2,10,0.9,2.5,M,,M,,*57
2026-03-01T09:23:50.000Z $GPRMC,092350,A,5301.5456,N,00446.9527,E,5.8,50.9,010326,,,A*40
2026-03-01T09:23:50.000Z $IIDBT,38.2,f,11.6,M,6.4,F*1C
2026-03-01T09:23:50.000Z $IIHDG,51.7,,,1.2,E*12
2026-03-01T09:23:50.000Z $IIMWV,66.2,T,13.4,N,A*3F
2026-03-01T09:23:50.000Z $IIRPM,E,1,0,,A*66
2026-03-01T09:23:50.000Z $IIRSA,1.3,A,,V*7B
2026-03-01T09:23:50.000Z $IIVHW,51.7,T,,M,5.3,N,,K*60
2026-03-01T09:24:00.000Z !AIVDM,1,1,,B,15N2445P00J`tC4;9g`R4?vN0<02,0*5E
2026-03-01T09:24:00.000Z !AIVDO,1,1,,A,15RTd30000J`sV4;9a8H4?vP0000,0*7A
2026-03-01T09:24:00.000Z $GPGGA,092400,5301.5428,N,00446.9657,E,2,11,0.9,2.5,M,,M,,*59
2026-03-01T09:24:00.000Z $GPGSA,A,3,01,03,06,11,17,19,22,25,,,,,1.2,0.9,0.8*3D
2026-03-01T09:24:00.000Z $GPRMC,092400,A,5301.5428,N,00446.9657,E,5.8,52.8,010326,,,A*4C
2026-03-01T09:24:00.000Z $GPVTG,52.2,T,,M,5.8,N,10.8,K,A*0C
2026-03-01T09:24:00.000Z $GPXTE,A,A,0.035,R,N,A*2B
2026-03-01T09:24:00.000Z $IIDBT,24.7,f,7.5,M,4.1,F*27
2026-03-01T09:24:00.000Z $IIHDG,51.7,,,1.2,E*12
2026-03-01T09:24:00.000Z $IIMDA,29.9572,I,1.0145,B,8.2,C,,C,,,,,,,,,,*54
2026-03-01T09:24:00.000Z $IIMTA,8.2,C*3F
2026-03-01T09:24:00.000Z $IIMTW,6.3,C*26
2026-03-01T09:24:00.000Z $IIMWV,62.5,T,13.8,N,A*30
2026-03-01T09:24:00.000Z $IIRPM,E,1,0,,A*66
2026-03-01T09:24:00.000Z $IIRSA,-1.6,A,,V*53
2026-03-01T09:24:00.000Z $IIVHW,51.7,T,,M,5.7,N,,K*64
2026-03-01T09:24:00.000Z $IIXDR,V,11.84,V,BATT*6F
2026-03-01T09:24:10.000Z $GPGGA,092410,5301.5558,N,00446.9867,E,2,8,0.9,2.5,M,,M,,*6B
2026-03-01T09:24:10.000Z $GPRMC,092410,A,5301.5558,N,00446.9867,E,4.2,49.3,010326,,,A*4C
2026-03-01T09:24:10.000Z $IIDBT,40.1,f,12.2,M,6.7,F*14
2026-03-01T09:24:10.000Z $IIHDG,52.6,,,1.2,E*10
2026-03-01T09:24:10.000Z $IIMWV,74.0,T,14.6,N,A*3B
2026-03-01T09:24:10.000Z $IIRPM,E,1,0,,A*66
2026-03-01T09:24:10.000Z $IIRSA,0.4,A,,V*7D
2026-03-01T09:24:10.000Z $IIVHW,52.6,T,,M,3.7,N,,K*60
2026-03-01T09:24:20.000Z $GPGGA,092420,5301.5499,N,00446.9787,E,2,9,0.9,2.5,M,,M,,*64
2026-03-01T09:24:20.000Z $GPRMC,092420,A,5301.5499,N,00446.9787,E,5.1,54.8,010326,,,A*47
2026-03-01T09:24:20.000Z $IIDBT,34.5,f,10.5,M,5.7,F*15
2026-03-01T09:24:20.000Z $IIHDG,54.6,,,1.2,E*16
2026-03-01T09:24:20.000Z $IIMWV,72.3,T,14.2,N,A*3A
2026-03-01T09:24:20.000Z $IIRPM,E,1,0,,A*66
2026-03-01T09:24:20.000Z $IIRSA,-2.0,A,,V*56
2026-03-01T09:24:20.000Z $IIVHW,54.6,T,,M,4.9,N,,K*6F
2026-03-01T09:24:30.000Z $GPGGA,092430,5301.5642,N,00447.0009,E,2,8,0.9,2.5,M,,M,,*69
2026-03-01T09:24:30.000Z $GPRMC,092430,A,5301.5642,N,00447.0009,E,5.0,51.1,010326,,,A*46
2026-03-01T09:24:30.000Z $GPVTG,51.9,T,,M,5.0,N,9.2,K,A*3E
2026-03-01T09:24:30.000Z $GPXTE,A,A,0.010,L,N,A*32
2026-03-01T09:24:30.000Z $IIDBT,45.7,f,13.9,M,7.6,F*1D
2026-03-01T09:24:30.000Z $IIHDG,54.2,,,1.2,E*12
2026-03-01T09:24:30.000Z $IIMTA,8.2,C*3F
2026-03-01T09:24:30.000Z $IIMWV,74.8,T,14.6,N,A*33
2026-03-01T09:24:30.000Z $IIRPM,E,1,0,,A*66
2026-03-01T09:24:30.000Z $IIRSA,-1.1,A,,V*54
2026-03-01T09:24:30.000Z $IIVHW,54.2,T,,M,4.6,N,,K*64
2026-03-01T09:24:30.000Z $IIXDR,V,11.86,V,BATT*6D
2026-03-01T09:24:40.000Z !AIVDM,1,1,,B,15N2447P00J`tC4;9g`R4?vN0<02,0*5E
2026-03-01T09:24:40.000Z $GPGGA,092440,5301.5737,N,00446.9966,E,2,11,0.9,2.5,M,,M,,*5D
2026-03-01T09:24:40.000Z $GPRMC,092440,A,5301.5737,N,00446.9966,E,5.7,55.5,010326,,,A*4D
2026-03-01T09:24:40.000Z $IIDBT,29.2,f,8.9,M,4.9,F*24
2026-03-01T09:24:40.000Z $IIHDG,53.8,,,1.2,E*1F
2026-03-01T09:24:40.000Z $IIMWV,71.2,T,14.9,N,A*33
2026-03-01T09:24:40.000Z $IIRPM,E,1,0,,A*66
2026-03-01T09:24:40.000Z $IIRSA,4.5,A,,V*78
2026-03-01T09:24:40.000Z $IIVHW,53.8,T,,M,5.3,N,,K*6D
2026-03-01T09:24:50.000Z !AIVDM,1,1,,B,15N2113P00J`tC4;9g`R4?vN0<02,0*5E
2026-03-01T09:24:50.000Z $GPGGA,092450,5301.5741,N,00447.0225,E,2,10,0.9,2.5,M,,M,,*58
2026-03-01T09:24:50.000Z $GPRMC,092450,A,5301.5741,N,00447.0225,E,5.9,60.7,010326,,,A*43
2026-03-01T09:24:50.000Z $IIDBT,29.3,f,8.9,M,4.9,F*25
2026-03-01T09:24:50.000Z $IIHDG,53.9,,,1.2,E*1E
2026-03-01T09:24:50.000Z $IIMWV,69.8,T,13.4,N,A*3A
2026-03-01T09:24:50.000Z $IIRPM,E,1,0,,A*66
2026-03-01T09:24:50.000Z $IIRSA,0.4,A,,V*7D
2026-03-01T09:24:50.000Z $IIVHW,53.9,T,,M,5.8,N,,K*67
2026-03-01T09:25:00.000Z !AIVDO,1,1,,A,15RTd30000J`sV4;9a8H4?vP0000,0*7A
2026-03-01T09:25:00.000Z $GPGGA,092500,5301.5831,N,00447.0491,E,2,8,0.9,2.5,M,,M,,*64
2026-03-01T09:25:00.000Z $GPGSA,A,3,01,03,06,11,17,19,22,25,,,,,1.2,0.9,0.8*3D
2026-03-01T09:25:00.000Z $GPRMC,092500,A,5301.5831,N,00447.0491,E,4.6,60.2,010326,,,A*4D
2026-03-01T09:25:00.000Z $GPVTG,60.9,T,,M,4.6,N,8.6,K,A*3E
2026-03-01T09:25:00.000Z $GPXTE,A,A,0.033,R,N,A*2D
2026-03-01T09:25:00.000Z $IIDBT,40.1,f,12.2,M,6.7,F*14
2026-03-01T09:25:00.000Z $IIHDG,51.4,,,1.2,E*11
2026-03-01T09:25:00.000Z $IIMDA,29.9454,I,1.0141,B,7.9,C,,C,,,,,,,,,,*51
2026-03-01T09:25:00.000Z $IIMTA,8.0,C*3D
2026-03-01T09:25:00.000Z $IIMTW,6.2,C*27
2026-03-01T09:25:00.000Z $IIMWV,70.7,T,13.8,N,A*31
2026-03-01T09:25:00.000Z $IIRPM,E,1,0,,A*66
2026-03-01T09:25:00.000Z $IIRSA,2.5,A,,V*7E
2026-03-01T09:25:00.000Z $IIVHW,51.4,T,,M,4.3,N,,K*62
2026-03-01T09:25:00.000Z $IIXDR,V,11.75,V,BATT*61
2026-03-01T09:25:10.000Z $GPGGA,092510,5301.5674,N,00447.0328,E,2,9,0.9,2.5,M,,M,,*6E
2026-03-01T09:25:10.000Z $GPRMC,092510,A,5301.5674,N,00447.0328,E,4.9,53.4,010326,,,A*4F
2026-03-01T09:25:10.000Z $IIDBT,26.4,f,8.0,M,4.4,F*29
2026-03-01T09:25:10.000Z $IIHDG,51.8,,,1.2,E*1D
2026-03-01T09:25:10.000Z $IIMWV,66.7,T,13.4,N,A*3A
2026-03-01T09:25:10.000Z $IIRPM,E,1,0,,A*66
2026-03-01T09:25:10.000Z $IIRSA,1.7,A,,V*7F
2026-03-01T09:25:10.000Z $IIVHW,51.8,T,,M,4.5,N,,K*68
2026-03-01T09:25:20.000Z $GPGGA,092520,5301.5775,N,00447.0654,E,2,8,0.9,2.5,M,,M,,*62
2026-03-01T09:25:20.000Z $GPRMC,092520,A,5301.5775,N,00447.0654,E,5.4,57.3,010326,,,A*4D
2026-03-01T09:25:20.000Z $IIDBT,40.6,f,12.4,M,6.8,F*1A
2026-03-01T09:25:20.000Z $IIHDG,53.1,,,1.2,E*16
2026-03-01T09:25:20.000Z $IIMWV,72.6,T,14.6,N,A*3B
2026-03-01T09:25:20.000Z $IIRPM,E,1,0,,A*66
2026-03-01T09:25:20.000Z $IIRSA,3.7,A,,V*7D
2026-03-01T09:25:20.000Z $IIVHW,53.1,T,,M,5.0,N,,K*67
2026-03-01T09:25:30.000Z $GPGGA,092530,5301.5765,N,00447.0808,E,2,8,0.9,2.5,M,,M,,*65
2026-03-01T09:25:30.000Z $GPRMC,092530,A,5301.5765,N,00447.0808,E,5.0,49.8,010326,,,A*4A
2026-03-01T09:25:30.000Z $GPVTG,49.6,T,,M,5.0,N,9.3,K,A*39
2026-03-01T09:25:30.000Z $GPXTE,A,A,0.038,L,N,A*38
2026-03-01T09:25:30.000Z $IIDBT,40.2,f,12.2,M,6.7,F*17
2026-03-01T09:25:30.000Z $IIHDG,51.9,,,1.2,E*1C
2026-03-01T09:25:30.000Z $IIMTA,8.1,C*3C
2026-03-01T09:25:30.000Z $IIMWV,74.6,T,14.0,N,A*3B
2026-03-01T09:25:30.000Z $IIRPM,E,1,0,,A*66
2026-03-01T09:25:30.000Z $IIRSA,-4.2,A,,V*52
2026-03-01T09:25:30.000Z $IIVHW,51.9,T,,M,4.9,N,,K*65
2026-03-01T09:25:30.000Z $IIXDR,V,11.73,V,BATT*67
2026-03-01T09:25:40.000Z $GPGGA,092540,5301.5988,N,00447.0810,E,2,8,0.9,2.5,M,,M,,*66
2026-03-01T09:25:40.000Z $GPRMC,092540,A,5301.5988,N,00447.0810,E,4.7,55.2,010326,,,A*48
2026-03-01T09:25:40.000Z $IIDBT,21.1,f,6.4,M,3.5,F*27
2026-03-01T09:25:40.000Z $IIHDG,53.5,,,1.2,E*12
2026-03-01T09:25:40.000Z $IIMWV,77.2,T,13.5,N,A*3E
2026-03-01T09:25:40.000Z $IIRPM,E,1,0,,A*66
2026-03-01T09:25:40.000Z $IIRSA,-1.1,A,,V*54
2026-03-01T09:25:40.000Z $IIVHW,53.5,T,,M,4.5,N,,K*67
2026-03-01T09:25:50.000Z $GPGGA,092550,5301.6016,N,00447.1093,E,2,11,0.9,2.5,M,,M,,*50
2026-03-01T09:25:50.000Z $GPRMC,092550,A,5301.6016,N,00447.1093,E,6.0,60.8,010326,,,A*4F
2026-03-01T09:25:50.000Z $IIDBT,30.9,f,9.4,M,5.1,F*22
2026-03-01T09:25:50.000Z $IIHDG,51.9,,,1.2,E*1C
2026-03-01T09:25:50.000Z $IIMWV,74.2,T,14.6,N,A*39
2026-03-01T09:25:50.000Z $IIRPM,E,1,0,,A*66
2026-03-01T09:25:50.000Z $IIRSA,4.9,A,,V*74
2026-03-01T09:25:50.000Z $IIVHW,51.9,T,,M,5.6,N,,K*6B
2026-03-01T09:26:00.000Z !AIVDO,1,1,,A,15RTd30000J`sV4;9a8H4?vP0000,0*7A
2026-03-01T09:26:00.000Z $GPGGA,092600,5301.5939,N,00447.1014,E,2,10,0.9,2.5,M,,M,,*5F
2026-03-01T09:26:00.000Z $GPGSA,A,3,01,03,06,11,17,19,22,25,,,,,1.2,0.9,0.8*3D
2026-03-01T09:26:00.000Z $GPRMC,092600,A,5301.5939,N,00447.1014,E,4.1,58.2,010326,,,A*43
2026-03-01T09:26:00.000Z $GPVTG,58.8,T,,M,4.1,N,7.5,K,A*3F
2026-03-01T09:26:00.000Z $GPXTE,A,A,0.009,R,N,A*24
2026-03-01T09:26:00.000Z $IIDBT,28.2,f,8.6,M,4.7,F*24
2026-03-01T09:26:00.000Z $IIHDG,53.8,,,1.2,E*1F
2026-03-01T09:26:00.000Z $IIMDA,29.9456,I,1.0141,B,8.1,C,,C,,,,,,,,,,*54
2026-03-01T09:26:00.000Z $IIMTA,7.7,C*35
2026-03-01T09:26:00.000Z $IIMTW,6.5,C*20
2026-03-01T09:26:00.000Z $IIMWV,64.4,T,15.0,N,A*39
2026-03-01T09:26:00.000Z $IIRPM,E,1,0,,A*66
2026-03-01T09:26:00.000Z $IIRSA,3.2,A,,V*78
2026-03-01T09:26:00.000Z $IIVHW,53.8,T,,M,3.8,N,,K*60
2026-03-01T09:26:00.000Z $IIXDR,V,11.88,V,BATT*63
2026-03-01T09:26:10.000Z !AIVDM,1,1,,B,15N2446P00J`tC4;9g`R4?vN0<02,0*5E
2026-03-01T09:26:10.000Z $GPGGA,092610,5301.5949,N,00447.1222,E,2,10,0.9,2.5,M,,M,,*5E
2026-03-01T09:26:10.000Z $GPRMC,092610,A,5301.5949,N,00447.1222,E,4.3,49.6,010326,,,A*44
2026-03-01T09:26:10.000Z $IIDBT,40.7,f,12.4,M,6.8,F*1B
2026-03-01T09:26:10.000Z $IIHDG,52.5,,,1.2,E*13
2026-03-01T09:26:10.000Z $IIMWV,72.4,T,14.7,N,A*38
2026-03-01T09:26:10.000Z $IIRPM,E,1,0,,A*66
2026-03-01T09:26:10.000Z $IIRSA,-0.1,A,,V*55
2026-03-01T09:26:10.000Z $IIVHW,52.5,T,,M,4.0,N,,K*63
2026-03-01T09:26:20.000Z $GPGGA,092620,5301.6089,N,00447.1343,E,2,9,0.9,2.5,M,,M,,*65
2026-03-01T09:26:20.000Z $GPRMC,092620,A,5301.6089,N,00447.1343,E,4.9,50.6,010326,,,A*45
2026-03-01T09:26:20.000Z $IIDBT,22.4,f,6.8,M,3.7,F*2F
2026-03-01T09:26:20.000Z $IIHDG,53.6,,,1.2,E*11
2026-03-01T09:26:20.000Z $IIMWV,77.0,T,14.3,N,A*3D
2026-03-01T09:26:20.000Z $IIRPM,E,1,0,,A*66
2026-03-01T09:26:20.000Z $IIRSA,-3.5,A,,V*52
2026-03-01T09:26:20.000Z $IIVHW,53.6,T,,M,4.7,N,,K*66
2026-03-01T09:26:30.000Z $GPGGA,092630,5301.6039,N,00447.1367,E,2,10,0.9,2.5,M,,M,,*51
2026-03-01T09:26:30.000Z $GPRMC,092630,A,5301.6039,N,00447.1367,E,6.0,55.8,010326,,,A*49
2026-03-01T09:26:30.000Z $GPVTG,55.7,T,,M,6.0,N,11.0,K,A*0C
2026-03-01T09:26:30.000Z $GPXTE,A,A,0.042,L,N,A*35
2026-03-01T09:26:30.000Z $IIDBT,24.3,f,7.4,M,4.0,F*23
2026-03-01T09:26:30.000Z $IIHDG,51.9,,,1.2,E*1C
2026-03-01T09:26:30.000Z $IIMTA,8.2,C*3F
2026-03-01T09:26:30.000Z $IIMWV,72.6,T,14.1,N,A*3C
2026-03-01T09:26:30.000Z $IIRPM,E,1,0,,A*66
2026-03-01T09:26:30.000Z $IIRSA,-1.6,A,,V*53
2026-03-01T09:26:30.000Z $IIVHW,51.9,T,,M,5.9,N,,K*64
2026-03-01T09:26:30.000Z $IIXDR,V,11.73,V,BATT*67
2026-03-01T09:26:40.000Z !AIVDM,1,1,,B,15N2113P00J`tC4;9g`R4?vN0<02,0*5E
2026-03-01T09:26:40.000Z $GPGGA,092640,5301.6147,N,00447.1456,E,2,8,0.9,2.5,M,,M,,*62
2026-03-01T09:26:40.000Z $GPRMC,092640,A,5301.6147,N,00447.1456,E,4.9,58.2,010326,,,A*4F
2026-03-01T09:26:40.000Z $IIDBT,33.9,f,10.3,M,5.6,F*19
2026-03-01T09:26:40.000Z $IIHDG,52.9,,,1.2,E*1F
2026-03-01T09:26:40.000Z $IIMWV,75.8,T,14.5,N,A*31
2026-03-01T09:26:40.000Z $IIRPM,E,1,0,,A*66
2026-03-01T09:26:40.000Z $IIRSA,1.3,A,,V*7B
2026-03-01T09:26:40.000Z $IIVHW,52.9,T,,M,4.6,N,,K*69
2026-03-01T09:26:50.000Z $GPGGA,092650,5301.6155,N,00447.1775,E,2,11,0.9,2.5,M,,M,,*5A
2026-03-01T09:26:50.000Z $GPRMC,092650,A,5301.6155,N,00447.1775,E,5.9,57.6,010326,,,A*45
2026-03-01T09:26:50.000Z $IIDBT,20.3,f,6.2,M,3.4,F*23
2026-03-01T09:26:50.000Z $IIHDG,51.4,,,1.2,E*11
2026-03-01T09:26:50.000Z $IIMWV,71.9,T,15.0,N,A*30
2026-03-01T09:26:50.000Z $IIRPM,E,1,0,,A*66
2026-03-01T09:26:50.000Z $IIRSA,-1.0,A,,V*55
2026-03-01T09:26:50.000Z $IIVHW,51.4,T,,M,5.4,N,,K*64
2026-03-01T09:27:00.000Z !AIVDO,1,1,,A,15RTd30000J`sV4;9a8H4?vP0000,0*7A
2026-03-01T09:27:00.000Z $GPGGA,092700,5301.6121,N,00447.1663,E,2,8,0.9,2.5,M,,M,,*63
2026-03-01T09:27:00.000Z $GPGSA,A,3,01,03,06,11,17,19,22,25,,,,,1.2,0.9,0.8*3D
2026-03-01T09:27:00.000Z $GPRMC,092700,A,5301.6121,N,00447.1663,E,5.1,49.0,010326,,,A*45
2026-03-01T09:27:00.000Z $GPVTG,49.5,T,,M,5.1,N,9.4,K,A*3C
2026-03-01T09:27:00.000Z $GPXTE,A,A,0.048,R,N,A*21
2026-03-01T09:27:00.000Z $IIDBT,42.8,f,13.0,M,7.1,F*1B
2026-03-01T09:27:00.000Z $IIHDG,53.5,,,1.2,E*12
2026-03-01T09:27:00.000Z $IIMDA,29.9484,I,1.0142,B,7.8,C,,C,,,,,,,,,,*5E
2026-03-01T09:27:00.000Z $IIMTA,8.0,C*3D
2026-03-01T09:27:00.000Z $IIMTW,6.6,C*23
2026-03-01T09:27:00.000Z $IIMWV,64.1,T,13.0,N,A*3A
2026-03-01T09:27:00.000Z $IIRPM,E,1,0,,A*66
2026-03-01T09:27:00.000Z $IIRSA,0.3,A,,V*7A
2026-03-01T09:27:00.000Z $IIVHW,53.5,T,,M,4.9,N,,K*6B
2026-03-01T09:27:00.000Z $IIXDR,V,11.72,V,BATT*66
2026-03-01T09:27:10.000Z $GPGGA,092710,5301.6263,N,00447.1782,E,2,9,0.9,2.5,M,,M,,*68
2026-03-01T09:27:10.000Z $GPRMC,092710,A,5301.6263,N,00447.1782,E,4.6,53.4,010326,,,A*46
2026-03-01T09:27:10.000Z $IIDBT,31.5,f,9.6,M,5.2,F*2E
2026-03-01T09:27:10.000Z $IIHDG,51.9,,,1.2,E*1C
2026-03-01T09:27:10.000Z $IIMWV,76.0,T,14.2,N,A*3D
2026-03-01T09:27:10.000Z $IIRPM,E,1,0,,A*66
2026-03-01T09:27:10.000Z $IIRSA,-2.8,A,,V*5E
2026-03-01T09:27:10.000Z $IIVHW,51.9,T,,M,4.3,N,,K*6F
2026-03-01T09:27:20.000Z $GPGGA,092720,5301.6334,N,00447.2141,E,2,10,0.9,2.5,M,,M,,*5A
2026-03-01T09:27:20.000Z $GPRMC,092720,A,5301.6334,N,00447.2141,E,4.2,57.5,010326,,,A*4D
2026-03-01T09:27:20.000Z $IIDBT,45.2,f,13.8,M,7.5,F*1A
2026-03-01T09:27:20.000Z $IIHDG,53.5,,,1.2,E*12
2026-03-01T09:27:20.000Z $IIMWV,78.0,T,13.7,N,A*31
2026-03-01T09:27:20.000Z $IIRPM,E,1,0,,A*66
2026-03-01T09:27:20.000Z $IIRSA,1.6,A,,V*7E
2026-03-01T09:27:20.000Z $IIVHW,53.5,T,,M,4.1,N,,K*63
2026-03-01T09:27:30.000Z $GPGGA,092730,5301.6223,N,00447.2071,E,2,10,0.9,2.5,M,,M,,*5E
2026-03-01T09:27:30.000Z $GPRMC,092730,A,5301.6223,N,00447.2071,E,5.1,59.3,010326,,,A*43
2026-03-01T09:27:30.000Z $GPVTG,59.1,T,,M,5.1,N,9.4,K,A*39
2026-03-01T09:27:30.000Z $GPXTE,A,A,0.009,R,N,A*24
2026-03-01T09:27:30.000Z $IIDBT,28.2,f,8.6,M,4.7,F*24
2026-03-01T09:27:30.000Z $IIHDG,52.1,,,1.2,E*17
2026-03-01T09:27:30.000Z $IIMTA,8.1,C*3C
2026-03-01T09:27:30.000Z $IIMWV,62.7,T,13.8,N,A*32
2026-03-01T09:27:30.000Z $IIRPM,E,1,0,,A*66
2026-03-01T09:27:30.000Z $IIRSA,-0.5,A,,V*51
2026-03-01T09:27:30.000Z $IIVHW,52.1,T,,M,4.6,N,,K*61
2026-03-01T09:27:30.000Z $IIXDR,V,11.80,V,BATT*6B
2026-03-01T09:27:40.000Z $GPGGA,092740,5301.6317,N,00447.2154,E,2,11,0.9,2.5,M,,M,,*58
2026-03-01T09:27:40.000Z $GPRMC,092740,A,5301.6317,N,00447.2154,E,5.6,49.9,010326,,,A*48
2026-03-01T09:27:40.000Z $IIDBT,33.1,f,10.1,M,5.5,F*10
2026-03-01T09:27:40.000Z $IIHDG,53.4,,,1.2,E*13
2026-03-01T09:27:40.000Z $IIMWV,68.7,T,13.4,N,A*34
2026-03-01T09:27:40.000Z $IIRPM,E,1,0,,A*66
2026-03-01T09:27:40.000Z $IIRSA,-3.8,A,,V*5F
2026-03-01T09:27:40.000Z $IIVHW,53.4,T,,M,5.2,N,,K*60
2026-03-01T09:27:50.000Z !AIVDM,1,1,,B,15N2446P00J`tC4;9g`R4?vN0<02,0*5E
2026-03-01T09:27:50.000Z $GPGGA,092750,5301.6371,N,00447.2468,E,2,9,0.9,2.5,M,,M,,*6A
2026-03-01T09:27:50.000Z $GPRMC,092750,A,5301.6371,N,00447.2468,E,4.9,50.2,010326,,,A*4E
2026-03-01T09:27:50.000Z $IIDBT,27.7,f,8.4,M,4.6,F*2D
2026-03-01T09:27:50.000Z $IIHDG,51.8,,,1.2,E*1D
2026-03-01T09:27:50.000Z $IIMWV,74.7,T,13.8,N,A*35
2026-03-01T09:27:50.000Z $IIRPM,E,1,0,,A*66
2026-03-01T09:27:50.000Z $IIRSA,0.0,A,,V*79
2026-03-01T09:27:50.000Z $IIVHW,51.8,T,,M,4.5,N,,K*68
2026-03-01T09:28:00.000Z !AIVDO,1,1,,A,15RTd30000J`sV4;9a8H4?vP0000,0*7A
2026-03-01T09:28:00.000Z $GPGGA,092800,5301.6465,N,00447.2613,E,2,10,0.9,2.5,M,,M,,*54
2026-03-01T09:28:00.000Z $GPGSA,A,3,01,03,06,11,17,19,22,25,,,,,1.2,0.9,0.8*3D
2026-03-01T09:28:00.000Z $GPRMC,092800,A,5301.6465,N,00447.2613,E,4.4,55.6,010326,,,A*44
2026-03-01T09:28:00.000Z $GPVTG,55.6,T,,M,4.4,N,8.1,K,A*32
2026-03-01T09:28:00.000Z $GPXTE,A,A,0.016,R,N,A*2A
2026-03-01T09:28:00.000Z $IIDBT,41.1,f,12.5,M,6.9,F*1C
2026-03-01T09:28:00.000Z $IIHDG,51.6,,,1.2,E*13
2026-03-01T09:28:00.000Z $IIMDA,29.9441,I,1.0140,B,8.1,C,,C,,,,,,,,,,*53
2026-03-01T09:28:00.000Z $IIMTA,7.7,C*35
2026-03-01T09:28:00.000Z $IIMTW,6.2,C*27
2026-03-01T09:28:00.000Z $IIMWV,64.8,T,14.0,N,A*34
2026-03-01T09:28:00.000Z $IIRPM,E,1,0,,A*66
2026-03-01T09:28:00.000Z $IIRSA,-0.7,A,,V*53
2026-03-01T09:28:00.000Z $IIVHW,51.6,T,,M,4.2,N,,K*61
2026-03-01T09:28:00.000Z $IIXDR,V,11.74,V,BATT*60
2026-03-01T09:28:10.000Z $GPGGA,092810,5301.6476,N,00447.2574,E,2,11,0.9,2.5,M,,M,,*54
2026-03-01T09:28:10.000Z $GPRMC,092810,A,5301.6476,N,00447.2574,E,4.8,50.4,010326,,,A*4E
2026-03-01T09:28:10.000Z $IIDBT,45.1,f,13.7,M,7.5,F*16
2026-03-01T09:28:10.000Z $IIHDG,53.2,,,1.2,E*15
2026-03-01T09:28:10.000Z $IIMWV,73.1,T,14.1,N,A*3A
2026-03-01T09:28:10.000Z $IIRPM,E,1,0,,A*66
2026-03-01T09:28:10.000Z $IIRSA,0.4,A,,V*7D
2026-03-01T09:28:10.000Z $IIVHW,53.2,T,,M,4.3,N,,K*66
2026-03-01T09:28:20.000Z !AIVDM,1,1,,B,15N2113P00J`tC4;9g`R4?vN0<02,0*5E
2026-03-01T09:28:20.000Z $GPGGA,092820,5301.6482,N,00447.2601,E,2,9,0.9,2.5,M,,M,,*64
2026-03-01T09:28:20.000Z $GPRMC,092820,A,5301.6482,N,00447.2601,E,4.1,53.1,010326,,,A*48
2026-03-01T09:28:20.000Z $IIDBT,32.1,f,9.8,M,5.4,F*21
2026-03-01T09:28:20.000Z $IIHDG,52.9,,,1.2,E*1F
2026-03-01T09:28:20.000Z $IIMWV,77.2,T,13.2,N,A*39
2026-03-01T09:28:20.000Z $IIRPM,E,1,0,,A*66
2026-03-01T09:28:20.000Z $IIRSA,0.5,A,,V*7C
2026-03-01T09:28:20.000Z $IIVHW,52.9,T,,M,3.6,N,,K*6E
2026-03-01T09:28:30.000Z $GPGGA,092830,5301.6377,N,00447.3062,E,2,8,0.9,2.5,M,,M,,*6B
2026-03-01T09:28:30.000Z $GPRMC,092830,A,5301.6377,N,00447.3062,E,5.3,57.8,010326,,,A*48
2026-03-01T09:28:30.000Z $GPVTG,57.6,T,,M,5.3,N,9.9,K,A*3F
2026-03-01T09:28:30.000Z $GPXTE,A,A,0.043,L,N,A*34
2026-03-01T09:28:30.000Z $IIDBT,32.4,f,9.9,M,5.4,F*25
2026-03-01T09:28:30.000Z $IIHDG,53.3,,,1.2,E*14
2026-03-01T09:28:30.000Z $IIMTA,7.9,C*3B
2026-03-01T09:28:30.000Z $IIMWV,66.8,T,13.4,N,A*35
2026-03-01T09:28:30.000Z $IIRPM,E,1,0,,A*66
2026-03-01T09:28:30.000Z $IIRSA,3.5,A,,V*7F
2026-03-01T09:28:30.000Z $IIVHW,53.3,T,,M,4.9,N,,K*6D
2026-03-01T09:28:30.000Z $IIXDR,V,11.89,V,BATT*62
2026-03-01T09:28:40.000Z !AIVDM,1,1,,B,15N2447P00J`tC4;9g`R4?vN0<02,0*5E
2026-03-01T09:28:40.000Z $GPGGA,092840,5301.6614,N,00447.3181,E,2,11,0.9,2.5,M,,M,,*58
2026-03-01T09:28:40.000Z $GPRMC,092840,A,5301.6614,N,00447.3181,E,4.2,57.5,010326,,,A*4E
2026-03-01T09:28:40.000Z $IIDBT,28.5,f,8.7,M,4.8,F*2D
2026-03-01T09:28:40.000Z $IIHDG,52.0,,,1.2,E*16
2026-03-01T09:28:40.000Z $IIMWV,74.9,T,13.1,N,A*32
2026-03-01T09:28:40.000Z $IIRPM,E,1,0,,A*66
2026-03-01T09:28:40.000Z $IIRSA,0.7,A,,V*7E
2026-03-01T09:28:40.000Z $IIVHW,52.0,T,,M,3.9,N,,K*68
2026-03-01T09:28:50.000Z $GPGGA,092850,5301.6456,N,00447.3218,E,2,9,0.9,2.5,M,,M,,*67
2026-03-01T09:28:50.000Z $GPRMC,092850,A,5301.6456,N,00447.3218,E,5.9,55.2,010326,,,A*47
2026-03-01T09:28:50.000Z $IIDBT,19.8,f,6.0,M,3.3,F*27
2026-03-01T09:28:50.000Z $IIHDG,52.8,,,1.2,E*1E
2026-03-01T09:28:50.000Z $IIMWV,68.3,T,14.0,N,A*33
2026-03-01T09:28:50.000Z $IIRPM,E,1,0,,A*66
2026-03-01T09:28:50.000Z $IIRSA,-1.8,A,,V*5D
2026-03-01T09:28:50.000Z $IIVHW,52.8,T,,M,5.4,N,,K*6B
2026-03-01T09:29:00.000Z !AIVDO,1,1,,A,15RTd30000J`sV4;9a8H4?vP0000,0*7A
2026-03-01T09:29:00.000Z $GPGGA,092900,5301.6548,N,00447.3103,E,2,10,0.9,2.5,M,,M,,*5C
2026-03-01T09:29:00.000Z $GPGSA,A,3,01,03,06,11,17,19,22,25,,,,,1.2,0.9,0.8*3D
2026-03-01T09:29:00.000Z $GPRMC,092900,A,5301.6548,N,00447.3103,E,4.4,58.6,010326,,,A*41
2026-03-01T09:29:00.000Z $GPVTG,58.7,T,,M,4.4,N,8.2,K,A*3D
2026-03-01T09:29:00.000Z $GPXTE,A,A,0.040,L,N,A*37
2026-03-01T09:29:00.000Z $IIDBT,21.7,f,6.6,M,3.6,F*20
2026-03-01T09:29:00.000Z $IIHDG,54.1,,,1.2,E*11
2026-03-01T09:29:00.000Z $IIMDA,29.9444,I,1.0140,B,8.0,C,,C,,,,,,,,,,*57
2026-03-01T09:29:00.000Z $IIMTA,8.2,C*3F
2026-03-01T09:29:00.000Z $IIMTW,6.8,C*2D
2026-03-01T09:29:00.000Z $IIMWV,62.1,T,13.1,N,A*3D
2026-03-01T09:29:00.000Z $IIRPM,E,1,0,,A*66
2026-03-01T09:29:00.000Z $IIRSA,3.7,A,,V*7D
2026-03-01T09:29:00.000Z $IIVHW,54.1,T,,M,4.3,N,,K*62
2026-03-01T09:29:00.000Z $IIXDR,V,11.87,V,BATT*6C
2026-03-01T09:29:10.000Z $GPGGA,092910,5301.6687,N,00447.3518,E,2,10,0.9,2.5,M,,M,,*53
2026-03-01T09:29:10.000Z $GPRMC,092910,A,5301.6687,N,00447.3518,E,4.8,50.7,010326,,,A*4B
2026-03-01T09:29:10.000Z $IIDBT,21.0,f,6.4,M,3.5,F*26
2026-03-01T09:29:10.000Z $IIHDG,54.1,,,1.2,E*11
2026-03-01T09:29:10.000Z $IIMWV,62.2,T,14.7,N,A*3F
2026-03-01T09:29:10.000Z $IIRPM,E,1,0,,A*66
2026-03-01T09:29:10.000Z $IIRSA,-3.7,A,,V*50
2026-03-01T09:29:10.000Z $IIVHW,54.1,T,,M,4.5,N,,K*64
2026-03-01T09:29:20.000Z !AIVDM,1,1,,B,15N2445P00J`tC4;9g`R4?vN0<02,0*5E
2026-03-01T09:29:20.000Z $GPGGA,092920,5301.6590,N,00447.3377,E,2,11,0.9,2.5,M,,M,,*5B
2026-03-01T09:29:20.000Z $GPRMC,092920,A,5301.6590,N,00447.3377,E,5.1,51.1,010326,,,A*4D
2026-03-01T09:29:20.000Z $IIDBT,21.7,f,6.6,M,3.6,F*20
2026-03-01T09:29:20.000Z $IIHDG,53.5,,,1.2,E*12
2026-03-01T09:29:20.000Z $IIMWV,62.0,T,13.3,N,A*3E
2026-03-01T09:29:20.000Z $IIRPM,E,1,0,,A*66
2026-03-01T09:29:20.000Z $IIRSA,3.2,A,,V*78
2026-03-01T09:29:20.000Z $IIVHW,53.5,T,,M,4.9,N,,K*6B
2026-03-01T09:29:30.000Z !AIVDM,1,1,,B,15N2449P00J`tC4;9g`R4?vN0<02,0*5E
2026-03-01T09:29:30.000Z $GPGGA,092930,5301.6687,N,00447.3687,E,2,10,0.9,2.5,M,,M,,*54
2026-03-01T09:29:30.000Z $GPRMC,092930,A,5301.6687,N,00447.3687,E,4.3,54.1,010326,,,A*45
2026-03-01T09:29:30.000Z $GPVTG,54.9,T,,M,4.3,N,8.0,K,A*3A
2026-03-01T09:29:30.000Z $GPXTE,A,A,0.004,L,N,A*37
2026-03-01T09:29:30.000Z $IIDBT,29.8,f,9.1,M,5.0,F*2F
2026-03-01T09:29:30.000Z $IIHDG,52.7,,,1.2,E*11
2026-03-01T09:29:30.000Z $IIMTA,7.9,C*3B
2026-03-01T09:29:30.000Z $IIMWV,71.2,T,13.5,N,A*38
2026-03-01T09:29:30.000Z $IIRPM,E,1,0,,A*66
2026-03-01T09:29:30.000Z $IIRSA,-4.2,A,,V*52
2026-03-01T09:29:30.000Z $IIVHW,52.7,T,,M,4.0,N,,K*61
2026-03-01T09:29:30.000Z $IIXDR,V,11.78,V,BATT*6C
2026-03-01T09:29:40.000Z $GPGGA,092940,5301.6624,N,00447.3630,E,2,9,0.9,2.5,M,,M,,*6E
2026-03-01T09:29:40.000Z $GPRMC,092940,A,5301.6624,N,00447.3630,E,4.2,59.9,010326,,,A*43
2026-03-01T09:29:40.000Z $IIDBT,23.5,f,7.2,M,3.9,F*2A
2026-03-01T09:29:40.000Z $IIHDG,54.6,,,1.2,E*16
2026-03-01T09:29:40.000Z $IIMWV,69.3,T,14.9,N,A*3B
2026-03-01T09:29:40.000Z $IIRPM,E,1,0,,A*66
2026-03-01T09:29:40.000Z $IIRSA,2.1,A,,V*7A
2026-03-01T09:29:40.000Z $IIVHW,54.6,T,,M,3.9,N,,K*68
2026-03-01T09:29:50.000Z $GPGGA,092950,5301.6689,N,00447.3912,E,2,11,0.9,2.5,M,,M,,*5E
2026-03-01T09:29:50.000Z $GPRMC,092950,A,5301.6689,N,00447.3912,E,4.8,57.5,010326,,,A*42
2026-03-01T09:29:50.000Z $IIDBT,35.9,f,10.9,M,6.0,F*10
2026-03-01T09:29:50.000Z $IIHDG,51.4,,,1.2,E*11
2026-03-01T09:29:50.000Z $IIMWV,67.5,T,14.5,N,A*3F
2026-03-01T09:29:50.000Z $IIRPM,E,1,0,,A*66
2026-03-01T09:29:50.000Z $IIRSA,2.6,A,,V*7D
2026-03-01T09:29:50.000Z $IIVHW,51.4,T,,M,4.5,N,,K*64
2026-03-01T09:30:00.000Z !AIVDM,1,1,,B,15N2445P00J`tC4;9g`R4?vN0<02,0*5E
2026-03-01T09:30:00.000Z !AIVDO,1,1,,A,15RTd30000J`sV4;9a8H4?vP0000,0*7A
2026-03-01T09:30:00.000Z !AIVDO,1,1,,A,15RTd30000J`sV4;9a8H4?vP0000,0*7A
2026-03-01T09:30:00.000Z $GPGGA,093000,5301.6741,N,00447.4109,E,2,10,0.9,2.5,M,,M,,*52
2026-03-01T09:30:00.000Z $GPGGA,093000,5301.6777,N,00447.4174,E,2,9,0.9,2.5,M,,M,,*65
2026-03-01T09:30:00.000Z $GPGSA,A,3,01,03,06,11,17,19,22,25,,,,,1.2,0.9,0.8*3D
2026-03-01T09:30:00.000Z $GPGSA,A,3,01,03,06,11,17,19,22,25,,,,,1.2,0.9,0.8*3D
2026-03-01T09:30:00.000Z $GPRMC,093000,A,5301.6741,N,00447.4109,E,4.0,58.8,010326,,,A*45
2026-03-01T09:30:00.000Z $GPRMC,093000,A,5301.6777,N,00447.4174,E,3.3,82.4,010326,,,A*45
2026-03-01T09:30:00.000Z $GPVTG,58.2,T,,M,4.0,N,7.5,K,A*34
2026-03-01T09:30:00.000Z $GPVTG,82.8,T,,M,3.3,N,6.2,K,A*3B
2026-03-01T09:30:00.000Z $GPXTE,A,A,0.016,L,N,A*34
2026-03-01T09:30:00.000Z $GPXTE,A,A,0.022,L,N,A*33
2026-03-01T09:30:00.000Z $IIDBT,10.8,f,3.3,M,1.8,F*21
2026-03-01T09:30:00.000Z $IIDBT,30.4,f,9.3,M,5.1,F*28
2026-03-01T09:30:00.000Z $IIHDG,54.5,,,1.2,E*15
2026-03-01T09:30:00.000Z $IIHDG,77.3,,,1.2,E*12
2026-03-01T09:30:00.000Z $IIMDA,29.9462,I,1.0141,B,8.2,C,,C,,,,,,,,,,*50
2026-03-01T09:30:00.000Z $IIMDA,29.9721,I,1.0150,B,8.2,C,,C,,,,,,,,,,*54
2026-03-01T09:30:00.000Z $IIMTA,8.2,C*3F
2026-03-01T09:30:00.000Z $IIMTA,8.4,C*39
2026-03-01T09:30:00.000Z $IIMTW,6.5,C*20
2026-03-01T09:30:00.000Z $IIMTW,6.5,C*20
2026-03-01T09:30:00.000Z $IIMWV,71.2,T,15.0,N,A*3B
2026-03-01T09:30:00.000Z $IIMWV,83.3,T,13.8,N,A*39
2026-03-01T09:30:00.000Z $IIRPM,E,1,0,,A*66
2026-03-01T09:30:00.000Z $IIRPM,E,1,3,,A*65
2026-03-01T09:30:00.000Z $IIRSA,-1.6,A,,V*53
2026-03-01T09:30:00.000Z $IIRSA,-3.9,A,,V*5E
2026-03-01T09:30:00.000Z $IIVHW,54.5,T,,M,3.9,N,,K*6B
2026-03-01T09:30:00.000Z $IIVHW,77.3,T,,M,2.9,N,,K*6D
2026-03-01T09:30:00.000Z $IIXDR,V,11.89,V,BATT*62
2026-03-01T09:30:00.000Z $IIXDR,V,13.13,V,BATT*63
2026-03-01T09:30:10.000Z !AIVDM,1,1,,B,15N2113P00J`tC4;9g`R4?vN0<02,0*5E
2026-03-01T09:30:10.000Z $GPGGA,093010,5301.6902,N,00447.4117,E,2,11,0.9,2.5,M,,M,,*54
2026-03-01T09:30:10.000Z $GPRMC,093010,A,5301.6902,N,00447.4117,E,4.0,81.4,010326,,,A*4A
2026-03-01T09:30:10.000Z $IIDBT,17.6,f,5.4,M,2.9,F*2B
2026-03-01T09:30:10.000Z $IIHDG,78.0,,,1.2,E*1E
2026-03-01T09:30:10.000Z $IIMWV,90.3,T,13.3,N,A*30
2026-03-01T09:30:10.000Z $IIRPM,E,1,575,,A*61
2026-03-01T09:30:10.000Z $IIRSA,3.6,A,,V*7C
2026-03-01T09:30:10.000Z $IIVHW,78.0,T,,M,3.8,N,,K*61
2026-03-01T09:30:20.000Z $GPGGA,093020,5301.6889,N,00447.4543,E,2,8,0.9,2.5,M,,M,,*68
2026-03-01T09:30:20.000Z $GPRMC,093020,A,5301.6889,N,00447.4543,E,3.1,82.5,010326,,,A*4A
2026-03-01T09:30:20.000Z $IIDBT,16.8,f,5.1,M,2.8,F*20
2026-03-01T09:30:20.000Z $IIHDG,76.6,,,1.2,E*16
2026-03-01T09:30:20.000Z $IIMWV,77.7,T,12.5,N,A*3A
2026-03-01T09:30:20.000Z $IIRPM,E,1,1205,,A*50
2026-03-01T09:30:20.000Z $IIRSA,-0.5,A,,V*51
2026-03-01T09:30:20.000Z $IIVHW,76.6,T,,M,3.0,N,,K*61
2026-03-01T09:30:30.000Z !AIVDM,1,1,,B,15N2451P00J`tC4;9g`R4?vN0<02,0*5E
2026-03-01T09:30:30.000Z $GPGGA,093030,5301.6814,N,00447.4676,E,2,8,0.9,2.5,M,,M,,*68
2026-03-01T09:30:30.000Z $GPRMC,093030,A,5301.6814,N,00447.4676,E,3.7,79.3,010326,,,A*4E
2026-03-01T09:30:30.000Z $GPVTG,79.8,T,,M,3.7,N,6.8,K,A*31
2026-03-01T09:30:30.000Z $GPXTE,A,A,0.040,R,N,A*29
2026-03-01T09:30:30.000Z $IIDBT,15.6,f,4.8,M,2.6,F*2B
2026-03-01T09:30:30.000Z $IIHDG,76.6,,,1.2,E*16
2026-03-01T09:30:30.000Z $IIMTA,8.1,C*3C
2026-03-01T09:30:30.000Z $IIMWV,78.0,T,12.9,N,A*3E
2026-03-01T09:30:30.000Z $IIRPM,E,1,1765,,A*53
2026-03-01T09:30:30.000Z $IIRSA,0.0,A,,V*79
2026-03-01T09:30:30.000Z $IIVHW,76.6,T,,M,3.3,N,,K*62
2026-03-01T09:30:30.000Z $IIXDR,V,13.12,V,BATT*62
2026-03-01T09:30:40.000Z !AIVDM,1,1,,B,15N2451P00J`tC4;9g`R4?vN0<02,0*5E
2026-03-01T09:30:40.000Z $GPGGA,093040,5301.6882,N,00447.4843,E,2,9,0.9,2.5,M,,M,,*69
2026-03-01T09:30:40.000Z $GPRMC,093040,A,5301.6882,N,00447.4843,E,4.0,81.4,010326,,,A*4E
2026-03-01T09:30:40.000Z $IIDBT,13.6,f,4.2,M,2.3,F*22
2026-03-01T09:30:40.000Z $IIHDG,79.9,,,1.2,E*16
2026-03-01T09:30:40.000Z $IIMWV,87.0,T,12.5,N,A*32
2026-03-01T09:30:40.000Z $IIRPM,E,1,1821,,A*5C
2026-03-01T09:30:40.000Z $IIRSA,-2.3,A,,V*55
2026-03-01T09:30:40.000Z $IIVHW,79.9,T,,M,3.7,N,,K*66
2026-03-01T09:30:50.000Z $GPGGA,093050,5301.6975,N,00447.5094,E,2,8,0.9,2.5,M,,M,,*63
2026-03-01T09:30:50.000Z $GPRMC,093050,A,5301.6975,N,00447.5094,E,4.2,78.8,010326,,,A*4D
2026-03-01T09:30:50.000Z $IIDBT,19.1,f,5.8,M,3.2,F*24
2026-03-01T09:30:50.000Z $IIHDG,78.7,,,1.2,E*19
2026-03-01T09:30:50.000Z $IIMWV,92.1,T,12.2,N,A*30
2026-03-01T09:30:50.000Z $IIRPM,E,1,1793,,A*5A
2026-03-01T09:30:50.000Z $IIRSA,-4.2,A,,V*52
2026-03-01T09:30:50.000Z $IIVHW,78.7,T,,M,4.0,N,,K*69
2026-03-01T09:31:00.000Z !AIVDO,1,1,,A,15RTd30000J`sV4;9a8H4?vP0000,0*7A
2026-03-01T09:31:00.000Z $GPGGA,093100,5301.6971,N,00447.5406,E,2,11,0.9,2.5,M,,M,,*54
2026-03-01T09:31:00.000Z $GPGSA,A,3,01,03,06,11,17,19,22,25,,,,,1.2,0.9,0.8*3D
2026-03-01T09:31:00.000Z $GPRMC,093100,A,5301.6971,N,00447.5406,E,3.1,82.7,010326,,,A*4C
2026-03-01T09:31:00.000Z $GPVTG,82.4,T,,M,3.1,N,5.8,K,A*3C
2026-03-01T09:31:00.000Z $GPXTE,A,A,0.037,R,N,A*29
2026-03-01T09:31:00.000Z $IIDBT,13.9,f,4.2,M,2.3,F*2D
2026-03-01T09:31:00.000Z $IIHDG,79.5,,,1.2,E*1A
2026-03-01T09:31:00.000Z $IIMDA,29.9712,I,1.0149,B,8.2,C,,C,,,,,,,,,,*5C
2026-03-01T09:31:00.000Z $IIMTA,8.6,C*3B
2026-03-01T09:31:00.000Z $IIMTW,6.6,C*23
2026-03-01T09:31:00.000Z $IIMWV,92.4,T,12.0,N,A*37
2026-03-01T09:31:00.000Z $IIRPM,E,1,1759,,A*5C
2026-03-01T09:31:00.000Z $IIRSA,-2.8,A,,V*5E
2026-03-01T09:31:00.000Z $IIVHW,79.5,T,,M,2.8,N,,K*64
2026-03-01T09:31:00.000Z $IIXDR,V,13.23,V,BATT*60
2026-03-01T09:31:10.000Z $GPGGA,093110,5301.7002,N,00447.5539,E,2,8,0.9,2.5,M,,M,,*6C
2026-03-01T09:31:10.000Z $GPRMC,093110,A,5301.7002,N,00447.5539,E,4.3,80.5,010326,,,A*49
2026-03-01T09:31:10.000Z $IIDBT,9.9,f,3.0,M,1.6,F*15
2026-03-01T09:31:10.000Z $IIHDG,76.1,,,1.2,E*11
2026-03-01T09:31:10.000Z $IIMWV,84.8,T,12.8,N,A*34
2026-03-01T09:31:10.000Z $IIRPM,E,1,1782,,A*5A
2026-03-01T09:31:10.000Z $IIRSA,-2.2,A,,V*54
2026-03-01T09:31:10.000Z $IIVHW,76.1,T,,M,4.1,N,,K*60
2026-03-01T09:31:20.000Z !AIVDM,1,1,,B,15N2460P00J`tC4;9g`R4?vN0<02,0*5E
2026-03-01T09:31:20.000Z $GPGGA,093120,5301.7034,N,00447.5886,E,2,8,0.9,2.5,M,,M,,*63
2026-03-01T09:31:20.000Z $GPRMC,093120,A,5301.7034,N,00447.5886,E,3.8,80.4,010326,,,A*4B
2026-03-01T09:31:20.000Z $IIDBT,19.2,f,5.8,M,3.2,F*27
2026-03-01T09:31:20.000Z $IIHDG,77.1,,,1.2,E*10
2026-03-01T09:31:20.000Z $IIMWV,80.8,T,12.5,N,A*3D
2026-03-01T09:31:20.000Z $IIRPM,E,1,1848,,A*53
2026-03-01T09:31:20.000Z $IIRSA,-1.5,A,,V*50
2026-03-01T09:31:20.000Z $IIVHW,77.1,T,,M,3.4,N,,K*63
2026-03-01T09:31:30.000Z !AIVDM,1,1,,B,15N2451P00J`tC4;9g`R4?vN0<02,0*5E
2026-03-01T09:31:30.000Z $GPGGA,093130,5301.7269,N,00447.6161,E,2,10,0.9,2.5,M,,M,,*52
2026-03-01T09:31:30.000Z $GPRMC,093130,A,5301.7269,N,00447.6161,E,3.1,77.9,010326,,,A*4F
2026-03-01T09:31:30.000Z $GPVTG,77.2,T,,M,3.1,N,5.8,K,A*30
2026-03-01T09:31:30.000Z $GPXTE,A,A,0.010,L,N,A*32
2026-03-01T09:31:30.000Z $IIDBT,18.6,f,5.7,M,3.1,F*2E
2026-03-01T09:31:30.000Z $IIHDG,78.8,,,1.2,E*16
2026-03-01T09:31:30.000Z $IIMTA,8.5,C*38
2026-03-01T09:31:30.000Z $IIMWV,87.1,T,14.0,N,A*30
2026-03-01T09:31:30.000Z $IIRPM,E,1,1823,,A*5E
2026-03-01T09:31:30.000Z $IIRSA,0.7,A,,V*7E
2026-03-01T09:31:30.000Z $IIVHW,78.8,T,,M,2.9,N,,K*69
2026-03-01T09:31:30.000Z $IIXDR,V,13.23,V,BATT*60
2026-03-01T09:31:40.000Z !AIVDM,1,1,,B,15N2445P00J`tC4;9g`R4?vN0<02,0*5E
2026-03-01T09:31:40.000Z $GPGGA,093140,5301.7214,N,00447.6390,E,2,10,0.9,2.5,M,,M,,*53
2026-03-01T09:31:40.000Z $GPRMC,093140,A,5301.7214,N,00447.6390,E,3.2,82.6,010326,,,A*48
2026-03-01T09:31:40.000Z $IIDBT,18.6,f,5.7,M,3.1,F*2E
2026-03-01T09:31:40.000Z $IIHDG,76.6,,,1.2,E*16
2026-03-01T09:31:40.000Z $IIMWV,90.3,T,12.2,N,A*30
2026-03-01T09:31:40.000Z $IIRPM,E,1,1793,,A*5A
2026-03-01T09:31:40.000Z $IIRSA,-1.2,A,,V*57
2026-03-01T09:31:40.000Z $IIVHW,76.6,T,,M,2.9,N,,K*69
2026-03-01T09:31:50.000Z !AIVDM,1,1,,B,15N2445P00J`tC4;9g`R4?vN0<02,0*5E
2026-03-01T09:31:50.000Z $GPGGA,093150,5301.7142,N,00447.6551,E,2,9,0.9,2.5,M,,M,,*61
2026-03-01T09:31:50.000Z $GPRMC,093150,A,5301.7142,N,00447.6551,E,3.2,80.1,010326,,,A*47
2026-03-01T09:31:50.000Z $IIDBT,16.6,f,5.1,M,2.8,F*2E
2026-03-01T09:31:50.000Z $IIHDG,77.1,,,1.2,E*10
2026-03-01T09:31:50.000Z $IIMWV,92.0,T,13.9,N,A*3B
2026-03-01T09:31:50.000Z $IIRPM,E,1,1795,,A*5C
2026-03-01T09:31:50.000Z $IIRSA,4.3,A,,V*7E
2026-03-01T09:31:50.000Z $IIVHW,77.1,T,,M,2.7,N,,K*61
2026-03-01T09:32:00.000Z !AIVDM,1,1,,B,15N2446P00J`tC4;9g`R4?vN0<02,0*5E
2026-03-01T09:32:00.000Z !AIVDO,1,1,,A,15RTd30000J`sV4;9a8H4?vP0000,0*7A
2026-03-01T09:32:00.000Z $GPGGA,093200,5301.7328,N,00447.6779,E,2,11,0.9,2.5,M,,M,,*58
2026-03-01T09:32:00.000Z $GPGSA,A,3,01,03,06,11,17,19,22,25,,,,,1.2,0.9,0.8*3D
2026-03-01T09:32:00.000Z $GPRMC,093200,A,5301.7328,N,00447.6779,E,4.5,80.7,010326,,,A*41
2026-03-01T09:32:00.000Z $GPVTG,80.6,T,,M,4.5,N,8.3,K,A*39
2026-03-01T09:32:00.000Z $GPXTE,A,A,0.001,R,N,A*2C
2026-03-01T09:32:00.000Z $IIDBT,11.0,f,3.4,M,1.8,F*2F
2026-03-01T09:32:00.000Z $IIHDG,79.1,,,1.2,E*1E
2026-03-01T09:32:00.000Z $IIMDA,29.9450,I,1.0141,B,8.4,C,,C,,,,,,,,,,*57
2026-03-01T09:32:00.000Z $IIMTA,8.4,C*39
2026-03-01T09:32:00.000Z $IIMTW,6.7,C*22
2026-03-01T09:32:00.000Z $IIMWV,79.3,T,12.8,N,A*3D
2026-03-01T09:32:00.000Z $IIRPM,E,1,1832,,A*5E
2026-03-01T09:32:00.000Z $IIRSA,-3.0,A,,V*57
2026-03-01T09:32:00.000Z $IIVHW,79.1,T,,M,4.1,N,,K*6F
2026-03-01T09:32:00.000Z $IIXDR,V,13.19,V,BATT*69
2026-03-01T09:32:10.000Z $GPGGA,093210,5301.7345,N,00447.7216,E,2,10,0.9,2.5,M,,M,,*5E
2026-03-01T09:32:10.000Z $GPRMC,093210,A,5301.7345,N,00447.7216,E,3.6,80.7,010326,,,A*42
2026-03-01T09:32:10.000Z $IIDBT,19.0,f,5.8,M,3.2,F*25
2026-03-01T09:32:10.000Z $IIHDG,78.1,,,1.2,E*1F
2026-03-01T09:32:10.000Z $IIMWV,87.3,T,12.9,N,A*3D
2026-03-01T09:32:10.000Z $IIRPM,E,1,1849,,A*52
2026-03-01T09:32:10.000Z $IIRSA,-2.8,A,,V*5E
2026-03-01T09:32:10.000Z $IIVHW,78.1,T,,M,3.3,N,,K*6B
2026-03-01T09:32:20.000Z $GPGGA,093220,5301.7380,N,00447.7343,E,2,10,0.9,2.5,M,,M,,*55
2026-03-01T09:32:20.000Z $GPRMC,093220,A,5301.7380,N,00447.7343,E,3.1,79.5,010326,,,A*4A
2026-03-01T09:32:20.000Z $IIDBT,10.9,f,3.3,M,1.8,F*20
2026-03-01T09:32:20.000Z $IIHDG,78.4,,,1.2,E*1A
2026-03-01T09:32:20.000Z $IIMWV,86.6,T,12.9,N,A*39
2026-03-01T09:32:20.000Z $IIRPM,E,1,1820,,A*5D
2026-03-01T09:32:20.000Z $IIRSA,2.8,A,,V*73
2026-03-01T09:32:20.000Z $IIVHW,78.4,T,,M,2.9,N,,K*65
2026-03-01T09:32:30.000Z $GPGGA,093230,5301.7351,N,00447.7458,E,2,10,0.9,2.5,M,,M,,*55
2026-03-01T09:32:30.000Z $GPRMC,093230,A,5301.7351,N,00447.7458,E,3.7,77.9,010326,,,A*4E
2026-03-01T09:32:30.000Z $GPVTG,77.4,T,,M,3.7,N,6.9,K,A*32
2026-03-01T09:32:30.000Z $GPXTE,A,A,0.003,R,N,A*2E
2026-03-01T09:32:30.000Z $IIDBT,14.2,f,4.3,M,2.4,F*27
2026-03-01T09:32:30.000Z $IIHDG,78.4,,,1.2,E*1A
2026-03-01T09:32:30.000Z $IIMTA,8.6,C*3B
2026-03-01T09:32:30.000Z $IIMWV,84.4,T,12.2,N,A*32
2026-03-01T09:32:30.000Z $IIRPM,E,1,1827,,A*5A
2026-03-01T09:32:30.000Z $IIRSA,3.2,A,,V*78
2026-03-01T09:32:30.000Z $IIVHW,78.4,T,,M,3.3,N,,K*6E
2026-03-01T09:32:30.000Z $IIXDR,V,13.28,V,BATT*6B
2026-03-01T09:32:40.000Z $GPGGA,093240,5301.7396,N,00447.7977,E,2,11,0.9,2.5,M,,M,,*58
2026-03-01T09:32:40.000Z $GPRMC,093240,A,5301.7396,N,00447.7977,E,3.8,80.8,010326,,,A*44
2026-03-01T09:32:40.000Z $IIDBT,13.6,f,4.1,M,2.3,F*21
2026-03-01T09:32:40.000Z $IIHDG,76.7,,,1.2,E*17
2026-03-01T09:32:40.000Z $IIMWV,92.6,T,12.8,N,A*3D
2026-03-01T09:32:40.000Z $IIRPM,E,1,1787,,A*5F
2026-03-01T09:32:40.000Z $IIRSA,3.0,A,,V*7A
2026-03-01T09:32:40.000Z $IIVHW,76.7,T,,M,3.5,N,,K*65
2026-03-01T09:32:50.000Z $GPGGA,093250,5301.7544,N,00447.8013,E,2,10,0.9,2.5,M,,M,,*55
2026-03-01T09:32:50.000Z $GPRMC,093250,A,5301.7544,N,00447.8013,E,3.2,81.8,010326,,,A*43
2026-03-01T09:32:50.000Z $IIDBT,15.0,f,4.6,M,2.5,F*20
2026-03-01T09:32:50.000Z $IIHDG,77.5,,,1.2,E*14
2026-03-01T09:32:50.000Z $IIMWV,87.4,T,13.7,N,A*35
2026-03-01T09:32:50.000Z $IIRPM,E,1,1825,,A*58
2026-03-01T09:32:50.000Z $IIRSA,-3.0,A,,V*57
2026-03-01T09:32:50.000Z $IIVHW,77.5,T,,M,3.1,N,,K*62
2026-03-01T09:33:00.000Z !AIVDM,1,1,,B,15N2445P00J`tC4;9g`R4?vN0<02,0*5E
2026-03-01T09:33:00.000Z !AIVDO,1,1,,A,15RTd30000J`sV4;9a8H4?vP0000,0*7A
2026-03-01T09:33:00.000Z $GPGGA,093300,5301.7484,N,00447.8346,E,2,10,0.9,2.5,M,,M,,*5F
2026-03-01T09:33:00.000Z $GPGSA,A,3,01,03,06,11,17,19,22,25,,,,,1.2,0.9,0.8*3D
2026-03-01T09:33:00.000Z $GPRMC,093300,A,5301.7484,N,00447.8346,E,3.4,77.9,010326,,,A*47
2026-03-01T09:33:00.000Z $GPVTG,77.5,T,,M,3.4,N,6.4,K,A*3D
2026-03-01T09:33:00.000Z $GPXTE,A,A,0.039,R,N,A*27
2026-03-01T09:33:00.000Z $IIDBT,16.4,f,5.0,M,2.7,F*22
2026-03-01T09:33:00.000Z $IIHDG,77.6,,,1.2,E*17
2026-03-01T09:33:00.000Z $IIMDA,29.9631,I,1.0147,B,8.2,C,,C,,,,,,,,,,*52
2026-03-01T09:33:00.000Z $IIMTA,8.1,C*3C
2026-03-01T09:33:00.000Z $IIMTW,6.3,C*26
2026-03-01T09:33:00.000Z $IIMWV,92.6,T,12.8,N,A*3D
2026-03-01T09:33:00.000Z $IIRPM,E,1,1799,,A*50
2026-03-01T09:33:00.000Z $IIRSA,-4.3,A,,V*53
2026-03-01T09:33:00.000Z $IIVHW,77.6,T,,M,3.1,N,,K*61
2026-03-01T09:33:00.000Z $IIXDR,V,13.16,V,BATT*66
2026-03-01T09:33:10.000Z !AIVDM,1,1,,B,15N2445P00J`tC4;9g`R4?vN0<02,0*5E
2026-03-01T09:33:10.000Z $GPGGA,093310,5301.7628,N,00447.8443,E,2,8,0.9,2.5,M,,M,,*61
2026-03-01T09:33:10.000Z $GPRMC,093310,A,5301.7628,N,00447.8443,E,4.1,82.7,010326,,,A*46
2026-03-01T09:33:10.000Z $IIDBT,13.7,f,4.2,M,2.3,F*23
2026-03-01T09:33:10.000Z $IIHDG,79.6,,,1.2,E*19
2026-03-01T09:33:10.000Z $IIMWV,78.1,T,13.7,N,A*30
2026-03-01T09:33:10.000Z $IIRPM,E,1,1795,,A*5C
2026-03-01T09:33:10.000Z $IIRSA,2.2,A,,V*79
2026-03-01T09:33:10.000Z $IIVHW,79.6,T,,M,3.7,N,,K*69
2026-03-01T09:33:20.000Z $GPGGA,093320,5301.7508,N,00447.8930,E,2,11,0.9,2.5,M,,M,,*52
2026-03-01T09:33:20.000Z $GPRMC,093320,A,5301.7508,N,00447.8930,E,4.1,79.9,010326,,,A*47
2026-03-01T09:33:20.000Z $IIDBT,12.1,f,3.7,M,2.0,F*25
2026-03-01T09:33:20.000Z $IIHDG,76.6,,,1.2,E*16
2026-03-01T09:33:20.000Z $IIMWV,91.5,T,12.8,N,A*3D
2026-03-01T09:33:20.000Z $IIRPM,E,1,1848,,A*53
2026-03-01T09:33:20.000Z $IIRSA,-4.7,A,,V*57
2026-03-01T09:33:20.000Z $IIVHW,76.6,T,,M,4.0,N,,K*66
2026-03-01T09:33:30.000Z $GPGGA,093330,5301.7553,N,00447.9181,E,2,9,0.9,2.5,M,,M,,*67
2026-03-01T09:33:30.000Z $GPRMC,093330,A,5301.7553,N,00447.9181,E,3.2,78.8,010326,,,A*4F
2026-03-01T09:33:30.000Z $GPVTG,78.1,T,,M,3.2,N,5.9,K,A*3E
2026-03-01T09:33:30.000Z $GPXTE,A,A,0.024,R,N,A*2B
2026-03-01T09:33:30.000Z $IIDBT,18.9,f,5.8,M,3.1,F*2E
2026-03-01T09:33:30.000Z $IIHDG,77.0,,,1.2,E*11
2026-03-01T09:33:30.000Z $IIMTA,8.3,C*3E
2026-03-01T09:33:30.000Z $IIMWV,85.8,T,13.4,N,A*38
2026-03-01T09:33:30.000Z $IIRPM,E,1,1753,,A*56
2026-03-01T09:33:30.000Z $IIRSA,-3.4,A,,V*53
2026-03-01T09:33:30.000Z $IIVHW,77.0,T,,M,2.9,N,,K*6E
2026-03-01T09:33:30.000Z $IIXDR,V,13.15,V,BATT*65
2026-03-01T09:33:40.000Z $GPGGA,093340,5301.7795,N,00447.9349,E,2,11,0.9,2.5,M,,M,,*57
2026-03-01T09:33:40.000Z $GPRMC,093340,A,5301.7795,N,00447.9349,E,4.5,77.3,010326,,,A*42
2026-03-01T09:33:40.000Z $IIDBT,16.7,f,5.1,M,2.8,F*2F
2026-03-01T09:33:40.000Z $IIHDG,78.9,,,1.2,E*17
2026-03-01T09:33:40.000Z $IIMWV,83.9,T,12.2,N,A*38
2026-03-01T09:33:40.000Z $IIRPM,E,1,1795,,A*5C
2026-03-01T09:33:40.000Z $IIRSA,1.2,A,,V*7A
2026-03-01T09:33:40.000Z $IIVHW,78.9,T,,M,4.4,N,,K*63
2026-03-01T09:33:50.000Z $GPGGA,093350,5301.7602,N,00447.9566,E,2,8,0.9,2.5,M,,M,,*6A
2026-03-01T09:33:50.000Z $GPRMC,093350,A,5301.7602,N,00447.9566,E,4.5,79.4,010326,,,A*4E
2026-03-01T09:33:50.000Z $IIDBT,14.2,f,4.3,M,2.4,F*27
2026-03-01T09:33:50.000Z $IIHDG,77.9,,,1.2,E*18
2026-03-01T09:33:50.000Z $IIMWV,87.4,T,13.6,N,A*34
2026-03-01T09:33:50.000Z $IIRPM,E,1,1784,,A*5C
2026-03-01T09:33:50.000Z $IIRSA,-4.3,A,,V*53
2026-03-01T09:33:50.000Z $IIVHW,77.9,T,,M,4.4,N,,K*6C
2026-03-01T09:34:00.000Z !AIVDO,1,1,,A,15RTd30000J`sV4;9a8H4?vP0000,0*7A
2026-03-01T09:34:00.000Z $GPGGA,093400,5301.7695,N,00447.9655,E,2,10,0.9,2.5,M,,M,,*5C
2026-03-01T09:34:00.000Z $GPGSA,A,3,01,03,06,11,17,19,22,25,,,,,1.2,0.9,0.8*3D
2026-03-01T09:34:00.000Z $GPRMC,093400,A,5301.7695,N,00447.9655,E,3.6,77.6,010326,,,A*49
2026-03-01T09:34:00.000Z $GPVTG,77.6,T,,M,3.6,N,6.7,K,A*3F
2026-03-01T09:34:00.000Z $GPXTE,A,A,0.002,R,N,A*2F
2026-03-01T09:34:00.000Z $IIDBT,19.1,f,5.8,M,3.2,F*24
2026-03-01T09:34:00.000Z $IIHDG,78.2,,,1.2,E*1C
2026-03-01T09:34:00.000Z $IIMDA,29.9479,I,1.0142,B,8.4,C,,C,,,,,,,,,,*5F
2026-03-01T09:34:00.000Z $IIMTA,8.3,C*3E
2026-03-01T09:34:00.000Z $IIMTW,6.7,C*22
2026-03-01T09:34:00.000Z $IIMWV,84.4,T,13.6,N,A*37
2026-03-01T09:34:00.000Z $IIRPM,E,1,1769,,A*5F
2026-03-01T09:34:00.000Z $IIRSA,2.1,A,,V*7A
2026-03-01T09:34:00.000Z $IIVHW,78.2,T,,M,3.5,N,,K*6E
2026-03-01T09:34:00.000Z $IIXDR,V,13.15,V,BATT*65
2026-03-01T09:34:10.000Z $GPGGA,093410,5301.7810,N,00448.0042,E,2,10,0.9,2.5,M,,M,,*58
2026-03-01T09:34:10.000Z $GPRMC,093410,A,5301.7810,N,00448.0042,E,3.5,80.7,010326,,,A*47
2026-03-01T09:34:10.000Z $IIDBT,17.3,f,5.3,M,2.9,F*29
2026-03-01T09:34:10.000Z $IIHDG,79.9,,,1.2,E*16
2026-03-01T09:34:10.000Z $IIMWV,80.1,T,13.5,N,A*35
2026-03-01T09:34:10.000Z $IIRPM,E,1,1842,,A*59
2026-03-01T09:34:10.000Z $IIRSA,4.7,A,,V*7A
2026-03-01T09:34:10.000Z $IIVHW,79.9,T,,M,3.3,N,,K*62
2026-03-01T09:34:20.000Z $GPGGA,093420,5301.7958,N,00448.0084,E,2,8,0.9,2.5,M,,M,,*65
2026-03-01T09:34:20.000Z $GPRMC,093420,A,5301.7958,N,00448.0084,E,3.0,77.3,010326,,,A*4A
2026-03-01T09:34:20.000Z $IIDBT,16.8,f,5.1,M,2.8,F*20
2026-03-01T09:34:20.000Z $IIHDG,79.6,,,1.2,E*19
2026-03-01T09:34:20.000Z $IIMWV,78.4,T,12.5,N,A*36
2026-03-01T09:34:20.000Z $IIRPM,E,1,1841,,A*5A
2026-03-01T09:34:20.000Z $IIRSA,3.7,A,,V*7D
2026-03-01T09:34:20.000Z $IIVHW,79.6,T,,M,2.8,N,,K*67
2026-03-01T09:34:30.000Z $GPGGA,093430,5301.7909,N,00448.0421,E,2,10,0.9,2.5,M,,M,,*52
2026-03-01T09:34:30.000Z $GPRMC,093430,A,5301.7909,N,00448.0421,E,3.6,78.5,010326,,,A*4B
2026-03-01T09:34:30.000Z $GPVTG,78.9,T,,M,3.6,N,6.6,K,A*3E
2026-03-01T09:34:30.000Z $GPXTE,A,A,0.019,R,N,A*25
2026-03-01T09:34:30.000Z $IIDBT,10.0,f,3.1,M,1.7,F*24
2026-03-01T09:34:30.000Z $IIHDG,79.6,,,1.2,E*19
2026-03-01T09:34:30.000Z $IIMTA,8.0,C*3D
2026-03-01T09:34:30.000Z $IIMWV,80.4,T,13.4,N,A*31
2026-03-01T09:34:30.000Z $IIRPM,E,1,1774,,A*53
2026-03-01T09:34:30.000Z $IIRSA,3.5,A,,V*7F
2026-03-01T09:34:30.000Z $IIVHW,79.6,T,,M,3.4,N,,K*6A
2026-03-01T09:34:30.000Z $IIXDR,V,13.21,V,BATT*62
2026-03-01T09:34:40.000Z !AIVDM,1,1,,B,15N2460P00J`tC4;9g`R4?vN0<02,0*5E
2026-03-01T09:34:40.000Z $GPGGA,093440,5301.7872,N,00448.0799,E,2,10,0.9,2.5,M,,M,,*58
2026-03-01T09:34:40.000Z $GPRMC,093440,A,5301.7872,N,00448.0799,E,3.6,81.3,010326,,,A*41
2026-03-01T09:34:40.000Z $IIDBT,11.8,f,3.6,M,2.0,F*2E
2026-03-01T09:34:40.000Z $IIHDG,77.9,,,1.2,E*18
2026-03-01T09:34:40.000Z $IIMWV,84.8,T,13.8,N,A*35
2026-03-01T09:34:40.000Z $IIRPM,E,1,1752,,A*57
2026-03-01T09:34:40.000Z $IIRSA,5.0,A,,V*7C
2026-03-01T09:34:40.000Z $IIVHW,77.9,T,,M,3.4,N,,K*6B
2026-03-01T09:34:50.000Z $GPGGA,093450,5301.8039,N,00448.0838,E,2,9,0.9,2.5,M,,M,,*6D
2026-03-01T09:34:50.000Z $GPRMC,093450,A,5301.8039,N,00448.0838,E,4.1,79.9,010326,,,A*41
2026-03-01T09:34:50.000Z $IIDBT,10.6,f,3.2,M,1.8,F*2E
2026-03-01T09:34:50.000Z $IIHDG,79.2,,,1.2,E*1D
2026-03-01T09:34:50.000Z $IIMWV,83.0,T,12.3,N,A*30
2026-03-01T09:34:50.000Z $IIRPM,E,1,1790,,A*59
2026-03-01T09:34:50.000Z $IIRSA,-0.9,A,,V*5D
2026-03-01T09:34:50.000Z $IIVHW,79.2,T,,M,3.9,N,,K*63
2026-03-01T09:35:00.000Z !AIVDO,1,1,,A,15RTd30000J`sV4;9a8H4?vP0000,0*7A
2026-03-01T09:35:00.000Z $GPGGA,093500,5301.8059,N,00448.1380,E,2,11,0.9,2.5,M,,M,,*5F
2026-03-01T09:35:00.000Z $GPGSA,A,3,01,03,06,11,17,19,22,25,,,,,1.2,0.9,0.8*3D
2026-03-01T09:35:00.000Z $GPRMC,093500,A,5301.8059,N,00448.1380,E,4.1,82.2,010326,,,A*45
2026-03-01T09:35:00.000Z $GPVTG,82.2,T,,M,4.1,N,7.6,K,A*31
2026-03-01T09:35:00.000Z $GPXTE,A,A,0.045,L,N,A*32
2026-03-01T09:35:00.000Z $IIDBT,12.9,f,3.9,M,2.2,F*21
2026-03-01T09:35:00.000Z $IIHDG,78.0,,,1.2,E*1E
2026-03-01T09:35:00.000Z $IIMDA,29.9658,I,1.0148,B,8.2,C,,C,,,,,,,,,,*52
2026-03-01T09:35:00.000Z $IIMTA,8.6,C*3B
2026-03-01T09:35:00.000Z $IIMTW,6.5,C*20
2026-03-01T09:35:00.000Z $IIMWV,78.7,T,12.7,N,A*37
2026-03-01T09:35:00.000Z $IIRPM,E,1,1758,,A*5D
2026-03-01T09:35:00.000Z $IIRSA,4.0,A,,V*7D
2026-03-01T09:35:00.000Z $IIVHW,78.0,T,,M,3.9,N,,K*60
2026-03-01T09:35:00.000Z $IIXDR,V,13.16,V,BATT*66
2026-03-01T09:35:10.000Z $GPGGA,093510,5301.8065,N,00448.1412,E,2,8,0.9,2.5,M,,M,,*65
2026-03-01T09:35:10.000Z $GPRMC,093510,A,5301.8065,N,00448.1412,E,3.8,82.7,010326,,,A*4C
2026-03-01T09:35:10.000Z $IIDBT,14.4,f,4.4,M,2.4,F*26
2026-03-01T09:35:10.000Z $IIHDG,76.3,,,1.2,E*13
2026-03-01T09:35:10.000Z $IIMWV,81.5,T,13.5,N,A*30
2026-03-01T09:35:10.000Z $IIRPM,E,1,1807,,A*58
2026-03-01T09:35:10.000Z $IIRSA,4.5,A,,V*78
2026-03-01T09:35:10.000Z $IIVHW,76.3,T,,M,3.6,N,,K*62
2026-03-01T09:35:20.000Z $GPGGA,093520,5301.8051,N,00448.1776,E,2,9,0.9,2.5,M,,M,,*61
2026-03-01T09:35:20.000Z $GPRMC,093520,A,5301.8051,N,00448.1776,E,3.6,80.8,010326,,,A*4A
2026-03-01T09:35:20.000Z $IIDBT,10.1,f,3.1,M,1.7,F*25
2026-03-01T09:35:20.000Z $IIHDG,78.4,,,1.2,E*1A
2026-03-01T09:35:20.000Z $IIMWV,92.1,T,13.8,N,A*3B
2026-03-01T09:35:20.000Z $IIRPM,E,1,1810,,A*5E
2026-03-01T09:35:20.000Z $IIRSA,-1.0,A,,V*55
2026-03-01T09:35:20.000Z $IIVHW,78.4,T,,M,3.2,N,,K*6F
2026-03-01T09:35:30.000Z !AIVDM,1,1,,B,15N2460P00J`tC4;9g`R4?vN0<02,0*5E
2026-03-01T09:35:30.000Z $GPGGA,093530,5301.8206,N,00448.1743,E,2,9,0.9,2.5,M,,M,,*66
2026-03-01T09:35:30.000Z $GPRMC,093530,A,5301.8206,N,00448.1743,E,4.4,81.1,010326,,,A*40
2026-03-01T09:35:30.000Z $GPVTG,81.7,T,,M,4.4,N,8.1,K,A*3A
2026-03-01T09:35:30.000Z $GPXTE,A,A,0.018,R,N,A*24
2026-03-01T09:35:30.000Z $IIDBT,12.2,f,3.7,M,2.0,F*26
2026-03-01T09:35:30.000Z $IIHDG,79.7,,,1.2,E*18
2026-03-01T09:35:30.000Z $IIMTA,8.4,C*39
2026-03-01T09:35:30.000Z $IIMWV,92.6,T,12.7,N,A*32
2026-03-01T09:35:30.000Z $IIRPM,E,1,1793,,A*5A
2026-03-01T09:35:30.000Z $IIRSA,-0.3,A,,V*57
2026-03-01T09:35:30.000Z $IIVHW,79.7,T,,M,4.1,N,,K*69
2026-03-01T09:35:30.000Z $IIXDR,V,13.23,V,BATT*60
2026-03-01T09:35:40.000Z $GPGGA,093540,5301.8052,N,00448.2267,E,2,10,0.9,2.5,M,,M,,*5A
2026-03-01T09:35:40.000Z $GPRMC,093540,A,5301.8052,N,00448.2267,E,3.4,80.1,010326,,,A*42
2026-03-01T09:35:40.000Z $IIDBT,17.1,f,5.2,M,2.9,F*2A
2026-03-01T09:35:40.000Z $IIHDG,79.4,,,1.2,E*1B
2026-03-01T09:35:40.000Z $IIMWV,85.7,T,12.5,N,A*37
2026-03-01T09:35:40.000Z $IIRPM,E,1,1779,,A*5E
2026-03-01T09:35:40.000Z $IIRSA,1.5,A,,V*7D
2026-03-01T09:35:40.000Z $IIVHW,79.4,T,,M,3.0,N,,K*6C
2026-03-01T09:35:50.000Z $GPGGA,093550,5301.8251,N,00448.2410,E,2,10,0.9,2.5,M,,M,,*5C
2026-03-01T09:35:50.000Z $GPRMC,093550,A,5301.8251,N,00448.2410,E,4.4,79.0,010326,,,A*44
2026-03-01T09:35:50.000Z $IIDBT,16.4,f,5.0,M,2.7,F*22
2026-03-01T09:35:50.000Z $IIHDG,78.0,,,1.2,E*1E
2026-03-01T09:35:50.000Z $IIMWV,86.2,T,13.9,N,A*3C
2026-03-01T09:35:50.000Z $IIRPM,E,1,1845,,A*5E
2026-03-01T09:35:50.000Z $IIRSA,1.5,A,,V*7D
2026-03-01T09:35:50.000Z $IIVHW,78.0,T,,M,4.2,N,,K*6C
2026-03-01T09:36:00.000Z !AIVDO,1,1,,A,15RTd30000J`sV4;9a8H4?vP0000,0*7A
2026-03-01T09:36:00.000Z $GPGGA,093600,5301.8226,N,00448.2511,E,2,8,0.9,2.5,M,,M,,*63
2026-03-01T09:36:00.000Z $GPGSA,A,3,01,03,06,11,17,19,22,25,,,,,1.2,0.9,0.8*3D
2026-03-01T09:36:00.000Z $GPRMC,093600,A,5301.8226,N,00448.2511,E,3.7,79.6,010326,,,A*40
2026-03-01T09:36:00.000Z $GPVTG,79.9,T,,M,3.7,N,6.8,K,A*30
2026-03-01T09:36:00.000Z $GPXTE,A,A,0.025,L,N,A*34
2026-03-01T09:36:00.000Z $IIDBT,10.0,f,3.0,M,1.7,F*25
2026-03-01T09:36:00.000Z $IIHDG,77.7,,,1.2,E*16
2026-03-01T09:36:00.000Z $IIMDA,29.9467,I,1.0141,B,8.4,C,,C,,,,,,,,,,*53
2026-03-01T09:36:00.000Z $IIMTA,8.5,C*38
2026-03-01T09:36:00.000Z $IIMTW,6.5,C*20
2026-03-01T09:36:00.000Z $IIMWV,78.3,T,12.1,N,A*35
2026-03-01T09:36:00.000Z $IIRPM,E,1,1812,,A*5C
2026-03-01T09:36:00.000Z $IIRSA,4.2,A,,V*7F
2026-03-01T09:36:00.000Z $IIVHW,77.7,T,,M,3.3,N,,K*62
2026-03-01T09:36:00.000Z $IIXDR,V,13.24,V,BATT*67
2026-03-01T09:36:10.000Z $GPGGA,093610,5301.8367,N,00448.2790,E,2,10,0.9,2.5,M,,M,,*54
2026-03-01T09:36:10.000Z $GPRMC,093610,A,5301.8367,N,00448.2790,E,3.6,77.9,010326,,,A*4E
2026-03-01T09:36:10.000Z $IIDBT,12.6,f,3.8,M,2.1,F*2C
2026-03-01T09:36:10.000Z $IIHDG,78.6,,,1.2,E*18
2026-03-01T09:36:10.000Z $IIMWV,80.4,T,12.1,N,A*35
2026-03-01T09:36:10.000Z $IIRPM,E,1,1839,,A*55
2026-03-01T09:36:10.000Z $IIRSA,-0.5,A,,V*51
2026-03-01T09:36:10.000Z $IIVHW,78.6,T,,M,3.4,N,,K*6B
2026-03-01T09:36:20.000Z !AIVDM,1,1,,B,15N2460P00J`tC4;9g`R4?vN0<02,0*5E
2026-03-01T09:36:20.000Z $GPGGA,093620,5301.8234,N,00448.3125,E,2,11,0.9,2.5,M,,M,,*58
2026-03-01T09:36:20.000Z $GPRMC,093620,A,5301.8234,N,00448.3125,E,3.1,79.2,010326,,,A*41
2026-03-01T09:36:20.000Z $IIDBT,16.9,f,5.2,M,2.8,F*22
2026-03-01T09:36:20.000Z $IIHDG,79.5,,,1.2,E*1A
2026-03-01T09:36:20.000Z $IIMWV,79.7,T,12.8,N,A*39
2026-03-01T09:36:20.000Z $IIRPM,E,1,1835,,A*59
2026-03-01T09:36:20.000Z $IIRSA,4.0,A,,V*7D
2026-03-01T09:36:20.000Z $IIVHW,79.5,T,,M,2.8,N,,K*64
2026-03-01T09:36:30.000Z $GPGGA,093630,5301.8299,N,00448.3357,E,2,8,0.9,2.5,M,,M,,*61
2026-03-01T09:36:30.000Z $GPRMC,093630,A,5301.8299,N,00448.3357,E,4.2,78.3,010326,,,A*44
2026-03-01T09:36:30.000Z $GPVTG,78.2,T,,M,4.2,N,7.7,K,A*36
2026-03-01T09:36:30.000Z $GPXTE,A,A,0.007,L,N,A*34
2026-03-01T09:36:30.000Z $IIDBT,16.4,f,5.0,M,2.7,F*22
2026-03-01T09:36:30.000Z $IIHDG,79.1,,,1.2,E*1E
2026-03-01T09:36:30.000Z $IIMTA,8.1,C*3C
2026-03-01T09:36:30.000Z $IIMWV,80.3,T,12.7,N,A*34
2026-03-01T09:36:30.000Z $IIRPM,E,1,1794,,A*5D
2026-03-01T09:36:30.000Z $IIRSA,2.7,A,,V*7C
2026-03-01T09:36:30.000Z $IIVHW,79.1,T,,M,3.7,N,,K*6E
2026-03-01T09:36:30.000Z $IIXDR,V,13.17,V,BATT*67
2026-03-01T09:36:40.000Z !AIVDM,1,1,,B,15N2447P00J`tC4;9g`R4?vN0<02,0*5E
2026-03-01T09:36:40.000Z $GPGGA,093640,5301.8423,N,00448.3759,E,2,10,0.9,2.5,M,,M,,*52
2026-03-01T09:36:40.000Z $GPRMC,093640,A,5301.8423,N,00448.3759,E,3.1,78.0,010326,,,A*49
2026-03-01T09:36:40.000Z $IIDBT,18.0,f,5.5,M,3.0,F*2B
2026-03-01T09:36:40.000Z $IIHDG,76.2,,,1.2,E*12
2026-03-01T09:36:40.000Z $IIMWV,83.4,T,12.6,N,A*31
2026-03-01T09:36:40.000Z $IIRPM,E,1,1787,,A*5F
2026-03-01T09:36:40.000Z $IIRSA,3.4,A,,V*7E
2026-03-01T09:36:40.000Z $IIVHW,76.2,T,,M,2.8,N,,K*6C
2026-03-01T09:36:50.000Z $GPGGA,093650,5301.8510,N,00448.3887,E,2,10,0.9,2.5,M,,M,,*5E
2026-03-01T09:36:50.000Z $GPRMC,093650,A,5301.8510,N,00448.3887,E,3.9,77.9,010326,,,A*4B
2026-03-01T09:36:50.000Z $IIDBT,14.0,f,4.3,M,2.3,F*22
2026-03-01T09:36:50.000Z $IIHDG,79.4,,,1.2,E*1B
2026-03-01T09:36:50.000Z $IIMWV,83.4,T,13.0,N,A*36
2026-03-01T09:36:50.000Z $IIRPM,E,1,1758,,A*5D
2026-03-01T09:36:50.000Z $IIRSA,-1.5,A,,V*50
2026-03-01T09:36:50.000Z $IIVHW,79.4,T,,M,3.5,N,,K*69
2026-03-01T09:37:00.000Z !AIVDO,1,1,,A,15RTd30000J`sV4;9a8H4?vP0000,0*7A
2026-03-01T09:37:00.000Z $GPGGA,093700,5301.8458,N,00448.3904,E,2,8,0.9,2.5,M,,M,,*64
2026-03-01T09:37:00.000Z $GPGSA,A,3,01,03,06,11,17,19,22,25,,,,,1.2,0.9,0.8*3D
2026-03-01T09:37:00.000Z $GPRMC,093700,A,5301.8458,N,00448.3904,E,4.0,80.9,010326,,,A*4E
2026-03-01T09:37:00.000Z $GPVTG,80.6,T,,M,4.0,N,7.5,K,A*35
2026-03-01T09:37:00.000Z $GPXTE,A,A,0.026,R,N,A*29
2026-03-01T09:37:00.000Z $IIDBT,12.2,f,3.7,M,2.0,F*26
2026-03-01T09:37:00.000Z $IIHDG,78.1,,,1.2,E*1F
2026-03-01T09:37:00.000Z $IIMDA,29.9613,I,1.0146,B,8.4,C,,C,,,,,,,,,,*55
2026-03-01T09:37:00.000Z $IIMTA,8.3,C*3E
2026-03-01T09:37:00.000Z $IIMTW,6.3,C*26
2026-03-01T09:37:00.000Z $IIMWV,79.8,T,13.8,N,A*37
2026-03-01T09:37:00.000Z $IIRPM,E,1,1770,,A*57
2026-03-01T09:37:00.000Z $IIRSA,0.6,A,,V*7F
2026-03-01T09:37:00.000Z $IIVHW,78.1,T,,M,3.6,N,,K*6E
2026-03-01T09:37:00.000Z $IIXDR,V,13.20,V,BATT*63
2026-03-01T09:37:10.000Z $GPGGA,093710,5301.8624,N,00448.4492,E,2,10,0.9,2.5,M,,M,,*50
2026-03-01T09:37:10.000Z $GPRMC,093710,A,5301.8624,N,00448.4492,E,4.3,80.9,010326,,,A*40
2026-03-01T09:37:10.000Z $IIDBT,9.9,f,3.0,M,1.7,F*14
2026-03-01T09:37:10.000Z $IIHDG,78.3,,,1.2,E*1D
2026-03-01T09:37:10.000Z $IIMWV,89.5,T,12.8,N,A*34
2026-03-01T09:37:10.000Z $IIRPM,E,1,1779,,A*5E
2026-03-01T09:37:10.000Z $IIRSA,-4.1,A,,V*51
2026-03-01T09:37:10.000Z $IIVHW,78.3,T,,M,3.9,N,,K*63
2026-03-01T09:37:20.000Z !AIVDM,1,1,,B,15N2113P00J`tC4;9g`R4?vN0<02,0*5E
2026-03-01T09:37:20.000Z $GPGGA,093720,5301.8589,N,00448.4730,E,2,9,0.9,2.5,M,,M,,*64
2026-03-01T09:37:20.000Z $GPRMC,093720,A,5301.8589,N,00448.4730,E,3.1,82.1,010326,,,A*43
2026-03-01T09:37:20.000Z $IIDBT,10.1,f,3.1,M,1.7,F*25
2026-03-01T09:37:20.000Z $IIHDG,77.3,,,1.2,E*12
2026-03-01T09:37:20.000Z $IIMWV,78.3,T,12.7,N,A*33
2026-03-01T09:37:20.000Z $IIRPM,E,1,1844,,A*5F
2026-03-01T09:37:20.000Z $IIRSA,-2.8,A,,V*5E
2026-03-01T09:37:20.000Z $IIVHW,77.3,T,,M,2.8,N,,K*6C
2026-03-01T09:37:30.000Z $GPGGA,093730,5301.8650,N,00448.4887,E,2,9,0.9,2.5,M,,M,,*61
2026-03-01T09:37:30.000Z $GPRMC,093730,A,5301.8650,N,00448.4887,E,3.1,78.1,010326,,,A*43
2026-03-01T09:37:30.000Z $GPVTG,78.2,T,,M,3.1,N,5.8,K,A*3F
2026-03-01T09:37:30.000Z $GPXTE,A,A,0.020,R,N,A*2F
2026-03-01T09:37:30.000Z $IIDBT,17.4,f,5.3,M,2.9,F*2E
2026-03-01T09:37:30.000Z $IIHDG,77.3,,,1.2,E*12
2026-03-01T09:37:30.000Z $IIMTA,8.3,C*3E
2026-03-01T09:37:30.000Z $IIMWV,80.1,T,13.1,N,A*31
2026-03-01T09:37:30.000Z $IIRPM,E,1,1752,,A*57
2026-03-01T09:37:30.000Z $IIRSA,5.0,A,,V*7C
2026-03-01T09:37:30.000Z $IIVHW,77.3,T,,M,2.8,N,,K*6C
2026-03-01T09:37:30.000Z $IIXDR,V,13.16,V,BATT*66
2026-03-01T09:37:40.000Z $GPGGA,093740,5301.8652,N,00448.4992,E,2,9,0.9,2.5,M,,M,,*61
2026-03-01T09:37:40.000Z $GPRMC,093740,A,5301.8652,N,00448.4992,E,3.5,81.2,010326,,,A*42
2026-03-01T09:37:40.000Z $IIDBT,14.7,f,4.5,M,2.4,F*24
2026-03-01T09:37:40.000Z $IIHDG,79.9,,,1.2,E*16
2026-03-01T09:37:40.000Z $IIMWV,84.3,T,13.2,N,A*34
2026-03-01T09:37:40.000Z $IIRPM,E,1,1816,,A*58
2026-03-01T09:37:40.000Z $IIRSA,0.5,A,,V*7C
2026-03-01T09:37:40.000Z $IIVHW,79.9,T,,M,3.1,N,,K*60
2026-03-01T09:37:50.000Z $GPGGA,093750,5301.8703,N,00448.5374,E,2,9,0.9,2.5,M,,M,,*66
2026-03-01T09:37:50.000Z $GPRMC,093750,A,5301.8703,N,00448.5374,E,3.3,80.2,010326,,,A*42
2026-03-01T09:37:50.000Z $IIDBT,12.3,f,3.7,M,2.0,F*27
2026-03-01T09:37:50.000Z $IIHDG,76.3,,,1.2,E*13
2026-03-01T09:37:50.000Z $IIMWV,82.2,T,13.8,N,A*39
2026-03-01T09:37:50.000Z $IIRPM,E,1,1755,,A*50
2026-03-01T09:37:50.000Z $IIRSA,-0.8,A,,V*5C
2026-03-01T09:37:50.000Z $IIVHW,76.3,T,,M,3.1,N,,K*65
2026-03-01T09:38:00.000Z !AIVDO,1,1,,A,15RTd30000J`sV4;9a8H4?vP0000,0*7A
2026-03-01T09:38:00.000Z $GPGGA,093800,5301.8827,N,00448.5535,E,2,9,0.9,2.5,M,,M,,*66
2026-03-01T09:38:00.000Z $GPGSA,A,3,01,03,06,11,17,19,22,25,,,,,1.2,0.9,0.8*3D
2026-03-01T09:38:00.000Z $GPRMC,093800,A,5301.8827,N,00448.5535,E,3.9,82.4,010326,,,A*4C
2026-03-01T09:38:00.000Z $GPVTG,82.1,T,,M,3.9,N,7.2,K,A*39
2026-03-01T09:38:00.000Z $GPXTE,A,A,0.008,R,N,A*25
2026-03-01T09:38:00.000Z $IIDBT,10.0,f,3.1,M,1.7,F*24
2026-03-01T09:38:00.000Z $IIHDG,79.2,,,1.2,E*1D
2026-03-01T09:38:00.000Z $IIMDA,29.9572,I,1.0145,B,8.2,C,,C,,,,,,,,,,*54
2026-03-01T09:38:00.000Z $IIMTA,8.1,C*3C
2026-03-01T09:38:00.000Z $IIMTW,6.5,C*20
2026-03-01T09:38:00.000Z $IIMWV,85.9,T,12.1,N,A*3D
2026-03-01T09:38:00.000Z $IIRPM,E,1,1841,,A*5A
2026-03-01T09:38:00.000Z $IIRSA,-4.3,A,,V*53
2026-03-01T09:38:00.000Z $IIVHW,79.2,T,,M,3.5,N,,K*6F
2026-03-01T09:38:00.000Z $IIXDR,V,13.16,V,BATT*66
2026-03-01T09:38:10.000Z $GPGGA,093810,5301.8832,N,00448.5632,E,2,9,0.9,2.5,M,,M,,*67
2026-03-01T09:38:10.000Z $GPRMC,093810,A,5301.8832,N,00448.5632,E,4.3,81.3,010326,,,A*44
2026-03-01T09:38:10.000Z $IIDBT,19.4,f,5.9,M,3.2,F*20
2026-03-01T09:38:10.000Z $IIHDG,79.3,,,1.2,E*1C
2026-03-01T09:38:10.000Z $IIMWV,91.8,T,13.9,N,A*30
2026-03-01T09:38:10.000Z $IIRPM,E,1,1760,,A*56
2026-03-01T09:38:10.000Z $IIRSA,-4.4,A,,V*54
2026-03-01T09:38:10.000Z $IIVHW,79.3,T,,M,4.2,N,,K*6E
2026-03-01T09:38:20.000Z $GPGGA,093820,5301.8893,N,00448.5822,E,2,11,0.9,2.5,M,,M,,*59
2026-03-01T09:38:20.000Z $GPRMC,093820,A,5301.8893,N,00448.5822,E,3.8,80.8,010326,,,A*45
2026-03-01T09:38:20.000Z $IIDBT,14.2,f,4.3,M,2.4,F*27
2026-03-01T09:38:20.000Z $IIHDG,76.5,,,1.2,E*15
2026-03-01T09:38:20.000Z $IIMWV,81.1,T,13.1,N,A*30
2026-03-01T09:38:20.000Z $IIRPM,E,1,1811,,A*5F
2026-03-01T09:38:20.000Z $IIRSA,0.9,A,,V*70
2026-03-01T09:38:20.000Z $IIVHW,76.5,T,,M,3.3,N,,K*61
2026-03-01T09:38:30.000Z !AIVDM,1,1,,B,15N2445P00J`tC4;9g`R4?vN0<02,0*5E
2026-03-01T09:38:30.000Z $GPGGA,093830,5301.8944,N,00448.6417,E,2,11,0.9,2.5,M,,M,,*5A
2026-03-01T09:38:30.000Z $GPRMC,093830,A,5301.8944,N,00448.6417,E,4.3,82.5,010326,,,A*45
2026-03-01T09:38:30.000Z $GPVTG,82.7,T,,M,4.3,N,8.0,K,A*3F
2026-03-01T09:38:30.000Z $GPXTE,A,A,0.047,R,N,A*2E
2026-03-01T09:38:30.000Z $IIDBT,14.0,f,4.3,M,2.3,F*22
2026-03-01T09:38:30.000Z $IIHDG,79.4,,,1.2,E*1B
2026-03-01T09:38:30.000Z $IIMTA,8.3,C*3E
2026-03-01T09:38:30.000Z $IIMWV,89.7,T,12.3,N,A*3D
2026-03-01T09:38:30.000Z $IIRPM,E,1,1778,,A*5F
2026-03-01T09:38:30.000Z $IIRSA,-3.9,A,,V*5E
2026-03-01T09:38:30.000Z $IIVHW,79.4,T,,M,3.9,N,,K*65
2026-03-01T09:38:30.000Z $IIXDR,V,13.29,V,BATT*6A
2026-03-01T09:38:40.000Z $GPGGA,093840,5301.8983,N,00448.6424,E,2,11,0.9,2.5,M,,M,,*56
2026-03-01T09:38:40.000Z $GPRMC,093840,A,5301.8983,N,00448.6424,E,3.8,81.9,010326,,,A*4A
2026-03-01T09:38:40.000Z $IIDBT,18.2,f,5.5,M,3.0,F*29
2026-03-01T09:38:40.000Z $IIHDG,76.4,,,1.2,E*14
2026-03-01T09:38:40.000Z $IIMWV,83.3,T,13.2,N,A*33
2026-03-01T09:38:40.000Z $IIRPM,E,1,1795,,A*5C
2026-03-01T09:38:40.000Z $IIRSA,-3.7,A,,V*50
2026-03-01T09:38:40.000Z $IIVHW,76.4,T,,M,3.5,N,,K*66
2026-03-01T09:38:50.000Z $GPGGA,093850,5301.8826,N,00448.6643,E,2,10,0.9,2.5,M,,M,,*5B
2026-03-01T09:38:50.000Z $GPRMC,093850,A,5301.8826,N,00448.6643,E,4.4,82.6,010326,,,A*41
2026-03-01T09:38:50.000Z $IIDBT,14.3,f,4.4,M,2.4,F*21
2026-03-01T09:38:50.000Z $IIHDG,79.5,,,1.2,E*1A
2026-03-01T09:38:50.000Z $IIMWV,81.0,T,12.9,N,A*38
2026-03-01T09:38:50.000Z $IIRPM,E,1,1790,,A*59
2026-03-01T09:38:50.000Z $IIRSA,-1.0,A,,V*55
2026-03-01T09:38:50.000Z $IIVHW,79.5,T,,M,4.2,N,,K*68
2026-03-01T09:39:00.000Z !AIVDO,1,1,,A,15RTd30000J`sV4;9a8H4?vP0000,0*7A
2026-03-01T09:39:00.000Z $GPGGA,093900,5301.9002,N,00448.6902,E,2,11,0.9,2.5,M,,M,,*5B
2026-03-01T09:39:00.000Z $GPGSA,A,3,01,03,06,11,17,19,22,25,,,,,1.2,0.9,0.8*3D
2026-03-01T09:39:00.000Z $GPRMC,093900,A,5301.9002,N,00448.6902,E,4.2,77.1,010326,,,A*4B
2026-03-01T09:39:00.000Z $GPVTG,77.0,T,,M,4.2,N,7.7,K,A*3B
2026-03-01T09:39:00.000Z $GPXTE,A,A,0.037,R,N,A*29
2026-03-01T09:39:00.000Z $IIDBT,10.5,f,3.2,M,1.7,F*22
2026-03-01T09:39:00.000Z $IIHDG,76.2,,,1.2,E*12
2026-03-01T09:39:00.000Z $IIMDA,29.9639,I,1.0147,B,8.2,C,,C,,,,,,,,,,*5A
2026-03-01T09:39:00.000Z $IIMTA,8.1,C*3C
2026-03-01T09:39:00.000Z $IIMTW,6.3,C*26
2026-03-01T09:39:00.000Z $IIMWV,84.3,T,12.1,N,A*36
2026-03-01T09:39:00.000Z $IIRPM,E,1,1818,,A*56
2026-03-01T09:39:00.000Z $IIRSA,3.5,A,,V*7F
2026-03-01T09:39:00.000Z $IIVHW,76.2,T,,M,4.0,N,,K*62
2026-03-01T09:39:00.000Z $IIXDR,V,13.21,V,BATT*62
2026-03-01T09:39:10.000Z $GPGGA,093910,5301.8955,N,00448.7037,E,2,10,0.9,2.5,M,,M,,*5F
2026-03-01T09:39:10.000Z $GPRMC,093910,A,5301.8955,N,00448.7037,E,3.3,80.1,010326,,,A*40
2026-03-01T09:39:10.000Z $IIDBT,16.8,f,5.1,M,2.8,F*20
2026-03-01T09:39:10.000Z $IIHDG,77.4,,,1.2,E*15
2026-03-01T09:39:10.000Z $IIMWV,92.5,T,12.4,N,A*32
2026-03-01T09:39:10.000Z $IIRPM,E,1,1771,,A*56
2026-03-01T09:39:10.000Z $IIRSA,-2.8,A,,V*5E
2026-03-01T09:39:10.000Z $IIVHW,77.4,T,,M,2.9,N,,K*6A
2026-03-01T09:39:20.000Z !AIVDM,1,1,,B,15N2446P00J`tC4;9g`R4?vN0<02,0*5E
2026-03-01T09:39:20.000Z $GPGGA,093920,5301.9126,N,00448.7295,E,2,8,0.9,2.5,M,,M,,*62
2026-03-01T09:39:20.000Z $GPRMC,093920,A,5301.9126,N,00448.7295,E,4.0,82.4,010326,,,A*47
2026-03-01T09:39:20.000Z $IIDBT,13.5,f,4.1,M,2.2,F*23
2026-03-01T09:39:20.000Z $IIHDG,78.4,,,1.2,E*1A
2026-03-01T09:39:20.000Z $IIMWV,78.5,T,13.1,N,A*32
2026-03-01T09:39:20.000Z $IIRPM,E,1,1769,,A*5F
2026-03-01T09:39:20.000Z $IIRSA,3.9,A,,V*73
2026-03-01T09:39:20.000Z $IIVHW,78.4,T,,M,3.9,N,,K*64
2026-03-01T09:39:30.000Z $GPGGA,093930,5301.9182,N,00448.7796,E,2,9,0.9,2.5,M,,M,,*6A
2026-03-01T09:39:30.000Z $GPRMC,093930,A,5301.9182,N,00448.7796,E,3.5,82.1,010326,,,A*49
2026-03-01T09:39:30.000Z $GPVTG,82.2,T,,M,3.5,N,6.6,K,A*33
2026-03-01T09:39:30.000Z $GPXTE,A,A,0.037,R,N,A*29
2026-03-01T09:39:30.000Z $IIDBT,15.5,f,4.7,M,2.6,F*27
2026-03-01T09:39:30.000Z $IIHDG,79.9,,,1.2,E*16
2026-03-01T09:39:30.000Z $IIMTA,8.3,C*3E
2026-03-01T09:39:30.000Z $IIMWV,86.3,T,13.9,N,A*3D
2026-03-01T09:39:30.000Z $IIRPM,E,1,1804,,A*5B
2026-03-01T09:39:30.000Z $IIRSA,0.1,A,,V*78
2026-03-01T09:39:30.000Z $IIVHW,79.9,T,,M,3.2,N,,K*63
2026-03-01T09:39:30.000Z $IIXDR,V,13.27,V,BATT*64
2026-03-01T09:39:40.000Z $GPGGA,093940,5301.9087,N,00448.8074,E,2,9,0.9,2.5,M,,M,,*6D
2026-03-01T09:39:40.000Z $GPRMC,093940,A,5301.9087,N,00448.8074,E,4.0,77.6,010326,,,A*41
2026-03-01T09:39:40.000Z $IIDBT,19.3,f,5.9,M,3.2,F*27
2026-03-01T09:39:40.000Z $IIHDG,76.6,,,1.2,E*16
2026-03-01T09:39:40.000Z $IIMWV,87.9,T,13.9,N,A*36
2026-03-01T09:39:40.000Z $IIRPM,E,1,1770,,A*57
2026-03-01T09:39:40.000Z $IIRSA,2.1,A,,V*7A
2026-03-01T09:39:40.000Z $IIVHW,76.6,T,,M,3.8,N,,K*69
2026-03-01T09:39:50.000Z $GPGGA,093950,5301.9062,N,00448.8273,E,2,9,0.9,2.5,M,,M,,*62
2026-03-01T09:39:50.000Z $GPRMC,093950,A,5301.9062,N,00448.8273,E,3.8,82.4,010326,,,A*49
2026-03-01T09:39:50.000Z $IIDBT,10.3,f,3.1,M,1.7,F*27
2026-03-01T09:39:50.000Z $IIHDG,76.4,,,1.2,E*14
2026-03-01T09:39:50.000Z $IIMWV,80.8,T,13.6,N,A*3F
2026-03-01T09:39:50.000Z $IIRPM,E,1,1780,,A*58
2026-03-01T09:39:50.000Z $IIRSA,-1.3,A,,V*56
2026-03-01T09:39:50.000Z $IIVHW,76.4,T,,M,3.4,N,,K*67
2026-03-01T09:40:00.000Z !AIVDO,1,1,,A,15RTd30000J`sV4;9a8H4?vP0000,0*7A
2026-03-01T09:40:00.000Z $GPGGA,094000,5301.9091,N,00448.8319,E,2,10,0.9,2.5,M,,M,,*50
2026-03-01T09:40:00.000Z $GPGSA,A,3,01,03,06,11,17,19,22,25,,,,,1.2,0.9,0.8*3D
2026-03-01T09:40:00.000Z $GPRMC,094000,A,5301.9091,N,00448.8319,E,4.2,77.5,010326,,,A*45
2026-03-01T09:40:00.000Z $GPVTG,77.3,T,,M,4.2,N,7.7,K,A*38
2026-03-01T09:40:00.000Z $GPXTE,A,A,0.011,R,N,A*2D
2026-03-01T09:40:00.000Z $IIDBT,12.9,f,3.9,M,2.1,F*22
2026-03-01T09:40:00.000Z $IIHDG,77.3,,,1.2,E*12
2026-03-01T09:40:00.000Z $IIMDA,29.9494,I,1.0142,B,8.1,C,,C,,,,,,,,,,*59
2026-03-01T09:40:00.000Z $IIMTA,8.6,C*3B
2026-03-01T09:40:00.000Z $IIMTW,6.4,C*21
2026-03-01T09:40:00.000Z $IIMWV,85.6,T,12.9,N,A*3A
2026-03-01T09:40:00.000Z $IIRPM,E,1,1823,,A*5E
2026-03-01T09:40:00.000Z $IIRSA,-3.5,A,,V*52
2026-03-01T09:40:00.000Z $IIVHW,77.3,T,,M,3.8,N,,K*6D
2026-03-01T09:40:00.000Z $IIXDR,V,13.29,V,BATT*6A
2026-03-01T09:40:10.000Z !AIVDM,1,1,,B,15N2449P00J`tC4;9g`R4?vN0<02,0*5E
2026-03-01T09:40:10.000Z $GPGGA,094010,5301.9305,N,00448.8571,E,2,10,0.9,2.5,M,,M,,*57
2026-03-01T09:40:10.000Z $GPRMC,094010,A,5301.9305,N,00448.8571,E,3.6,78.2,010326,,,A*49
2026-03-01T09:40:10.000Z $IIDBT,11.5,f,3.5,M,1.9,F*2A
2026-03-01T09:40:10.000Z $IIHDG,77.4,,,1.2,E*15
2026-03-01T09:40:10.000Z $IIMWV,82.7,T,13.2,N,A*36
2026-03-01T09:40:10.000Z $IIRPM,E,1,1834,,A*58
2026-03-01T09:40:10.000Z $IIRSA,-2.0,A,,V*56
2026-03-01T09:40:10.000Z $IIVHW,77.4,T,,M,3.4,N,,K*66
2026-03-01T09:40:20.000Z $GPGGA,094020,5301.9230,N,00448.8856,E,2,9,0.9,2.5,M,,M,,*63
2026-03-01T09:40:20.000Z $GPRMC,094020,A,5301.9230,N,00448.8856,E,4.3,77.8,010326,,,A*42
2026-03-01T09:40:20.000Z $IIDBT,9.9,f,3.0,M,1.7,F*14
2026-03-01T09:40:20.000Z $IIHDG,76.2,,,1.2,E*12
2026-03-01T09:40:20.000Z $IIMWV,90.9,T,12.5,N,A*3D
2026-03-01T09:40:20.000Z $IIRPM,E,1,1760,,A*56
2026-03-01T09:40:20.000Z $IIRSA,-0.8,A,,V*5C
2026-03-01T09:40:20.000Z $IIVHW,76.2,T,,M,3.8,N,,K*6D
2026-03-01T09:40:30.000Z !AIVDM,1,1,,B,15N2445P00J`tC4;9g`R4?vN0<02,0*5E
2026-03-01T09:40:30.000Z $GPGGA,094030,5301.9302,N,00448.9177,E,2,9,0.9,2.5,M,,M,,*69
2026-03-01T09:40:30.000Z $GPRMC,094030,A,5301.9302,N,00448.9177,E,3.5,77.1,010326,,,A*40
2026-03-01T09:40:30.000Z $GPVTG,77.5,T,,M,3.5,N,6.5,K,A*3D
2026-03-01T09:40:30.000Z $GPXTE,A,A,0.045,R,N,A*2C
2026-03-01T09:40:30.000Z $IIDBT,13.0,f,4.0,M,2.2,F*27
2026-03-01T09:40:30.000Z $IIHDG,78.5,,,1.2,E*1B
2026-03-01T09:40:30.000Z $IIMTA,8.0,C*3D
2026-03-01T09:40:30.000Z $IIMWV,88.2,T,13.0,N,A*3B
2026-03-01T09:40:30.000Z $IIRPM,E,1,1778,,A*5F
2026-03-01T09:40:30.000Z $IIRSA,4.2,A,,V*7F
2026-03-01T09:40:30.000Z $IIVHW,78.5,T,,M,3.4,N,,K*68
2026-03-01T09:40:30.000Z $IIXDR,V,13.16,V,BATT*66
2026-03-01T09:40:40.000Z $GPGGA,094040,5301.9286,N,00448.9411,E,2,11,0.9,2.5,M,,M,,*5F
2026-03-01T09:40:40.000Z $GPRMC,094040,A,5301.9286,N,00448.9411,E,4.2,81.6,010326,,,A*41
2026-03-01T09:40:40.000Z $IIDBT,15.6,f,4.7,M,2.6,F*24
2026-03-01T09:40:40.000Z $IIHDG,77.8,,,1.2,E*19
2026-03-01T09:40:40.000Z $IIMWV,86.1,T,13.3,N,A*35
2026-03-01T09:40:40.000Z $IIRPM,E,1,1797,,A*5E
2026-03-01T09:40:40.000Z $IIRSA,-1.0,A,,V*55
2026-03-01T09:40:40.000Z $IIVHW,77.8,T,,M,4.1,N,,K*68
2026-03-01T09:40:50.000Z $GPGGA,094050,5301.9371,N,00448.9437,E,2,11,0.9,2.5,M,,M,,*53
2026-03-01T09:40:50.000Z $GPRMC,094050,A,5301.9371,N,00448.9437,E,3.1,82.2,010326,,,A*4E
2026-03-01T09:40:50.000Z $IIDBT,11.4,f,3.5,M,1.9,F*2B
2026-03-01T09:40:50.000Z $IIHDG,76.4,,,1.2,E*14
2026-03-01T09:40:50.000Z $IIMWV,86.8,T,13.2,N,A*3D
2026-03-01T09:40:50.000Z $IIRPM,E,1,1845,,A*5E
2026-03-01T09:40:50.000Z $IIRSA,4.8,A,,V*75
2026-03-01T09:40:50.000Z $IIVHW,76.4,T,,M,2.6,N,,K*64
2026-03-01T09:41:00.000Z !AIVDO,1,1,,A,15RTd30000J`sV4;9a8H4?vP0000,0*7A
2026-03-01T09:41:00.000Z $GPGGA,094100,5301.9544,N,00448.9789,E,2,11,0.9,2.5,M,,M,,*51
2026-03-01T09:41:00.000Z $GPGSA,A,3,01,03,06,11,17,19,22,25,,,,,1.2,0.9,0.8*3D
2026-03-01T09:41:00.000Z $GPRMC,094100,A,5301.9544,N,00448.9789,E,4.2,79.9,010326,,,A*47
2026-03-01T09:41:00.000Z $GPVTG,79.0,T,,M,4.2,N,7.8,K,A*3A
2026-03-01T09:41:00.000Z $GPXTE,A,A,0.021,L,N,A*30
2026-03-01T09:41:00.000Z $IIDBT,10.8,f,3.3,M,1.8,F*21
2026-03-01T09:41:00.000Z $IIHDG,78.3,,,1.2,E*1D
2026-03-01T09:41:00.000Z $IIMDA,29.9528,I,1.0143,B,8.2,C,,C,,,,,,,,,,*5D
2026-03-01T09:41:00.000Z $IIMTA,8.4,C*39
2026-03-01T09:41:00.000Z $IIMTW,6.5,C*20
2026-03-01T09:41:00.000Z $IIMWV,82.5,T,13.7,N,A*31
2026-03-01T09:41:00.000Z $IIRPM,E,1,1785,,A*5D
2026-03-01T09:41:00.000Z $IIRSA,-0.6,A,,V*52
2026-03-01T09:41:00.000Z $IIVHW,78.3,T,,M,4.1,N,,K*6C
2026-03-01T09:41:00.000Z $IIXDR,V,13.19,V,BATT*69
2026-03-01T09:41:10.000Z $GPGGA,094110,5301.9513,N,00448.9964,E,2,10,0.9,2.5,M,,M,,*5E
2026-03-01T09:41:10.000Z $GPRMC,094110,A,5301.9513,N,00448.9964,E,3.8,81.8,010326,,,A*42
2026-03-01T09:41:10.000Z $IIDBT,15.5,f,4.7,M,2.6,F*27
2026-03-01T09:41:10.000Z $IIHDG,77.9,,,1.2,E*18
2026-03-01T09:41:10.000Z $IIMWV,91.2,T,12.5,N,A*37
2026-03-01T09:41:10.000Z $IIRPM,E,1,1781,,A*59
2026-03-01T09:41:10.000Z $IIRSA,-5.0,A,,V*51
2026-03-01T09:41:10.000Z $IIVHW,77.9,T,,M,3.3,N,,K*6C
2026-03-01T09:41:20.000Z $GPGGA,094120,5301.9483,N,00449.0234,E,2,9,0.9,2.5,M,,M,,*6B
2026-03-01T09:41:20.000Z $GPRMC,094120,A,5301.9483,N,00449.0234,E,4.0,79.6,010326,,,A*49
2026-03-01T09:41:20.000Z $IIDBT,16.7,f,5.1,M,2.8,F*2F
2026-03-01T09:41:20.000Z $IIHDG,76.6,,,1.2,E*16
2026-03-01T09:41:20.000Z $IIMWV,79.6,T,13.6,N,A*37
2026-03-01T09:41:20.000Z $IIRPM,E,1,1778,,A*5F
2026-03-01T09:41:20.000Z $IIRSA,4.2,A,,V*7F
2026-03-01T09:41:20.000Z $IIVHW,76.6,T,,M,3.9,N,,K*68
2026-03-01T09:41:30.000Z $GPGGA,094130,5301.9611,N,00449.0688,E,2,8,0.9,2.5,M,,M,,*61
2026-03-01T09:41:30.000Z $GPRMC,094130,A,5301.9611,N,00449.0688,E,4.2,79.7,010326,,,A*41
2026-03-01T09:41:30.000Z $GPVTG,79.4,T,,M,4.2,N,7.8,K,A*3E
2026-03-01T09:41:30.000Z $GPXTE,A,A,0.047,R,N,A*2E
2026-03-01T09:41:30.000Z $IIDBT,17.2,f,5.2,M,2.9,F*29
2026-03-01T09:41:30.000Z $IIHDG,78.8,,,1.2,E*16
2026-03-01T09:41:30.000Z $IIMTA,8.4,C*39
2026-03-01T09:41:30.000Z $IIMWV,83.5,T,12.7,N,A*31
2026-03-01T09:41:30.000Z $IIRPM,E,1,1787,,A*5F
2026-03-01T09:41:30.000Z $IIRSA,-4.9,A,,V*59
2026-03-01T09:41:30.000Z $IIVHW,78.8,T,,M,4.0,N,,K*66
2026-03-01T09:41:30.000Z $IIXDR,V,13.29,V,BATT*6A
2026-03-01T09:41:40.000Z $GPGGA,094140,5301.9699,N,00449.0732,E,2,11,0.9,2.5,M,,M,,*5E
2026-03-01T09:41:40.000Z $GPRMC,094140,A,5301.9699,N,00449.0732,E,3.3,77.9,010326,,,A*40
2026-03-01T09:41:40.000Z $IIDBT,15.7,f,4.8,M,2.6,F*2A
2026-03-01T09:41:40.000Z $IIHDG,79.8,,,1.2,E*17
2026-03-01T09:41:40.000Z $IIMWV,88.3,T,12.1,N,A*3A
2026-03-01T09:41:40.000Z $IIRPM,E,1,1770,,A*57
2026-03-01T09:41:40.000Z $IIRSA,-2.1,A,,V*57
2026-03-01T09:41:40.000Z $IIVHW,79.8,T,,M,3.0,N,,K*60
2026-03-01T09:41:50.000Z !AIVDM,1,1,,B,15N2447P00J`tC4;9g`R4?vN0<02,0*5E
2026-03-01T09:41:50.000Z $GPGGA,094150,5301.9611,N,00449.1021,E,2,11,0.9,2.5,M,,M,,*5B
2026-03-01T09:41:50.000Z $GPRMC,094150,A,5301.9611,N,00449.1021,E,3.7,79.0,010326,,,A*46
2026-03-01T09:41:50.000Z $IIDBT,13.7,f,4.2,M,2.3,F*23
2026-03-01T09:41:50.000Z $IIHDG,79.8,,,1.2,E*17
2026-03-01T09:41:50.000Z $IIMWV,90.4,T,12.0,N,A*35
2026-03-01T09:41:50.000Z $IIRPM,E,1,1814,,A*5A
2026-03-01T09:41:50.000Z $IIRSA,-1.2,A,,V*57
2026-03-01T09:41:50.000Z $IIVHW,79.8,T,,M,3.2,N,,K*62
2026-03-01T09:42:00.000Z !AIVDO,1,1,,A,15RTd30000J`sV4;9a8H4?vP0000,0*7A
2026-03-01T09:42:00.000Z $GPGGA,094200,5301.9668,N,00449.1229,E,2,9,0.9,2.5,M,,M,,*60
2026-03-01T09:42:00.000Z $GPGSA,A,3,01,03,06,11,17,19,22,25,,,,,1.2,0.9,0.8*3D
2026-03-01T09:42:00.000Z $GPRMC,094200,A,5301.9668,N,00449.1229,E,3.1,77.4,010326,,,A*48
2026-03-01T09:42:00.000Z $GPVTG,77.6,T,,M,3.1,N,5.8,K,A*34
2026-03-01T09:42:00.000Z $GPXTE,A,A,0.030,R,N,A*2E
2026-03-01T09:42:00.000Z $IIDBT,19.2,f,5.9,M,3.2,F*26
2026-03-01T09:42:00.000Z $IIHDG,78.6,,,1.2,E*18
2026-03-01T09:42:00.000Z $IIMDA,29.9611,I,1.0146,B,8.3,C,,C,,,,,,,,,,*50
2026-03-01T09:42:00.000Z $IIMTA,8.1,C*3C
2026-03-01T09:42:00.000Z $IIMTW,6.2,C*27
2026-03-01T09:42:00.000Z $IIMWV,91.8,T,13.3,N,A*3A
2026-03-01T09:42:00.000Z $IIRPM,E,1,1828,,A*55
2026-03-01T09:42:00.000Z $IIRSA,3.7,A,,V*7D
2026-03-01T09:42:00.000Z $IIVHW,78.6,T,,M,2.8,N,,K*66
2026-03-01T09:42:00.000Z $IIXDR,V,13.21,V,BATT*62
2026-03-01T09:42:10.000Z !AIVDM,1,1,,B,15N2447P00J`tC4;9g`R4?vN0<02,0*5E
2026-03-01T09:42:10.000Z $GPGGA,094210,5301.9781,N,00449.1664,E,2,10,0.9,2.5,M,,M,,*52
2026-03-01T09:42:10.000Z $GPRMC,094210,A,5301.9781,N,00449.1664,E,3.3,80.3,010326,,,A*4F
2026-03-01T09:42:10.000Z $IIDBT,15.5,f,4.7,M,2.6,F*27
2026-03-01T09:42:10.000Z $IIHDG,79.3,,,1.2,E*1C
2026-03-01T09:42:10.000Z $IIMWV,88.1,T,13.0,N,A*38
2026-03-01T09:42:10.000Z $IIRPM,E,1,1807,,A*58
2026-03-01T09:42:10.000Z $IIRSA,-4.0,A,,V*50
2026-03-01T09:42:10.000Z $IIVHW,79.3,T,,M,3.1,N,,K*6A
2026-03-01T09:42:20.000Z $GPGGA,094220,5301.9746,N,00449.1748,E,2,9,0.9,2.5,M,,M,,*6D
2026-03-01T09:42:20.000Z $GPRMC,094220,A,5301.9746,N,00449.1748,E,4.3,79.9,010326,,,A*43
2026-03-01T09:42:20.000Z $IIDBT,10.8,f,3.3,M,1.8,F*21
2026-03-01T09:42:20.000Z $IIHDG,79.7,,,1.2,E*18
2026-03-01T09:42:20.000Z $IIMWV,79.6,T,12.1,N,A*31
2026-03-01T09:42:20.000Z $IIRPM,E,1,1785,,A*5D
2026-03-01T09:42:20.000Z $IIRSA,-2.6,A,,V*50
2026-03-01T09:42:20.000Z $IIVHW,79.7,T,,M,4.1,N,,K*69
2026-03-01T09:42:30.000Z $GPGGA,094230,5301.9807,N,00449.1845,E,2,11,0.9,2.5,M,,M,,*5D
2026-03-01T09:42:30.000Z $GPRMC,094230,A,5301.9807,N,00449.1845,E,3.9,81.1,010326,,,A*48
2026-03-01T09:42:30.000Z $GPVTG,81.6,T,,M,3.9,N,7.2,K,A*3D
2026-03-01T09:42:30.000Z $GPXTE,A,A,0.011,R,N,A*2D
2026-03-01T09:42:30.000Z $IIDBT,10.1,f,3.1,M,1.7,F*25
2026-03-01T09:42:30.000Z $IIHDG,79.5,,,1.2,E*1A
2026-03-01T09:42:30.000Z $IIMTA,8.3,C*3E
2026-03-01T09:42:30.000Z $IIMWV,82.1,T,12.5,N,A*36
2026-03-01T09:42:30.000Z $IIRPM,E,1,1784,,A*5C
2026-03-01T09:42:30.000Z $IIRSA,-2.4,A,,V*52
2026-03-01T09:42:30.000Z $IIVHW,79.5,T,,M,3.6,N,,K*6B
2026-03-01T09:42:30.000Z $IIXDR,V,13.10,V,BATT*60
2026-03-01T09:42:40.000Z !AIVDM,1,1,,B,15N2451P00J`tC4;9g`R4?vN0<02,0*5E
2026-03-01T09:42:40.000Z $GPGGA,094240,5301.9811,N,00449.2354,E,2,8,0.9,2.5,M,,M,,*6D
2026-03-01T09:42:40.000Z $GPRMC,094240,A,5301.9811,N,00449.2354,E,3.1,81.2,010326,,,A*4B
2026-03-01T09:42:40.000Z $IIDBT,17.9,f,5.5,M,3.0,F*2D
2026-03-01T09:42:40.000Z $IIHDG,79.4,,,1.2,E*1B
2026-03-01T09:42:40.000Z $IIMWV,82.1,T,13.2,N,A*30
2026-03-01T09:42:40.000Z $IIRPM,E,1,1836,,A*5A
2026-03-01T09:42:40.000Z $IIRSA,-1.1,A,,V*54
2026-03-01T09:42:40.000Z $IIVHW,79.4,T,,M,2.8,N,,K*65
2026-03-01T09:42:50.000Z $GPGGA,094250,5301.9958,N,00449.2520,E,2,11,0.9,2.5,M,,M,,*5D
2026-03-01T09:42:50.000Z $GPRMC,094250,A,5301.9958,N,00449.2520,E,3.6,77.1,010326,,,A*4E
2026-03-01T09:42:50.000Z $IIDBT,16.9,f,5.1,M,2.8,F*21
2026-03-01T09:42:50.000Z $IIHDG,78.8,,,1.2,E*16
2026-03-01T09:42:50.000Z $IIMWV,78.6,T,12.1,N,A*30
2026-03-01T09:42:50.000Z $IIRPM,E,1,1830,,A*5C
2026-03-01T09:42:50.000Z $IIRSA,-0.8,A,,V*5C
2026-03-01T09:42:50.000Z $IIVHW,78.8,T,,M,3.1,N,,K*60
2026-03-01T09:43:00.000Z !AIVDO,1,1,,A,15RTd30000J`sV4;9a8H4?vP0000,0*7A
2026-03-01T09:43:00.000Z $GPGGA,094300,5301.9913,N,00449.2567,E,2,10,0.9,2.5,M,,M,,*54
2026-03-01T09:43:00.000Z $GPGSA,A,3,01,03,06,11,17,19,22,25,,,,,1.2,0.9,0.8*3D
2026-03-01T09:43:00.000Z $GPRMC,094300,A,5301.9913,N,00449.2567,E,4.3,78.9,010326,,,A*43
2026-03-01T09:43:00.000Z $GPVTG,78.2,T,,M,4.3,N,7.9,K,A*39
2026-03-01T09:43:00.000Z $GPXTE,A,A,0.003,R,N,A*2E
2026-03-01T09:43:00.000Z $IIDBT,10.9,f,3.3,M,1.8,F*20
2026-03-01T09:43:00.000Z $IIHDG,78.9,,,1.2,E*17
2026-03-01T09:43:00.000Z $IIMDA,29.9644,I,1.0147,B,8.5,C,,C,,,,,,,,,,*57
2026-03-01T09:43:00.000Z $IIMTA,8.1,C*3C
2026-03-01T09:43:00.000Z $IIMTW,6.8,C*2D
2026-03-01T09:43:00.000Z $IIMWV,81.8,T,12.4,N,A*3D
2026-03-01T09:43:00.000Z $IIRPM,E,1,1843,,A*58
2026-03-01T09:43:00.000Z $IIRSA,-0.5,A,,V*51
2026-03-01T09:43:00.000Z $IIVHW,78.9,T,,M,4.0,N,,K*67
2026-03-01T09:43:00.000Z $IIXDR,V,13.22,V,BATT*61
2026-03-01T09:43:10.000Z !AIVDM,1,1,,B,15N2446P00J`tC4;9g`R4?vN0<02,0*5E
2026-03-01T09:43:10.000Z $GPGGA,094310,5301.9841,N,00449.2960,E,2,8,0.9,2.5,M,,M,,*61
2026-03-01T09:43:10.000Z $GPRMC,094310,A,5301.9841,N,00449.2960,E,3.2,80.0,010326,,,A*47
2026-03-01T09:43:10.000Z $IIDBT,19.6,f,6.0,M,3.3,F*29
2026-03-01T09:43:10.000Z $IIHDG,77.4,,,1.2,E*15
2026-03-01T09:43:10.000Z $IIMWV,84.2,T,12.5,N,A*33
2026-03-01T09:43:10.000Z $IIRPM,E,1,1756,,A*53
2026-03-01T09:43:10.000Z $IIRSA,3.6,A,,V*7C
2026-03-01T09:43:10.000Z $IIVHW,77.4,T,,M,3.0,N,,K*62
2026-03-01T09:43:20.000Z $GPGGA,094320,5301.9934,N,00449.3255,E,2,10,0.9,2.5,M,,M,,*54
2026-03-01T09:43:20.000Z $GPRMC,094320,A,5301.9934,N,00449.3255,E,3.5,81.2,010326,,,A*4F
2026-03-01T09:43:20.000Z $IIDBT,14.5,f,4.4,M,2.4,F*27
2026-03-01T09:43:20.000Z $IIHDG,76.2,,,1.2,E*12
2026-03-01T09:43:20.000Z $IIMWV,89.6,T,13.6,N,A*38
2026-03-01T09:43:20.000Z $IIRPM,E,1,1834,,A*58
2026-03-01T09:43:20.000Z $IIRSA,0.2,A,,V*7B
2026-03-01T09:43:20.000Z $IIVHW,76.2,T,,M,3.1,N,,K*64
2026-03-01T09:43:30.000Z !AIVDM,1,1,,B,15N2446P00J`tC4;9g`R4?vN0<02,0*5E
2026-03-01T09:43:30.000Z $GPGGA,094330,5302.0030,N,00449.3615,E,2,9,0.9,2.5,M,,M,,*6A
2026-03-01T09:43:30.000Z $GPRMC,094330,A,5302.0030,N,00449.3615,E,3.3,80.0,010326,,,A*4C
2026-03-01T09:43:30.000Z $GPVTG,80.6,T,,M,3.3,N,6.1,K,A*34
2026-03-01T09:43:30.000Z $GPXTE,A,A,0.028,R,N,A*27
2026-03-01T09:43:30.000Z $IIDBT,16.0,f,4.9,M,2.7,F*2E
2026-03-01T09:43:30.000Z $IIHDG,79.1,,,1.2,E*1E
2026-03-01T09:43:30.000Z $IIMTA,8.2,C*3F
2026-03-01T09:43:30.000Z $IIMWV,92.9,T,13.1,N,A*3A
2026-03-01T09:43:30.000Z $IIRPM,E,1,1819,,A*57
2026-03-01T09:43:30.000Z $IIRSA,0.7,A,,V*7E
2026-03-01T09:43:30.000Z $IIVHW,79.1,T,,M,3.0,N,,K*69
2026-03-01T09:43:30.000Z $IIXDR,V,13.19,V,BATT*69
2026-03-01T09:43:40.000Z !AIVDM,1,1,,B,15N2113P00J`tC4;9g`R4?vN0<02,0*5E
2026-03-01T09:43:40.000Z $GPGGA,094340,5302.0006,N,00449.3734,E,2,10,0.9,2.5,M,,M,,*52
2026-03-01T09:43:40.000Z $GPRMC,094340,A,5302.0006,N,00449.3734,E,4.4,82.0,010326,,,A*4E
2026-03-01T09:43:40.000Z $IIDBT,14.3,f,4.4,M,2.4,F*21
2026-03-01T09:43:40.000Z $IIHDG,79.6,,,1.2,E*19
2026-03-01T09:43:40.000Z $IIMWV,78.2,T,12.9,N,A*3C
2026-03-01T09:43:40.000Z $IIRPM,E,1,1794,,A*5D
2026-03-01T09:43:40.000Z $IIRSA,4.5,A,,V*78
2026-03-01T09:43:40.000Z $IIVHW,79.6,T,,M,4.0,N,,K*69
2026-03-01T09:43:50.000Z $GPGGA,094350,5302.0032,N,00449.3850,E,2,8,0.9,2.5,M,,M,,*60
2026-03-01T09:43:50.000Z $GPRMC,094350,A,5302.0032,N,00449.3850,E,4.1,81.7,010326,,,A*44
2026-03-01T09:43:50.000Z $IIDBT,15.2,f,4.6,M,2.5,F*22
2026-03-01T09:43:50.000Z $IIHDG,78.0,,,1.2,E*1E
2026-03-01T09:43:50.000Z $IIMWV,82.7,T,13.3,N,A*37
2026-03-01T09:43:50.000Z $IIRPM,E,1,1839,,A*55
2026-03-01T09:43:50.000Z $IIRSA,-2.1,A,,V*57
2026-03-01T09:43:50.000Z $IIVHW,78.0,T,,M,3.7,N,,K*6E
2026-03-01T09:44:00.000Z !AIVDO,1,1,,A,15RTd30000J`sV4;9a8H4?vP0000,0*7A
2026-03-01T09:44:00.000Z $GPGGA,094400,5302.0056,N,00449.4185,E,2,9,0.9,2.5,M,,M,,*67
2026-03-01T09:44:00.000Z $GPGSA,A,3,01,03,06,11,17,19,22,25,,,,,1.2,0.9,0.8*3D
2026-03-01T09:44:00.000Z $GPRMC,094400,A,5302.0056,N,00449.4185,E,3.1,79.0,010326,,,A*45
2026-03-01T09:44:00.000Z $GPVTG,79.0,T,,M,3.1,N,5.8,K,A*3C
2026-03-01T09:44:00.000Z $GPXTE,A,A,0.036,L,N,A*36
2026-03-01T09:44:00.000Z $IIDBT,15.9,f,4.8,M,2.6,F*24
2026-03-01T09:44:00.000Z $IIHDG,78.2,,,1.2,E*1C
2026-03-01T09:44:00.000Z $IIMDA,29.9524,I,1.0143,B,8.2,C,,C,,,,,,,,,,*51
2026-03-01T09:44:00.000Z $IIMTA,8.3,C*3E
2026-03-01T09:44:00.000Z $IIMTW,6.3,C*26
2026-03-01T09:44:00.000Z $IIMWV,86.4,T,14.0,N,A*34
2026-03-01T09:44:00.000Z $IIRPM,E,1,1839,,A*55
2026-03-01T09:44:00.000Z $IIRSA,4.2,A,,V*7F
2026-03-01T09:44:00.000Z $IIVHW,78.2,T,,M,2.9,N,,K*63
2026-03-01T09:44:00.000Z $IIXDR,V,13.24,V,BATT*67
2026-03-01T09:44:10.000Z !AIVDM,1,1,,B,15N2113P00J`tC4;9g`R4?vN0<02,0*5E
2026-03-01T09:44:10.000Z $GPGGA,094410,5302.0292,N,00449.4364,E,2,9,0.9,2.5,M,,M,,*61
2026-03-01T09:44:10.000Z $GPRMC,094410,A,5302.0292,N,00449.4364,E,3.9,78.3,010326,,,A*49
2026-03-01T09:44:10.000Z $IIDBT,12.2,f,3.7,M,2.0,F*26
2026-03-01T09:44:10.000Z $IIHDG,78.9,,,1.2,E*17
2026-03-01T09:44:10.000Z $IIMWV,83.7,T,12.9,N,A*3D
2026-03-01T09:44:10.000Z $IIRPM,E,1,1761,,A*57
2026-03-01T09:44:10.000Z $IIRSA,-0.2,A,,V*56
2026-03-01T09:44:10.000Z $IIVHW,78.9,T,,M,3.5,N,,K*65
2026-03-01T09:44:20.000Z !AIVDM,1,1,,B,15N2451P00J`tC4;9g`R4?vN0<02,0*5E
2026-03-01T09:44:20.000Z $GPGGA,094420,5302.0162,N,00449.4534,E,2,9,0.9,2.5,M,,M,,*6D
2026-03-01T09:44:20.000Z $GPRMC,094420,A,5302.0162,N,00449.4534,E,4.4,80.0,010326,,,A*4B
2026-03-01T09:44:20.000Z $IIDBT,11.4,f,3.5,M,1.9,F*2B
2026-03-01T09:44:20.000Z $IIHDG,78.7,,,1.2,E*19
2026-03-01T09:44:20.000Z $IIMWV,82.5,T,12.7,N,A*30
2026-03-01T09:44:20.000Z $IIRPM,E,1,1836,,A*5A
2026-03-01T09:44:20.000Z $IIRSA,-3.5,A,,V*52
2026-03-01T09:44:20.000Z $IIVHW,78.7,T,,M,4.2,N,,K*6B
2026-03-01T09:44:30.000Z $GPGGA,094430,5302.0239,N,00449.4877,E,2,9,0.9,2.5,M,,M,,*6B
2026-03-01T09:44:30.000Z $GPRMC,094430,A,5302.0239,N,00449.4877,E,4.3,81.4,010326,,,A*4F
2026-03-01T09:44:30.000Z $GPVTG,81.2,T,,M,4.3,N,7.9,K,A*3F
2026-03-01T09:44:30.000Z $GPXTE,A,A,0.024,R,N,A*2B
2026-03-01T09:44:30.000Z $IIDBT,11.0,f,3.3,M,1.8,F*28
2026-03-01T09:44:30.000Z $IIHDG,79.7,,,1.2,E*18
2026-03-01T09:44:30.000Z $IIMTA,8.1,C*3C
2026-03-01T09:44:30.000Z $IIMWV,91.4,T,13.2,N,A*37
2026-03-01T09:44:30.000Z $IIRPM,E,1,1782,,A*5A
2026-03-01T09:44:30.000Z $IIRSA,-2.4,A,,V*52
2026-03-01T09:44:30.000Z $IIVHW,79.7,T,,M,4.1,N,,K*69
2026-03-01T09:44:30.000Z $IIXDR,V,13.20,V,BATT*63
2026-03-01T09:44:40.000Z !AIVDM,1,1,,B,15N2449P00J`tC4;9g`R4?vN0<02,0*5E
2026-03-01T09:44:40.000Z $GPGGA,094440,5302.0412,N,00449.5293,E,2,10,0.9,2.5,M,,M,,*5A
2026-03-01T09:44:40.000Z $GPRMC,094440,A,5302.0412,N,00449.5293,E,4.4,81.8,010326,,,A*4D
2026-03-01T09:44:40.000Z $IIDBT,16.8,f,5.1,M,2.8,F*20
2026-03-01T09:44:40.000Z $IIHDG,76.3,,,1.2,E*13
2026-03-01T09:44:40.000Z $IIMWV,78.8,T,12.9,N,A*36
2026-03-01T09:44:40.000Z $IIRPM,E,1,1785,,A*5D
2026-03-01T09:44:40.000Z $IIRSA,2.7,A,,V*7C
2026-03-01T09:44:40.000Z $IIVHW,76.3,T,,M,4.3,N,,K*60
2026-03-01T09:44:50.000Z $GPGGA,094450,5302.0361,N,00449.5417,E,2,10,0.9,2.5,M,,M,,*52
2026-03-01T09:44:50.000Z $GPRMC,094450,A,5302.0361,N,00449.5417,E,3.6,78.2,010326,,,A*4C
2026-03-01T09:44:50.000Z $IIDBT,16.4,f,5.0,M,2.7,F*22
2026-03-01T09:44:50.000Z $IIHDG,76.7,,,1.2,E*17
2026-03-01T09:44:50.000Z $IIMWV,90.0,T,13.0,N,A*30
2026-03-01T09:44:50.000Z $IIRPM,E,1,1839,,A*55
2026-03-01T09:44:50.000Z $IIRSA,1.0,A,,V*78
2026-03-01T09:44:50.000Z $IIVHW,76.7,T,,M,3.4,N,,K*64
2026-03-01T09:45:00.000Z !AIVDO,1,1,,A,15RTd30000J`sV4;9a8H4?vP0000,0*7A
2026-03-01T09:45:00.000Z $GPGGA,094500,5302.0363,N,00449.5778,E,2,9,0.9,2.5,M,,M,,*66
2026-03-01T09:45:00.000Z $GPGSA,A,3,01,03,06,11,17,19,22,25,,,,,1.2,0.9,0.8*3D
2026-03-01T09:45:00.000Z $GPRMC,094500,A,5302.0363,N,00449.5778,E,3.2,82.0,010326,,,A*43
2026-03-01T09:45:00.000Z $GPVTG,82.4,T,,M,3.2,N,5.9,K,A*3E
2026-03-01T09:45:00.000Z $GPXTE,A,A,0.009,R,N,A*24
2026-03-01T09:45:00.000Z $IIDBT,15.5,f,4.7,M,2.6,F*27
2026-03-01T09:45:00.000Z $IIHDG,78.8,,,1.2,E*16
2026-03-01T09:45:00.000Z $IIMDA,29.9715,I,1.0150,B,8.3,C,,C,,,,,,,,,,*52
2026-03-01T09:45:00.000Z $IIMTA,8.6,C*3B
2026-03-01T09:45:00.000Z $IIMTW,6.4,C*21
2026-03-01T09:45:00.000Z $IIMWV,85.9,T,13.5,N,A*38
2026-03-01T09:45:00.000Z $IIRPM,E,1,1763,,A*55
2026-03-01T09:45:00.000Z $IIRSA,-4.9,A,,V*59
2026-03-01T09:45:00.000Z $IIVHW,78.8,T,,M,3.0,N,,K*61
2026-03-01T09:45:00.000Z $IIXDR,V,13.19,V,BATT*69
2026-03-01T09:45:10.000Z $GPGGA,094510,5302.0381,N,00449.5800,E,2,11,0.9,2.5,M,,M,,*52
2026-03-01T09:45:10.000Z $GPRMC,094510,A,5302.0381,N,00449.5800,E,3.7,77.3,010326,,,A*42
2026-03-01T09:45:10.000Z $IIDBT,13.9,f,4.2,M,2.3,F*2D
2026-03-01T09:45:10.000Z $IIHDG,79.6,,,1.2,E*19
2026-03-01T09:45:10.000Z $IIMWV,79.2,T,13.4,N,A*31
2026-03-01T09:45:10.000Z $IIRPM,E,1,1761,,A*57
2026-03-01T09:45:10.000Z $IIRSA,2.3,A,,V*78
2026-03-01T09:45:10.000Z $IIVHW,79.6,T,,M,3.5,N,,K*6B
2026-03-01T09:45:20.000Z $GPGGA,094520,5302.0404,N,00449.5908,E,2,9,0.9,2.5,M,,M,,*6B
2026-03-01T09:45:20.000Z $GPRMC,094520,A,5302.0404,N,00449.5908,E,3.5,77.5,010326,,,A*46
2026-03-01T09:45:20.000Z $IIDBT,11.8,f,3.6,M,2.0,F*2E
2026-03-01T09:45:20.000Z $IIHDG,78.8,,,1.2,E*16
2026-03-01T09:45:20.000Z $IIMWV,92.4,T,13.8,N,A*3E
2026-03-01T09:45:20.000Z $IIRPM,E,1,1831,,A*5D
2026-03-01T09:45:20.000Z $IIRSA,4.2,A,,V*7F
2026-03-01T09:45:20.000Z $IIVHW,78.8,T,,M,3.0,N,,K*61
2026-03-01T09:45:30.000Z $GPGGA,094530,5302.0430,N,00449.6456,E,2,10,0.9,2.5,M,,M,,*50
2026-03-01T09:45:30.000Z $GPRMC,094530,A,5302.0430,N,00449.6456,E,3.6,80.6,010326,,,A*4D
2026-03-01T09:45:30.000Z $GPVTG,80.6,T,,M,3.6,N,6.6,K,A*36
2026-03-01T09:45:30.000Z $GPXTE,A,A,0.044,L,N,A*33
2026-03-01T09:45:30.000Z $IIDBT,18.8,f,5.7,M,3.1,F*20
2026-03-01T09:45:30.000Z $IIHDG,79.6,,,1.2,E*19
2026-03-01T09:45:30.000Z $IIMTA,8.6,C*3B
2026-03-01T09:45:30.000Z $IIMWV,83.7,T,13.9,N,A*3C
2026-03-01T09:45:30.000Z $IIRPM,E,1,1849,,A*52
2026-03-01T09:45:30.000Z $IIRSA,-4.6,A,,V*56
2026-03-01T09:45:30.000Z $IIVHW,79.6,T,,M,3.3,N,,K*6D
2026-03-01T09:45:30.000Z $IIXDR,V,13.23,V,BATT*60
2026-03-01T09:45:40.000Z $GPGGA,094540,5302.0627,N,00449.6627,E,2,9,0.9,2.5,M,,M,,*6F
2026-03-01T09:45:40.000Z $GPRMC,094540,A,5302.0627,N,00449.6627,E,4.3,77.7,010326,,,A*41
2026-03-01T09:45:40.000Z $IIDBT,14.3,f,4.4,M,2.4,F*21
2026-03-01T09:45:40.000Z $IIHDG,78.5,,,1.2,E*1B
2026-03-01T09:45:40.000Z $IIMWV,88.7,T,12.0,N,A*3F
2026-03-01T09:45:40.000Z $IIRPM,E,1,1756,,A*53
2026-03-01T09:45:40.000Z $IIRSA,-1.1,A,,V*54
2026-03-01T09:45:40.000Z $IIVHW,78.5,T,,M,4.0,N,,K*6B
2026-03-01T09:45:50.000Z !AIVDM,1,1,,B,15N2447P00J`tC4;9g`R4?vN0<02,0*5E
2026-03-01T09:45:50.000Z $GPGGA,094550,5302.0563,N,00449.6665,E,2,10,0.9,2.5,M,,M,,*53
2026-03-01T09:45:50.000Z $GPRMC,094550,A,5302.0563,N,00449.6665,E,4.4,78.7,010326,,,A*4D
2026-03-01T09:45:50.000Z $IIDBT,19.0,f,5.8,M,3.2,F*25
2026-03-01T09:45:50.000Z $IIHDG,78.5,,,1.2,E*1B
2026-03-01T09:45:50.000Z $IIMWV,77.1,T,12.5,N,A*3C
2026-03-01T09:45:50.000Z $IIRPM,E,1,1814,,A*5A
2026-03-01T09:45:50.000Z $IIRSA,0.5,A,,V*7C
2026-03-01T09:45:50.000Z $IIVHW,78.5,T,,M,4.2,N,,K*69
2026-03-01T09:46:00.000Z !AIVDO,1,1,,A,15RTd30000J`sV4;9a8H4?vP0000,0*7A
2026-03-01T09:46:00.000Z $GPGGA,094600,5302.0615,N,00449.7200,E,2,8,0.9,2.5,M,,M,,*68
2026-03-01T09:46:00.000Z $GPGSA,A,3,01,03,06,11,17,19,22,25,,,,,1.2,0.9,0.8*3D
2026-03-01T09:46:00.000Z $GPRMC,094600,A,5302.0615,N,00449.7200,E,3.2,79.0,010326,,,A*48
2026-03-01T09:46:00.000Z $GPVTG,79.5,T,,M,3.2,N,5.9,K,A*3B
2026-03-01T09:46:00.000Z $GPXTE,A,A,0.023,R,N,A*2C
2026-03-01T09:46:00.000Z $IIDBT,10.8,f,3.3,M,1.8,F*21
2026-03-01T09:46:00.000Z $IIHDG,76.1,,,1.2,E*11
2026-03-01T09:46:00.000Z $IIMDA,29.9454,I,1.0141,B,8.5,C,,C,,,,,,,,,,*52
2026-03-01T09:46:00.000Z $IIMTA,8.3,C*3E
2026-03-01T09:46:00.000Z $IIMTW,6.5,C*20
2026-03-01T09:46:00.000Z $IIMWV,88.2,T,12.1,N,A*3B
2026-03-01T09:46:00.000Z $IIRPM,E,1,1822,,A*5F
2026-03-01T09:46:00.000Z $IIRSA,-4.0,A,,V*50
2026-03-01T09:46:00.000Z $IIVHW,76.1,T,,M,2.7,N,,K*60
2026-03-01T09:46:00.000Z $IIXDR,V,13.12,V,BATT*62
2026-03-01T09:46:10.000Z $GPGGA,094610,5302.0689,N,00449.7337,E,2,11,0.9,2.5,M,,M,,*51
2026-03-01T09:46:10.000Z $GPRMC,094610,A,5302.0689,N,00449.7337,E,3.3,77.5,010326,,,A*43
2026-03-01T09:46:10.000Z $IIDBT,12.3,f,3.8,M,2.1,F*29
2026-03-01T09:46:10.000Z $IIHDG,79.3,,,1.2,E*1C
2026-03-01T09:46:10.000Z $IIMWV,91.9,T,12.7,N,A*3E
2026-03-01T09:46:10.000Z $IIRPM,E,1,1757,,A*52
2026-03-01T09:46:10.000Z $IIRSA,-3.8,A,,V*5F
2026-03-01T09:46:10.000Z $IIVHW,79.3,T,,M,2.8,N,,K*62
2026-03-01T09:46:20.000Z !AIVDM,1,1,,B,15N2446P00J`tC4;9g`R4?vN0<02,0*5E
2026-03-01T09:46:20.000Z $GPGGA,094620,5302.0722,N,00449.7662,E,2,11,0.9,2.5,M,,M,,*57
2026-03-01T09:46:20.000Z $GPRMC,094620,A,5302.0722,N,00449.7662,E,4.4,77.7,010326,,,A*47
2026-03-01T09:46:20.000Z $IIDBT,15.5,f,4.7,M,2.6,F*27
2026-03-01T09:46:20.000Z $IIHDG,79.3,,,1.2,E*1C
2026-03-01T09:46:20.000Z $IIMWV,82.6,T,12.4,N,A*30
2026-03-01T09:46:20.000Z $IIRPM,E,1,1770,,A*57
2026-03-01T09:46:20.000Z $IIRSA,1.8,A,,V*70
2026-03-01T09:46:20.000Z $IIVHW,79.3,T,,M,4.1,N,,K*6D
2026-03-01T09:46:30.000Z $GPGGA,094630,5302.0835,N,00449.7786,E,2,11,0.9,2.5,M,,M,,*54
2026-03-01T09:46:30.000Z $GPRMC,094630,A,5302.0835,N,00449.7786,E,3.4,78.3,010326,,,A*48
2026-03-01T09:46:30.000Z $GPVTG,78.6,T,,M,3.4,N,6.2,K,A*37
2026-03-01T09:46:30.000Z $GPXTE,A,A,0.039,L,N,A*39
2026-03-01T09:46:30.000Z $IIDBT,16.0,f,4.9,M,2.7,F*2E
2026-03-01T09:46:30.000Z $IIHDG,78.0,,,1.2,E*1E
2026-03-01T09:46:30.000Z $IIMTA,8.5,C*38
2026-03-01T09:46:30.000Z $IIMWV,91.1,T,13.0,N,A*30
2026-03-01T09:46:30.000Z $IIRPM,E,1,1752,,A*57
2026-03-01T09:46:30.000Z $IIRSA,3.5,A,,V*7F
2026-03-01T09:46:30.000Z $IIVHW,78.0,T,,M,2.9,N,,K*61
2026-03-01T09:46:30.000Z $IIXDR,V,13.17,V,BATT*67
2026-03-01T09:46:40.000Z $GPGGA,094640,5302.0871,N,00449.7958,E,2,9,0.9,2.5,M,,M,,*67
2026-03-01T09:46:40.000Z $GPRMC,094640,A,5302.0871,N,00449.7958,E,4.3,82.0,010326,,,A*44
2026-03-01T09:46:40.000Z $IIDBT,17.3,f,5.3,M,2.9,F*29
2026-03-01T09:46:40.000Z $IIHDG,77.1,,,1.2,E*10
2026-03-01T09:46:40.000Z $IIMWV,82.3,T,13.6,N,A*36
2026-03-01T09:46:40.000Z $IIRPM,E,1,1817,,A*59
2026-03-01T09:46:40.000Z $IIRSA,3.2,A,,V*78
2026-03-01T09:46:40.000Z $IIVHW,77.1,T,,M,3.9,N,,K*6E
2026-03-01T09:46:50.000Z $GPGGA,094650,5302.0818,N,00449.8156,E,2,9,0.9,2.5,M,,M,,*60
2026-03-01T09:46:50.000Z $GPRMC,094650,A,5302.0818,N,00449.8156,E,3.6,79.0,010326,,,A*45
2026-03-01T09:46:50.000Z $IIDBT,14.7,f,4.5,M,2.5,F*25
2026-03-01T09:46:50.000Z $IIHDG,76.3,,,1.2,E*13
2026-03-01T09:46:50.000Z $IIMWV,88.6,T,12.2,N,A*3C
2026-03-01T09:46:50.000Z $IIRPM,E,1,1811,,A*5F
2026-03-01T09:46:50.000Z $IIRSA,3.0,A,,V*7A
2026-03-01T09:46:50.000Z $IIVHW,76.3,T,,M,3.5,N,,K*61
2026-03-01T09:47:00.000Z !AIVDO,1,1,,A,15RTd30000J`sV4;9a8H4?vP0000,0*7A
2026-03-01T09:47:00.000Z $GPGGA,094700,5302.0791,N,00449.8330,E,2,11,0.9,2.5,M,,M,,*51
2026-03-01T09:47:00.000Z $GPGSA,A,3,01,03,06,11,17,19,22,25,,,,,1.2,0.9,0.8*3D
2026-03-01T09:47:00.000Z $GPRMC,094700,A,5302.0791,N,00449.8330,E,4.5,78.5,010326,,,A*4D
2026-03-01T09:47:00.000Z $GPVTG,78.1,T,,M,4.5,N,8.3,K,A*39
2026-03-01T09:47:00.000Z $GPXTE,A,A,0.030,R,N,A*2E
2026-03-01T09:47:00.000Z $IIDBT,11.8,f,3.6,M,2.0,F*2E
2026-03-01T09:47:00.000Z $IIHDG,79.8,,,1.2,E*17
2026-03-01T09:47:00.000Z $IIMDA,29.9563,I,1.0144,B,8.3,C,,C,,,,,,,,,,*54
2026-03-01T09:47:00.000Z $IIMTA,8.1,C*3C
2026-03-01T09:47:00.000Z $IIMTW,6.4,C*21
2026-03-01T09:47:00.000Z $IIMWV,91.0,T,13.6,N,A*37
2026-03-01T09:47:00.000Z $IIRPM,E,1,1755,,A*50
2026-03-01T09:47:00.000Z $IIRSA,-3.5,A,,V*52
2026-03-01T09:47:00.000Z $IIVHW,79.8,T,,M,4.1,N,,K*66
2026-03-01T09:47:00.000Z $IIXDR,V,13.23,V,BATT*60
2026-03-01T09:47:10.000Z $GPGGA,094710,5302.0958,N,00449.8714,E,2,8,0.9,2.5,M,,M,,*61
2026-03-01T09:47:10.000Z $GPRMC,094710,A,5302.0958,N,00449.8714,E,3.1,77.6,010326,,,A*4A
2026-03-01T09:47:10.000Z $IIDBT,18.1,f,5.5,M,3.0,F*2A
2026-03-01T09:47:10.000Z $IIHDG,76.3,,,1.2,E*13
2026-03-01T09:47:10.000Z $IIMWV,89.0,T,13.8,N,A*30
2026-03-01T09:47:10.000Z $IIRPM,E,1,1752,,A*57
2026-03-01T09:47:10.000Z $IIRSA,2.2,A,,V*79
2026-03-01T09:47:10.000Z $IIVHW,76.3,T,,M,2.7,N,,K*62
2026-03-01T09:47:20.000Z $GPGGA,094720,5302.0898,N,00449.9086,E,2,9,0.9,2.5,M,,M,,*63
2026-03-01T09:47:20.000Z $GPRMC,094720,A,5302.0898,N,00449.9086,E,3.7,81.1,010326,,,A*41
2026-03-01T09:47:20.000Z $IIDBT,16.1,f,4.9,M,2.7,F*2F
2026-03-01T09:47:20.000Z $IIHDG,78.5,,,1.2,E*1B
2026-03-01T09:47:20.000Z $IIMWV,88.7,T,12.3,N,A*3C
2026-03-01T09:47:20.000Z $IIRPM,E,1,1793,,A*5A
2026-03-01T09:47:20.000Z $IIRSA,2.8,A,,V*73
2026-03-01T09:47:20.000Z $IIVHW,78.5,T,,M,3.4,N,,K*68
2026-03-01T09:47:30.000Z $GPGGA,094730,5302.0967,N,00449.9033,E,2,11,0.9,2.5,M,,M,,*54
2026-03-01T09:47:30.000Z $GPRMC,094730,A,5302.0967,N,00449.9033,E,3.7,82.2,010326,,,A*4F
2026-03-01T09:47:30.000Z $GPVTG,82.3,T,,M,3.7,N,6.8,K,A*3E
2026-03-01T09:47:30.000Z $GPXTE,A,A,0.009,R,N,A*24
2026-03-01T09:47:30.000Z $IIDBT,17.2,f,5.2,M,2.9,F*29
2026-03-01T09:47:30.000Z $IIHDG,76.7,,,1.2,E*17
2026-03-01T09:47:30.000Z $IIMTA,8.6,C*3B
2026-03-01T09:47:30.000Z $IIMWV,92.2,T,14.0,N,A*37
2026-03-01T09:47:30.000Z $IIRPM,E,1,1752,,A*57
2026-03-01T09:47:30.000Z $IIRSA,-4.7,A,,V*57
2026-03-01T09:47:30.000Z $IIVHW,76.7,T,,M,3.4,N,,K*64
2026-03-01T09:47:30.000Z $IIXDR,V,13.24,V,BATT*67
2026-03-01T09:47:40.000Z $GPGGA,094740,5302.0953,N,00449.9291,E,2,9,0.9,2.5,M,,M,,*67
2026-03-01T09:47:40.000Z $GPRMC,094740,A,5302.0953,N,00449.9291,E,3.9,79.8,010326,,,A*45
2026-03-01T09:47:40.000Z $IIDBT,12.9,f,3.9,M,2.2,F*21
2026-03-01T09:47:40.000Z $IIHDG,77.0,,,1.2,E*11
2026-03-01T09:47:40.000Z $IIMWV,90.0,T,12.2,N,A*33
2026-03-01T09:47:40.000Z $IIRPM,E,1,1829,,A*54
2026-03-01T09:47:40.000Z $IIRSA,3.5,A,,V*7F
2026-03-01T09:47:40.000Z $IIVHW,77.0,T,,M,3.6,N,,K*60
2026-03-01T09:47:50.000Z $GPGGA,094750,5302.0966,N,00449.9769,E,2,10,0.9,2.5,M,,M,,*5A
2026-03-01T09:47:50.000Z $GPRMC,094750,A,5302.0966,N,00449.9769,E,3.5,82.0,010326,,,A*40
2026-03-01T09:47:50.000Z $IIDBT,11.1,f,3.4,M,1.8,F*2E
2026-03-01T09:47:50.000Z $IIHDG,77.1,,,1.2,E*10
2026-03-01T09:47:50.000Z $IIMWV,85.8,T,13.2,N,A*3E
2026-03-01T09:47:50.000Z $IIRPM,E,1,1788,,A*50
2026-03-01T09:47:50.000Z $IIRSA,3.8,A,,V*72
2026-03-01T09:47:50.000Z $IIVHW,77.1,T,,M,3.3,N,,K*64
2026-03-01T09:48:00.000Z !AIVDO,1,1,,A,15RTd30000J`sV4;9a8H4?vP0000,0*7A
2026-03-01T09:48:00.000Z $GPGGA,094800,5302.1128,N,00449.9841,E,2,11,0.9,2.5,M,,M,,*57
2026-03-01T09:48:00.000Z $GPGSA,A,3,01,03,06,11,17,19,22,25,,,,,1.2,0.9,0.8*3D
2026-03-01T09:48:00.000Z $GPRMC,094800,A,5302.1128,N,00449.9841,E,3.6,77.2,010326,,,A*47
2026-03-01T09:48:00.000Z $GPVTG,77.7,T,,M,3.6,N,6.7,K,A*3E
2026-03-01T09:48:00.000Z $GPXTE,A,A,0.049,R,N,A*20
2026-03-01T09:48:00.000Z $IIDBT,18.1,f,5.5,M,3.0,F*2A
2026-03-01T09:48:00.000Z $IIHDG,79.8,,,1.2,E*17
2026-03-01T09:48:00.000Z $IIMDA,29.9491,I,1.0142,B,8.3,C,,C,,,,,,,,,,*5E
2026-03-01T09:48:00.000Z $IIMTA,8.0,C*3D
2026-03-01T09:48:00.000Z $IIMTW,6.7,C*22
2026-03-01T09:48:00.000Z $IIMWV,82.9,T,12.2,N,A*39
2026-03-01T09:48:00.000Z $IIRPM,E,1,1763,,A*55
2026-03-01T09:48:00.000Z $IIRSA,-1.2,A,,V*57
2026-03-01T09:48:00.000Z $IIVHW,79.8,T,,M,3.5,N,,K*65
2026-03-01T09:48:00.000Z $IIXDR,V,13.15,V,BATT*65
2026-03-01T09:48:10.000Z $GPGGA,094810,5302.1112,N,00450.0200,E,2,8,0.9,2.5,M,,M,,*69
2026-03-01T09:48:10.000Z $GPRMC,094810,A,5302.1112,N,00450.0200,E,3.6,78.6,010326,,,A*4A
2026-03-01T09:48:10.000Z $IIDBT,19.3,f,5.9,M,3.2,F*27
2026-03-01T09:48:10.000Z $IIHDG,78.6,,,1.2,E*18
2026-03-01T09:48:10.000Z $IIMWV,85.3,T,12.2,N,A*34
2026-03-01T09:48:10.000Z $IIRPM,E,1,1796,,A*5F
2026-03-01T09:48:10.000Z $IIRSA,-4.2,A,,V*52
2026-03-01T09:48:10.000Z $IIVHW,78.6,T,,M,3.1,N,,K*6E
2026-03-01T09:48:20.000Z $GPGGA,094820,5302.1161,N,00450.0374,E,2,9,0.9,2.5,M,,M,,*6D
2026-03-01T09:48:20.000Z $GPRMC,094820,A,5302.1161,N,00450.0374,E,3.4,77.6,010326,,,A*42
2026-03-01T09:48:20.000Z $IIDBT,14.9,f,4.5,M,2.5,F*2B
2026-03-01T09:48:20.000Z $IIHDG,79.2,,,1.2,E*1D
2026-03-01T09:48:20.000Z $IIMWV,89.8,T,13.1,N,A*31
2026-03-01T09:48:20.000Z $IIRPM,E,1,1842,,A*59
2026-03-01T09:48:20.000Z $IIRSA,5.0,A,,V*7C
2026-03-01T09:48:20.000Z $IIVHW,79.2,T,,M,3.1,N,,K*6B
2026-03-01T09:48:30.000Z !AIVDM,1,1,,B,15N2451P00J`tC4;9g`R4?vN0<02,0*5E
2026-03-01T09:48:30.000Z $GPGGA,094830,5302.1276,N,00450.0713,E,2,9,0.9,2.5,M,,M,,*6C
2026-03-01T09:48:30.000Z $GPRMC,094830,A,5302.1276,N,00450.0713,E,3.5,81.5,010326,,,A*48
2026-03-01T09:48:30.000Z $GPVTG,81.5,T,,M,3.5,N,6.5,K,A*34
2026-03-01T09:48:30.000Z $GPXTE,A,A,0.023,R,N,A*2C
2026-03-01T09:48:30.000Z $IIDBT,18.5,f,5.6,M,3.1,F*2C
2026-03-01T09:48:30.000Z $IIHDG,77.9,,,1.2,E*18
2026-03-01T09:48:30.000Z $IIMTA,8.1,C*3C
2026-03-01T09:48:30.000Z $IIMWV,83.4,T,13.0,N,A*36
2026-03-01T09:48:30.000Z $IIRPM,E,1,1833,,A*5F
2026-03-01T09:48:30.000Z $IIRSA,-4.0,A,,V*50
2026-03-01T09:48:30.000Z $IIVHW,77.9,T,,M,3.3,N,,K*6C
2026-03-01T09:48:30.000Z $IIXDR,V,13.20,V,BATT*63
2026-03-01T09:48:40.000Z !AIVDM,1,1,,B,15N2449P00J`tC4;9g`R4?vN0<02,0*5E
2026-03-01T09:48:40.000Z $GPGGA,094840,5302.1227,N,00450.0737,E,2,9,0.9,2.5,M,,M,,*69
2026-03-01T09:48:40.000Z $GPRMC,094840,A,5302.1227,N,00450.0737,E,3.4,80.2,010326,,,A*4A
2026-03-01T09:48:40.000Z $IIDBT,13.5,f,4.1,M,2.2,F*23
2026-03-01T09:48:40.000Z $IIHDG,78.4,,,1.2,E*1A
2026-03-01T09:48:40.000Z $IIMWV,82.8,T,13.3,N,A*38
2026-03-01T09:48:40.000Z $IIRPM,E,1,1760,,A*56
2026-03-01T09:48:40.000Z $IIRSA,3.3,A,,V*79
2026-03-01T09:48:40.000Z $IIVHW,78.4,T,,M,3.3,N,,K*6E
2026-03-01T09:48:50.000Z $GPGGA,094850,5302.1265,N,00450.1086,E,2,11,0.9,2.5,M,,M,,*5B
2026-03-01T09:48:50.000Z $GPRMC,094850,A,5302.1265,N,00450.1086,E,3.6,82.5,010326,,,A*46
2026-03-01T09:48:50.000Z $IIDBT,12.7,f,3.9,M,2.1,F*2C
2026-03-01T09:48:50.000Z $IIHDG,79.7,,,1.2,E*18
2026-03-01T09:48:50.000Z $IIMWV,88.6,T,12.5,N,A*3B
2026-03-01T09:48:50.000Z $IIRPM,E,1,1809,,A*56
2026-03-01T09:48:50.000Z $IIRSA,4.5,A,,V*78
2026-03-01T09:48:50.000Z $IIVHW,79.7,T,,M,3.4,N,,K*6B
2026-03-01T09:49:00.000Z !AIVDO,1,1,,A,15RTd30000J`sV4;9a8H4?vP0000,0*7A
2026-03-01T09:49:00.000Z $GPGGA,094900,5302.1277,N,00450.1356,E,2,9,0.9,2.5,M,,M,,*6B
2026-03-01T09:49:00.000Z $GPGSA,A,3,01,03,06,11,17,19,22,25,,,,,1.2,0.9,0.8*3D
2026-03-01T09:49:00.000Z $GPRMC,094900,A,5302.1277,N,00450.1356,E,4.2,77.9,010326,,,A*4A
2026-03-01T09:49:00.000Z $GPVTG,77.5,T,,M,4.2,N,7.7,K,A*3E
2026-03-01T09:49:00.000Z $GPXTE,A,A,0.030,R,N,A*2E
2026-03-01T09:49:00.000Z $IIDBT,14.6,f,4.5,M,2.4,F*25
2026-03-01T09:49:00.000Z $IIHDG,77.0,,,1.2,E*11
2026-03-01T09:49:00.000Z $IIMDA,29.9595,I,1.0145,B,8.2,C,,C,,,,,,,,,,*5D
2026-03-01T09:49:00.000Z $IIMTA,8.0,C*3D
2026-03-01T09:49:00.000Z $IIMTW,6.4,C*21
2026-03-01T09:49:00.000Z $IIMWV,84.4,T,12.9,N,A*39
2026-03-01T09:49:00.000Z $IIRPM,E,1,1751,,A*54
2026-03-01T09:49:00.000Z $IIRSA,-0.2,A,,V*56
2026-03-01T09:49:00.000Z $IIVHW,77.0,T,,M,3.7,N,,K*61
2026-03-01T09:49:00.000Z $IIXDR,V,13.18,V,BATT*68
2026-03-01T09:49:10.000Z $GPGGA,094910,5302.1349,N,00450.1745,E,2,10,0.9,2.5,M,,M,,*58
2026-03-01T09:49:10.000Z $GPRMC,094910,A,5302.1349,N,00450.1745,E,3.4,81.8,010326,,,A*48
2026-03-01T09:49:10.000Z $IIDBT,16.6,f,5.0,M,2.8,F*2F
2026-03-01T09:49:10.000Z $IIHDG,77.8,,,1.2,E*19
2026-03-01T09:49:10.000Z $IIMWV,86.2,T,12.2,N,A*36
2026-03-01T09:49:10.000Z $IIRPM,E,1,1848,,A*53
2026-03-01T09:49:10.000Z $IIRSA,2.7,A,,V*7C
2026-03-01T09:49:10.000Z $IIVHW,77.8,T,,M,2.9,N,,K*66
2026-03-01T09:49:20.000Z $GPGGA,094920,5302.1558,N,00450.1866,E,2,8,0.9,2.5,M,,M,,*6A
2026-03-01T09:49:20.000Z $GPRMC,094920,A,5302.1558,N,00450.1866,E,3.8,77.8,010326,,,A*46
2026-03-01T09:49:20.000Z $IIDBT,12.1,f,3.7,M,2.0,F*25
2026-03-01T09:49:20.000Z $IIHDG,77.1,,,1.2,E*10
2026-03-01T09:49:20.000Z $IIMWV,79.4,T,13.3,N,A*30
2026-03-01T09:49:20.000Z $IIRPM,E,1,1822,,A*5F
2026-03-01T09:49:20.000Z $IIRSA,1.1,A,,V*79
2026-03-01T09:49:20.000Z $IIVHW,77.1,T,,M,3.7,N,,K*60
2026-03-01T09:49:30.000Z $GPGGA,094930,5302.1549,N,00450.2232,E,2,8,0.9,2.5,M,,M,,*63
2026-03-01T09:49:30.000Z $GPRMC,094930,A,5302.1549,N,00450.2232,E,3.0,77.4,010326,,,A*4B
2026-03-01T09:49:30.000Z $GPVTG,77.7,T,,M,3.0,N,5.6,K,A*3A
2026-03-01T09:49:30.000Z $GPXTE,A,A,0.038,R,N,A*26
2026-03-01T09:49:30.000Z $IIDBT,13.9,f,4.2,M,2.3,F*2D
2026-03-01T09:49:30.000Z $IIHDG,79.4,,,1.2,E*1B
2026-03-01T09:49:30.000Z $IIMTA,8.5,C*38
2026-03-01T09:49:30.000Z $IIMWV,83.2,T,13.3,N,A*33
2026-03-01T09:49:30.000Z $IIRPM,E,1,1763,,A*55
2026-03-01T09:49:30.000Z $IIRSA,3.3,A,,V*79
2026-03-01T09:49:30.000Z $IIVHW,79.4,T,,M,2.7,N,,K*6A
2026-03-01T09:49:30.000Z $IIXDR,V,13.14,V,BATT*64
2026-03-01T09:49:40.000Z $GPGGA,094940,5302.1423,N,00450.2172,E,2,11,0.9,2.5,M,,M,,*56
2026-03-01T09:49:40.000Z $GPRMC,094940,A,5302.1423,N,00450.2172,E,3.1,78.6,010326,,,A*4A
2026-03-01T09:49:40.000Z $IIDBT,19.4,f,5.9,M,3.2,F*20
2026-03-01T09:49:40.000Z $IIHDG,77.1,,,1.2,E*10
2026-03-01T09:49:40.000Z $IIMWV,90.8,T,12.8,N,A*31
2026-03-01T09:49:40.000Z $IIRPM,E,1,1764,,A*52
2026-03-01T09:49:40.000Z $IIRSA,0.9,A,,V*70
2026-03-01T09:49:40.000Z $IIVHW,77.1,T,,M,3.0,N,,K*67
2026-03-01T09:49:50.000Z !AIVDM,1,1,,B,15N2447P00J`tC4;9g`R4?vN0<02,0*5E
2026-03-01T09:49:50.000Z $GPGGA,094950,5302.1499,N,00450.2739,E,2,11,0.9,2.5,M,,M,,*5F
2026-03-01T09:49:50.000Z $GPRMC,094950,A,5302.1499,N,00450.2739,E,3.1,80.5,010326,,,A*47
2026-03-01T09:49:50.000Z $IIDBT,18.4,f,5.6,M,3.1,F*2D
2026-03-01T09:49:50.000Z $IIHDG,77.6,,,1.2,E*17
2026-03-01T09:49:50.000Z $IIMWV,92.8,T,13.4,N,A*3E
2026-03-01T09:49:50.000Z $IIRPM,E,1,1793,,A*5A
2026-03-01T09:49:50.000Z $IIRSA,-2.9,A,,V*5F
2026-03-01T09:49:50.000Z $IIVHW,77.6,T,,M,2.6,N,,K*67
2026-03-01T09:50:00.000Z !AIVDM,1,1,,B,15N2451P00J`tC4;9g`R4?vN0<02,0*5E
2026-03-01T09:50:00.000Z !AIVDO,1,1,,A,15RTd30000J`sV4;9a8H4?vP0000,0*7A
2026-03-01T09:50:00.000Z $GPGGA,095000,5302.1563,N,00450.2674,E,2,11,0.9,2.5,M,,M,,*5E
2026-03-01T09:50:00.000Z $GPGSA,A,3,01,03,06,11,17,19,22,25,,,,,1.2,0.9,0.8*3D
2026-03-01T09:50:00.000Z $GPRMC,095000,A,5302.1563,N,00450.2674,E,3.5,78.3,010326,,,A*43
2026-03-01T09:50:00.000Z $GPVTG,78.3,T,,M,3.5,N,6.4,K,A*35
2026-03-01T09:50:00.000Z $GPXTE,A,A,0.044,L,N,A*33
2026-03-01T09:50:00.000Z $IIDBT,17.5,f,5.3,M,2.9,F*2F
2026-03-01T09:50:00.000Z $IIHDG,78.5,,,1.2,E*1B
2026-03-01T09:50:00.000Z $IIMDA,29.9667,I,1.0148,B,8.3,C,,C,,,,,,,,,,*5F
2026-03-01T09:50:00.000Z $IIMTA,8.6,C*3B
2026-03-01T09:50:00.000Z $IIMTW,6.4,C*21
2026-03-01T09:50:00.000Z $IIMWV,78.3,T,13.0,N,A*35
2026-03-01T09:50:00.000Z $IIRPM,E,1,1819,,A*57
2026-03-01T09:50:00.000Z $IIRSA,-1.3,A,,V*56
2026-03-01T09:50:00.000Z $IIVHW,78.5,T,,M,3.0,N,,K*6C
2026-03-01T09:50:00.000Z $IIXDR,V,13.27,V,BATT*64
2026-03-01T09:50:10.000Z $GPGGA,095010,5302.1642,N,00450.2870,E,2,11,0.9,2.5,M,,M,,*55
2026-03-01T09:50:10.000Z $GPRMC,095010,A,5302.1642,N,00450.2870,E,3.5,79.6,010326,,,A*4C
2026-03-01T09:50:10.000Z $IIDBT,12.7,f,3.9,M,2.1,F*2C
2026-03-01T09:50:10.000Z $IIHDG,76.5,,,1.2,E*15
2026-03-01T09:50:10.000Z $IIMWV,83.5,T,13.7,N,A*30
2026-03-01T09:50:10.000Z $IIRPM,E,1,1807,,A*58
2026-03-01T09:50:10.000Z $IIRSA,0.1,A,,V*78
2026-03-01T09:50:10.000Z $IIVHW,76.5,T,,M,3.1,N,,K*63
2026-03-01T09:50:20.000Z $GPGGA,095020,5302.1762,N,00450.3447,E,2,9,0.9,2.5,M,,M,,*65
2026-03-01T09:50:20.000Z $GPRMC,095020,A,5302.1762,N,00450.3447,E,3.5,78.9,010326,,,A*4B
2026-03-01T09:50:20.000Z $IIDBT,17.3,f,5.3,M,2.9,F*29
2026-03-01T09:50:20.000Z $IIHDG,79.0,,,1.2,E*1F
2026-03-01T09:50:20.000Z $IIMWV,89.4,T,13.5,N,A*39
2026-03-01T09:50:20.000Z $IIRPM,E,1,1812,,A*5C
2026-03-01T09:50:20.000Z $IIRSA,1.1,A,,V*79
2026-03-01T09:50:20.000Z $IIVHW,79.0,T,,M,3.0,N,,K*68
2026-03-01T09:50:30.000Z !AIVDM,1,1,,B,15N2449P00J`tC4;9g`R4?vN0<02,0*5E
2026-03-01T09:50:30.000Z $GPGGA,095030,5302.1607,N,00450.3406,E,2,8,0.9,2.5,M,,M,,*62
2026-03-01T09:50:30.000Z $GPRMC,095030,A,5302.1607,N,00450.3406,E,3.1,80.3,010326,,,A*44
2026-03-01T09:50:30.000Z $GPVTG,80.5,T,,M,3.1,N,5.7,K,A*30
2026-03-01T09:50:30.000Z $GPXTE,A,A,0.036,L,N,A*36
2026-03-01T09:50:30.000Z $IIDBT,14.5,f,4.4,M,2.4,F*27
2026-03-01T09:50:30.000Z $IIHDG,77.8,,,1.2,E*19
2026-03-01T09:50:30.000Z $IIMTA,8.3,C*3E
2026-03-01T09:50:30.000Z $IIMWV,91.3,T,12.5,N,A*36
2026-03-01T09:50:30.000Z $IIRPM,E,1,1819,,A*57
2026-03-01T09:50:30.000Z $IIRSA,2.3,A,,V*78
2026-03-01T09:50:30.000Z $IIVHW,77.8,T,,M,2.9,N,,K*66
2026-03-01T09:50:30.000Z $IIXDR,V,13.11,V,BATT*61
2026-03-01T09:50:40.000Z !AIVDM,1,1,,B,15N2445P00J`tC4;9g`R4?vN0<02,0*5E
2026-03-01T09:50:40.000Z $GPGGA,095040,5302.1664,N,00450.3871,E,2,9,0.9,2.5,M,,M,,*6D
2026-03-01T09:50:40.000Z $GPRMC,095040,A,5302.1664,N,00450.3871,E,4.2,79.8,010326,,,A*43
2026-03-01T09:50:40.000Z $IIDBT,11.9,f,3.6,M,2.0,F*2F
2026-03-01T09:50:40.000Z $IIHDG,78.4,,,1.2,E*1A
2026-03-01T09:50:40.000Z $IIMWV,82.7,T,13.0,N,A*34
2026-03-01T09:50:40.000Z $IIRPM,E,1,1776,,A*51
2026-03-01T09:50:40.000Z $IIRSA,-0.6,A,,V*52
2026-03-01T09:50:40.000Z $IIVHW,78.4,T,,M,3.7,N,,K*6A
2026-03-01T09:50:50.000Z !AIVDM,1,1,,B,15N2447P00J`tC4;9g`R4?vN0<02,0*5E
2026-03-01T09:50:50.000Z $GPGGA,095050,5302.1810,N,00450.3998,E,2,9,0.9,2.5,M,,M,,*67
2026-03-01T09:50:50.000Z $GPRMC,095050,A,5302.1810,N,00450.3998,E,3.4,77.6,010326,,,A*48
2026-03-01T09:50:50.000Z $IIDBT,19.7,f,6.0,M,3.3,F*28
2026-03-01T09:50:50.000Z $IIHDG,77.4,,,1.2,E*15
2026-03-01T09:50:50.000Z $IIMWV,85.3,T,12.9,N,A*3F
2026-03-01T09:50:50.000Z $IIRPM,E,1,1838,,A*54
2026-03-01T09:50:50.000Z $IIRSA,2.5,A,,V*7E
2026-03-01T09:50:50.000Z $IIVHW,77.4,T,,M,3.1,N,,K*63
2026-03-01T09:51:00.000Z !AIVDO,1,1,,A,15RTd30000J`sV4;9a8H4?vP0000,0*7A
2026-03-01T09:51:00.000Z $GPGGA,095100,5302.1955,N,00450.4259,E,2,10,0.9,2.5,M,,M,,*5A
2026-03-01T09:51:00.000Z $GPGSA,A,3,01,03,06,11,17,19,22,25,,,,,1.2,0.9,0.8*3D
2026-03-01T09:51:00.000Z $GPRMC,095100,A,5302.1955,N,00450.4259,E,3.2,78.9,010326,,,A*4B
2026-03-01T09:51:00.000Z $GPVTG,78.5,T,,M,3.2,N,5.8,K,A*3B
2026-03-01T09:51:00.000Z $GPXTE,A,A,0.046,L,N,A*31
2026-03-01T09:51:00.000Z $IIDBT,15.6,f,4.8,M,2.6,F*2B
2026-03-01T09:51:00.000Z $IIHDG,76.3,,,1.2,E*13
2026-03-01T09:51:00.000Z $IIMDA,29.9455,I,1.0141,B,8.3,C,,C,,,,,,,,,,*55
2026-03-01T09:51:00.000Z $IIMTA,8.3,C*3E
2026-03-01T09:51:00.000Z $IIMTW,6.6,C*23
2026-03-01T09:51:00.000Z $IIMWV,85.1,T,12.3,N,A*37
2026-03-01T09:51:00.000Z $IIRPM,E,1,1765,,A*53
2026-03-01T09:51:00.000Z $IIRSA,-4.7,A,,V*57
2026-03-01T09:51:00.000Z $IIVHW,76.3,T,,M,2.8,N,,K*6D
2026-03-01T09:51:00.000Z $IIXDR,V,13.10,V,BATT*60
2026-03-01T09:51:10.000Z $GPGGA,095110,5302.1967,N,00450.4636,E,2,11,0.9,2.5,M,,M,,*56
2026-03-01T09:51:10.000Z $GPRMC,095110,A,5302.1967,N,00450.4636,E,3.9,80.3,010326,,,A*40
2026-03-01T09:51:10.000Z $IIDBT,12.3,f,3.7,M,2.0,F*27
2026-03-01T09:51:10.000Z $IIHDG,77.5,,,1.2,E*14
2026-03-01T09:51:10.000Z $IIMWV,91.1,T,13.7,N,A*37
2026-03-01T09:51:10.000Z $IIRPM,E,1,1772,,A*55
2026-03-01T09:51:10.000Z $IIRSA,3.6,A,,V*7C
2026-03-01T09:51:10.000Z $IIVHW,77.5,T,,M,3.7,N,,K*64
2026-03-01T09:51:20.000Z $GPGGA,095120,5302.1999,N,00450.4790,E,2,8,0.9,2.5,M,,M,,*61
2026-03-01T09:51:20.000Z $GPRMC,095120,A,5302.1999,N,00450.4790,E,4.2,82.7,010326,,,A*45
2026-03-01T09:51:20.000Z $IIDBT,12.4,f,3.8,M,2.1,F*2E
2026-03-01T09:51:20.000Z $IIHDG,78.6,,,1.2,E*18
2026-03-01T09:51:20.000Z $IIMWV,81.8,T,12.4,N,A*3D
2026-03-01T09:51:20.000Z $IIRPM,E,1,1774,,A*53
2026-03-01T09:51:20.000Z $IIRSA,3.7,A,,V*7D
2026-03-01T09:51:20.000Z $IIVHW,78.6,T,,M,4.1,N,,K*69
2026-03-01T09:51:30.000Z $GPGGA,095130,5302.2056,N,00450.4907,E,2,10,0.9,2.5,M,,M,,*50
2026-03-01T09:51:30.000Z $GPRMC,095130,A,5302.2056,N,00450.4907,E,4.1,81.1,010326,,,A*4B
2026-03-01T09:51:30.000Z $GPVTG,81.6,T,,M,4.1,N,7.5,K,A*35
2026-03-01T09:51:30.000Z $GPXTE,A,A,0.007,L,N,A*34
2026-03-01T09:51:30.000Z $IIDBT,17.9,f,5.5,M,3.0,F*2D
2026-03-01T09:51:30.000Z $IIHDG,79.9,,,1.2,E*16
2026-03-01T09:51:30.000Z $IIMTA,8.2,C*3F
2026-03-01T09:51:30.000Z $IIMWV,87.7,T,12.6,N,A*36
2026-03-01T09:51:30.000Z $IIRPM,E,1,1787,,A*5F
2026-03-01T09:51:30.000Z $IIRSA,-3.3,A,,V*54
2026-03-01T09:51:30.000Z $IIVHW,79.9,T,,M,3.8,N,,K*69
2026-03-01T09:51:30.000Z $IIXDR,V,13.11,V,BATT*61
2026-03-01T09:51:40.000Z $GPGGA,095140,5302.1905,N,00450.5292,E,2,11,0.9,2.5,M,,M,,*5C
2026-03-01T09:51:40.000Z $GPRMC,095140,A,5302.1905,N,00450.5292,E,4.0,77.4,010326,,,A*4B
2026-03-01T09:51:40.000Z $IIDBT,13.3,f,4.0,M,2.2,F*24
2026-03-01T09:51:40.000Z $IIHDG,78.8,,,1.2,E*16
2026-03-01T09:51:40.000Z $IIMWV,89.7,T,13.0,N,A*3F
2026-03-01T09:51:40.000Z $IIRPM,E,1,1786,,A*5E
2026-03-01T09:51:40.000Z $IIRSA,-1.9,A,,V*5C
2026-03-01T09:51:40.000Z $IIVHW,78.8,T,,M,3.6,N,,K*67
2026-03-01T09:51:50.000Z $GPGGA,095150,5302.2052,N,00450.5471,E,2,8,0.9,2.5,M,,M,,*66
2026-03-01T09:51:50.000Z $GPRMC,095150,A,5302.2052,N,00450.5471,E,3.1,80.9,010326,,,A*4A
2026-03-01T09:51:50.000Z $IIDBT,17.4,f,5.3,M,2.9,F*2E
2026-03-01T09:51:50.000Z $IIHDG,77.4,,,1.2,E*15
2026-03-01T09:51:50.000Z $IIMWV,89.3,T,13.1,N,A*3A
2026-03-01T09:51:50.000Z $IIRPM,E,1,1756,,A*53
2026-03-01T09:51:50.000Z $IIRSA,4.5,A,,V*78
2026-03-01T09:51:50.000Z $IIVHW,77.4,T,,M,2.6,N,,K*65
2026-03-01T09:52:00.000Z !AIVDM,1,1,,B,15N2460P00J`tC4;9g`R4?vN0<02,0*5E
2026-03-01T09:52:00.000Z !AIVDO,1,1,,A,15RTd30000J`sV4;9a8H4?vP0000,0*7A
2026-03-01T09:52:00.000Z $GPGGA,095200,5302.2067,N,00450.5662,E,2,8,0.9,2.5,M,,M,,*66
2026-03-01T09:52:00.000Z $GPGSA,A,3,01,03,06,11,17,19,22,25,,,,,1.2,0.9,0.8*3D
2026-03-01T09:52:00.000Z $GPRMC,095200,A,5302.2067,N,00450.5662,E,4.1,80.3,010326,,,A*47
2026-03-01T09:52:00.000Z $GPVTG,80.5,T,,M,4.1,N,7.6,K,A*34
2026-03-01T09:52:00.000Z $GPXTE,A,A,0.033,R,N,A*2D
2026-03-01T09:52:00.000Z $IIDBT,17.8,f,5.4,M,3.0,F*2D
2026-03-01T09:52:00.000Z $IIHDG,77.7,,,1.2,E*16
2026-03-01T09:52:00.000Z $IIMDA,29.9714,I,1.0149,B,8.2,C,,C,,,,,,,,,,*5A
2026-03-01T09:52:00.000Z $IIMTA,8.6,C*3B
2026-03-01T09:52:00.000Z $IIMTW,6.3,C*26
2026-03-01T09:52:00.000Z $IIMWV,83.2,T,13.7,N,A*37
2026-03-01T09:52:00.000Z $IIRPM,E,1,1834,,A*58
2026-03-01T09:52:00.000Z $IIRSA,-4.2,A,,V*52
2026-03-01T09:52:00.000Z $IIVHW,77.7,T,,M,3.9,N,,K*68
2026-03-01T09:52:00.000Z $IIXDR,V,13.17,V,BATT*67
2026-03-01T09:52:10.000Z $GPGGA,095210,5302.2089,N,00450.5927,E,2,8,0.9,2.5,M,,M,,*69
2026-03-01T09:52:10.000Z $GPRMC,095210,A,5302.2089,N,00450.5927,E,3.3,78.5,010326,,,A*4C
2026-03-01T09:52:10.000Z $IIDBT,15.2,f,4.6,M,2.5,F*22
2026-03-01T09:52:10.000Z $IIHDG,78.9,,,1.2,E*17
2026-03-01T09:52:10.000Z $IIMWV,86.7,T,13.1,N,A*31
2026-03-01T09:52:10.000Z $IIRPM,E,1,1754,,A*51
2026-03-01T09:52:10.000Z $IIRSA,2.1,A,,V*7A
2026-03-01T09:52:10.000Z $IIVHW,78.9,T,,M,3.1,N,,K*61
2026-03-01T09:52:20.000Z $GPGGA,095220,5302.2126,N,00450.6279,E,2,11,0.9,2.5,M,,M,,*55
2026-03-01T09:52:20.000Z $GPRMC,095220,A,5302.2126,N,00450.6279,E,4.3,82.7,010326,,,A*48
2026-03-01T09:52:20.000Z $IIDBT,16.9,f,5.1,M,2.8,F*21
2026-03-01T09:52:20.000Z $IIHDG,79.9,,,1.2,E*16
2026-03-01T09:52:20.000Z $IIMWV,80.8,T,12.4,N,A*3C
2026-03-01T09:52:20.000Z $IIRPM,E,1,1763,,A*55
2026-03-01T09:52:20.000Z $IIRSA,-1.7,A,,V*52
2026-03-01T09:52:20.000Z $IIVHW,79.9,T,,M,3.9,N,,K*68
2026-03-01T09:52:30.000Z $GPGGA,095230,5302.2274,N,00450.6530,E,2,9,0.9,2.5,M,,M,,*63
2026-03-01T09:52:30.000Z $GPRMC,095230,A,5302.2274,N,00450.6530,E,4.1,79.7,010326,,,A*41
2026-03-01T09:52:30.000Z $GPVTG,79.6,T,,M,4.1,N,7.6,K,A*31
2026-03-01T09:52:30.000Z $GPXTE,A,A,0.028,L,N,A*39
2026-03-01T09:52:30.000Z $IIDBT,10.2,f,3.1,M,1.7,F*26
2026-03-01T09:52:30.000Z $IIHDG,77.6,,,1.2,E*17
2026-03-01T09:52:30.000Z $IIMTA,8.4,C*39
2026-03-01T09:52:30.000Z $IIMWV,86.6,T,13.4,N,A*35
2026-03-01T09:52:30.000Z $IIRPM,E,1,1755,,A*50
2026-03-01T09:52:30.000Z $IIRSA,2.9,A,,V*72
2026-03-01T09:52:30.000Z $IIVHW,77.6,T,,M,3.7,N,,K*67
2026-03-01T09:52:30.000Z $IIXDR,V,13.16,V,BATT*66
2026-03-01T09:52:40.000Z $GPGGA,095240,5302.2149,N,00450.6497,E,2,9,0.9,2.5,M,,M,,*65
2026-03-01T09:52:40.000Z $GPRMC,095240,A,5302.2149,N,00450.6497,E,4.0,78.9,010326,,,A*49
2026-03-01T09:52:40.000Z $IIDBT,12.0,f,3.6,M,2.0,F*25
2026-03-01T09:52:40.000Z $IIHDG,79.0,,,1.2,E*1F
2026-03-01T09:52:40.000Z $IIMWV,86.6,T,12.3,N,A*33
2026-03-01T09:52:40.000Z $IIRPM,E,1,1819,,A*57
2026-03-01T09:52:40.000Z $IIRSA,-3.2,A,,V*55
2026-03-01T09:52:40.000Z $IIVHW,79.0,T,,M,3.8,N,,K*60
2026-03-01T09:52:50.000Z $GPGGA,095250,5302.2176,N,00450.7032,E,2,11,0.9,2.5,M,,M,,*5B
2026-03-01T09:52:50.000Z $GPRMC,095250,A,5302.2176,N,00450.7032,E,3.9,82.6,010326,,,A*4A
2026-03-01T09:52:50.000Z $IIDBT,12.8,f,3.9,M,2.1,F*23
2026-03-01T09:52:50.000Z $IIHDG,78.8,,,1.2,E*16
2026-03-01T09:52:50.000Z $IIMWV,89.6,T,12.7,N,A*38
2026-03-01T09:52:50.000Z $IIRPM,E,1,1839,,A*55
2026-03-01T09:52:50.000Z $IIRSA,-3.7,A,,V*50
2026-03-01T09:52:50.000Z $IIVHW,78.8,T,,M,3.6,N,,K*67
2026-03-01T09:53:00.000Z !AIVDO,1,1,,A,15RTd30000J`sV4;9a8H4?vP0000,0*7A
2026-03-01T09:53:00.000Z $GPGGA,095300,5302.2352,N,00450.7297,E,2,9,0.9,2.5,M,,M,,*6F
2026-03-01T09:53:00.000Z $GPGSA,A,3,01,03,06,11,17,19,22,25,,,,,1.2,0.9,0.8*3D
2026-03-01T09:53:00.000Z $GPRMC,095300,A,5302.2352,N,00450.7297,E,3.9,78.2,010326,,,A*46
2026-03-01T09:53:00.000Z $GPVTG,78.4,T,,M,3.9,N,7.2,K,A*39
2026-03-01T09:53:00.000Z $GPXTE,A,A,0.048,L,N,A*3F
2026-03-01T09:53:00.000Z $IIDBT,10.0,f,3.0,M,1.7,F*25
2026-03-01T09:53:00.000Z $IIHDG,78.8,,,1.2,E*16
2026-03-01T09:53:00.000Z $IIMDA,29.9441,I,1.0140,B,8.4,C,,C,,,,,,,,,,*56
2026-03-01T09:53:00.000Z $IIMTA,8.5,C*38
2026-03-01T09:53:00.000Z $IIMTW,6.5,C*20
2026-03-01T09:53:00.000Z $IIMWV,80.2,T,13.5,N,A*36
2026-03-01T09:53:00.000Z $IIRPM,E,1,1783,,A*5B
2026-03-01T09:53:00.000Z $IIRSA,-4.9,A,,V*59
2026-03-01T09:53:00.000Z $IIVHW,78.8,T,,M,3.7,N,,K*66
2026-03-01T09:53:00.000Z $IIXDR,V,13.11,V,BATT*61
2026-03-01T09:53:10.000Z !AIVDM,1,1,,B,15N2460P00J`tC4;9g`R4?vN0<02,0*5E
2026-03-01T09:53:10.000Z $GPGGA,095310,5302.2459,N,00450.7314,E,2,9,0.9,2.5,M,,M,,*68
2026-03-01T09:53:10.000Z $GPRMC,095310,A,5302.2459,N,00450.7314,E,4.4,81.0,010326,,,A*4F
2026-03-01T09:53:10.000Z $IIDBT,11.8,f,3.6,M,2.0,F*2E
2026-03-01T09:53:10.000Z $IIHDG,80.0,,,1.2,E*19
2026-03-01T09:53:10.000Z $IIMWV,82.6,T,13.3,N,A*36
2026-03-01T09:53:10.000Z $IIRPM,E,1,1844,,A*5F
2026-03-01T09:53:10.000Z $IIRSA,1.6,A,,V*7E
2026-03-01T09:53:10.000Z $IIVHW,80.0,T,,M,4.1,N,,K*68
2026-03-01T09:53:20.000Z $GPGGA,095320,5302.2319,N,00450.7622,E,2,8,0.9,2.5,M,,M,,*69
2026-03-01T09:53:20.000Z $GPRMC,095320,A,5302.2319,N,00450.7622,E,3.1,78.2,010326,,,A*49
2026-03-01T09:53:20.000Z $IIDBT,10.4,f,3.2,M,1.7,F*23
2026-03-01T09:53:20.000Z $IIHDG,79.3,,,1.2,E*1C
2026-03-01T09:53:20.000Z $IIMWV,78.1,T,13.2,N,A*35
2026-03-01T09:53:20.000Z $IIRPM,E,1,1763,,A*55
2026-03-01T09:53:20.000Z $IIRSA,-3.4,A,,V*53
2026-03-01T09:53:20.000Z $IIVHW,79.3,T,,M,3.0,N,,K*6B
2026-03-01T09:53:30.000Z !AIVDM,1,1,,B,15N2451P00J`tC4;9g`R4?vN0<02,0*5E
2026-03-01T09:53:30.000Z $GPGGA,095330,5302.2497,N,00450.7831,E,2,10,0.9,2.5,M,,M,,*5C
2026-03-01T09:53:30.000Z $GPRMC,095330,A,5302.2497,N,00450.7831,E,3.8,79.7,010326,,,A*48
2026-03-01T09:53:30.000Z $GPVTG,79.2,T,,M,3.8,N,7.1,K,A*3C
2026-03-01T09:53:30.000Z $GPXTE,A,A,0.027,R,N,A*28
2026-03-01T09:53:30.000Z $IIDBT,17.1,f,5.2,M,2.8,F*2B
2026-03-01T09:53:30.000Z $IIHDG,79.5,,,1.2,E*1A
2026-03-01T09:53:30.000Z $IIMTA,8.4,C*39
2026-03-01T09:53:30.000Z $IIMWV,84.8,T,13.3,N,A*3E
2026-03-01T09:53:30.000Z $IIRPM,E,1,1803,,A*5C
2026-03-01T09:53:30.000Z $IIRSA,-4.2,A,,V*52
2026-03-01T09:53:30.000Z $IIVHW,79.5,T,,M,3.4,N,,K*69
2026-03-01T09:53:30.000Z $IIXDR,V,13.25,V,BATT*66
2026-03-01T09:53:40.000Z $GPGGA,095340,5302.2555,N,00450.7909,E,2,11,0.9,2.5,M,,M,,*5F
2026-03-01T09:53:40.000Z $GPRMC,095340,A,5302.2555,N,00450.7909,E,3.7,78.8,010326,,,A*4B
2026-03-01T09:53:40.000Z $IIDBT,16.0,f,4.9,M,2.7,F*2E
2026-03-01T09:53:40.000Z $IIHDG,78.8,,,1.2,E*16
2026-03-01T09:53:40.000Z $IIMWV,78.2,T,12.5,N,A*30
2026-03-01T09:53:40.000Z $IIRPM,E,1,1811,,A*5F
2026-03-01T09:53:40.000Z $IIRSA,-0.9,A,,V*5D
2026-03-01T09:53:40.000Z $IIVHW,78.8,T,,M,3.3,N,,K*62
2026-03-01T09:53:50.000Z $GPGGA,095350,5302.2566,N,00450.8418,E,2,11,0.9,2.5,M,,M,,*5C
2026-03-01T09:53:50.000Z $GPRMC,095350,A,5302.2566,N,00450.8418,E,3.9,82.1,010326,,,A*4A
2026-03-01T09:53:50.000Z $IIDBT,18.5,f,5.7,M,3.1,F*2D
2026-03-01T09:53:50.000Z $IIHDG,78.4,,,1.2,E*1A
2026-03-01T09:53:50.000Z $IIMWV,90.0,T,13.8,N,A*38
2026-03-01T09:53:50.000Z $IIRPM,E,1,1810,,A*5E
2026-03-01T09:53:50.000Z $IIRSA,2.5,A,,V*7E
2026-03-01T09:53:50.000Z $IIVHW,78.4,T,,M,3.7,N,,K*6A
2026-03-01T09:54:00.000Z !AIVDM,1,1,,B,15N2460P00J`tC4;9g`R4?vN0<02,0*5E
2026-03-01T09:54:00.000Z !AIVDO,1,1,,A,15RTd30000J`sV4;9a8H4?vP0000,0*7A
2026-03-01T09:54:00.000Z $GPGGA,095400,5302.2581,N,00450.8459,E,2,8,0.9,2.5,M,,M,,*6A
2026-03-01T09:54:00.000Z $GPGSA,A,3,01,03,06,11,17,19,22,25,,,,,1.2,0.9,0.8*3D
2026-03-01T09:54:00.000Z $GPRMC,095400,A,5302.2581,N,00450.8459,E,4.4,78.4,010326,,,A*4E
2026-03-01T09:54:00.000Z $GPVTG,78.3,T,,M,4.4,N,8.1,K,A*38
2026-03-01T09:54:00.000Z $GPXTE,A,A,0.049,R,N,A*20
2026-03-01T09:54:00.000Z $IIDBT,17.7,f,5.4,M,2.9,F*2A
2026-03-01T09:54:00.000Z $IIHDG,77.3,,,1.2,E*12
2026-03-01T09:54:00.000Z $IIMDA,29.9502,I,1.0142,B,8.1,C,,C,,,,,,,,,,*57
2026-03-01T09:54:00.000Z $IIMTA,8.0,C*3D
2026-03-01T09:54:00.000Z $IIMTW,6.4,C*21
2026-03-01T09:54:00.000Z $IIMWV,92.1,T,12.9,N,A*3B
2026-03-01T09:54:00.000Z $IIRPM,E,1,1790,,A*59
2026-03-01T09:54:00.000Z $IIRSA,-1.1,A,,V*54
2026-03-01T09:54:00.000Z $IIVHW,77.3,T,,M,4.1,N,,K*63
2026-03-01T09:54:00.000Z $IIXDR,V,13.15,V,BATT*65
2026-03-01T09:54:10.000Z $GPGGA,095410,5302.2520,N,00450.8723,E,2,9,0.9,2.5,M,,M,,*6F
2026-03-01T09:54:10.000Z $GPRMC,095410,A,5302.2520,N,00450.8723,E,3.0,81.2,010326,,,A*49
2026-03-01T09:54:10.000Z $IIDBT,15.0,f,4.6,M,2.5,F*20
2026-03-01T09:54:10.000Z $IIHDG,77.1,,,1.2,E*10
2026-03-01T09:54:10.000Z $IIMWV,78.4,T,12.5,N,A*36
2026-03-01T09:54:10.000Z $IIRPM,E,1,1783,,A*5B
2026-03-01T09:54:10.000Z $IIRSA,3.7,A,,V*7D
2026-03-01T09:54:10.000Z $IIVHW,77.1,T,,M,2.8,N,,K*6E
2026-03-01T09:54:20.000Z $GPGGA,095420,5302.2538,N,00450.8994,E,2,10,0.9,2.5,M,,M,,*5F
2026-03-01T09:54:20.000Z $GPRMC,095420,A,5302.2538,N,00450.8994,E,3.5,79.2,010326,,,A*43
2026-03-01T09:54:20.000Z $IIDBT,18.6,f,5.7,M,3.1,F*2E
2026-03-01T09:54:20.000Z $IIHDG,78.4,,,1.2,E*1A
2026-03-01T09:54:20.000Z $IIMWV,79.5,T,12.1,N,A*32
2026-03-01T09:54:20.000Z $IIRPM,E,1,1842,,A*59
2026-03-01T09:54:20.000Z $IIRSA,3.2,A,,V*78
2026-03-01T09:54:20.000Z $IIVHW,78.4,T,,M,3.1,N,,K*6C
2026-03-01T09:54:30.000Z !AIVDM,1,1,,B,15N2113P00J`tC4;9g`R4?vN0<02,0*5E
2026-03-01T09:54:30.000Z $GPGGA,095430,5302.2711,N,00450.9287,E,2,9,0.9,2.5,M,,M,,*67
2026-03-01T09:54:30.000Z $GPRMC,095430,A,5302.2711,N,00450.9287,E,3.0,82.7,010326,,,A*47
2026-03-01T09:54:30.000Z $GPVTG,82.6,T,,M,3.0,N,5.6,K,A*31
2026-03-01T09:54:30.000Z $GPXTE,A,A,0.039,L,N,A*39
2026-03-01T09:54:30.000Z $IIDBT,19.1,f,5.8,M,3.2,F*24
2026-03-01T09:54:30.000Z $IIHDG,76.1,,,1.2,E*11
2026-03-01T09:54:30.000Z $IIMTA,8.2,C*3F
2026-03-01T09:54:30.000Z $IIMWV,79.8,T,12.4,N,A*3A
2026-03-01T09:54:30.000Z $IIRPM,E,1,1812,,A*5C
2026-03-01T09:54:30.000Z $IIRSA,2.2,A,,V*79
2026-03-01T09:54:30.000Z $IIVHW,76.1,T,,M,2.8,N,,K*6F
2026-03-01T09:54:30.000Z $IIXDR,V,13.28,V,BATT*6B
2026-03-01T09:54:40.000Z $GPGGA,095440,5302.2712,N,00450.9519,E,2,9,0.9,2.5,M,,M,,*63
2026-03-01T09:54:40.000Z $GPRMC,095440,A,5302.2712,N,00450.9519,E,3.1,80.1,010326,,,A*46
2026-03-01T09:54:40.000Z $IIDBT,15.7,f,4.8,M,2.6,F*2A
2026-03-01T09:54:40.000Z $IIHDG,78.5,,,1.2,E*1B
2026-03-01T09:54:40.000Z $IIMWV,87.9,T,13.8,N,A*37
2026-03-01T09:54:40.000Z $IIRPM,E,1,1189,,A*57
2026-03-01T09:54:40.000Z $IIRSA,1.2,A,,V*7A
2026-03-01T09:54:40.000Z $IIVHW,78.5,T,,M,2.7,N,,K*6A
2026-03-01T09:54:50.000Z !AIVDM,1,1,,B,15N2445P00J`tC4;9g`R4?vN0<02,0*5E
2026-03-01T09:54:50.000Z $GPGGA,095450,5302.2772,N,00450.9668,E,2,10,0.9,2.5,M,,M,,*59
2026-03-01T09:54:50.000Z $GPRMC,095450,A,5302.2772,N,00450.9668,E,4.0,77.6,010326,,,A*4D
2026-03-01T09:54:50.000Z $IIDBT,12.0,f,3.7,M,2.0,F*24
2026-03-01T09:54:50.000Z $IIHDG,78.9,,,1.2,E*17
2026-03-01T09:54:50.000Z $IIMWV,77.1,T,14.0,N,A*3F
2026-03-01T09:54:50.000Z $IIRPM,E,1,600,,A*60
2026-03-01T09:54:50.000Z $IIRSA,-4.9,A,,V*59
2026-03-01T09:54:50.000Z $IIVHW,78.9,T,,M,3.6,N,,K*66
2026-03-01T09:55:00.000Z !AIVDM,1,1,,B,15N2449P00J`tC4;9g`R4?vN0<02,0*5E
2026-03-01T09:55:00.000Z !AIVDO,1,1,,A,15RTd30000J`sV4;9a8H4?vP0000,0*7A
2026-03-01T09:55:00.000Z !AIVDO,1,1,,A,15RTd30000J`sV4;9a8H4?vP0000,0*7A
2026-03-01T09:55:00.000Z $GPGGA,095500,5302.2707,N,00451.0166,E,2,10,0.9,2.5,M,,M,,*5E
2026-03-01T09:55:00.000Z $GPGGA,095500,5302.2746,N,00451.0043,E,2,8,0.9,2.5,M,,M,,*64
2026-03-01T09:55:00.000Z $GPGSA,A,3,01,03,06,11,17,19,22,25,,,,,1.2,0.9,0.8*3D
2026-03-01T09:55:00.000Z $GPGSA,A,3,01,03,06,11,17,19,22,25,,,,,1.2,0.9,0.8*3D
2026-03-01T09:55:00.000Z $GPRMC,095500,A,5302.2707,N,00451.0166,E,3.5,81.6,010326,,,A*41
2026-03-01T09:55:00.000Z $GPRMC,095500,A,5302.2746,N,00451.0043,E,0.4,71.3,010326,,,A*4A
2026-03-01T09:55:00.000Z $GPVTG,71.9,T,,M,0.4,N,0.7,K,A*31
2026-03-01T09:55:00.000Z $GPVTG,81.5,T,,M,3.5,N,6.5,K,A*34
2026-03-01T09:55:00.000Z $GPXTE,A,A,0.000,L,N,A*33
2026-03-01T09:55:00.000Z $GPXTE,A,A,0.020,R,N,A*2F
2026-03-01T09:55:00.000Z $IIDBT,13.8,f,4.2,M,2.3,F*2C
2026-03-01T09:55:00.000Z $IIDBT,8.3,f,2.5,M,1.4,F*18
2026-03-01T09:55:00.000Z $IIHDG,76.2,,,1.2,E*12
2026-03-01T09:55:00.000Z $IIHDG,79.0,,,1.2,E*1F
2026-03-01T09:55:00.000Z $IIMDA,29.9678,I,1.0148,B,8.3,C,,C,,,,,,,,,,*51
2026-03-01T09:55:00.000Z $IIMDA,29.9724,I,1.0150,B,8.7,C,,C,,,,,,,,,,*54
2026-03-01T09:55:00.000Z $IIMTA,8.2,C*3F
2026-03-01T09:55:00.000Z $IIMTA,8.4,C*39
2026-03-01T09:55:00.000Z $IIMTW,6.5,C*20
2026-03-01T09:55:00.000Z $IIMTW,6.5,C*20
2026-03-01T09:55:00.000Z $IIMWV,86.2,T,12.0,N,A*34
2026-03-01T09:55:00.000Z $IIMWV,95.0,T,11.7,N,A*30
2026-03-01T09:55:00.000Z $IIRPM,E,1,0,,A*66
2026-03-01T09:55:00.000Z $IIRPM,E,1,4,,A*62
2026-03-01T09:55:00.000Z $IIRSA,-1.8,A,,V*5D
2026-03-01T09:55:00.000Z $IIRSA,1.4,A,,V*7C
2026-03-01T09:55:00.000Z $IIVHW,76.2,T,,M,3.1,N,,K*64
2026-03-01T09:55:00.000Z $IIVHW,79.0,T,,M,0.0,N,,K*6B
2026-03-01T09:55:00.000Z $IIXDR,V,12.73,V,BATT*64
2026-03-01T09:55:00.000Z $IIXDR,V,13.14,V,BATT*64
2026-03-01T09:55:10.000Z $GPGGA,095510,5302.2853,N,00451.0098,E,2,9,0.9,2.5,M,,M,,*69
2026-03-01T09:55:10.000Z $GPRMC,095510,A,5302.2853,N,00451.0098,E,0.7,72.0,010326,,,A*45
2026-03-01T09:55:10.000Z $IIDBT,9.9,f,3.0,M,1.6,F*15
2026-03-01T09:55:10.000Z $IIHDG,79.3,,,1.2,E*1C
2026-03-01T09:55:10.000Z $IIMWV,95.9,T,12.7,N,A*3A
2026-03-01T09:55:10.000Z $IIRPM,E,1,0,,A*66
2026-03-01T09:55:10.000Z $IIRSA,2.3,A,,V*78
2026-03-01T09:55:10.000Z $IIVHW,79.3,T,,M,0.4,N,,K*6C
2026-03-01T09:55:20.000Z $GPGGA,095520,5302.2906,N,00450.9926,E,2,10,0.9,2.5,M,,M,,*57
2026-03-01T09:55:20.000Z $GPRMC,095520,A,5302.2906,N,00450.9926,E,0.8,93.0,010326,,,A*43
2026-03-01T09:55:20.000Z $IIDBT,11.5,f,3.5,M,1.9,F*2A
2026-03-01T09:55:20.000Z $IIHDG,78.9,,,1.2,E*17
2026-03-01T09:55:20.000Z $IIMWV,89.1,T,11.3,N,A*38
2026-03-01T09:55:20.000Z $IIRPM,E,1,0,,A*66
2026-03-01T09:55:20.000Z $IIRSA,2.3,A,,V*78
2026-03-01T09:55:20.000Z $IIVHW,78.9,T,,M,0.3,N,,K*60
2026-03-01T09:55:30.000Z $GPGGA,095530,5302.2781,N,00450.9968,E,2,9,0.9,2.5,M,,M,,*65
2026-03-01T09:55:30.000Z $GPRMC,095530,A,5302.2781,N,00450.9968,E,0.2,86.1,010326,,,A*46
2026-03-01T09:55:30.000Z $GPVTG,86.1,T,,M,0.2,N,0.4,K,A*34
2026-03-01T09:55:30.000Z $GPXTE,A,A,0.008,L,N,A*3B
2026-03-01T09:55:30.000Z $IIDBT,9.5,f,2.9,M,1.6,F*11
2026-03-01T09:55:30.000Z $IIHDG,79.3,,,1.2,E*1C
2026-03-01T09:55:30.000Z $IIMTA,8.6,C*3B
2026-03-01T09:55:30.000Z $IIMWV,97.2,T,12.4,N,A*30
2026-03-01T09:55:30.000Z $IIRPM,E,1,0,,A*66
2026-03-01T09:55:30.000Z $IIRSA,-1.6,A,,V*53
2026-03-01T09:55:30.000Z $IIVHW,79.3,T,,M,0.0,N,,K*68
2026-03-01T09:55:30.000Z $IIXDR,V,12.81,V,BATT*69
2026-03-01T09:55:40.000Z $GPGGA,095540,5302.2839,N,00451.0086,E,2,11,0.9,2.5,M,,M,,*56
2026-03-01T09:55:40.000Z $GPRMC,095540,A,5302.2839,N,00451.0086,E,0.7,89.3,010326,,,A*44
2026-03-01T09:55:40.000Z $IIDBT,9.9,f,3.0,M,1.7,F*14
2026-03-01T09:55:40.000Z $IIHDG,80.1,,,1.2,E*18
2026-03-01T09:55:40.000Z $IIMWV,86.6,T,11.3,N,A*30
2026-03-01T09:55:40.000Z $IIRPM,E,1,0,,A*66
2026-03-01T09:55:40.000Z $IIRSA,0.7,A,,V*7E
2026-03-01T09:55:40.000Z $IIVHW,80.1,T,,M,0.5,N,,K*69
2026-03-01T09:55:50.000Z $GPGGA,095550,5302.2831,N,00450.9997,E,2,10,0.9,2.5,M,,M,,*5F
2026-03-01T09:55:50.000Z $GPRMC,095550,A,5302.2831,N,00450.9997,E,0.4,92.6,010326,,,A*40
2026-03-01T09:55:50.000Z $IIDBT,8.8,f,2.7,M,1.5,F*10
2026-03-01T09:55:50.000Z $IIHDG,81.6,,,1.2,E*1E
2026-03-01T09:55:50.000Z $IIMWV,97.2,T,12.2,N,A*36
2026-03-01T09:55:50.000Z $IIRPM,E,1,0,,A*66
2026-03-01T09:55:50.000Z $IIRSA,0.9,A,,V*70
2026-03-01T09:55:50.000Z $IIVHW,81.6,T,,M,0.0,N,,K*6A
2026-03-01T09:56:00.000Z !AIVDM,1,1,,B,15N2113P00J`tC4;9g`R4?vN0<02,0*5E
2026-03-01T09:56:00.000Z !AIVDO,1,1,,A,15RTd30000J`sV4;9a8H4?vP0000,0*7A
2026-03-01T09:56:00.000Z $GPGGA,095600,5302.2833,N,00451.0137,E,2,9,0.9,2.5,M,,M,,*69
2026-03-01T09:56:00.000Z $GPGSA,A,3,01,03,06,11,17,19,22,25,,,,,1.2,0.9,0.8*3D
2026-03-01T09:56:00.000Z $GPRMC,095600,A,5302.2833,N,00451.0137,E,0.5,78.7,010326,,,A*4A
2026-03-01T09:56:00.000Z $GPVTG,78.3,T,,M,0.5,N,0.9,K,A*3D
2026-03-01T09:56:00.000Z $GPXTE,A,A,0.018,R,N,A*24
2026-03-01T09:56:00.000Z $IIDBT,10.5,f,3.2,M,1.8,F*2D
2026-03-01T09:56:00.000Z $IIHDG,78.2,,,1.2,E*1C
2026-03-01T09:56:00.000Z $IIMDA,29.9553,I,1.0144,B,8.6,C,,C,,,,,,,,,,*52
2026-03-01T09:56:00.000Z $IIMTA,8.8,C*35
2026-03-01T09:56:00.000Z $IIMTW,6.8,C*2D
2026-03-01T09:56:00.000Z $IIMWV,94.3,T,11.1,N,A*34
2026-03-01T09:56:00.000Z $IIRPM,E,1,0,,A*66
2026-03-01T09:56:00.000Z $IIRSA,-2.2,A,,V*54
2026-03-01T09:56:00.000Z $IIVHW,78.2,T,,M,0.2,N,,K*6A
2026-03-01T09:56:00.000Z $IIXDR,V,12.83,V,BATT*6B
2026-03-01T09:56:10.000Z $GPGGA,095610,5302.2819,N,00451.0122,E,2,11,0.9,2.5,M,,M,,*5D
2026-03-01T09:56:10.000Z $GPRMC,095610,A,5302.2819,N,00451.0122,E,0.6,67.6,010326,,,A*4B
2026-03-01T09:56:10.000Z $IIDBT,11.0,f,3.3,M,1.8,F*28
2026-03-01T09:56:10.000Z $IIHDG,78.4,,,1.2,E*1A
2026-03-01T09:56:10.000Z $IIMWV,97.7,T,11.8,N,A*3A
2026-03-01T09:56:10.000Z $IIRPM,E,1,0,,A*66
2026-03-01T09:56:10.000Z $IIRSA,-3.3,A,,V*54
2026-03-01T09:56:10.000Z $IIVHW,78.4,T,,M,0.3,N,,K*6D
2026-03-01T09:56:20.000Z $GPGGA,095620,5302.2926,N,00451.0204,E,2,9,0.9,2.5,M,,M,,*6D
2026-03-01T09:56:20.000Z $GPRMC,095620,A,5302.2926,N,00451.0204,E,1.0,82.2,010326,,,A*4A
2026-03-01T09:56:20.000Z $IIDBT,9.8,f,3.0,M,1.6,F*14
2026-03-01T09:56:20.000Z $IIHDG,80.8,,,1.2,E*11
2026-03-01T09:56:20.000Z $IIMWV,93.7,T,11.4,N,A*32
2026-03-01T09:56:20.000Z $IIRPM,E,1,0,,A*66
2026-03-01T09:56:20.000Z $IIRSA,-2.7,A,,V*51
2026-03-01T09:56:20.000Z $IIVHW,80.8,T,,M,0.6,N,,K*63
2026-03-01T09:56:30.000Z $GPGGA,095630,5302.2869,N,00451.0254,E,2,10,0.9,2.5,M,,M,,*5B
2026-03-01T09:56:30.000Z $GPRMC,095630,A,5302.2869,N,00451.0254,E,0.5,74.6,010326,,,A*4D
2026-03-01T09:56:30.000Z $GPVTG,74.0,T,,M,0.5,N,1.0,K,A*3A
2026-03-01T09:56:30.000Z $GPXTE,A,A,0.001,R,N,A*2C
2026-03-01T09:56:30.000Z $IIDBT,9.6,f,2.9,M,1.6,F*12
2026-03-01T09:56:30.000Z $IIHDG,78.3,,,1.2,E*1D
2026-03-01T09:56:30.000Z $IIMTA,8.3,C*3E
2026-03-01T09:56:30.000Z $IIMWV,91.1,T,11.2,N,A*30
2026-03-01T09:56:30.000Z $IIRPM,E,1,0,,A*66
2026-03-01T09:56:30.000Z $IIRSA,-3.0,A,,V*57
2026-03-01T09:56:30.000Z $IIVHW,78.3,T,,M,0.2,N,,K*6B
2026-03-01T09:56:30.000Z $IIXDR,V,12.76,V,BATT*61
2026-03-01T09:56:40.000Z $GPGGA,095640,5302.2999,N,00451.0339,E,2,8,0.9,2.5,M,,M,,*61
2026-03-01T09:56:40.000Z $GPRMC,095640,A,5302.2999,N,00451.0339,E,0.2,85.5,010326,,,A*44
2026-03-01T09:56:40.000Z $IIDBT,10.0,f,3.1,M,1.7,F*24
2026-03-01T09:56:40.000Z $IIHDG,79.1,,,1.2,E*1E
2026-03-01T09:56:40.000Z $IIMWV,82.8,T,12.5,N,A*3F
2026-03-01T09:56:40.000Z $IIRPM,E,1,0,,A*66
2026-03-01T09:56:40.000Z $IIRSA,-3.7,A,,V*50
2026-03-01T09:56:40.000Z $IIVHW,79.1,T,,M,0.1,N,,K*6B
2026-03-01T09:56:50.000Z $GPGGA,095650,5302.2983,N,00451.0081,E,2,11,0.9,2.5,M,,M,,*53
2026-03-01T09:56:50.000Z $GPRMC,095650,A,5302.2983,N,00451.0081,E,0.3,92.0,010326,,,A*4C
2026-03-01T09:56:50.000Z $IIDBT,9.5,f,2.9,M,1.6,F*11
2026-03-01T09:56:50.000Z $IIHDG,78.2,,,1.2,E*1C
2026-03-01T09:56:50.000Z $IIMWV,89.9,T,12.0,N,A*30
2026-03-01T09:56:50.000Z $IIRPM,E,1,0,,A*66
2026-03-01T09:56:50.000Z $IIRSA,4.4,A,,V*79
2026-03-01T09:56:50.000Z $IIVHW,78.2,T,,M,0.0,N,,K*68
2026-03-01T09:57:00.000Z !AIVDO,1,1,,A,15RTd30000J`sV4;9a8H4?vP0000,0*7A
2026-03-01T09:57:00.000Z $GPGGA,095700,5302.2835,N,00451.0377,E,2,8,0.9,2.5,M,,M,,*69
2026-03-01T09:57:00.000Z $GPGSA,A,3,01,03,06,11,17,19,22,25,,,,,1.2,0.9,0.8*3D
2026-03-01T09:57:00.000Z $GPRMC,095700,A,5302.2835,N,00451.0377,E,0.7,80.5,010326,,,A*4C
2026-03-01T09:57:00.000Z $GPVTG,80.6,T,,M,0.7,N,1.3,K,A*36
2026-03-01T09:57:00.000Z $GPXTE,A,A,0.031,L,N,A*31
2026-03-01T09:57:00.000Z $IIDBT,8.8,f,2.7,M,1.5,F*10
2026-03-01T09:57:00.000Z $IIHDG,81.1,,,1.2,E*19
2026-03-01T09:57:00.000Z $IIMDA,29.9597,I,1.0145,B,8.5,C,,C,,,,,,,,,,*58
2026-03-01T09:57:00.000Z $IIMTA,8.7,C*3A
2026-03-01T09:57:00.000Z $IIMTW,6.6,C*23
2026-03-01T09:57:00.000Z $IIMWV,89.7,T,12.5,N,A*3B
2026-03-01T09:57:00.000Z $IIRPM,E,1,0,,A*66
2026-03-01T09:57:00.000Z $IIRSA,-0.6,A,,V*52
2026-03-01T09:57:00.000Z $IIVHW,81.1,T,,M,0.2,N,,K*6F
2026-03-01T09:57:00.000Z $IIXDR,V,12.90,V,BATT*69
2026-03-01T09:57:10.000Z $GPGGA,095710,5302.2901,N,00451.0395,E,2,10,0.9,2.5,M,,M,,*5B
2026-03-01T09:57:10.000Z $GPRMC,095710,A,5302.2901,N,00451.0395,E,0.7,77.2,010326,,,A*48
2026-03-01T09:57:10.000Z $IIDBT,8.8,f,2.7,M,1.5,F*10
2026-03-01T09:57:10.000Z $IIHDG,79.8,,,1.2,E*17
2026-03-01T09:57:10.000Z $IIMWV,92.8,T,13.0,N,A*3A
2026-03-01T09:57:10.000Z $IIRPM,E,1,0,,A*66
2026-03-01T09:57:10.000Z $IIRSA,-1.6,A,,V*53
2026-03-01T09:57:10.000Z $IIVHW,79.8,T,,M,0.2,N,,K*61
2026-03-01T09:57:20.000Z $GPGGA,095720,5302.2965,N,00451.0206,E,2,11,0.9,2.5,M,,M,,*50
2026-03-01T09:57:20.000Z $GPRMC,095720,A,5302.2965,N,00451.0206,E,0.7,90.6,010326,,,A*4F
2026-03-01T09:57:20.000Z $IIDBT,10.5,f,3.2,M,1.8,F*2D
2026-03-01T09:57:20.000Z $IIHDG,78.9,,,1.2,E*17
2026-03-01T09:57:20.000Z $IIMWV,96.0,T,12.4,N,A*33
2026-03-01T09:57:20.000Z $IIRPM,E,1,0,,A*66
2026-03-01T09:57:20.000Z $IIRSA,3.0,A,,V*7A
2026-03-01T09:57:20.000Z $IIVHW,78.9,T,,M,0.5,N,,K*66
2026-03-01T09:57:30.000Z !AIVDM,1,1,,B,15N2445P00J`tC4;9g`R4?vN0<02,0*5E
2026-03-01T09:57:30.000Z $GPGGA,095730,5302.2874,N,00451.0432,E,2,11,0.9,2.5,M,,M,,*51
2026-03-01T09:57:30.000Z $GPRMC,095730,A,5302.2874,N,00451.0432,E,0.3,74.8,010326,,,A*4E
2026-03-01T09:57:30.000Z $GPVTG,74.4,T,,M,0.3,N,0.6,K,A*3F
2026-03-01T09:57:30.000Z $GPXTE,A,A,0.025,L,N,A*34
2026-03-01T09:57:30.000Z $IIDBT,9.7,f,3.0,M,1.6,F*1B
2026-03-01T09:57:30.000Z $IIHDG,79.2,,,1.2,E*1D
2026-03-01T09:57:30.000Z $IIMTA,8.7,C*3A
2026-03-01T09:57:30.000Z $IIMWV,85.6,T,11.1,N,A*31
2026-03-01T09:57:30.000Z $IIRPM,E,1,0,,A*66
2026-03-01T09:57:30.000Z $IIRSA,2.7,A,,V*7C
2026-03-01T09:57:30.000Z $IIVHW,79.2,T,,M,0.1,N,,K*68
2026-03-01T09:57:30.000Z $IIXDR,V,12.76,V,BATT*61
2026-03-01T09:57:40.000Z $GPGGA,095740,5302.2923,N,00451.0154,E,2,8,0.9,2.5,M,,M,,*68
2026-03-01T09:57:40.000Z $GPRMC,095740,A,5302.2923,N,00451.0154,E,0.8,71.0,010326,,,A*49
2026-03-01T09:57:40.000Z $IIDBT,10.4,f,3.2,M,1.7,F*23
2026-03-01T09:57:40.000Z $IIHDG,80.6,,,1.2,E*1F
2026-03-01T09:57:40.000Z $IIMWV,83.8,T,12.5,N,A*3E
2026-03-01T09:57:40.000Z $IIRPM,E,1,0,,A*66
2026-03-01T09:57:40.000Z $IIRSA,0.4,A,,V*7D
2026-03-01T09:57:40.000Z $IIVHW,80.6,T,,M,0.5,N,,K*6E
2026-03-01T09:57:50.000Z $GPGGA,095750,5302.3041,N,00451.0456,E,2,10,0.9,2.5,M,,M,,*5B
2026-03-01T09:57:50.000Z $GPRMC,095750,A,5302.3041,N,00451.0456,E,0.3,86.5,010326,,,A*45
2026-03-01T09:57:50.000Z $IIDBT,9.3,f,2.8,M,1.6,F*16
2026-03-01T09:57:50.000Z $IIHDG,80.9,,,1.2,E*10
2026-03-01T09:57:50.000Z $IIMWV,82.9,T,12.3,N,A*38
2026-03-01T09:57:50.000Z $IIRPM,E,1,0,,A*66
2026-03-01T09:57:50.000Z $IIRSA,-2.6,A,,V*50
2026-03-01T09:57:50.000Z $IIVHW,80.9,T,,M,0.1,N,,K*65
2026-03-01T09:58:00.000Z !AIVDO,1,1,,A,15RTd30000J`sV4;9a8H4?vP0000,0*7A
2026-03-01T09:58:00.000Z $GPGGA,095800,5302.3066,N,00451.0483,E,2,10,0.9,2.5,M,,M,,*5C
2026-03-01T09:58:00.000Z $GPGSA,A,3,01,03,06,11,17,19,22,25,,,,,1.2,0.9,0.8*3D
2026-03-01T09:58:00.000Z $GPRMC,095800,A,5302.3066,N,00451.0483,E,0.9,93.1,010326,,,A*48
2026-03-01T09:58:00.000Z $GPVTG,93.0,T,,M,0.9,N,1.6,K,A*39
2026-03-01T09:58:00.000Z $GPXTE,A,A,0.024,R,N,A*2B
2026-03-01T09:58:00.000Z $IIDBT,8.3,f,2.5,M,1.4,F*18
2026-03-01T09:58:00.000Z $IIHDG,80.1,,,1.2,E*18
2026-03-01T09:58:00.000Z $IIMDA,29.9556,I,1.0144,B,8.6,C,,C,,,,,,,,,,*57
2026-03-01T09:58:00.000Z $IIMTA,8.4,C*39
2026-03-01T09:58:00.000Z $IIMTW,6.3,C*26
2026-03-01T09:58:00.000Z $IIMWV,84.1,T,12.2,N,A*37
2026-03-01T09:58:00.000Z $IIRPM,E,1,0,,A*66
2026-03-01T09:58:00.000Z $IIRSA,2.5,A,,V*7E
2026-03-01T09:58:00.000Z $IIVHW,80.1,T,,M,0.7,N,,K*6B
2026-03-01T09:58:00.000Z $IIXDR,V,12.83,V,BATT*6B
2026-03-01T09:58:10.000Z $GPGGA,095810,5302.3065,N,00451.0329,E,2,9,0.9,2.5,M,,M,,*61
2026-03-01T09:58:10.000Z $GPRMC,095810,A,5302.3065,N,00451.0329,E,0.7,76.3,010326,,,A*4A
2026-03-01T09:58:10.000Z $IIDBT,11.2,f,3.4,M,1.9,F*2C
2026-03-01T09:58:10.000Z $IIHDG,80.0,,,1.2,E*19
2026-03-01T09:58:10.000Z $IIMWV,85.4,T,11.8,N,A*3A
2026-03-01T09:58:10.000Z $IIRPM,E,1,0,,A*66
2026-03-01T09:58:10.000Z $IIRSA,-1.4,A,,V*51
2026-03-01T09:58:10.000Z $IIVHW,80.0,T,,M,0.2,N,,K*6F
2026-03-01T09:58:20.000Z $GPGGA,095820,5302.3020,N,00451.0423,E,2,9,0.9,2.5,M,,M,,*6E
2026-03-01T09:58:20.000Z $GPRMC,095820,A,5302.3020,N,00451.0423,E,0.9,73.4,010326,,,A*49
2026-03-01T09:58:20.000Z $IIDBT,11.4,f,3.5,M,1.9,F*2B
2026-03-01T09:58:20.000Z $IIHDG,80.9,,,1.2,E*10
2026-03-01T09:58:20.000Z $IIMWV,94.5,T,12.5,N,A*35
2026-03-01T09:58:20.000Z $IIRPM,E,1,0,,A*66
2026-03-01T09:58:20.000Z $IIRSA,2.9,A,,V*72
2026-03-01T09:58:20.000Z $IIVHW,80.9,T,,M,0.5,N,,K*61
2026-03-01T09:58:30.000Z !AIVDM,1,1,,B,15N2445P00J`tC4;9g`R4?vN0<02,0*5E
2026-03-01T09:58:30.000Z $GPGGA,095830,5302.2934,N,00451.0297,E,2,8,0.9,2.5,M,,M,,*6A
2026-03-01T09:58:30.000Z $GPRMC,095830,A,5302.2934,N,00451.0297,E,0.9,74.3,010326,,,A*4C
2026-03-01T09:58:30.000Z $GPVTG,74.2,T,,M,0.9,N,1.8,K,A*3C
2026-03-01T09:58:30.000Z $GPXTE,A,A,0.030,L,N,A*30
2026-03-01T09:58:30.000Z $IIDBT,8.4,f,2.6,M,1.4,F*1C
2026-03-01T09:58:30.000Z $IIHDG,79.4,,,1.2,E*1B
2026-03-01T09:58:30.000Z $IIMTA,8.5,C*38
2026-03-01T09:58:30.000Z $IIMWV,88.5,T,12.0,N,A*3D
2026-03-01T09:58:30.000Z $IIRPM,E,1,0,,A*66
2026-03-01T09:58:30.000Z $IIRSA,-2.9,A,,V*5F
2026-03-01T09:58:30.000Z $IIVHW,79.4,T,,M,0.7,N,,K*68
2026-03-01T09:58:30.000Z $IIXDR,V,12.78,V,BATT*6F
2026-03-01T09:58:40.000Z $GPGGA,095840,5302.2970,N,00451.0275,E,2,9,0.9,2.5,M,,M,,*60
2026-03-01T09:58:40.000Z $GPRMC,095840,A,5302.2970,N,00451.0275,E,0.8,87.0,010326,,,A*49
2026-03-01T09:58:40.000Z $IIDBT,8.3,f,2.5,M,1.4,F*18
2026-03-01T09:58:40.000Z $IIHDG,79.9,,,1.2,E*16
2026-03-01T09:58:40.000Z $IIMWV,84.1,T,12.1,N,A*34
2026-03-01T09:58:40.000Z $IIRPM,E,1,0,,A*66
2026-03-01T09:58:40.000Z $IIRSA,3.7,A,,V*7D
2026-03-01T09:58:40.000Z $IIVHW,79.9,T,,M,0.3,N,,K*61
2026-03-01T09:58:50.000Z $GPGGA,095850,5302.3028,N,00451.0600,E,2,8,0.9,2.5,M,,M,,*63
2026-03-01T09:58:50.000Z $GPRMC,095850,A,5302.3028,N,00451.0600,E,0.3,80.7,010326,,,A*40
2026-03-01T09:58:50.000Z $IIDBT,10.0,f,3.1,M,1.7,F*24
2026-03-01T09:58:50.000Z $IIHDG,79.6,,,1.2,E*19
2026-03-01T09:58:50.000Z $IIMWV,83.3,T,12.1,N,A*31
2026-03-01T09:58:50.000Z $IIRPM,E,1,0,,A*66
2026-03-01T09:58:50.000Z $IIRSA,3.8,A,,V*72
2026-03-01T09:58:50.000Z $IIVHW,79.6,T,,M,0.0,N,,K*6D
2026-03-01T09:59:00.000Z !AIVDO,1,1,,A,15RTd30000J`sV4;9a8H4?vP0000,0*7A
2026-03-01T09:59:00.000Z $GPGGA,095900,5302.3011,N,00451.0320,E,2,9,0.9,2.5,M,,M,,*6B
2026-03-01T09:59:00.000Z $GPGSA,A,3,01,03,06,11,17,19,22,25,,,,,1.2,0.9,0.8*3D
2026-03-01T09:59:00.000Z $GPRMC,095900,A,5302.3011,N,00451.0320,E,0.5,71.5,010326,,,A*43
2026-03-01T09:59:00.000Z $GPVTG,71.2,T,,M,0.5,N,0.9,K,A*35
2026-03-01T09:59:00.000Z $GPXTE,A,A,0.024,L,N,A*35
2026-03-01T09:59:00.000Z $IIDBT,10.6,f,3.2,M,1.8,F*2E
2026-03-01T09:59:00.000Z $IIHDG,78.6,,,1.2,E*18
2026-03-01T09:59:00.000Z $IIMDA,29.9665,I,1.0148,B,8.5,C,,C,,,,,,,,,,*5B
2026-03-01T09:59:00.000Z $IIMTA,8.3,C*3E
2026-03-01T09:59:00.000Z $IIMTW,6.5,C*20
2026-03-01T09:59:00.000Z $IIMWV,82.8,T,12.1,N,A*3B
2026-03-01T09:59:00.000Z $IIRPM,E,1,0,,A*66
2026-03-01T09:59:00.000Z $IIRSA,2.0,A,,V*7B
2026-03-01T09:59:00.000Z $IIVHW,78.6,T,,M,0.3,N,,K*6F
2026-03-01T09:59:00.000Z $IIXDR,V,12.80,V,BATT*68
2026-03-01T09:59:10.000Z $GPGGA,095910,5302.3054,N,00451.0402,E,2,9,0.9,2.5,M,,M,,*6C
2026-03-01T09:59:10.000Z $GPRMC,095910,A,5302.3054,N,00451.0402,E,0.3,83.0,010326,,,A*4A
2026-03-01T09:59:10.000Z $IIDBT,8.6,f,2.6,M,1.4,F*1E
2026-03-01T09:59:10.000Z $IIHDG,79.5,,,1.2,E*1A
2026-03-01T09:59:10.000Z $IIMWV,88.7,T,11.7,N,A*3B
2026-03-01T09:59:10.000Z $IIRPM,E,1,0,,A*66
2026-03-01T09:59:10.000Z $IIRSA,-3.3,A,,V*54
2026-03-01T09:59:10.000Z $IIVHW,79.5,T,,M,0.0,N,,K*6E
2026-03-01T09:59:20.000Z $GPGGA,095920,5302.2953,N,00451.0521,E,2,10,0.9,2.5,M,,M,,*58
2026-03-01T09:59:20.000Z $GPRMC,095920,A,5302.2953,N,00451.0521,E,0.5,71.1,010326,,,A*4C
2026-03-01T09:59:20.000Z $IIDBT,8.7,f,2.7,M,1.5,F*1F
2026-03-01T09:59:20.000Z $IIHDG,81.1,,,1.2,E*19
2026-03-01T09:59:20.000Z $IIMWV,91.5,T,12.8,N,A*3D
2026-03-01T09:59:20.000Z $IIRPM,E,1,0,,A*66
2026-03-01T09:59:20.000Z $IIRSA,-3.2,A,,V*55
2026-03-01T09:59:20.000Z $IIVHW,81.1,T,,M,0.2,N,,K*6F
2026-03-01T09:59:30.000Z $GPGGA,095930,5302.3014,N,00451.0533,E,2,11,0.9,2.5,M,,M,,*50
2026-03-01T09:59:30.000Z $GPRMC,095930,A,5302.3014,N,00451.0533,E,0.5,67.5,010326,,,A*46
2026-03-01T09:59:30.000Z $GPVTG,67.2,T,,M,0.5,N,1.0,K,A*3A
2026-03-01T09:59:30.000Z $GPXTE,A,A,0.000,L,N,A*33
2026-03-01T09:59:30.000Z $IIDBT,10.3,f,3.1,M,1.7,F*27
2026-03-01T09:59:30.000Z $IIHDG,81.2,,,1.2,E*1A
2026-03-01T09:59:30.000Z $IIMTA,8.5,C*38
2026-03-01T09:59:30.000Z $IIMWV,85.9,T,12.3,N,A*3F
2026-03-01T09:59:30.000Z $IIRPM,E,1,0,,A*66
2026-03-01T09:59:30.000Z $IIRSA,-4.9,A,,V*59
2026-03-01T09:59:30.000Z $IIVHW,81.2,T,,M,0.0,N,,K*6E
2026-03-01T09:59:30.000Z $IIXDR,V,12.79,V,BATT*6E
2026-03-01T09:59:40.000Z $GPGGA,095940,5302.3143,N,00451.0388,E,2,11,0.9,2.5,M,,M,,*52
2026-03-01T09:59:40.000Z $GPRMC,095940,A,5302.3143,N,00451.0388,E,0.3,90.6,010326,,,A*49
2026-03-01T09:59:40.000Z $IIDBT,9.2,f,2.8,M,1.5,F*14
2026-03-01T09:59:40.000Z $IIHDG,79.7,,,1.2,E*18
2026-03-01T09:59:40.000Z $IIMWV,95.3,T,12.0,N,A*37
2026-03-01T09:59:40.000Z $IIRPM,E,1,0,,A*66
2026-03-01T09:59:40.000Z $IIRSA,0.9,A,,V*70
2026-03-01T09:59:40.000Z $IIVHW,79.7,T,,M,0.0,N,,K*6C
2026-03-01T09:59:50.000Z $GPGGA,095950,5302.3089,N,00451.0567,E,2,9,0.9,2.5,M,,M,,*6A
2026-03-01T09:59:50.000Z $GPRMC,095950,A,5302.3089,N,00451.0567,E,0.8,92.1,010326,,,A*46
2026-03-01T09:59:50.000Z $IIDBT,9.7,f,2.9,M,1.6,F*13
2026-03-01T09:59:50.000Z $IIHDG,79.3,,,1.2,E*1C
2026-03-01T09:59:50.000Z $IIMWV,94.6,T,11.5,N,A*35
2026-03-01T09:59:50.000Z $IIRPM,E,1,0,,A*66
2026-03-01T09:59:50.000Z $IIRSA,-0.9,A,,V*5D
2026-03-01T09:59:50.000Z $IIVHW,79.3,T,,M,0.3,N,,K*6B
2026-03-01T10:00:00.000Z !AIVDM,1,1,,B,15N2460P00J`tC4;9g`R4?vN0<02,0*5E
2026-03-01T10:00:00.000Z !AIVDO,1,1,,A,15RTd30000J`sV4;9a8H4?vP0000,0*7A
2026-03-01T10:00:00.000Z $GPGGA,100000,5302.3135,N,00451.0561,E,2,9,0.9,2.5,M,,M,,*6B
2026-03-01T10:00:00.000Z $GPGSA,A,3,01,03,06,11,17,19,22,25,,,,,1.2,0.9,0.8*3D
2026-03-01T10:00:00.000Z $GPRMC,100000,A,5302.3135,N,00451.0561,E,0.6,87.9,010326,,,A*45
2026-03-01T10:00:00.000Z $GPVTG,87.1,T,,M,0.6,N,1.0,K,A*34
2026-03-01T10:00:00.000Z $GPXTE,A,A,0.041,L,N,A*36
2026-03-01T10:00:00.000Z $IIDBT,10.2,f,3.1,M,1.7,F*26
2026-03-01T10:00:00.000Z $IIHDG,80.9,,,1.2,E*10
2026-03-01T10:00:00.000Z $IIMDA,29.9633,I,1.0147,B,8.4,C,,C,,,,,,,,,,*56
2026-03-01T10:00:00.000Z $IIMTA,8.5,C*38
2026-03-01T10:00:00.000Z $IIMTW,6.6,C*23
2026-03-01T10:00:00.000Z $IIMWV,86.1,T,11.4,N,A*30
2026-03-01T10:00:00.000Z $IIRPM,E,1,0,,A*66
2026-03-01T10:00:00.000Z $IIRSA,-2.9,A,,V*5F
2026-03-01T10:00:00.000Z $IIVHW,80.9,T,,M,0.2,N,,K*66
2026-03-01T10:00:00.000Z $IIXDR,V,12.81,V,BATT*69
